Statistik från Skolverket, https://www.skolverket.se

Grundskola - Relationen mellan nationella prov och slutbetyg årskurs 9, svenska/svenska som andraspråk, matematik och engelska
Valt läsår: 2024/25

Exporten visar statistik om det finns minst 15 elever i årskurs 9 med både slutbetyg och provbetyg i 
ämnena svenska, matematik eller engelska.
Om data saknas visas en prick (.) istället för utfall.

Skola;Skol-enhetskod;Skolkommun;Kommun-kod;Typ av huvudman;Huvudman;Huvudman orgnr;Svenska, antal elever med provbetyg och slutbetyg;Svenska, andel (%) elever med lägre slutbetyg jämfört med provbetyget;Svenska, andel (%) elever med lika slutbetyg jämfört med provbetyget;Svenska, andel (%) elever med högre slutbetyg jämfört med provbetyget;Matematik, antal elever med provbetyg och slutbetyg;Matematik, andel (%) elever med lägre slutbetyg jämfört med provbetyget;Matematik, andel (%) elever med lika slutbetyg jämfört med provbetyget;Matematik, andel (%) elever med högre slutbetyg jämfört med provbetyget;Engelska, antal elever med provbetyg och slutbetyg;Engelska, andel (%) elever med lägre slutbetyg jämfört med provbetyget;Engelska, andel (%) elever med lika slutbetyg jämfört med provbetyget;Engelska, andel (%) elever med högre slutbetyg jämfört med provbetyget;Svenska som andraspråk, antal elever med provbetyg och slutbetyg;Svenska som andraspråk, andel (%) elever med lägre slutbetyg jämfört med provbetyget;Svenska som andraspråk, andel (%) elever med lika slutbetyg jämfört med provbetyget;Svenska som andraspråk, andel (%) elever med högre slutbetyg jämfört med provbetyget;
Ahlafors Fria skola;71387206;Ale;1440;Enskild;Ahlafors Fria Skola Ekonomisk förening;7696142343;20;.;45,0;55,0;23;.;100,0;.;23;8,7;87,0;4,3;.;.;.;.;
Aroseniusskolan;48529699;Ale;1440;Kommunal;Ale kommun;2120001439;153;1,3;44,4;54,2;162;0,6;58,6;40,7;153;9,2;75,2;15,7;.;.;.;.;
Bohusskolan;11043800;Ale;1440;Kommunal;Ale kommun;2120001439;67;7,5;65,7;26,9;78;.;78,2;21,8;72;13,9;83,3;2,8;.;.;.;.;
Da Vinciskolan 1;71893438;Ale;1440;Kommunal;Ale kommun;2120001439;63;3,2;81,0;15,9;73;2,7;65,8;31,5;70;14,3;72,9;12,9;.;.;.;.;
Da Vinciskolan 2;71729095;Ale;1440;Kommunal;Ale kommun;2120001439;52;.;42,3;57,7;60;1,7;76,7;21,7;53;18,9;73,6;7,5;.;.;.;.;
Gustav Adolfsskolan;74064638;Alingsås;1489;Kommunal;Alingsås kommun;2120001553;95;6,3;65,3;28,4;100;2,0;76,0;22,0;92;7,6;84,8;7,6;.;.;.;.;
Montessoriskolan Globen;87109819;Alingsås;1489;Enskild;Alingsås Montessori Skola Globen;8640009794;48;8,3;66,7;25,0;48;2,1;70,8;27,1;48;2,1;93,8;4,2;.;.;.;.;
Nolhagaskolan;84581048;Alingsås;1489;Kommunal;Alingsås kommun;2120001553;125;10,4;74,4;15,2;137;.;75,2;24,8;134;12,7;82,8;4,5;.;.;.;.;
Sollebrunns skola 7-9;40731205;Alingsås;1489;Kommunal;Alingsås kommun;2120001553;54;7,4;57,4;35,2;51;2,0;64,7;33,3;50;28,0;68,0;4,0;.;.;.;.;
Vittra Gerdsken;98272016;Alingsås;1489;Enskild;Vittraskolorna AB;5564586716;58;6,9;60,3;32,8;58;.;31,0;69,0;58;27,6;70,7;1,7;.;.;.;.;
Östlyckeskolan 7-9;63399058;Alingsås;1489;Kommunal;Alingsås kommun;2120001553;103;1,9;73,8;24,3;117;6,8;75,2;17,9;116;10,3;69,8;19,8;.;.;.;.;
Hagaskolan;67183147;Alvesta;0764;Kommunal;Alvesta kommun;2120000639;116;7,8;52,6;39,7;134;3,0;59,0;38,1;135;13,3;82,2;4,4;21;.;66,7;33,3;
Mohedaskolan;69699568;Alvesta;0764;Kommunal;Alvesta kommun;2120000639;34;20,6;55,9;23,5;36;.;80,6;19,4;37;8,1;83,8;8,1;.;.;.;.;
Vislandaskolan;88176175;Alvesta;0764;Kommunal;Alvesta kommun;2120000639;47;4,3;66,0;29,8;50;4,0;90,0;6,0;50;16,0;78,0;6,0;.;.;.;.;
Furulidskolan;88669294;Aneby;0604;Kommunal;Aneby kommun;2120000498;53;9,4;64,2;26,4;68;2,9;89,7;7,4;68;16,2;72,1;11,8;.;.;.;.;
Gäddgårdsskolan 7-9;65483259;Arboga;1984;Kommunal;Arboga kommun;2120002122;42;14,3;59,5;26,2;57;.;63,2;36,8;53;30,2;54,7;15,1;.;.;.;.;
Stureskolan;13854755;Arboga;1984;Kommunal;Arboga kommun;2120002122;55;1,8;58,2;40,0;64;.;64,1;35,9;66;10,6;71,2;18,2;.;.;.;.;
Silverskolan;14254350;Arjeplog;2506;Kommunal;Arjeplogs kommun;2120002668;16;.;56,3;43,8;19;.;47,4;52,6;20;25,0;55,0;20,0;.;.;.;.;
Fridhemsskolan;48373752;Arvidsjaur;2505;Kommunal;Arvidsjaurs kommun;2120002650;44;2,3;56,8;40,9;42;4,8;66,7;28,6;44;25,0;63,6;11,4;.;.;.;.;
Estetiska skolan, högstadiet;99375199;Arvika;1784;Enskild;Estetiska Skolan Arvika;8740020212;43;.;79,1;20,9;46;2,2;82,6;15,2;47;.;100,0;.;.;.;.;.;
Minnebergsskolan;55958613;Arvika;1784;Kommunal;Arvika kommun;2120001892;193;3,1;66,3;30,6;213;5,6;71,4;23,0;207;22,2;74,4;3,4;20;5,0;70,0;25,0;
Sjöängsskolan;15766661;Askersund;1882;Kommunal;Askersunds kommun;2120001983;90;5,6;56,7;37,8;99;.;62,6;37,4;99;7,1;77,8;15,2;.;.;.;.;
Domarhagsskolan;87516620;Avesta;2084;Kommunal;Avesta kommun;2120002262;59;5,1;67,8;27,1;85;.;85,9;14,1;86;11,6;81,4;7,0;25;4,0;68,0;28,0;
Johan-Olovskolan;48240990;Avesta;2084;Kommunal;Avesta kommun;2120002262;28;3,6;39,3;57,1;26;.;84,6;15,4;27;3,7;88,9;7,4;.;.;.;.;
Åvestadalskolan;30454178;Avesta;2084;Kommunal;Avesta kommun;2120002262;76;11,8;40,8;47,4;81;2,5;79,0;18,5;88;15,9;76,1;8,0;.;.;.;.;
Bengtsgården;28484259;Bengtsfors;1460;Kommunal;Bengtsfors kommun;2120001470;67;16,4;49,3;34,3;85;4,7;58,8;36,5;79;11,4;79,7;8,9;.;.;.;.;
Myrvikens skola 4-9;64994637;Berg;2326;Kommunal;Bergs kommun;2120002502;20;10,0;85,0;5,0;20;10,0;75,0;15,0;20;10,0;90,0;.;.;.;.;.;
Svenstaviks skola 7-9;63849173;Berg;2326;Kommunal;Bergs kommun;2120002502;28;3,6;53,6;42,9;42;9,5;66,7;23,8;43;2,3;79,1;18,6;16;25,0;43,8;31,3;
Castorskolan F-9;20372097;Bjurholm;2403;Kommunal;Bjurholms kommun;2120002833;20;5,0;60,0;35,0;23;.;17,4;82,6;23;30,4;69,6;.;.;.;.;.;
Ekeby skola;56636046;Bjuv;1260;Kommunal;Bjuvs kommun;2120001041;38;.;57,9;42,1;38;2,6;57,9;39,5;38;31,6;57,9;10,5;.;.;.;.;
Jens Billeskolan;63754384;Bjuv;1260;Kommunal;Bjuvs kommun;2120001041;39;2,6;56,4;41,0;47;2,1;89,4;8,5;49;14,3;79,6;6,1;.;.;.;.;
Varagårdsskolan;10419361;Bjuv;1260;Kommunal;Bjuvs kommun;2120001041;50;6,0;78,0;16,0;73;.;71,2;28,8;76;10,5;81,6;7,9;23;4,3;82,6;13,0;
Brönjaskolan;60633912;Boden;2582;Kommunal;Bodens kommun;2120002767;80;16,3;65,0;18,8;88;2,3;47,7;50,0;88;20,5;54,5;25,0;.;.;.;.;
Fria Emilia;98998541;Boden;2582;Enskild;Friskola Fria Emilia Boden ekonomisk förening;7696083455;18;5,6;55,6;38,9;22;4,5;63,6;31,8;21;.;52,4;47,6;.;.;.;.;
Noblaskolan Boden;40708452;Boden;2582;Enskild;Pysslingen Förskolor och Skolor AB;5560354309;62;8,1;66,1;25,8;64;.;71,9;28,1;63;1,6;95,2;3,2;.;.;.;.;
Stureskolan;83862028;Boden;2582;Kommunal;Bodens kommun;2120002767;76;5,3;48,7;46,1;88;5,7;83,0;11,4;99;9,1;73,7;17,2;22;.;59,1;40,9;
Bollebygdskolan 7-9;60372258;Bollebygd;1443;Kommunal;Bollebygds kommun;2120002973;102;3,9;70,6;25,5;102;5,9;77,5;16,7;112;19,6;68,8;11,6;.;.;.;.;
Alirskolan 7-9;65024773;Bollnäs;2183;Kommunal;Bollnäs kommun;2120002361;42;4,8;73,8;21,4;72;1,4;50,0;48,6;73;21,9;72,6;5,5;28;17,9;71,4;10,7;
Arbråskolan F-9;75662206;Bollnäs;2183;Kommunal;Bollnäs kommun;2120002361;26;.;73,1;26,9;29;.;55,2;44,8;28;.;75,0;25,0;.;.;.;.;
Friskolan Lust & Lära;91187921;Bollnäs;2183;Enskild;Friskolan Lust & Lära i Bollnäs AB;5567748149;119;2,5;55,5;42,0;129;.;65,9;34,1;121;5,0;79,3;15,7;.;.;.;.;
Kilafors skola F-9;41793797;Bollnäs;2183;Kommunal;Bollnäs kommun;2120002361;36;8,3;63,9;27,8;37;.;48,6;51,4;39;2,6;94,9;2,6;.;.;.;.;
Slottsskolan;80852248;Borgholm;0885;Kommunal;Borgholms kommun;2120000795;45;.;82,2;17,8;55;.;49,1;50,9;53;1,9;84,9;13,2;.;.;.;.;
Domnarvets skola;91219337;Borlänge;2081;Kommunal;Borlänge kommun;2120002239;57;5,3;59,6;35,1;63;.;52,4;47,6;67;9,0;74,6;16,4;.;.;.;.;
Forssaklackskolan;84601215;Borlänge;2081;Kommunal;Borlänge kommun;2120002239;120;10,0;62,5;27,5;125;0,8;75,2;24,0;118;7,6;73,7;18,6;.;.;.;.;
Gylle skola 7-9;11406792;Borlänge;2081;Kommunal;Borlänge kommun;2120002239;85;1,2;35,3;63,5;104;1,0;75,0;24,0;107;13,1;80,4;6,5;23;.;65,2;34,8;
Kunskapsskolan Borlänge;70510891;Borlänge;2081;Enskild;Kunskapsskolan i Sverige Aktiebolag;5565661815;63;12,7;71,4;15,9;66;1,5;37,9;60,6;68;13,2;79,4;7,4;.;.;.;.;
Maserskolan;56442130;Borlänge;2081;Kommunal;Borlänge kommun;2120002239;31;3,2;87,1;9,7;101;2,0;68,3;29,7;99;12,1;62,6;25,3;50;12,0;66,0;22,0;
Ornäs skola;58395955;Borlänge;2081;Kommunal;Borlänge kommun;2120002239;53;13,2;58,5;28,3;48;.;89,6;10,4;48;6,3;64,6;29,2;.;.;.;.;
Björkhöjdskolan 7-9;95576349;Borås;1490;Kommunal;Borås kommun;2120001561;52;13,5;63,5;23,1;70;.;70,0;30,0;65;16,9;66,2;16,9;22;4,5;54,5;40,9;
Bodaskolan 7-9;67454907;Borås;1490;Kommunal;Borås kommun;2120001561;100;8,0;54,0;38,0;150;.;68,7;31,3;150;13,3;77,3;9,3;47;.;53,2;46,8;
Borås Kristna skola;64720166;Borås;1490;Enskild;AB Borås Kristna Skola;5592935042;.;.;.;.;.;.;.;.;15;13,3;86,7;.;.;.;.;.;
Dalsjöskolan 7-9;60557814;Borås;1490;Kommunal;Borås kommun;2120001561;123;4,1;49,6;46,3;125;3,2;64,0;32,8;128;14,1;70,3;15,6;.;.;.;.;
Daltorpskolan 7-9;97706771;Borås;1490;Kommunal;Borås kommun;2120001561;93;.;57,0;43,0;112;4,5;91,1;4,5;104;5,8;77,9;16,3;15;6,7;40,0;53,3;
Engelbrektskolan 7-9;86215855;Borås;1490;Kommunal;Borås kommun;2120001561;94;5,3;61,7;33,0;95;5,3;77,9;16,8;108;3,7;88,9;7,4;.;.;.;.;
Erikslundskolan 7-9;73269899;Borås;1490;Kommunal;Borås kommun;2120001561;39;5,1;53,8;41,0;57;1,8;75,4;22,8;58;10,3;75,9;13,8;.;.;.;.;
Fristadskolan 7-9;86708639;Borås;1490;Kommunal;Borås kommun;2120001561;119;10,9;69,7;19,3;130;4,6;83,1;12,3;130;18,5;72,3;9,2;.;.;.;.;
Internationella Engelska Skolan Borås;58354320;Borås;1490;Enskild;Internationella Engelska Skolan i Sverige AB;5564624368;37;18,9;64,9;16,2;60;3,3;88,3;8,3;59;10,2;88,1;1,7;23;8,7;69,6;21,7;
Kunskapsskolan Borås;10257640;Borås;1490;Enskild;Kunskapsskolan i Sverige Aktiebolag;5565661815;99;3,0;67,7;29,3;108;.;77,8;22,2;107;7,5;85,0;7,5;.;.;.;.;
Malmen Montessori;10132939;Borås;1490;Enskild;Malmen Montessori;8645012132;53;5,7;56,6;37,7;49;6,1;65,3;28,6;54;14,8;66,7;18,5;.;.;.;.;
Sandgärdskolan 7-9;98081621;Borås;1490;Kommunal;Borås kommun;2120001561;132;12,1;49,2;38,6;129;.;75,2;24,8;133;13,5;75,2;11,3;.;.;.;.;
Särlaskolan 7-9;23108037;Borås;1490;Kommunal;Borås kommun;2120001561;36;.;47,2;52,8;54;1,9;75,9;22,2;54;7,4;77,8;14,8;20;5,0;80,0;15,0;
Viskaforsskolan 7-9;50756758;Borås;1490;Kommunal;Borås kommun;2120001561;63;3,2;69,8;27,0;72;1,4;90,3;8,3;66;16,7;74,2;9,1;.;.;.;.;
Björkhaga Skola;43238662;Botkyrka;0127;Kommunal;Botkyrka kommun;2120002882;32;.;96,9;3,1;50;.;82,0;18,0;51;19,6;66,7;13,7;20;.;90,0;10,0;
Botkyrka Friskola F-9;80378022;Botkyrka;0127;Enskild;JPK Education AB;5564944063;20;20,0;45,0;35,0;31;.;100,0;.;31;29,0;67,7;3,2;.;.;.;.;
Broängsskolan;38661388;Botkyrka;0127;Kommunal;Botkyrka kommun;2120002882;85;2,4;72,9;24,7;84;2,4;84,5;13,1;88;26,1;67,0;6,8;.;.;.;.;
Brunnaskolan;53426548;Botkyrka;0127;Kommunal;Botkyrka kommun;2120002882;19;.;68,4;31,6;57;.;70,2;29,8;57;.;68,4;31,6;34;.;70,6;29,4;
Falkbergsskolan;85558618;Botkyrka;0127;Kommunal;Botkyrka kommun;2120002882;86;10,5;69,8;19,8;89;1,1;69,7;29,2;97;7,2;83,5;9,3;.;.;.;.;
Fittjaskolan Botkyrka Norra;40631085;Botkyrka;0127;Kommunal;Botkyrka kommun;2120002882;21;.;42,9;57,1;79;.;35,4;64,6;79;2,5;89,9;7,6;60;.;48,3;51,7;
Freinetskolan Kastanjen;29524966;Botkyrka;0127;Enskild;Freinetskolan Kastanjen Ekonomisk Förening;7696000590;.;.;.;.;17;.;29,4;70,6;17;.;29,4;70,6;.;.;.;.;
Grindtorpsskolan;57228484;Botkyrka;0127;Kommunal;Botkyrka kommun;2120002882;19;10,5;21,1;68,4;30;3,3;70,0;26,7;32;15,6;71,9;12,5;.;.;.;.;
Hammerstaskolan;25918983;Botkyrka;0127;Kommunal;Botkyrka kommun;2120002882;31;.;80,6;19,4;47;.;70,2;29,8;45;4,4;86,7;8,9;18;.;94,4;5,6;
JENSEN grundskola Kvarnsjön;80731562;Botkyrka;0127;Enskild;Jensen Education College AB;5566358759;58;3,4;84,5;12,1;60;.;80,0;20,0;61;.;83,6;16,4;.;.;.;.;
Karsby International School;67742754;Botkyrka;0127;Kommunal;Botkyrka kommun;2120002882;30;10,0;30,0;60,0;43;.;79,1;20,9;42;4,8;88,1;7,1;.;.;.;.;
Kunskapsskolan Tumba;84411355;Botkyrka;0127;Enskild;Kunskapsskolan i Sverige Aktiebolag;5565661815;49;12,2;44,9;42,9;66;.;93,9;6,1;71;25,4;70,4;4,2;22;13,6;54,5;31,8;
Kvarnhagsskolan;56417100;Botkyrka;0127;Kommunal;Botkyrka kommun;2120002882;.;.;.;.;43;.;74,4;25,6;41;.;95,1;4,9;36;.;77,8;22,2;
Malmsjö skola;86985859;Botkyrka;0127;Kommunal;Botkyrka kommun;2120002882;44;.;54,5;45,5;43;.;53,5;46,5;47;12,8;80,9;6,4;.;.;.;.;
Rikstens skola;75580959;Botkyrka;0127;Kommunal;Botkyrka kommun;2120002882;76;5,3;53,9;40,8;80;5,0;86,3;8,8;78;5,1;66,7;28,2;.;.;.;.;
Skogsbacksskolan;10657244;Botkyrka;0127;Kommunal;Botkyrka kommun;2120002882;.;.;.;.;48;2,1;89,6;8,3;49;2,0;93,9;4,1;35;.;82,9;17,1;
Trädgårdsstadsskolan;58310322;Botkyrka;0127;Kommunal;Botkyrka kommun;2120002882;83;13,3;67,5;19,3;84;4,8;90,5;4,8;82;8,5;72,0;19,5;.;.;.;.;
Tunaskolan;36350546;Botkyrka;0127;Kommunal;Botkyrka kommun;2120002882;59;8,5;76,3;15,3;71;1,4;71,8;26,8;75;30,7;66,7;2,7;.;.;.;.;
Stenbockskolan MH;23991743;Boxholm;0560;Kommunal;Boxholms kommun;2120000407;44;4,5;59,1;36,4;45;4,4;37,8;57,8;46;8,7;63,0;28,3;.;.;.;.;
Dalaskolan Södra;79707757;Bromölla;1272;Kommunal;Bromölla kommun;2120000894;34;2,9;61,8;35,3;44;2,3;95,5;2,3;43;11,6;86,0;2,3;.;.;.;.;
Humleskolan;18195751;Bromölla;1272;Kommunal;Bromölla kommun;2120000894;62;1,6;43,5;54,8;76;1,3;60,5;38,2;77;5,2;59,7;35,1;.;.;.;.;
Bräcke skola;63287550;Bräcke;2305;Kommunal;Bräcke kommun;2120002460;20;.;55,0;45,0;21;.;76,2;23,8;23;8,7;91,3;.;.;.;.;.;
Gällö skola;34671510;Bräcke;2305;Kommunal;Bräcke kommun;2120002460;21;.;85,7;14,3;25;.;64,0;36,0;25;12,0;72,0;16,0;.;.;.;.;
Dalslundskolan 7-9;58712142;Burlöv;1231;Kommunal;Burlövs kommun;2120001025;55;10,9;65,5;23,6;68;.;86,8;13,2;70;34,3;61,4;4,3;.;.;.;.;
Vårboskolan;95748172;Burlöv;1231;Kommunal;Burlövs kommun;2120001025;50;4,0;66,0;30,0;84;.;100,0;.;85;4,7;62,4;32,9;37;2,7;75,7;21,6;
Förslövs skola F-9;94453321;Båstad;1278;Kommunal;Båstads kommun;2120000944;64;9,4;78,1;12,5;70;5,7;57,1;37,1;44;31,8;63,6;4,5;.;.;.;.;
Strandängsskolan F-9;16148785;Båstad;1278;Kommunal;Båstads kommun;2120000944;98;10,2;50,0;39,8;102;3,9;72,5;23,5;110;14,5;66,4;19,1;.;.;.;.;
Hagaskolan;93081338;Dals-Ed;1438;Kommunal;Dals-Eds kommun;2120001413;44;6,8;75,0;18,2;48;.;66,7;33,3;47;.;97,9;2,1;.;.;.;.;
Fribergaskolan;42986451;Danderyd;0162;Kommunal;Danderyds kommun;2120000126;164;5,5;74,4;20,1;173;2,9;83,8;13,3;164;10,4;87,2;2,4;.;.;.;.;
Mörbyskolan;97174070;Danderyd;0162;Kommunal;Danderyds kommun;2120000126;150;3,3;64,0;32,7;152;3,3;82,9;13,8;155;29,7;67,7;2,6;.;.;.;.;
Viktor Rydbergs samskola Djursholm;13493243;Danderyd;0162;Enskild;Stiftelsen Viktor Rydbergs Skolor;8120005650;173;5,2;79,8;15,0;178;2,2;87,6;10,1;177;5,1;88,1;6,8;.;.;.;.;
Stora Vallaskolan;96969231;Degerfors;1862;Kommunal;Degerfors kommun;2120001934;56;12,5;50,0;37,5;71;2,8;69,0;28,2;72;13,9;72,2;13,9;20;5,0;95,0;.;
Strandenskolan F-9;17181067;Dorotea;2425;Kommunal;Dorotea kommun;2120002809;30;.;46,7;53,3;30;.;96,7;3,3;31;.;54,8;45,2;.;.;.;.;
Gunnarsbyskolan F-9;69352527;Eda;1730;Kommunal;Eda kommun;2120001769;29;.;79,3;20,7;46;.;69,6;30,4;43;14,0;79,1;7,0;.;.;.;.;
Hierneskolan F-9;55674136;Eda;1730;Kommunal;Eda kommun;2120001769;19;5,3;73,7;21,1;19;5,3;78,9;15,8;20;20,0;75,0;5,0;.;.;.;.;
Birkaskolan;27595656;Ekerö;0125;Enskild;Mälaröarnas Montessori, Ek. För.;7696032353;30;.;43,3;56,7;29;.;100,0;.;27;3,7;88,9;7,4;.;.;.;.;
Tappströmsskolan;52217632;Ekerö;0125;Kommunal;Ekerö kommun;2120000050;170;5,3;64,1;30,6;170;1,2;84,1;14,7;176;8,5;81,8;9,7;.;.;.;.;
Träkvista skola;66475520;Ekerö;0125;Kommunal;Ekerö kommun;2120000050;77;.;55,8;44,2;81;.;91,4;8,6;81;2,5;93,8;3,7;.;.;.;.;
Uppgårdskolan;95057356;Ekerö;0125;Kommunal;Ekerö kommun;2120000050;99;.;52,5;47,5;98;1,0;52,0;46,9;96;7,3;72,9;19,8;.;.;.;.;
Furulundsskolan;48108874;Eksjö;0686;Kommunal;Eksjö kommun;2120000589;37;.;81,1;18,9;39;7,7;84,6;7,7;39;25,6;71,8;2,6;.;.;.;.;
Prästängsskolan A;48457931;Eksjö;0686;Kommunal;Eksjö kommun;2120000589;70;14,3;62,9;22,9;85;1,2;76,5;22,4;83;7,2;78,3;14,5;18;.;66,7;33,3;
Prästängsskolan B;98124174;Eksjö;0686;Kommunal;Eksjö kommun;2120000589;70;4,3;60,0;35,7;83;.;74,7;25,3;83;8,4;75,9;15,7;.;.;.;.;
Bjurbäcksskolan 7-9;37716305;Emmaboda;0862;Kommunal;Emmaboda kommun;2120000738;69;23,2;52,2;24,6;84;.;76,2;23,8;91;8,8;83,5;7,7;22;4,5;72,7;22,7;
Bergvretenskolan;56521117;Enköping;0381;Kommunal;Enköpings kommun;2120000282;63;7,9;71,4;20,6;73;.;75,3;24,7;72;2,8;76,4;20,8;.;.;.;.;
Entréskolan Enköping;97000303;Enköping;0381;Enskild;AmiSgo AB;5568148117;23;4,3;60,9;34,8;22;.;77,3;22,7;23;8,7;87,0;4,3;.;.;.;.;
Enöglaskolan;12753670;Enköping;0381;Kommunal;Enköpings kommun;2120000282;.;.;.;.;35;.;68,6;31,4;38;15,8;78,9;5,3;23;17,4;56,5;26,1;
Fjärdhundraskolan;94821900;Enköping;0381;Kommunal;Enköpings kommun;2120000282;27;.;77,8;22,2;30;.;46,7;53,3;33;18,2;66,7;15,2;.;.;.;.;
Korsängsskolan;96757645;Enköping;0381;Kommunal;Enköpings kommun;2120000282;61;6,6;73,8;19,7;69;5,8;60,9;33,3;69;10,1;78,3;11,6;.;.;.;.;
Kunskapsskolan Enköping;67723630;Enköping;0381;Enskild;Kunskapsskolan i Sverige Aktiebolag;5565661815;109;6,4;60,6;33,0;117;1,7;83,8;14,5;113;3,5;79,6;16,8;.;.;.;.;
Robinson Vårfru;83519502;Enköping;0381;Enskild;Tellusskolan AB;5568086085;42;2,4;66,7;31,0;40;.;62,5;37,5;41;19,5;75,6;4,9;.;.;.;.;
S:t Iliansskolan;34699165;Enköping;0381;Kommunal;Enköpings kommun;2120000282;89;5,6;64,0;30,3;120;4,2;63,3;32,5;121;14,9;75,2;9,9;32;9,4;56,3;34,4;
Örsundsbroskolan;98587494;Enköping;0381;Kommunal;Enköpings kommun;2120000282;49;18,4;63,3;18,4;51;2,0;58,8;39,2;47;4,3;80,9;14,9;.;.;.;.;
British Junior Secondary, Eskilstuna;50048111;Eskilstuna;0484;Enskild;British Schools AB;5567516389;97;.;92,8;7,2;104;.;92,3;7,7;104;.;98,1;1,9;.;.;.;.;
Djurgårdsskolan F-9;54605092;Eskilstuna;0484;Kommunal;Eskilstuna kommun;2120000357;105;3,8;41,9;54,3;108;2,8;44,4;52,8;111;6,3;91,0;2,7;.;.;.;.;
Entréskolan Eskilstuna;10443922;Eskilstuna;0484;Enskild;AmiSgo AB;5568148117;38;7,9;68,4;23,7;37;.;78,4;21,6;44;9,1;86,4;4,5;.;.;.;.;
Fristadsskolan 7-9;26140079;Eskilstuna;0484;Kommunal;Eskilstuna kommun;2120000357;75;2,7;52,0;45,3;119;2,5;48,7;48,7;131;9,2;70,2;20,6;48;2,1;62,5;35,4;
Gökstensskolan F-9;85601783;Eskilstuna;0484;Kommunal;Eskilstuna kommun;2120000357;113;.;63,7;36,3;120;5,0;66,7;28,3;131;7,6;84,0;8,4;.;.;.;.;
Internationella Engelska Skolan Eskilstuna;36759013;Eskilstuna;0484;Enskild;Internationella Engelska Skolan i Sverige AB;5564624368;103;.;93,2;6,8;166;0,6;83,7;15,7;171;10,5;70,8;18,7;68;.;97,1;2,9;
Munktellskolan 7-9;43959135;Eskilstuna;0484;Kommunal;Eskilstuna kommun;2120000357;111;4,5;65,8;29,7;107;.;46,7;53,3;110;5,5;80,9;13,6;.;.;.;.;
Skiftingehus F-9;65025285;Eskilstuna;0484;Kommunal;Eskilstuna kommun;2120000357;39;.;69,2;30,8;71;.;64,8;35,2;68;19,1;63,2;17,6;32;.;62,5;37,5;
Skogstorpsskolan F-9;30622727;Eskilstuna;0484;Kommunal;Eskilstuna kommun;2120000357;122;16,4;60,7;23,0;132;0,8;56,1;43,2;127;18,9;65,4;15,7;.;.;.;.;
Stålforsskolan 7-9;14327803;Eskilstuna;0484;Kommunal;Eskilstuna kommun;2120000357;89;4,5;49,4;46,1;151;2,0;63,6;34,4;150;20,0;71,3;8,7;56;3,6;50,0;46,4;
Tegelviken F-9;78673553;Eskilstuna;0484;Kommunal;Eskilstuna kommun;2120000357;54;1,9;72,2;25,9;56;1,8;96,4;1,8;56;10,7;62,5;26,8;.;.;.;.;
Årbyskolan F-6;63315515;Eskilstuna;0484;Kommunal;Eskilstuna kommun;2120000357;59;5,1;78,0;16,9;84;.;76,2;23,8;82;26,8;62,2;11,0;24;.;62,5;37,5;
Ekenässkolan;83526311;Eslöv;1285;Kommunal;Eslövs kommun;2120001173;92;5,4;82,6;12,0;110;.;80,9;19,1;112;12,5;76,8;10,7;17;.;58,8;41,2;
Norrevångsskolan 7-9;37995642;Eslöv;1285;Kommunal;Eslövs kommun;2120001173;91;13,2;60,4;26,4;132;.;65,9;34,1;129;16,3;76,7;7,0;43;.;74,4;25,6;
Vasavångsskolan 7-9;26645758;Eslöv;1285;Kommunal;Eslövs kommun;2120001173;69;1,4;56,5;42,0;100;1,0;76,0;23,0;99;14,1;70,7;15,2;27;.;55,6;44,4;
Ölyckeskolan 7-9;97938241;Eslöv;1285;Kommunal;Eslövs kommun;2120001173;53;7,5;50,9;41,5;63;23,8;60,3;15,9;61;13,1;83,6;3,3;.;.;.;.;
Nossebro skola 7-9;26531220;Essunga;1445;Kommunal;Essunga kommun;2120002916;51;13,7;68,6;17,6;51;5,9;74,5;19,6;53;5,7;77,4;17,0;.;.;.;.;
Risbroskolan;88657987;Fagersta;1982;Kommunal;Fagersta kommun;2120002106;111;2,7;50,5;46,8;165;4,8;77,6;17,6;155;6,5;89,0;4,5;42;2,4;38,1;59,5;
Apelskolan;41605059;Falkenberg;1382;Kommunal;Falkenbergs kommun;2120001231;70;.;64,3;35,7;59;.;84,7;15,3;70;.;95,7;4,3;.;.;.;.;
Falkenbergs Montessoriskola;78647439;Falkenberg;1382;Kommunal;Falkenbergs kommun;2120001231;19;26,3;31,6;42,1;19;.;84,2;15,8;18;27,8;66,7;5,6;.;.;.;.;
Skogstorpsskolan;98756440;Falkenberg;1382;Kommunal;Falkenbergs kommun;2120001231;64;3,1;64,1;32,8;75;5,3;72,0;22,7;74;6,8;78,4;14,9;.;.;.;.;
Tullbroskolan;46898596;Falkenberg;1382;Kommunal;Falkenbergs kommun;2120001231;134;9,0;55,2;35,8;135;0,7;80,0;19,3;153;11,8;76,5;11,8;24;4,2;58,3;37,5;
Tångaskolan 2;59944028;Falkenberg;1382;Kommunal;Falkenbergs kommun;2120001231;54;9,3;77,8;13,0;79;.;58,2;41,8;82;9,8;85,4;4,9;28;7,1;64,3;28,6;
Vesterhavsskolan;35136963;Falkenberg;1382;Enskild;Vesterhavet AB;5567870398;93;2,2;81,7;16,1;102;12,7;84,3;2,9;98;11,2;85,7;3,1;.;.;.;.;
Flobyskolan;54765026;Falköping;1499;Kommunal;Falköpings kommun;2120001744;40;.;42,5;57,5;42;2,4;81,0;16,7;45;11,1;75,6;13,3;.;.;.;.;
Gustaf Dalénskolan 4-9;43269172;Falköping;1499;Kommunal;Falköpings kommun;2120001744;38;21,1;63,2;15,8;40;10,0;82,5;7,5;44;27,3;72,7;.;.;.;.;.;
Högstadium Centrum;17911537;Falköping;1499;Kommunal;Falköpings kommun;2120001744;139;14,4;63,3;22,3;185;2,2;87,0;10,8;193;15,0;79,8;5,2;48;6,3;60,4;33,3;
Högstadium Odenvi;96973204;Falköping;1499;Kommunal;Falköpings kommun;2120001744;55;10,9;61,8;27,3;52;.;69,2;30,8;54;14,8;79,6;5,6;.;.;.;.;
Kinnarpsskolan 7-9;51079534;Falköping;1499;Kommunal;Falköpings kommun;2120001744;39;2,6;66,7;30,8;42;.;40,5;59,5;42;7,1;69,0;23,8;.;.;.;.;
Bjursåsskolan;98702223;Falun;2080;Kommunal;Falu kommun;2120002221;41;9,8;63,4;26,8;47;.;51,1;48,9;44;36,4;59,1;4,5;.;.;.;.;
Britsarvsskolan;17033155;Falun;2080;Kommunal;Falu kommun;2120002221;73;4,1;56,2;39,7;87;1,1;77,0;21,8;89;13,5;79,8;6,7;.;.;.;.;
Friskolan Mosaik;65494903;Falun;2080;Enskild;Friskolan Mosaik i Falun ekonomisk förening;7696149751;20;10,0;80,0;10,0;21;4,8;57,1;38,1;23;.;91,3;8,7;.;.;.;.;
Hälsinggårdsskolan;28599917;Falun;2080;Kommunal;Falu kommun;2120002221;105;4,8;53,3;41,9;87;1,1;55,2;43,7;91;16,5;67,0;16,5;.;.;.;.;
Innovitaskolan Falun;72625090;Falun;2080;Enskild;Pysslingen Förskolor och Skolor AB;5560354309;61;13,1;54,1;32,8;59;11,9;79,7;8,5;61;11,5;73,8;14,8;.;.;.;.;
Internationella Engelska Skolan Falun;34401115;Falun;2080;Enskild;Internationella Engelska Skolan i Sverige AB;5564624368;59;30,5;62,7;6,8;78;.;78,2;21,8;74;12,2;67,6;20,3;15;40,0;46,7;13,3;
Montessoriskolan i Falun;57444890;Falun;2080;Kommunal;Falu kommun;2120002221;23;.;73,9;26,1;24;20,8;75,0;4,2;25;.;100,0;.;.;.;.;.;
Svärdsjöskolan;27506076;Falun;2080;Kommunal;Falu kommun;2120002221;76;5,3;51,3;43,4;72;.;70,8;29,2;68;.;91,2;8,8;.;.;.;.;
Västra Skolan;27153243;Falun;2080;Kommunal;Falu kommun;2120002221;144;6,3;58,3;35,4;155;1,9;47,7;50,3;156;32,7;62,2;5,1;.;.;.;.;
Östra skolan;35993773;Falun;2080;Kommunal;Falu kommun;2120002221;20;.;60,0;40,0;20;.;45,0;55,0;20;.;75,0;25,0;.;.;.;.;
Ferlinskolan;76981284;Filipstad;1782;Kommunal;Filipstads kommun;2120001876;58;12,1;65,5;22,4;80;.;77,5;22,5;80;20,0;72,5;7,5;18;16,7;50,0;33,3;
Grosvadsskolan;83468631;Finspång;0562;Kommunal;Finspångs kommun;2120000423;74;6,8;43,2;50,0;88;.;48,9;51,1;86;15,1;77,9;7,0;.;.;.;.;
Nyhemsskolan 7-9;65487720;Finspång;0562;Kommunal;Finspångs kommun;2120000423;103;5,8;43,7;50,5;112;0,9;50,9;48,2;109;22,9;60,6;16,5;.;.;.;.;
Europaskolan Malmköping;38215460;Flen;0482;Enskild;Europaskolan Malmköping AB;5567480511;53;5,7;75,5;18,9;57;.;73,7;26,3;56;17,9;78,6;3,6;.;.;.;.;
Stenhammarskolan;59150456;Flen;0482;Kommunal;Flens kommun;2120000332;42;2,4;42,9;54,8;74;.;54,1;45,9;77;22,1;67,5;10,4;34;.;38,2;61,8;
Dejeskolan 7-9;48228294;Forshaga;1763;Kommunal;Forshaga kommun;2120001819;45;20,0;64,4;15,6;47;.;55,3;44,7;44;15,9;68,2;15,9;.;.;.;.;
Forshaga Lärcenter H-stadiet;68533503;Forshaga;1763;Kommunal;Forshaga kommun;2120001819;81;12,3;65,4;22,2;91;.;89,0;11,0;90;26,7;71,1;2,2;.;.;.;.;
Valboskolan 7-9;17089857;Färgelanda;1439;Kommunal;Färgelanda kommun;2120001421;70;4,3;48,6;47,1;65;.;83,1;16,9;69;15,9;79,7;4,3;.;.;.;.;
Djuråsskolan F-9;36819574;Gagnef;2026;Kommunal;Gagnefs kommun;2120002155;76;1,3;61,8;36,8;76;5,3;72,4;22,4;75;12,0;81,3;6,7;.;.;.;.;
Mockfjärdsskolan;95610127;Gagnef;2026;Kommunal;Gagnefs kommun;2120002155;33;9,1;66,7;24,2;30;10,0;30,0;60,0;32;21,9;78,1;.;.;.;.;.;
Lundåkerskolan;47236914;Gislaved;0662;Kommunal;Gislaveds kommun;2120000514;54;1,9;61,1;37,0;95;2,1;56,8;41,1;96;5,2;85,4;9,4;42;4,8;73,8;21,4;
Nordinskolan;40991541;Gislaved;0662;Kommunal;Gislaveds kommun;2120000514;71;11,3;62,0;26,8;85;3,5;71,8;24,7;76;13,2;81,6;5,3;.;.;.;.;
Åsenskolan;70954223;Gislaved;0662;Kommunal;Gislaveds kommun;2120000514;77;7,8;54,5;37,7;100;9,0;77,0;14,0;104;12,5;84,6;2,9;20;25,0;25,0;50,0;
Ölmestadskolan;85013151;Gislaved;0662;Kommunal;Gislaveds kommun;2120000514;27;3,7;74,1;22,2;31;.;74,2;25,8;32;25,0;68,8;6,3;.;.;.;.;
Frejaskolan F-9;89195825;Gnesta;0461;Kommunal;Gnesta kommun;2120002965;97;2,1;58,8;39,2;108;.;65,7;34,3;105;6,7;67,6;25,7;.;.;.;.;
Bäckaskolan 7-9;43172419;Gnosjö;0617;Kommunal;Gnosjö kommun;2120000506;49;18,4;59,2;22,4;72;.;90,3;9,7;66;7,6;81,8;10,6;17;11,8;58,8;29,4;
Hillerstorpsskolan 7-9;33877675;Gnosjö;0617;Kommunal;Gnosjö kommun;2120000506;27;.;85,2;14,8;36;.;75,0;25,0;37;10,8;86,5;2,7;.;.;.;.;
Fårösundsskolan;68188627;Gotland;0980;Kommunal;Region Gotland;2120000803;19;.;26,3;73,7;17;.;58,8;41,2;19;5,3;84,2;10,5;.;.;.;.;
Guteskolan, grundskola;42518434;Gotland;0980;Enskild;Guteskolan AB;5567044267;40;.;47,5;52,5;42;.;100,0;.;43;.;100,0;.;.;.;.;.;
Högbyskolan;94163432;Gotland;0980;Kommunal;Region Gotland;2120000803;61;4,9;75,4;19,7;60;.;70,0;30,0;66;27,3;69,7;3,0;.;.;.;.;
Innovitaskolan Visby;52229866;Gotland;0980;Enskild;Pysslingen Förskolor och Skolor AB;5560354309;52;7,7;71,2;21,2;53;5,7;90,6;3,8;53;3,8;88,7;7,5;.;.;.;.;
Klinteskolan;24429776;Gotland;0980;Kommunal;Region Gotland;2120000803;22;13,6;54,5;31,8;25;4,0;84,0;12,0;24;12,5;87,5;.;.;.;.;.;
Orionskolan;27928506;Gotland;0980;Enskild;Stiftelsen Orionskolan;8340017915;19;.;94,7;5,3;20;.;55,0;45,0;20;.;80,0;20,0;.;.;.;.;
Romaskolan;60700608;Gotland;0980;Kommunal;Region Gotland;2120000803;52;1,9;76,9;21,2;49;.;42,9;57,1;56;23,2;76,8;.;.;.;.;.;
Solbergaskolan;96609581;Gotland;0980;Kommunal;Region Gotland;2120000803;174;4,0;69,5;26,4;192;5,7;75,5;18,8;194;2,1;93,3;4,6;.;.;.;.;
Solklintsskolan;10979668;Gotland;0980;Kommunal;Region Gotland;2120000803;27;.;66,7;33,3;27;3,7;63,0;33,3;25;8,0;88,0;4,0;.;.;.;.;
Södervärnsskolan;80013231;Gotland;0980;Kommunal;Region Gotland;2120000803;116;3,4;80,2;16,4;124;1,6;62,1;36,3;129;26,4;70,5;3,1;.;.;.;.;
Jättestenskolan;16891307;Grums;1764;Kommunal;Grums kommun;2120001827;71;9,9;56,3;33,8;71;4,2;57,7;38,0;69;8,7;73,9;17,4;.;.;.;.;
Nya Centralskolan 4-9;31381375;Grästorp;1444;Kommunal;Grästorps kommun;2120001595;50;2,0;50,0;48,0;55;.;78,2;21,8;49;2,0;79,6;18,4;.;.;.;.;
Gullstensskolan åk 7-9;89624871;Gullspång;1447;Kommunal;Gullspångs kommun;2120001637;24;.;66,7;33,3;29;10,3;79,3;10,3;27;11,1;81,5;7,4;.;.;.;.;
Malmens friskola;37140962;Gällivare;2523;Enskild;Malmens Friskola AB;5565528022;20;10,0;75,0;15,0;22;4,5;81,8;13,6;21;.;81,0;19,0;.;.;.;.;
Sjöparksskolan A;46309621;Gällivare;2523;Kommunal;Gällivare kommun;2120002726;56;7,1;35,7;57,1;60;1,7;41,7;56,7;63;15,9;69,8;14,3;.;.;.;.;
Sjöparksskolan B;42583405;Gällivare;2523;Kommunal;Gällivare kommun;2120002726;60;3,3;60,0;36,7;59;1,7;52,5;45,8;59;11,9;59,3;28,8;.;.;.;.;
Bergby Centralskola 1-9;55373417;Gävle;2180;Kommunal;Gävle kommun;2120002338;27;.;14,8;85,2;29;.;37,9;62,1;29;.;44,8;55,2;.;.;.;.;
Internationella Engelska Skolan Gävle;53952728;Gävle;2180;Enskild;Internationella Engelska Skolan i Sverige AB;5564624368;90;7,8;63,3;28,9;154;11,0;73,4;15,6;152;17,1;75,0;7,9;64;6,3;70,3;23,4;
Kunskapsskolan Gävle;21423670;Gävle;2180;Enskild;Kunskapsskolan i Sverige Aktiebolag;5565661815;62;6,5;69,4;24,2;77;.;79,2;20,8;75;26,7;69,3;4,0;15;20,0;60,0;20,0;
Lillhagsskolan;51387807;Gävle;2180;Kommunal;Gävle kommun;2120002338;100;7,0;46,0;47,0;113;0,9;61,1;38,1;110;28,2;51,8;20,0;.;.;.;.;
Nynässkolan 7-9;40944032;Gävle;2180;Kommunal;Gävle kommun;2120002338;99;5,1;60,6;34,3;139;2,2;67,6;30,2;146;15,8;75,3;8,9;43;11,6;53,5;34,9;
Prolympia, Gävle;57578095;Gävle;2180;Enskild;Ulno AB;5566577705;113;4,4;71,7;23,9;110;4,5;72,7;22,7;108;12,0;78,7;9,3;.;.;.;.;
Sofiedalskolan;80177526;Gävle;2180;Kommunal;Gävle kommun;2120002338;159;5,7;66,7;27,7;157;4,5;59,2;36,3;155;6,5;80,0;13,5;.;.;.;.;
Stigslunds skola;91652716;Gävle;2180;Kommunal;Gävle kommun;2120002338;102;10,8;55,9;33,3;98;6,1;57,1;36,7;106;10,4;72,6;17,0;.;.;.;.;
Stora Sätraskolan;49779956;Gävle;2180;Kommunal;Gävle kommun;2120002338;17;11,8;58,8;29,4;60;.;85,0;15,0;61;9,8;77,0;13,1;42;2,4;59,5;38,1;
Tranmursskolan GKS;87088456;Gävle;2180;Enskild;Föreningen för Gefle Kristna Skola;8850018683;15;.;46,7;53,3;16;.;12,5;87,5;18;5,6;77,8;16,7;.;.;.;.;
Vallbacksskolan;54990077;Gävle;2180;Kommunal;Gävle kommun;2120002338;141;6,4;61,7;31,9;159;1,3;64,2;34,6;165;8,5;78,8;12,7;24;8,3;83,3;8,3;
Vittra Gävle;11476454;Gävle;2180;Enskild;Friskolan Lyftet AB;5566044599;.;.;.;.;22;.;81,8;18,2;22;.;90,9;9,1;15;.;60,0;40,0;
Algebraskolan;40526633;Göteborg;1480;Enskild;Algebrautbildning Föreningen;8024730445;.;.;.;.;16;.;100,0;.;16;.;100,0;.;.;.;.;.;
Assaredsskolan;25852980;Göteborg;1480;Enskild;Assareds Skolkooperativ Ek För.;7164451390;.;.;.;.;22;4,5;81,8;13,6;22;4,5;95,5;.;.;.;.;.;
Bergsjöskolan F-9;27526205;Göteborg;1480;Kommunal;Göteborgs kommun;2120001355;.;.;.;.;54;.;75,9;24,1;55;1,8;96,4;1,8;38;10,5;78,9;10,5;
Bergumsskolan F-9;43545297;Göteborg;1480;Kommunal;Göteborgs kommun;2120001355;80;6,3;51,3;42,5;91;1,1;50,5;48,4;94;.;88,3;11,7;.;.;.;.;
Brandströmska skolan Nylöse;11295861;Göteborg;1480;Enskild;Stiftelsen för Kristen Skolverksamhet;8572054065;28;3,6;85,7;10,7;36;.;72,2;27,8;34;17,6;79,4;2,9;.;.;.;.;
Brunnsboskolan F-9;97649106;Göteborg;1480;Kommunal;Göteborgs kommun;2120001355;45;8,9;64,4;26,7;66;6,1;87,9;6,1;67;13,4;74,6;11,9;24;.;66,7;33,3;
Böskolans friskola;83071620;Göteborg;1480;Enskild;Böskolans Friskola Ek.För.;7164451473;43;7,0;69,8;23,3;42;.;88,1;11,9;41;29,3;70,7;.;.;.;.;.;
Communityskolan Gårdsten;92384910;Göteborg;1480;Enskild;RM Bildning AB;5591946909;.;.;.;.;24;33,3;62,5;4,2;24;8,3;79,2;12,5;24;.;75,0;25,0;
Communityskolan Tynnered;88746223;Göteborg;1480;Enskild;RM Bildning AB;5591946909;.;.;.;.;50;2,0;90,0;8,0;49;10,2;53,1;36,7;42;2,4;78,6;19,0;
Drakbergsskolan;60526603;Göteborg;1480;Enskild;Kannebäcks Friskoleförening;8572069568;24;4,2;45,8;50,0;25;.;60,0;40,0;25;4,0;84,0;12,0;.;.;.;.;
Ebba Petterssons Privatskola;88247874;Göteborg;1480;Enskild;Ebba Petterssons Privatskolas Stiftelse;8572022369;95;7,4;52,6;40,0;96;.;75,0;25,0;91;27,5;62,6;9,9;.;.;.;.;
Fiskebäcksskolan F-9;80408917;Göteborg;1480;Kommunal;Göteborgs kommun;2120001355;49;2,0;79,6;18,4;55;1,8;45,5;52,7;53;.;90,6;9,4;.;.;.;.;
Franska skolan Göteborg 6-9;51565567;Göteborg;1480;Enskild;Medborgarskolan Region Väst;8494001913;36;13,9;25,0;61,1;40;5,0;67,5;27,5;43;25,6;72,1;2,3;.;.;.;.;
Freinetskolan Bild & Form;31872640;Göteborg;1480;Enskild;Freinétskolan Bild & Form Masthugget Kb;9696774224;24;4,2;45,8;50,0;25;20,0;64,0;16,0;25;12,0;84,0;4,0;.;.;.;.;
Frejaskolan F-9;44605298;Göteborg;1480;Kommunal;Göteborgs kommun;2120001355;67;7,5;73,1;19,4;105;1,9;70,5;27,6;104;13,5;76,9;9,6;36;2,8;83,3;13,9;
Fridaskolan Kvillebäcken;56328727;Göteborg;1480;Enskild;Fridaskolorna AB;5564515988;76;15,8;72,4;11,8;74;2,7;81,1;16,2;75;17,3;77,3;5,3;.;.;.;.;
Frölundaskolan F-9;16464648;Göteborg;1480;Kommunal;Göteborgs kommun;2120001355;.;.;.;.;37;.;73,0;27,0;37;29,7;70,3;.;23;.;100,0;.;
Gamlestadsskolan F-9;29744401;Göteborg;1480;Kommunal;Göteborgs kommun;2120001355;23;8,7;60,9;30,4;43;2,3;79,1;18,6;47;8,5;74,5;17,0;24;8,3;66,7;25,0;
Glöstorpsskolan 7-9;85656343;Göteborg;1480;Kommunal;Göteborgs kommun;2120001355;86;3,5;61,6;34,9;101;.;76,2;23,8;106;21,7;64,2;14,2;21;4,8;66,7;28,6;
Guldhedsskolan F-9;11814097;Göteborg;1480;Kommunal;Göteborgs kommun;2120001355;45;11,1;80,0;8,9;67;3,0;85,1;11,9;65;41,5;56,9;1,5;20;.;35,0;65,0;
Gårdstensskolan 4-9;31127129;Göteborg;1480;Kommunal;Göteborgs kommun;2120001355;.;.;.;.;57;.;91,2;8,8;58;55,2;41,4;3,4;58;8,6;75,9;15,5;
Gärdsåsskolan 4-9;93904124;Göteborg;1480;Kommunal;Göteborgs kommun;2120001355;17;.;70,6;29,4;48;.;72,9;27,1;48;6,3;58,3;35,4;29;.;51,7;48,3;
Göteborgs Högre Samskola gr.;52538248;Göteborg;1480;Enskild;Stiftelsen Göteborgs Högre Samskola;8572059197;146;1,4;69,2;29,5;146;.;86,3;13,7;145;5,5;89,0;5,5;.;.;.;.;
Hovåsskolan F-9;99319890;Göteborg;1480;Kommunal;Göteborgs kommun;2120001355;89;.;41,6;58,4;101;.;66,3;33,7;100;3,0;86,0;11,0;.;.;.;.;
Härlandatjärnskolan F-9;60279184;Göteborg;1480;Kommunal;Göteborgs kommun;2120001355;50;4,0;76,0;20,0;48;.;72,9;27,1;48;.;95,8;4,2;.;.;.;.;
Innovitaskolan Johanneberg;87139814;Göteborg;1480;Enskild;Pysslingen Förskolor och Skolor AB;5560354309;57;3,5;63,2;33,3;68;.;69,1;30,9;74;4,1;87,8;8,1;15;6,7;66,7;26,7;
Innovitaskolan S:t Jörgen;27265374;Göteborg;1480;Enskild;Pysslingen Förskolor och Skolor AB;5560354309;72;4,2;70,8;25,0;66;3,0;65,2;31,8;73;11,0;83,6;5,5;.;.;.;.;
Internationella Engelska Skolan Johanneberg;41921747;Göteborg;1480;Enskild;Internationella Engelska Skolan i Sverige AB;5564624368;66;15,2;56,1;28,8;175;4,0;83,4;12,6;178;9,0;87,6;3,4;86;10,5;48,8;40,7;
ISGR/Swedish-English;80498460;Göteborg;1480;Kommunal;Göteborgsregionens Kommunalförbund;2220000265;48;2,1;50,0;47,9;54;.;70,4;29,6;55;3,6;83,6;12,7;.;.;.;.;
JENSEN grundskola Göteborg;62764006;Göteborg;1480;Enskild;Jensen Education College AB;5566358759;54;1,9;94,4;3,7;56;.;80,4;19,6;57;21,1;52,6;26,3;.;.;.;.;
Jättestensskolan F-9;55124975;Göteborg;1480;Kommunal;Göteborgs kommun;2120001355;56;1,8;60,7;37,5;72;.;75,0;25,0;68;26,5;66,2;7,4;.;.;.;.;
Katolska skolan av Notre Dame;45045293;Göteborg;1480;Enskild;Vår Fru AB;5591760342;.;.;.;.;33;.;84,8;15,2;32;34,4;59,4;6,3;23;4,3;56,5;39,1;
Klarebergsskolan F-9;71204165;Göteborg;1480;Kommunal;Göteborgs kommun;2120001355;99;3,0;61,6;35,4;107;1,9;60,7;37,4;106;5,7;88,7;5,7;.;.;.;.;
Kristinaskolan;46512685;Göteborg;1480;Enskild;Stiftelsen för Kristna Skolor i Angeredområdet;8572042193;.;.;.;.;24;.;54,2;45,8;24;4,2;66,7;29,2;17;17,6;76,5;5,9;
Kunskapsskolan Krokslätt;83045482;Göteborg;1480;Enskild;Kunskapsskolan i Sverige Aktiebolag;5565661815;53;1,9;73,6;24,5;74;2,7;78,4;18,9;75;9,3;85,3;5,3;20;.;75,0;25,0;
Kvibergsskolan F-9;79522184;Göteborg;1480;Kommunal;Göteborgs kommun;2120001355;55;7,3;60,0;32,7;.;.;.;.;95;7,4;67,4;25,3;40;7,5;70,0;22,5;
Kålltorpsskolan 7-9;16954837;Göteborg;1480;Kommunal;Göteborgs kommun;2120001355;126;3,2;78,6;18,3;125;1,6;92,0;6,4;125;33,6;64,8;1,6;.;.;.;.;
Kärralundsskolan F-9;14037390;Göteborg;1480;Kommunal;Göteborgs kommun;2120001355;74;.;90,5;9,5;77;.;92,2;7,8;77;.;97,4;2,6;.;.;.;.;
Kärraskolan F-9;46391611;Göteborg;1480;Kommunal;Göteborgs kommun;2120001355;63;1,6;69,8;28,6;73;.;68,5;31,5;75;30,7;68,0;1,3;.;.;.;.;
Lindåsskolan F-9;87375656;Göteborg;1480;Kommunal;Göteborgs kommun;2120001355;64;3,1;59,4;37,5;67;3,0;86,6;10,4;64;6,3;87,5;6,3;.;.;.;.;
Lundbyskolan 7-9;64413812;Göteborg;1480;Kommunal;Göteborgs kommun;2120001355;20;.;30,0;70,0;72;1,4;66,7;31,9;68;19,1;63,2;17,6;60;1,7;80,0;18,3;
Lundenskolan F-9;62419611;Göteborg;1480;Kommunal;Göteborgs kommun;2120001355;54;7,4;63,0;29,6;51;2,0;88,2;9,8;58;10,3;75,9;13,8;.;.;.;.;
Lärjeskolan F-9;39701961;Göteborg;1480;Kommunal;Göteborgs kommun;2120001355;61;1,6;52,5;45,9;76;1,3;64,5;34,2;82;8,5;76,8;14,6;22;9,1;68,2;22,7;
Lövgärdesskolan 4-9;31928894;Göteborg;1480;Kommunal;Göteborgs kommun;2120001355;21;9,5;52,4;38,1;41;.;48,8;51,2;40;22,5;75,0;2,5;17;5,9;82,4;11,8;
Martinaskolan;47927698;Göteborg;1480;Enskild;Waldorfföreningen, Martinaskolan, ekonomisk förening;7164449576;17;.;29,4;70,6;19;.;57,9;42,1;17;.;100,0;.;.;.;.;.;
Montessoriskolan Casa;76938537;Göteborg;1480;Enskild;Stiftelsen Casa Dei Bambini;8520004261;27;7,4;74,1;18,5;29;.;89,7;10,3;27;11,1;85,2;3,7;.;.;.;.;
Montessoriskolan Centrum;73995321;Göteborg;1480;Enskild;Stiftelsen Montessoriskolan Centrum;8572066309;28;.;96,4;3,6;28;.;82,1;17,9;26;3,8;96,2;.;.;.;.;.;
Montessoriskolan Elyseum 6-9;75602219;Göteborg;1480;Kommunal;Göteborgs kommun;2120001355;18;11,1;77,8;11,1;18;.;72,2;27,8;23;.;78,3;21,7;.;.;.;.;
Montessoriskolan Skäret;25894254;Göteborg;1480;Enskild;Skäret Skolkooperativ Ek.För.;7164452323;40;.;77,5;22,5;43;.;93,0;7,0;44;4,5;81,8;13,6;.;.;.;.;
Noblaskolan Kviberg;17517182;Göteborg;1480;Enskild;Vindseglet AB;5567572234;74;9,5;78,4;12,2;71;1,4;84,5;14,1;74;14,9;81,1;4,1;.;.;.;.;
Noblaskolan Lindholmen;79866556;Göteborg;1480;Enskild;Vindseglet AB;5567572234;74;4,1;85,1;10,8;73;5,5;87,7;6,8;74;4,1;93,2;2,7;.;.;.;.;
Noblaskolan Nya Hovås åk 6-9;21497343;Göteborg;1480;Enskild;Pysslingen Förskolor och Skolor AB;5560354309;111;7,2;73,0;19,8;118;.;90,7;9,3;113;15,0;79,6;5,3;.;.;.;.;
Nordhemsskolan 1-9;19804936;Göteborg;1480;Kommunal;Göteborgs kommun;2120001355;178;5,1;55,1;39,9;188;8,5;68,1;23,4;188;9,6;78,7;11,7;.;.;.;.;
Nordlyckeskolan 7-9;93002896;Göteborg;1480;Kommunal;Göteborgs kommun;2120001355;138;.;63,8;36,2;138;1,4;89,9;8,7;139;7,2;89,9;2,9;.;.;.;.;
Nygårdsskolan F-9;65651613;Göteborg;1480;Kommunal;Göteborgs kommun;2120001355;69;2,9;55,1;42,0;68;.;70,6;29,4;69;11,6;82,6;5,8;.;.;.;.;
Nytorpsskolan 4-9;47120557;Göteborg;1480;Kommunal;Göteborgs kommun;2120001355;.;.;.;.;54;.;77,8;22,2;52;48,1;48,1;3,8;47;2,1;44,7;53,2;
Prolympia Göteborg;54367867;Göteborg;1480;Enskild;Gothenburg Association AB;5567295851;111;.;72,1;27,9;117;0,9;63,2;35,9;117;11,1;79,5;9,4;.;.;.;.;
Påvelundsskolan F-9;77556882;Göteborg;1480;Kommunal;Göteborgs kommun;2120001355;220;4,1;59,1;36,8;227;4,4;82,8;12,8;233;9,0;86,3;4,7;.;.;.;.;
Rudolf Steinerskolan Göteborg;42817980;Göteborg;1480;Enskild;Stiftelsen Rudolf Steinerskolan;8572019142;22;.;100,0;.;25;.;92,0;8,0;26;.;73,1;26,9;.;.;.;.;
Sandeklevsskolan F-9;91683255;Göteborg;1480;Kommunal;Göteborgs kommun;2120001355;.;.;.;.;40;.;77,5;22,5;41;.;75,6;24,4;39;.;46,2;53,8;
Sannaskolan 7-9;49474076;Göteborg;1480;Kommunal;Göteborgs kommun;2120001355;132;3,8;50,8;45,5;137;.;62,0;38,0;141;12,1;79,4;8,5;.;.;.;.;
Santosskolan 7-9;76261770;Göteborg;1480;Kommunal;Göteborgs kommun;2120001355;124;8,9;66,9;24,2;144;1,4;77,8;20,8;145;33,1;59,3;7,6;23;4,3;69,6;26,1;
Skytteskolan F-9;65688769;Göteborg;1480;Kommunal;Göteborgs kommun;2120001355;100;4,0;49,0;47,0;125;0,8;36,0;63,2;121;15,7;69,4;14,9;20;5,0;25,0;70,0;
Skälltorpsskolan 7-9;21231498;Göteborg;1480;Kommunal;Göteborgs kommun;2120001355;55;.;76,4;23,6;71;.;74,6;25,4;73;19,2;74,0;6,8;15;13,3;26,7;60,0;
Stiftelsen The English School Gothenburg;66890810;Göteborg;1480;Enskild;Stiftelsen English School In Gothenburg;8551009148;24;4,2;87,5;8,3;46;.;91,3;8,7;48;4,2;91,7;4,2;24;20,8;66,7;12,5;
Styrsöskolan F-9;81179515;Göteborg;1480;Kommunal;Göteborgs kommun;2120001355;49;2,0;75,5;22,4;47;4,3;61,7;34,0;49;2,0;93,9;4,1;.;.;.;.;
Svartedalsskolan 4-9;10245367;Göteborg;1480;Kommunal;Göteborgs kommun;2120001355;.;.;.;.;63;1,6;77,8;20,6;72;2,8;88,9;8,3;56;1,8;58,9;39,3;
Svenska Balettskolan 4-9;24937512;Göteborg;1480;Kommunal;Göteborgs kommun;2120001355;15;.;66,7;33,3;.;.;.;.;16;.;75,0;25,0;.;.;.;.;
Toleredsskolan F-9;43055932;Göteborg;1480;Kommunal;Göteborgs kommun;2120001355;82;4,9;54,9;40,2;110;1,8;89,1;9,1;112;25,0;67,9;7,1;21;9,5;71,4;19,0;
Torpaskolan F-9;11465652;Göteborg;1480;Kommunal;Göteborgs kommun;2120001355;31;6,5;58,1;35,5;43;.;74,4;25,6;44;38,6;54,5;6,8;.;.;.;.;
Torslandaskolan 7-9;89487045;Göteborg;1480;Kommunal;Göteborgs kommun;2120001355;143;4,9;79,0;16,1;152;1,3;73,7;25,0;158;2,5;93,7;3,8;.;.;.;.;
Trulsegårdsskolan 7-9;22474777;Göteborg;1480;Kommunal;Göteborgs kommun;2120001355;180;6,1;60,6;33,3;181;0,6;72,9;26,5;181;16,6;72,4;11,0;.;.;.;.;
Utmarksskolan 4-9;39000072;Göteborg;1480;Kommunal;Göteborgs kommun;2120001355;16;.;68,8;31,3;52;.;67,3;32,7;50;10,0;78,0;12,0;32;6,3;68,8;25,0;
Vasaskolan;56168083;Göteborg;1480;Enskild;Stiftelsen för Kristna Skolor;8572027434;47;6,4;68,1;25,5;47;.;95,7;4,3;44;4,5;88,6;6,8;.;.;.;.;
Victoriaskolan;80678068;Göteborg;1480;Enskild;Tyska Skolan Göteborg Ek. För.;7696043608;47;8,5;80,9;10,6;43;.;88,4;11,6;45;8,9;88,9;2,2;.;.;.;.;
Viljaskolan Angered;57333669;Göteborg;1480;Enskild;Utbildia AB;5591893754;.;.;.;.;19;.;42,1;57,9;20;.;40,0;60,0;21;.;.;100,0;
Vittra Kronhusparken;67543412;Göteborg;1480;Enskild;Vittraskolorna AB;5564586716;29;.;82,8;17,2;74;.;64,9;35,1;72;.;100,0;.;46;.;89,1;10,9;
Vättleskolan 4-9;56818726;Göteborg;1480;Kommunal;Göteborgs kommun;2120001355;15;6,7;40,0;53,3;44;4,5;70,5;25,0;48;18,8;68,8;12,5;30;6,7;76,7;16,7;
Änglagårdskolan;87427999;Göteborg;1480;Enskild;Gothenburg Association AB;5567295851;102;13,7;55,9;30,4;101;4,0;76,2;19,8;99;14,1;80,8;5,1;.;.;.;.;
Önneredsskolan F-9;91687391;Göteborg;1480;Kommunal;Göteborgs kommun;2120001355;140;2,9;66,4;30,7;138;1,4;73,9;24,6;141;21,3;69,5;9,2;.;.;.;.;
Liljestensskolan 1;34900938;Götene;1471;Kommunal;Götene kommun;2120001652;116;6,0;61,2;32,8;125;2,4;66,4;31,2;121;14,0;64,5;21,5;.;.;.;.;
Hagabodaskolan;38553494;Habo;0643;Kommunal;Habo kommun;2120001611;155;5,8;65,8;28,4;158;.;70,9;29,1;162;9,3;84,6;6,2;.;.;.;.;
Kyrkhedens skola 4-9;86113785;Hagfors;1783;Kommunal;Hagfors kommun;2120001884;26;7,7;65,4;26,9;29;3,4;79,3;17,2;30;36,7;63,3;.;.;.;.;.;
Älvstranden bildn.centrum 7-9;18315553;Hagfors;1783;Kommunal;Hagfors kommun;2120001884;60;6,7;70,0;23,3;64;1,6;54,7;43,8;68;30,9;61,8;7,4;.;.;.;.;
Folkasboskolan;99707554;Hallsberg;1861;Kommunal;Hallsbergs kommun;2120001926;35;5,7;68,6;25,7;39;2,6;79,5;17,9;38;26,3;65,8;7,9;.;.;.;.;
Transtenskolan;63503591;Hallsberg;1861;Kommunal;Hallsbergs kommun;2120001926;94;6,4;60,6;33,0;121;2,5;69,4;28,1;127;12,6;70,1;17,3;30;6,7;50,0;43,3;
Parkskolan;91030682;Hallstahammar;1961;Kommunal;Hallstahammars kommun;2120002064;120;10,8;68,3;20,8;130;1,5;56,2;42,3;137;8,0;79,6;12,4;19;31,6;52,6;15,8;
Tunboskolan;32758035;Hallstahammar;1961;Kommunal;Hallstahammars kommun;2120002064;40;7,5;80,0;12,5;40;.;37,5;62,5;38;21,1;71,1;7,9;.;.;.;.;
Brunnsåkersskolan 9;87737594;Halmstad;1380;Kommunal;Halmstads kommun;2120001215;68;8,8;51,5;39,7;90;3,3;72,2;24,4;90;13,3;75,6;11,1;19;.;57,9;42,1;
Eketånga Montessoriskola;28459364;Halmstad;1380;Enskild;Ideella Föreningen Eketånga Montessoriskola;8492017143;23;13,0;56,5;30,4;21;9,5;81,0;9,5;22;13,6;77,3;9,1;.;.;.;.;
Furulundsskolan 4-9;84189577;Halmstad;1380;Kommunal;Halmstads kommun;2120001215;47;2,1;76,6;21,3;74;.;77,0;23,0;73;4,1;76,7;19,2;25;4,0;52,0;44,0;
Getingeskolan 7-9;91161376;Halmstad;1380;Kommunal;Halmstads kommun;2120001215;96;5,2;53,1;41,7;104;5,8;80,8;13,5;105;26,7;65,7;7,6;.;.;.;.;
Gullbrandstorpsskolan F-9;62072720;Halmstad;1380;Kommunal;Halmstads kommun;2120001215;.;.;.;.;64;1,6;64,1;34,4;58;17,2;75,9;6,9;.;.;.;.;
Internationella Engelska Skolan Halmstad;78323330;Halmstad;1380;Enskild;Internationella Engelska Skolan i Sverige AB;5564624368;83;6,0;65,1;28,9;108;13,0;73,1;13,9;102;7,8;76,5;15,7;22;4,5;40,9;54,5;
Klaraskolan 6-9;36130879;Halmstad;1380;Kommunal;Halmstads kommun;2120001215;33;3,0;57,6;39,4;61;1,6;65,6;32,8;57;5,3;82,5;12,3;25;.;92,0;8,0;
Kärlekens skola 7-9;52347444;Halmstad;1380;Kommunal;Halmstads kommun;2120001215;71;7,0;67,6;25,4;74;.;90,5;9,5;75;30,7;64,0;5,3;.;.;.;.;
Solbackeskolan 4-9;50826766;Halmstad;1380;Kommunal;Halmstads kommun;2120001215;45;6,7;62,2;31,1;72;.;83,3;16,7;73;21,9;61,6;16,4;30;6,7;43,3;50,0;
Söndrumsskolan F-9;67995611;Halmstad;1380;Kommunal;Halmstads kommun;2120001215;125;5,6;82,4;12,0;125;5,6;81,6;12,8;130;12,3;83,1;4,6;.;.;.;.;
Trönningeskolan 7-9;86573921;Halmstad;1380;Kommunal;Halmstads kommun;2120001215;52;.;65,4;34,6;53;.;75,5;24,5;58;6,9;87,9;5,2;.;.;.;.;
Vallåsskolan 7-9;64559541;Halmstad;1380;Kommunal;Halmstads kommun;2120001215;45;2,2;53,3;44,4;67;10,4;65,7;23,9;64;.;59,4;40,6;22;.;50,0;50,0;
Vittra Halmstad;61582926;Halmstad;1380;Enskild;Vittraskolorna AB;5564586716;24;.;75,0;25,0;23;.;65,2;34,8;24;25,0;62,5;12,5;.;.;.;.;
Wallbergsskolan;42422737;Halmstad;1380;Enskild;Wallbergsskolans Ideella Förening;8492023802;22;4,5;81,8;13,6;21;9,5;61,9;28,6;21;19,0;81,0;.;.;.;.;.;
Östergårdsskolan 7-9;63902508;Halmstad;1380;Kommunal;Halmstads kommun;2120001215;38;5,3;65,8;28,9;84;1,2;59,5;39,3;81;33,3;60,5;6,2;44;13,6;72,7;13,6;
Österledskolan 7-9;92337813;Halmstad;1380;Kommunal;Halmstads kommun;2120001215;60;1,7;73,3;25,0;69;1,4;72,5;26,1;69;5,8;94,2;.;.;.;.;.;
Hammarlundens skola  7-9 Nord;11954492;Hammarö;1761;Kommunal;Hammarö kommun;2120001793;46;2,2;78,3;19,6;44;.;95,5;4,5;47;8,5;83,0;8,5;.;.;.;.;
Hammarlundens skola 7-9 Syd;95243847;Hammarö;1761;Kommunal;Hammarö kommun;2120001793;87;2,3;80,5;17,2;87;2,3;69,0;28,7;88;14,8;77,3;8,0;.;.;.;.;
Mörmoskolan 7-9;47480841;Hammarö;1761;Kommunal;Hammarö kommun;2120001793;81;7,4;66,7;25,9;78;2,6;83,3;14,1;82;24,4;64,6;11,0;.;.;.;.;
Brandbergsskolan;73184968;Haninge;0136;Kommunal;Haninge kommun;2120000084;17;11,8;70,6;17,6;44;.;40,9;59,1;46;10,9;80,4;8,7;28;.;78,6;21,4;
Dalarö skola;47640376;Haninge;0136;Kommunal;Haninge kommun;2120000084;28;7,1;89,3;3,6;24;4,2;79,2;16,7;29;.;79,3;20,7;.;.;.;.;
Deltaskolan;73926940;Haninge;0136;Enskild;Deltaskolan AB;5568658545;44;.;45,5;54,5;49;8,2;55,1;36,7;55;3,6;65,5;30,9;.;.;.;.;
HagaLyckebyskolan;81680693;Haninge;0136;Kommunal;Haninge kommun;2120000084;79;1,3;50,6;48,1;79;1,3;57,0;41,8;83;.;85,5;14,5;.;.;.;.;
Innovitaskolan Rudan;17957898;Haninge;0136;Enskild;Pysslingen Förskolor och Skolor AB;5560354309;127;1,6;83,5;15,0;134;2,2;64,2;33,6;127;9,4;81,9;8,7;.;.;.;.;
JENSEN grundskola Tungelsta;30255409;Haninge;0136;Enskild;Jensen Education College AB;5566358759;31;.;80,6;19,4;32;3,1;87,5;9,4;32;9,4;84,4;6,3;.;.;.;.;
Ribbyskolan;59497255;Haninge;0136;Kommunal;Haninge kommun;2120000084;130;2,3;52,3;45,4;154;0,6;50,6;48,7;158;4,4;78,5;17,1;28;3,6;89,3;7,1;
Söderbymalmsskolan;10035236;Haninge;0136;Kommunal;Haninge kommun;2120000084;131;3,8;41,2;55,0;158;1,9;73,4;24,7;157;14,6;72,6;12,7;28;.;53,6;46,4;
Tungelsta skola;38975788;Haninge;0136;Kommunal;Haninge kommun;2120000084;72;.;50,0;50,0;71;.;78,9;21,1;74;37,8;58,1;4,1;.;.;.;.;
Vendelsömalmsskolan;72266104;Haninge;0136;Kommunal;Haninge kommun;2120000084;72;1,4;19,4;79,2;72;20,8;45,8;33,3;70;7,1;82,9;10,0;.;.;.;.;
Gränsskolan;29991096;Haparanda;2583;Kommunal;Haparanda kommun;2120002775;70;2,9;65,7;31,4;84;.;51,2;48,8;87;34,5;56,3;9,2;19;.;47,4;52,6;
Heby skola 7-9;36374693;Heby;0331;Kommunal;Heby kommun;2120002049;70;5,7;31,4;62,9;83;.;86,7;13,3;83;4,8;89,2;6,0;.;.;.;.;
Östervåla skola 7-9;88091927;Heby;0331;Kommunal;Heby kommun;2120002049;67;6,0;62,7;31,3;72;5,6;63,9;30,6;72;13,9;80,6;5,6;.;.;.;.;
Vasaskolan 7-9;35494110;Hedemora;2083;Kommunal;Hedemora kommun;2120002254;150;4,0;48,0;48,0;156;1,3;59,6;39,1;151;11,9;75,5;12,6;.;.;.;.;
Anneroskolan;86764194;Helsingborg;1283;Kommunal;Helsingborgs kommun;2120001157;18;.;83,3;16,7;31;3,2;71,0;25,8;35;2,9;82,9;14,3;.;.;.;.;
Elinebergsskolan;41811292;Helsingborg;1283;Kommunal;Helsingborgs kommun;2120001157;136;8,1;63,2;28,7;167;1,2;61,1;37,7;172;15,7;81,4;2,9;33;15,2;66,7;18,2;
Fridaskolan Helsingborg;24352906;Helsingborg;1283;Enskild;Fridaskolorna AB;5564515988;51;3,9;47,1;49,0;62;.;43,5;56,5;65;.;3,1;96,9;15;.;60,0;40,0;
Gantofta skola;28424574;Helsingborg;1283;Kommunal;Helsingborgs kommun;2120001157;33;3,0;78,8;18,2;34;.;44,1;55,9;35;8,6;80,0;11,4;.;.;.;.;
Gläntanskolan;67721487;Helsingborg;1283;Kommunal;Helsingborgs kommun;2120001157;23;.;69,6;30,4;36;8,3;83,3;8,3;38;5,3;94,7;.;16;6,3;68,8;25,0;
Gustavslundsskolan;30731471;Helsingborg;1283;Kommunal;Helsingborgs kommun;2120001157;38;.;81,6;18,4;47;4,3;89,4;6,4;47;10,6;85,1;4,3;.;.;.;.;
Holstagårdsskolan;28754789;Helsingborg;1283;Kommunal;Helsingborgs kommun;2120001157;40;2,5;62,5;35,0;42;.;76,2;23,8;41;.;43,9;56,1;.;.;.;.;
Högastensskolan;13175575;Helsingborg;1283;Kommunal;Helsingborgs kommun;2120001157;82;7,3;76,8;15,9;110;.;76,4;23,6;116;10,3;77,6;12,1;33;.;84,8;15,2;
Innovitaskolan Helsingborg;16688128;Helsingborg;1283;Enskild;Pysslingen Förskolor och Skolor AB;5560354309;93;5,4;78,5;16,1;102;.;91,2;8,8;104;33,7;64,4;1,9;.;.;.;.;
Internationella Engelska Skolan Helsingborg;82402144;Helsingborg;1283;Enskild;Internationella Engelska Skolan i Sverige AB;5564624368;32;3,1;87,5;9,4;66;.;81,8;18,2;68;1,5;92,6;5,9;33;.;84,8;15,2;
Kubikskolan Dibber;82943624;Helsingborg;1283;Enskild;Dibber Kubikskolan AB;5565858619;38;2,6;60,5;36,8;68;.;66,2;33,8;68;13,2;76,5;10,3;27;.;59,3;40,7;
Kunskapsskolan Helsingborg;48798589;Helsingborg;1283;Enskild;Kunskapsskolan i Sverige Aktiebolag;5565661815;103;.;85,4;14,6;106;.;83,0;17,0;108;.;99,1;0,9;.;.;.;.;
Laröds skola;87251726;Helsingborg;1283;Kommunal;Helsingborgs kommun;2120001157;50;4,0;78,0;18,0;57;.;89,5;10,5;55;10,9;83,6;5,5;.;.;.;.;
Maria Parkskolan;42164778;Helsingborg;1283;Kommunal;Helsingborgs kommun;2120001157;125;.;61,6;38,4;155;.;67,7;32,3;155;3,9;87,7;8,4;30;.;56,7;43,3;
Musikgrundskolan Synkopen;55200547;Helsingborg;1283;Kommunal;Helsingborgs kommun;2120001157;22;22,7;50,0;27,3;27;.;81,5;18,5;27;25,9;74,1;.;.;.;.;.;
Noblaskolan Mariastaden;57590681;Helsingborg;1283;Enskild;Pysslingen Förskolor och Skolor AB;5560354309;44;.;72,7;27,3;43;.;44,2;55,8;42;2,4;97,6;.;.;.;.;.;
Påarps skola;66351593;Helsingborg;1283;Kommunal;Helsingborgs kommun;2120001157;33;9,1;54,5;36,4;36;5,6;72,2;22,2;35;31,4;60,0;8,6;.;.;.;.;
Rydebäcksskolan;40385157;Helsingborg;1283;Kommunal;Helsingborgs kommun;2120001157;96;1,0;85,4;13,5;96;.;88,5;11,5;97;12,4;87,6;.;.;.;.;.;
Sally Bauerskolans Högstadium;53515359;Helsingborg;1283;Enskild;Ideella Föreningen Sally Bauerskolorna;8025373088;42;.;95,2;4,8;41;.;75,6;24,4;37;5,4;94,6;.;.;.;.;.;
Slottsvångsskolan;63957271;Helsingborg;1283;Kommunal;Helsingborgs kommun;2120001157;.;.;.;.;29;.;72,4;27,6;31;9,7;90,3;.;22;4,5;68,2;27,3;
Svensgårdsskolan;89693828;Helsingborg;1283;Kommunal;Helsingborgs kommun;2120001157;43;9,3;79,1;11,6;44;4,5;81,8;13,6;44;20,5;65,9;13,6;.;.;.;.;
Tågaborgsskolan;87948789;Helsingborg;1283;Kommunal;Helsingborgs kommun;2120001157;69;1,4;79,7;18,8;93;.;91,4;8,6;87;9,2;67,8;23,0;19;.;52,6;47,4;
Vittra Adolfsberg;71069736;Helsingborg;1283;Enskild;Vittraskolorna AB;5564586716;.;.;.;.;21;.;85,7;14,3;22;.;90,9;9,1;.;.;.;.;
Vittra Landborgen;90080902;Helsingborg;1283;Enskild;Vittraskolorna AB;5564586716;.;.;.;.;21;9,5;90,5;.;22;4,5;90,9;4,5;.;.;.;.;
Västra Berga skola;28060171;Helsingborg;1283;Kommunal;Helsingborgs kommun;2120001157;20;.;40,0;60,0;37;.;94,6;5,4;40;.;92,5;7,5;20;5,0;30,0;65,0;
Wieselgrensskolan;51014228;Helsingborg;1283;Kommunal;Helsingborgs kommun;2120001157;.;.;.;.;73;4,1;63,0;32,9;73;2,7;87,7;9,6;61;3,3;85,2;11,5;
Ättekullaskolan;64728140;Helsingborg;1283;Kommunal;Helsingborgs kommun;2120001157;18;16,7;44,4;38,9;31;3,2;87,1;9,7;29;6,9;65,5;27,6;.;.;.;.;
Altorpskolan A C;84724191;Herrljunga;1466;Kommunal;Herrljunga kommun;2120001520;44;6,8;70,5;22,7;39;5,1;89,7;5,1;42;23,8;71,4;4,8;.;.;.;.;
Altorpskolan B D;38295531;Herrljunga;1466;Kommunal;Herrljunga kommun;2120001520;43;9,3;53,5;37,2;42;2,4;78,6;19,0;47;48,9;46,8;4,3;.;.;.;.;
Guldkroksskolan 7-9;81342093;Hjo;1497;Kommunal;Hjo kommun;2120001728;91;9,9;58,2;31,9;96;1,0;78,1;20,8;100;26,0;72,0;2,0;.;.;.;.;
Petreskolan;17291574;Hofors;2104;Kommunal;Hofors kommun;2120002296;70;4,3;55,7;40,0;77;1,3;79,2;19,5;84;4,8;91,7;3,6;.;.;.;.;
Annerstaskolan;79012683;Huddinge;0126;Kommunal;Huddinge kommun;2120000068;21;.;61,9;38,1;41;.;68,3;31,7;44;9,1;90,9;.;23;4,3;65,2;30,4;
Balingsnässkolan;13654969;Huddinge;0126;Kommunal;Huddinge kommun;2120000068;48;8,3;77,1;14,6;55;5,5;85,5;9,1;55;3,6;56,4;40,0;.;.;.;.;
Glömstaskolan;15218794;Huddinge;0126;Kommunal;Huddinge kommun;2120000068;65;3,1;58,5;38,5;72;.;72,2;27,8;71;1,4;83,1;15,5;15;.;60,0;40,0;
Internationella Engelska Skolan Huddinge;97942210;Huddinge;0126;Enskild;Internationella Engelska Skolan i Sverige AB;5564624368;72;5,6;77,8;16,7;137;0,7;75,9;23,4;143;.;89,5;10,5;64;12,5;68,8;18,8;
Internationella Engelska Skolan Länna;22127801;Huddinge;0126;Enskild;Internationella Engelska Skolan i Sverige AB;5564624368;69;5,8;84,1;10,1;89;1,1;80,9;18,0;90;.;98,9;1,1;.;.;.;.;
Kungsklippeskolan;89510449;Huddinge;0126;Kommunal;Huddinge kommun;2120000068;50;8,0;58,0;34,0;50;.;84,0;16,0;50;2,0;94,0;4,0;.;.;.;.;
Kvarnbergsskolan;54516737;Huddinge;0126;Kommunal;Huddinge kommun;2120000068;174;8,6;62,1;29,3;196;.;56,6;43,4;204;20,6;71,6;7,8;23;4,3;82,6;13,0;
Källbrinksskolan;41213404;Huddinge;0126;Kommunal;Huddinge kommun;2120000068;139;16,5;64,0;19,4;142;11,3;59,2;29,6;137;4,4;80,3;15,3;.;.;.;.;
Lärande Grundskola Skapa;10063280;Huddinge;0126;Enskild;The Learning Lab i Stockholm AB;5568097405;52;5,8;53,8;40,4;53;.;75,5;24,5;53;7,5;86,8;5,7;.;.;.;.;
Segeltorpsskolan;15483394;Huddinge;0126;Kommunal;Huddinge kommun;2120000068;97;4,1;49,5;46,4;105;4,8;57,1;38,1;104;12,5;81,7;5,8;.;.;.;.;
Södertörns friskola;22019000;Huddinge;0126;Enskild;Södertörns Friskola Ekonomisk Förening;7696004238;119;10,1;69,7;20,2;121;5,8;82,6;11,6;117;1,7;80,3;17,9;.;.;.;.;
Trångsundsskolan;42601396;Huddinge;0126;Kommunal;Huddinge kommun;2120000068;65;.;61,5;38,5;68;.;72,1;27,9;71;8,5;78,9;12,7;.;.;.;.;
Vistaskolan;50783450;Huddinge;0126;Kommunal;Huddinge kommun;2120000068;63;1,6;33,3;65,1;80;.;55,0;45,0;78;3,8;80,8;15,4;.;.;.;.;
Vårbyskolan;64949601;Huddinge;0126;Kommunal;Huddinge kommun;2120000068;.;.;.;.;44;.;84,1;15,9;46;10,9;84,8;4,3;33;3,0;84,8;12,1;
Östra grundskolan;39229061;Huddinge;0126;Kommunal;Huddinge kommun;2120000068;76;2,6;72,4;25,0;109;1,8;49,5;48,6;112;8,0;78,6;13,4;34;.;73,5;26,5;
Ede skola F-6;83627088;Hudiksvall;2184;Kommunal;Hudiksvalls kommun;2120002379;61;3,3;65,6;31,1;58;5,2;65,5;29,3;64;9,4;79,7;10,9;.;.;.;.;
Hudikskolan 7-9;77537602;Hudiksvall;2184;Enskild;Hudikskolan AB;5592976954;63;6,3;68,3;25,4;61;.;55,7;44,3;62;.;69,4;30,6;.;.;.;.;
Iggesunds skola;80631297;Hudiksvall;2184;Kommunal;Hudiksvalls kommun;2120002379;45;6,7;82,2;11,1;48;.;85,4;14,6;48;12,5;77,1;10,4;.;.;.;.;
Läroverket;23786565;Hudiksvall;2184;Kommunal;Hudiksvalls kommun;2120002379;144;7,6;53,5;38,9;149;0,7;51,0;48,3;148;8,1;78,4;13,5;.;.;.;.;
Östra skolan;50190330;Hudiksvall;2184;Kommunal;Hudiksvalls kommun;2120002379;112;2,7;51,8;45,5;118;0,8;55,9;43,2;121;5,8;76,9;17,4;.;.;.;.;
Albäcksskolan 1;55252119;Hultsfred;0860;Kommunal;Hultsfreds kommun;2120000712;56;7,1;58,9;33,9;60;.;88,3;11,7;65;6,2;84,6;9,2;.;.;.;.;
Albäcksskolan 2;84230115;Hultsfred;0860;Kommunal;Hultsfreds kommun;2120000712;20;5,0;75,0;20,0;32;.;84,4;15,6;32;.;75,0;25,0;.;.;.;.;
Nya Centralskolan i Virserum AB;12289594;Hultsfred;0860;Enskild;Prolympia Virserum AB;5568088743;27;.;88,9;11,1;35;5,7;74,3;20,0;35;.;77,1;22,9;.;.;.;.;
Örnaskolan;56192472;Hylte;1315;Kommunal;Hylte kommun;2120001207;83;8,4;51,8;39,8;113;0,9;65,5;33,6;112;13,4;75,0;11,6;16;.;43,8;56,3;
Futurum 7-9;22385992;Håbo;0305;Kommunal;Håbo kommun;2120000241;87;5,7;56,3;37,9;91;3,3;41,8;54,9;93;1,1;81,7;17,2;.;.;.;.;
Gransäterskolan;90826660;Håbo;0305;Kommunal;Håbo kommun;2120000241;41;14,6;53,7;31,7;43;.;86,0;14,0;46;21,7;67,4;10,9;.;.;.;.;
Gröna dalen;49674763;Håbo;0305;Kommunal;Håbo kommun;2120000241;45;4,4;62,2;33,3;50;4,0;78,0;18,0;50;26,0;74,0;.;.;.;.;.;
Läraskolan;28306495;Håbo;0305;Enskild;Läraskolan i Bålsta AB;5567275663;22;4,5;81,8;13,6;20;.;75,0;25,0;21;.;95,2;4,8;.;.;.;.;
Potentia Education;15081255;Håbo;0305;Enskild;Potentia education AB;5567521553;29;.;75,9;24,1;27;.;77,8;22,2;29;10,3;89,7;.;.;.;.;.;
Västerängsskolan;29299366;Håbo;0305;Kommunal;Håbo kommun;2120000241;48;4,2;64,6;31,3;49;2,0;42,9;55,1;49;12,2;57,1;30,6;.;.;.;.;
Klockarhagsskolan åk 7-9;72295739;Hällefors;1863;Kommunal;Hällefors kommun;2120001942;41;7,3;63,4;29,3;58;1,7;74,1;24,1;55;1,8;96,4;1,8;15;6,7;66,7;26,7;
Funäsdalens skola;72295998;Härjedalen;2361;Kommunal;Härjedalens kommun;2120002510;24;.;87,5;12,5;21;.;76,2;23,8;23;43,5;56,5;.;.;.;.;.;
Sonfjällsskolan;85325551;Härjedalen;2361;Kommunal;Härjedalens kommun;2120002510;19;.;47,4;52,6;21;.;61,9;38,1;21;.;85,7;14,3;.;.;.;.;
Södra Skolan;79022806;Härjedalen;2361;Kommunal;Härjedalens kommun;2120002510;38;5,3;68,4;26,3;47;.;76,6;23,4;48;2,1;89,6;8,3;.;.;.;.;
Hedda Wisingskolan;16490220;Härnösand;2280;Kommunal;Härnösands kommun;2120002403;83;4,8;72,3;22,9;96;.;51,0;49,0;101;5,0;79,2;15,8;15;.;73,3;26,7;
Kastellskolan;69454219;Härnösand;2280;Enskild;Kastellskolan;8880008365;23;.;56,5;43,5;22;.;63,6;36,4;24;.;95,8;4,2;.;.;.;.;
Wendela Hellmanskolan;97940004;Härnösand;2280;Kommunal;Härnösands kommun;2120002403;122;0,8;74,6;24,6;141;.;73,0;27,0;149;12,1;77,2;10,7;23;.;78,3;21,7;
Båtsmansskolan 7-9;37772170;Härryda;1401;Kommunal;Härryda kommun;2120001264;58;5,2;65,5;29,3;57;1,8;63,2;35,1;59;3,4;76,3;20,3;.;.;.;.;
Djupedalskolan 7-9;91978548;Härryda;1401;Kommunal;Härryda kommun;2120001264;70;7,1;80,0;12,9;71;4,2;88,7;7,0;75;24,0;66,7;9,3;.;.;.;.;
Ekdalaskolan 7-9;69723336;Härryda;1401;Kommunal;Härryda kommun;2120001264;77;2,6;57,1;40,3;95;2,1;83,2;14,7;93;18,3;76,3;5,4;.;.;.;.;
Fagerhultsskolan 4-9;80171267;Härryda;1401;Kommunal;Härryda kommun;2120001264;38;.;57,9;42,1;44;2,3;36,4;61,4;45;.;86,7;13,3;.;.;.;.;
Fridaskolan, Härryda;27274628;Härryda;1401;Enskild;Fridaskolorna AB;5564515988;62;.;56,5;43,5;70;.;55,7;44,3;68;30,9;64,7;4,4;.;.;.;.;
Landvetterskolan 7-9 ABC;28836025;Härryda;1401;Kommunal;Härryda kommun;2120001264;58;5,2;75,9;19,0;64;4,7;67,2;28,1;61;.;93,4;6,6;.;.;.;.;
Landvetterskolan 7-9 DEF;29069124;Härryda;1401;Kommunal;Härryda kommun;2120001264;45;2,2;57,8;40,0;50;4,0;70,0;26,0;50;6,0;90,0;4,0;.;.;.;.;
Rävlandaskolan 7-9;34127854;Härryda;1401;Kommunal;Härryda kommun;2120001264;32;.;75,0;25,0;35;.;57,1;42,9;37;40,5;59,5;.;.;.;.;.;
Önnerödsskolan 4-9;57457346;Härryda;1401;Kommunal;Härryda kommun;2120001264;71;.;78,9;21,1;72;.;38,9;61,1;70;18,6;78,6;2,9;.;.;.;.;
Bjärnums skola F-9;65212509;Hässleholm;1293;Kommunal;Hässleholms kommun;2120000985;52;5,8;75,0;19,2;58;1,7;48,3;50,0;59;28,8;64,4;6,8;.;.;.;.;
Finjasjöparkskolan Hässleholm;79864142;Hässleholm;1293;Enskild;Skolalliansen i Sverige AB;5567497051;49;4,1;69,4;26,5;47;.;55,3;44,7;51;7,8;72,5;19,6;.;.;.;.;
Furutorpskolan 4-9;78602001;Hässleholm;1293;Kommunal;Hässleholms kommun;2120000985;57;12,3;63,2;24,6;59;3,4;78,0;18,6;55;29,1;61,8;9,1;.;.;.;.;
Hässleholms Montessoriskola F-9;28804882;Hässleholm;1293;Kommunal;Hässleholms kommun;2120000985;30;6,7;63,3;30,0;29;3,4;75,9;20,7;30;3,3;80,0;16,7;.;.;.;.;
Hästveda skola F-9;56398338;Hässleholm;1293;Kommunal;Hässleholms kommun;2120000985;20;.;85,0;15,0;24;.;58,3;41,7;21;9,5;81,0;9,5;.;.;.;.;
Internationella Engelska Skolan Hässleholm;79716826;Hässleholm;1293;Enskild;Internationella Engelska Skolan i Sverige AB;5564624368;25;.;84,0;16,0;55;9,1;63,6;27,3;53;5,7;92,5;1,9;24;4,2;70,8;25,0;
Linnéskolan F-9;84432632;Hässleholm;1293;Kommunal;Hässleholms kommun;2120000985;33;24,2;63,6;12,1;46;15,2;73,9;10,9;45;13,3;75,6;11,1;.;.;.;.;
Läredaskolan F-9;29689372;Hässleholm;1293;Kommunal;Hässleholms kommun;2120000985;62;6,5;77,4;16,1;87;.;67,8;32,2;86;14,0;79,1;7,0;24;.;41,7;58,3;
Tyringe skola F-9;98058756;Hässleholm;1293;Kommunal;Hässleholms kommun;2120000985;48;6,3;85,4;8,3;59;10,2;57,6;32,2;55;27,3;72,7;.;.;.;.;.;
Vannarödsskolan 6-9;93845278;Hässleholm;1293;Kommunal;Hässleholms kommun;2120000985;37;5,4;35,1;59,5;39;.;33,3;66,7;39;7,7;79,5;12,8;.;.;.;.;
Västerskolan F-9;75318783;Hässleholm;1293;Kommunal;Hässleholms kommun;2120000985;74;6,8;71,6;21,6;96;10,4;69,8;19,8;94;3,2;91,5;5,3;20;5,0;65,0;30,0;
Bruksskolan;15973939;Höganäs;1284;Kommunal;Höganäs kommun;2120001165;39;2,6;74,4;23,1;42;7,1;52,4;40,5;44;18,2;77,3;4,5;.;.;.;.;
Brunnbyskolan;95113658;Höganäs;1284;Enskild;Brunnby Skola M-I Handelsbolag;9167744359;23;.;78,3;21,7;22;4,5;86,4;9,1;23;21,7;73,9;4,3;.;.;.;.;
Jonstorpsskolan;83983639;Höganäs;1284;Kommunal;Höganäs kommun;2120001165;54;16,7;68,5;14,8;53;.;69,8;30,2;54;22,2;68,5;9,3;.;.;.;.;
Lerbergsskolan;10592650;Höganäs;1284;Kommunal;Höganäs kommun;2120001165;62;.;66,1;33,9;64;.;81,3;18,8;64;.;87,5;12,5;.;.;.;.;
Nyhamnsskolan;85928436;Höganäs;1284;Kommunal;Höganäs kommun;2120001165;32;3,1;59,4;37,5;31;6,5;71,0;22,6;33;6,1;78,8;15,2;.;.;.;.;
Tornlyckeskolan;88839958;Höganäs;1284;Kommunal;Höganäs kommun;2120001165;19;10,5;68,4;21,1;36;.;63,9;36,1;38;18,4;73,7;7,9;15;.;73,3;26,7;
Vikenskolan;89335715;Höganäs;1284;Kommunal;Höganäs kommun;2120001165;68;1,5;73,5;25,0;69;5,8;87,0;7,2;70;5,7;91,4;2,9;.;.;.;.;
Fröviskolan 6-9;78308250;Högsby;0821;Kommunal;Högsby kommun;2120000688;32;.;71,9;28,1;46;.;32,6;67,4;48;27,1;60,4;12,5;15;.;86,7;13,3;
Frostaskolan 7-9;38299211;Hörby;1266;Kommunal;Hörby kommun;2120001108;64;6,3;48,4;45,3;77;5,2;68,8;26,0;88;13,6;78,4;8,0;.;.;.;.;
Georgshillsskolan 4-9;90834434;Hörby;1266;Kommunal;Hörby kommun;2120001108;50;.;92,0;8,0;50;.;90,0;10,0;53;1,9;84,9;13,2;.;.;.;.;
Ludvigsborgs friskola;52665905;Hörby;1266;Enskild;Ludvigsborgs Fristående Skola, Ek. Förening;7164396918;33;6,1;69,7;24,2;30;.;53,3;46,7;31;6,5;80,6;12,9;.;.;.;.;
Emiliaskolan Höörs waldorfsk.;63846783;Höör;1267;Enskild;Föreningen Emiliaskolan;8420007984;19;.;52,6;47,4;24;.;70,8;29,2;24;4,2;91,7;4,2;.;.;.;.;
Ringsjöskolan;82942801;Höör;1267;Kommunal;Höörs kommun;2120001116;116;3,4;67,2;29,3;118;.;58,5;41,5;119;37,0;50,4;12,6;.;.;.;.;
Sätoftaskolan;35670754;Höör;1267;Kommunal;Höörs kommun;2120001116;52;1,9;63,5;34,6;45;2,2;68,9;28,9;53;.;77,4;22,6;.;.;.;.;
Östra skolan;86851817;Jokkmokk;2510;Kommunal;Jokkmokks kommun;2120002676;31;22,6;61,3;16,1;38;.;55,3;44,7;37;10,8;62,2;27,0;.;.;.;.;
Björkebyskolan;40847752;Järfälla;0123;Kommunal;Järfälla kommun;2120000043;148;4,1;55,4;40,5;160;1,3;86,3;12,5;155;12,3;77,4;10,3;17;5,9;52,9;41,2;
Fjällenskolan;15080815;Järfälla;0123;Kommunal;Järfälla kommun;2120000043;51;9,8;52,9;37,3;63;.;41,3;58,7;65;4,6;67,7;27,7;.;.;.;.;
Internationella Engelska Skolan Järfälla;79093755;Järfälla;0123;Enskild;Internationella Engelska Skolan i Sverige AB;5564624368;113;0,9;85,8;13,3;115;0,9;86,1;13,0;114;3,5;86,8;9,6;.;.;.;.;
Kvarnskolan;77763178;Järfälla;0123;Kommunal;Järfälla kommun;2120000043;92;10,9;73,9;15,2;121;5,0;76,0;19,0;120;5,0;83,3;11,7;29;3,4;86,2;10,3;
Källtorpskolan;17287315;Järfälla;0123;Kommunal;Järfälla kommun;2120000043;93;5,4;59,1;35,5;98;.;68,4;31,6;98;4,1;85,7;10,2;.;.;.;.;
Viksjöskolan;98925408;Järfälla;0123;Kommunal;Järfälla kommun;2120000043;199;3,0;49,2;47,7;202;4,5;77,2;18,3;213;1,4;77,0;21,6;.;.;.;.;
Vittra Jakobsberg;66634449;Järfälla;0123;Enskild;Vittraskolorna AB;5564586716;20;.;50,0;50,0;40;.;77,5;22,5;44;.;81,8;18,2;21;.;66,7;33,3;
Alfred Dalinskolan;85416841;Jönköping;0680;Kommunal;Jönköpings kommun;2120000530;164;3,7;79,9;16,5;218;3,7;80,7;15,6;224;17,9;74,6;7,6;58;.;55,2;44,8;
Attarpsskolan 7-9;40546319;Jönköping;0680;Kommunal;Jönköpings kommun;2120000530;142;.;60,6;39,4;143;3,5;58,7;37,8;142;23,9;69,7;6,3;.;.;.;.;
Flahultsskolan;28849109;Jönköping;0680;Kommunal;Jönköpings kommun;2120000530;147;8,8;64,6;26,5;144;1,4;65,3;33,3;151;29,8;65,6;4,6;.;.;.;.;
Internationella Engelska Skolan Jönköping;86499334;Jönköping;0680;Enskild;Internationella Engelska Skolan i Sverige AB;5564624368;53;3,8;67,9;28,3;94;1,1;97,9;1,1;97;17,5;75,3;7,2;42;2,4;61,9;35,7;
Junedalsskolan;20696736;Jönköping;0680;Kommunal;Jönköpings kommun;2120000530;278;2,2;85,3;12,6;286;1,0;69,2;29,7;293;11,3;85,3;3,4;.;.;.;.;
Kunskapsskolan Jönköping;86562542;Jönköping;0680;Enskild;Kunskapsskolan i Sverige Aktiebolag;5565661815;52;1,9;36,5;61,5;64;1,6;57,8;40,6;66;19,7;71,2;9,1;17;.;52,9;47,1;
Ljungarumsskolan 7-9;84917564;Jönköping;0680;Kommunal;Jönköpings kommun;2120000530;119;5,0;55,5;39,5;133;0,8;45,1;54,1;136;21,3;68,4;10,3;.;.;.;.;
Prolympia, Jönköping;95673344;Jönköping;0680;Enskild;Prolympia AB;5567026454;106;4,7;50,0;45,3;105;1,9;69,5;28,6;107;11,2;72,0;16,8;.;.;.;.;
Ribbaskolan 7-9;83919671;Jönköping;0680;Kommunal;Jönköpings kommun;2120000530;94;2,1;40,4;57,4;95;3,2;61,1;35,8;97;20,6;71,1;8,2;.;.;.;.;
Rosenlundsskolan 7-9;96558008;Jönköping;0680;Kommunal;Jönköpings kommun;2120000530;123;7,3;63,4;29,3;161;.;90,1;9,9;160;40,0;59,4;0,6;37;.;70,3;29,7;
Sanda högstadium;98088982;Jönköping;0680;Kommunal;Jönköpings kommun;2120000530;72;15,3;51,4;33,3;73;2,7;68,5;28,8;75;33,3;61,3;5,3;.;.;.;.;
Stadsgårdsskolan;12759583;Jönköping;0680;Kommunal;Jönköpings kommun;2120000530;62;8,1;61,3;30,6;104;.;72,1;27,9;105;24,8;64,8;10,5;44;.;77,3;22,7;
Strandskolan;23250615;Jönköping;0680;Enskild;Jönköpings Kristna Skolförening;8260017648;19;.;78,9;21,1;18;.;66,7;33,3;15;6,7;86,7;6,7;.;.;.;.;
Innovitaskolan Kalix;20525218;Kalix;2514;Enskild;Pysslingen Förskolor och Skolor AB;5560354309;17;.;58,8;41,2;16;.;81,3;18,8;15;40,0;46,7;13,3;.;.;.;.;
Manhemsskolan;10617819;Kalix;2514;Kommunal;Kalix kommun;2120002692;104;3,8;62,5;33,7;106;1,9;68,9;29,2;112;9,8;75,9;14,3;.;.;.;.;
Falkenbergsskolan;99856371;Kalmar;0880;Kommunal;Kalmar kommun;2120000746;84;7,1;59,5;33,3;88;4,5;78,4;17,0;93;19,4;74,2;6,5;.;.;.;.;
Funkaboskolan;21736926;Kalmar;0880;Kommunal;Kalmar kommun;2120000746;72;4,2;76,4;19,4;88;2,3;73,9;23,9;91;11,0;85,7;3,3;15;.;73,3;26,7;
Lindsdalsskolorna;51848797;Kalmar;0880;Kommunal;Kalmar kommun;2120000746;111;2,7;65,8;31,5;119;11,8;74,8;13,4;110;8,2;86,4;5,5;.;.;.;.;
Nordic International School Kalmar;51786225;Kalmar;0880;Enskild;Nordic International School AB;5566102033;29;3,4;55,2;41,4;48;2,1;75,0;22,9;39;.;89,7;10,3;.;.;.;.;
Smedbyskolan;27675952;Kalmar;0880;Kommunal;Kalmar kommun;2120000746;53;1,9;62,3;35,8;60;.;66,7;33,3;62;3,2;90,3;6,5;.;.;.;.;
Södermöreskolan;79012102;Kalmar;0880;Kommunal;Kalmar kommun;2120000746;71;7,0;62,0;31,0;73;1,4;69,9;28,8;67;10,4;70,1;19,4;.;.;.;.;
Södra skolan;13936858;Kalmar;0880;Enskild;Södra skolan i Kalmar AB;5566966031;74;.;75,7;24,3;73;2,7;79,5;17,8;69;7,2;76,8;15,9;.;.;.;.;
Tallhagsskolan;74570653;Kalmar;0880;Kommunal;Kalmar kommun;2120000746;110;6,4;61,8;31,8;169;2,4;75,7;21,9;168;12,5;77,4;10,1;59;.;62,7;37,3;
Västra Skolan Kalmar;94235119;Kalmar;0880;Enskild;CIS Kalmar AB;5565896213;71;.;57,7;42,3;76;.;78,9;21,1;78;5,1;85,9;9,0;.;.;.;.;
Carl Johanskolan;34231336;Karlsborg;1446;Kommunal;Karlsborgs kommun;2120001629;60;5,0;88,3;6,7;63;.;73,0;27,0;62;6,5;90,3;3,2;.;.;.;.;
Norrevångskolan;89878714;Karlshamn;1082;Kommunal;Karlshamns kommun;2120000845;62;3,2;61,3;35,5;69;.;87,0;13,0;72;6,9;86,1;6,9;.;.;.;.;
Stenbackaskolan;16767324;Karlshamn;1082;Kommunal;Karlshamns kommun;2120000845;86;2,3;53,5;44,2;96;1,0;61,5;37,5;98;20,4;70,4;9,2;.;.;.;.;
Tegnérskolan Karlshamn;16249641;Karlshamn;1082;Enskild;Skolalliansen i Sverige AB;5567497051;66;6,1;72,7;21,2;73;1,4;75,3;23,3;70;24,3;68,6;7,1;.;.;.;.;
Waldorfskolan i Karlshamn;22909101;Karlshamn;1082;Enskild;Daggkåpan Ekonomisk Förening;7164056082;.;.;.;.;16;.;56,3;43,8;19;.;100,0;.;.;.;.;.;
Österslättsskolan;43859477;Karlshamn;1082;Kommunal;Karlshamns kommun;2120000845;70;7,1;58,6;34,3;105;5,7;68,6;25,7;105;21,0;71,4;7,6;35;2,9;65,7;31,4;
Bregårdsskolan 7-9;71762216;Karlskoga;1883;Kommunal;Karlskoga kommun;2120001991;100;8,0;58,0;34,0;119;3,4;59,7;37,0;120;10,8;70,0;19,2;21;4,8;42,9;52,4;
Skrantaskolan;65654358;Karlskoga;1883;Kommunal;Karlskoga kommun;2120001991;84;4,8;78,6;16,7;113;.;90,3;9,7;111;8,1;84,7;7,2;28;.;50,0;50,0;
Österledskolan;34767418;Karlskoga;1883;Kommunal;Karlskoga kommun;2120001991;85;4,7;83,5;11,8;80;1,3;87,5;11,3;83;6,0;89,2;4,8;.;.;.;.;
Friskolan Svettpärlan;93964634;Karlskrona;1080;Enskild;Friskolan Svettpärlan AB;5565570446;26;7,7;61,5;30,8;26;.;80,8;19,2;25;.;96,0;4,0;.;.;.;.;
Innovitaskolan Karlskrona;10662754;Karlskrona;1080;Enskild;AcadeMedia fria grundskolor AB;5569320699;91;6,6;86,8;6,6;99;.;73,7;26,3;97;18,6;79,4;2,1;.;.;.;.;
Jämjö kunskapscentrum F-9;97495074;Karlskrona;1080;Kommunal;Karlskrona kommun;2120000829;91;6,6;69,2;24,2;89;.;89,9;10,1;93;20,4;74,2;5,4;.;.;.;.;
Karlskrona Montessorifriskola;67509465;Karlskrona;1080;Enskild;Karlskrona Montessorifriskola AB;5565030599;22;.;50,0;50,0;26;.;80,8;19,2;24;12,5;87,5;.;.;.;.;.;
Lyckeby kunskapscentrum F-9;55709634;Karlskrona;1080;Kommunal;Karlskrona kommun;2120000829;68;1,5;77,9;20,6;84;2,4;85,7;11,9;86;8,1;87,2;4,7;19;.;84,2;15,8;
Musikugglan;93919365;Karlskrona;1080;Enskild;Tant Grön AB;5564127099;51;.;84,3;15,7;49;.;87,8;12,2;50;2,0;74,0;24,0;.;.;.;.;
Nättraby kunskapscentrum F-9;76323160;Karlskrona;1080;Kommunal;Karlskrona kommun;2120000829;78;2,6;79,5;17,9;78;.;75,6;24,4;78;11,5;83,3;5,1;.;.;.;.;
Piggelinen;99469094;Karlskrona;1080;Enskild;Friskolan PANEA AB;5567260954;22;18,2;72,7;9,1;17;.;82,4;17,6;17;.;94,1;5,9;.;.;.;.;
Rosenholmskolan Sport College 7-9;89523926;Karlskrona;1080;Kommunal;Karlskrona kommun;2120000829;52;.;76,9;23,1;50;4,0;70,0;26,0;54;7,4;81,5;11,1;.;.;.;.;
Rödebyskolan 7-9;88404717;Karlskrona;1080;Kommunal;Karlskrona kommun;2120000829;66;10,6;50,0;39,4;62;3,2;59,7;37,1;64;26,6;68,8;4,7;.;.;.;.;
Sunnadalskolan F-9;21608206;Karlskrona;1080;Kommunal;Karlskrona kommun;2120000829;.;.;.;.;31;3,2;90,3;6,5;32;31,3;68,8;.;21;.;66,7;33,3;
Wämöskolan 7-9;63323984;Karlskrona;1080;Kommunal;Karlskrona kommun;2120000829;51;9,8;64,7;25,5;83;1,2;75,9;22,9;79;10,1;82,3;7,6;29;10,3;62,1;27,6;
Frödingskolan;22049068;Karlstad;1780;Kommunal;Karlstads kommun;2120001850;30;3,3;76,7;20,0;57;.;64,9;35,1;54;14,8;85,2;.;26;.;53,8;46,2;
Hultsbergsskolan 7-9;99406709;Karlstad;1780;Kommunal;Karlstads kommun;2120001850;54;7,4;66,7;25,9;64;7,8;81,3;10,9;64;12,5;78,1;9,4;.;.;.;.;
Ilandaskolan;27418903;Karlstad;1780;Kommunal;Karlstads kommun;2120001850;153;3,9;55,6;40,5;157;1,3;54,8;43,9;155;31,6;61,3;7,1;.;.;.;.;
Internationella Engelska Skolan Karlstad;93730568;Karlstad;1780;Enskild;Internationella Engelska Skolan i Sverige AB;5564624368;98;12,2;72,4;15,3;121;2,5;72,7;24,8;121;5,0;86,8;8,3;28;.;75,0;25,0;
Mariebergsskolan;81424988;Karlstad;1780;Kommunal;Karlstads kommun;2120001850;104;2,9;74,0;23,1;114;.;65,8;34,2;115;17,4;68,7;13,9;.;.;.;.;
Nordic International School Karlstad;14290135;Karlstad;1780;Enskild;Nordic International School AB;5566102033;35;2,9;77,1;20,0;58;.;81,0;19,0;59;5,1;79,7;15,3;22;9,1;77,3;13,6;
Norrstrandsskolan 7-9;20191380;Karlstad;1780;Kommunal;Karlstads kommun;2120001850;169;2,4;58,6;39,1;168;2,4;69,6;28,0;180;20,6;73,9;5,6;.;.;.;.;
Nyeds skola;41081474;Karlstad;1780;Kommunal;Karlstads kommun;2120001850;26;.;80,8;19,2;28;.;100,0;.;28;.;100,0;.;.;.;.;.;
Rudsskolan;23345056;Karlstad;1780;Kommunal;Karlstads kommun;2120001850;148;2,7;42,6;54,7;168;1,8;64,3;33,9;166;9,0;75,9;15,1;18;.;22,2;77,8;
Solstadens skola;85092070;Karlstad;1780;Enskild;Edukatus Alliance AB;5566139290;18;.;38,9;61,1;21;.;28,6;71,4;19;.;84,2;15,8;.;.;.;.;
Vålbergsskolan 7-9;80659104;Karlstad;1780;Kommunal;Karlstads kommun;2120001850;40;7,5;72,5;20,0;44;.;36,4;63,6;42;14,3;85,7;.;.;.;.;.;
Järvenskolan;89029385;Katrineholm;0483;Kommunal;Katrineholms kommun;2120000340;216;3,7;50,9;45,4;281;0,4;56,9;42,7;286;16,1;66,8;17,1;70;4,3;54,3;41,4;
Kunskapsskolan Katrineholm;16603772;Katrineholm;0483;Enskild;Kunskapsskolan i Sverige Aktiebolag;5565661815;85;.;84,7;15,3;90;.;84,4;15,6;90;5,6;82,2;12,2;.;.;.;.;
Sannerudsskolan 7-9;83291761;Kil;1715;Kommunal;Kils kommun;2120001751;100;4,0;53,0;43,0;95;1,1;46,3;52,6;93;7,5;81,7;10,8;.;.;.;.;
Värgårdsskolan 7-9;75296593;Kinda;0513;Kommunal;Kinda kommun;2120000399;90;3,3;83,3;13,3;100;2,0;80,0;18,0;97;23,7;70,1;6,2;.;.;.;.;
Högalidskolan 4-9;80693905;Kiruna;2584;Kommunal;Kiruna kommun;2120002783;97;12,4;63,9;23,7;105;1,0;62,9;36,2;103;57,3;42,7;.;.;.;.;.;
Nya Raketskolan 7-9;43351950;Kiruna;2584;Kommunal;Kiruna kommun;2120002783;72;1,4;27,8;70,8;67;.;41,8;58,2;68;.;94,1;5,9;.;.;.;.;
Vargen Kiruna;73281949;Kiruna;2584;Enskild;Skolalliansen i Sverige AB;5567497051;25;12,0;48,0;40,0;25;.;80,0;20,0;25;8,0;76,0;16,0;.;.;.;.;
Vittangi skola;76314428;Kiruna;2584;Kommunal;Kiruna kommun;2120002783;.;.;.;.;15;.;26,7;73,3;15;.;93,3;6,7;.;.;.;.;
Ljungbyhedsskolan;75091646;Klippan;1276;Kommunal;Klippans kommun;2120000928;39;.;69,2;30,8;44;.;79,5;20,5;43;16,3;69,8;14,0;.;.;.;.;
Snyggatorpsskolan;10822811;Klippan;1276;Kommunal;Klippans kommun;2120000928;94;1,1;50,0;48,9;131;.;50,4;49,6;131;17,6;69,5;13,0;31;.;45,2;54,8;
Adolfsbergsskolan;22335099;Knivsta;0330;Kommunal;Knivsta kommun;2120003013;113;2,7;54,9;42,5;122;5,7;77,9;16,4;123;12,2;45,5;42,3;.;.;.;.;
Margarethaskolan;51867275;Knivsta;0330;Enskild;Margarethaskolans grundskola AB;5594050360;19;.;68,4;31,6;19;.;84,2;15,8;18;.;94,4;5,6;.;.;.;.;
Thunmanskolan;92364234;Knivsta;0330;Kommunal;Knivsta kommun;2120003013;86;7,0;43,0;50,0;95;3,2;71,6;25,3;97;34,0;57,7;8,2;.;.;.;.;
Gudmundråskolan;11159060;Kramfors;2282;Kommunal;Kramfors kommun;2120002429;92;4,3;65,2;30,4;105;1,0;59,0;40,0;113;15,9;75,2;8,8;15;.;66,7;33,3;
Högakustenskolan;75515918;Kramfors;2282;Kommunal;Kramfors kommun;2120002429;59;3,4;71,2;25,4;59;5,1;69,5;25,4;60;3,3;88,3;8,3;.;.;.;.;
Antonskolan Blekedamm;14555807;Kristianstad;1290;Enskild;Anton Utbildning AB;5566024906;20;.;45,0;55,0;23;8,7;69,6;21,7;23;.;100,0;.;.;.;.;.;
Antonskolan Österäng;57538739;Kristianstad;1290;Enskild;Anton Utbildning AB;5566024906;.;.;.;.;21;.;81,0;19,0;22;18,2;81,8;.;.;.;.;.;
Axonaskolan;81452013;Kristianstad;1290;Enskild;Axona Dendron AB;5565937868;23;.;65,2;34,8;23;.;82,6;17,4;22;4,5;90,9;4,5;.;.;.;.;
Degebergaskolan MH;58419840;Kristianstad;1290;Kommunal;Kristianstads kommun;2120000951;59;.;76,3;23,7;61;1,6;73,8;24,6;64;4,7;89,1;6,3;.;.;.;.;
Fjälkinge skola H;13802549;Kristianstad;1290;Kommunal;Kristianstads kommun;2120000951;70;2,9;68,6;28,6;72;1,4;55,6;43,1;72;23,6;66,7;9,7;.;.;.;.;
Fröknegårdskolan H1;80871896;Kristianstad;1290;Kommunal;Kristianstads kommun;2120000951;15;6,7;53,3;40,0;65;4,6;89,2;6,2;69;11,6;72,5;15,9;52;.;57,7;42,3;
Fröknegårdskolan H2;97438636;Kristianstad;1290;Kommunal;Kristianstads kommun;2120000951;17;.;41,2;58,8;20;.;90,0;10,0;20;10,0;90,0;.;.;.;.;.;
Montessori Mondial Kristianstad;72491525;Kristianstad;1290;Enskild;Pysslingen Förskolor och Skolor AB;5560354309;16;6,3;43,8;50,0;30;.;46,7;53,3;29;13,8;72,4;13,8;.;.;.;.;
Norretullskolan;59782586;Kristianstad;1290;Kommunal;Kristianstads kommun;2120000951;33;21,2;57,6;21,2;73;2,7;75,3;21,9;75;13,3;80,0;6,7;39;12,8;59,0;28,2;
Nosabyskolan H;98284563;Kristianstad;1290;Kommunal;Kristianstads kommun;2120000951;110;9,1;69,1;21,8;132;0,8;77,3;22,0;133;11,3;82,0;6,8;24;8,3;79,2;12,5;
Rönnowskolan H2;13756290;Kristianstad;1290;Kommunal;Kristianstads kommun;2120000951;148;5,4;55,4;39,2;142;4,2;85,2;10,6;147;32,0;61,9;6,1;.;.;.;.;
Slättängsskolan H1;15401823;Kristianstad;1290;Kommunal;Kristianstads kommun;2120000951;44;4,5;56,8;38,6;69;.;76,8;23,2;73;19,2;68,5;12,3;28;.;50,0;50,0;
Slättängsskolan H2;15700323;Kristianstad;1290;Kommunal;Kristianstads kommun;2120000951;38;2,6;68,4;28,9;38;5,3;81,6;13,2;38;2,6;71,1;26,3;.;.;.;.;
Spängerskolan LMH;48514283;Kristianstad;1290;Kommunal;Kristianstads kommun;2120000951;20;20,0;75,0;5,0;23;21,7;73,9;4,3;24;16,7;79,2;4,2;.;.;.;.;
Tollarps skola H;58680588;Kristianstad;1290;Kommunal;Kristianstads kommun;2120000951;40;.;52,5;47,5;49;.;36,7;63,3;46;19,6;80,4;.;.;.;.;.;
Väskolan H;53662534;Kristianstad;1290;Kommunal;Kristianstads kommun;2120000951;32;.;46,9;53,1;44;.;75,0;25,0;44;2,3;77,3;20,5;.;.;.;.;
Öllsjöskolan MH;46211392;Kristianstad;1290;Kommunal;Kristianstads kommun;2120000951;36;2,8;41,7;55,6;52;.;48,1;51,9;53;3,8;86,8;9,4;15;.;60,0;40,0;
Önnestads skola H;18636287;Kristianstad;1290;Kommunal;Kristianstads kommun;2120000951;41;2,4;46,3;51,2;46;.;67,4;32,6;48;39,6;56,3;4,2;.;.;.;.;
Djurgårdsskolan 7-9;81821703;Kristinehamn;1781;Kommunal;Kristinehamns kommun;2120001868;60;16,7;48,3;35,0;66;4,5;66,7;28,8;64;28,1;68,8;3,1;.;.;.;.;
Stenstalidskolan 7-9;30684096;Kristinehamn;1781;Kommunal;Kristinehamns kommun;2120001868;68;5,9;60,3;33,8;76;1,3;71,1;27,6;75;6,7;74,7;18,7;.;.;.;.;
Södermalmsskolan 7-9;70156609;Kristinehamn;1781;Kommunal;Kristinehamns kommun;2120001868;53;9,4;54,7;35,8;68;4,4;70,6;25,0;70;7,1;88,6;4,3;16;.;75,0;25,0;
Nyhedens skola;40025257;Krokom;2309;Kommunal;Krokoms kommun;2120002478;71;2,8;77,5;19,7;74;5,4;79,7;14,9;74;18,9;75,7;5,4;.;.;.;.;
Ås skola 7-9;54952732;Krokom;2309;Kommunal;Krokoms kommun;2120002478;72;16,7;65,3;18,1;73;4,1;71,2;24,7;71;26,8;71,8;1,4;.;.;.;.;
Änge skola 7-9;25036714;Krokom;2309;Kommunal;Krokoms kommun;2120002478;28;3,6;57,1;39,3;32;21,9;68,8;9,4;31;6,5;80,6;12,9;.;.;.;.;
Kumlaby skola 7-9;75692870;Kumla;1881;Kommunal;Kumla kommun;2120001975;65;.;26,2;73,8;78;.;48,7;51,3;71;.;84,5;15,5;.;.;.;.;
Skogstorpsskolan 7-9;44243725;Kumla;1881;Kommunal;Kumla kommun;2120001975;101;7,9;67,3;24,8;101;3,0;69,3;27,7;105;20,0;67,6;12,4;.;.;.;.;
Vialundskolan;99992013;Kumla;1881;Kommunal;Kumla kommun;2120001975;66;12,1;47,0;40,9;.;.;.;.;88;14,8;69,3;15,9;21;4,8;61,9;33,3;
Frillesåsskolan 7-9;67578984;Kungsbacka;1384;Kommunal;Kungsbacka kommun;2120001256;44;13,6;52,3;34,1;47;.;48,9;51,1;47;29,8;66,0;4,3;.;.;.;.;
Gottskär Grundskola;90784555;Kungsbacka;1384;Enskild;Gottskär Grundskola Ekonomisk förening;7696013361;22;4,5;59,1;36,4;23;.;73,9;26,1;23;13,0;78,3;8,7;.;.;.;.;
Hålabäcksskolan B;77163912;Kungsbacka;1384;Kommunal;Kungsbacka kommun;2120001256;57;12,3;68,4;19,3;55;3,6;74,5;21,8;59;25,4;71,2;3,4;.;.;.;.;
Internationella Engelska Skolan Kungsbacka;25278170;Kungsbacka;1384;Enskild;Internationella Engelska Skolan i Sverige AB;5564624368;73;2,7;83,6;13,7;79;1,3;75,9;22,8;82;1,2;97,6;1,2;.;.;.;.;
Kapareskolan A-D;28803215;Kungsbacka;1384;Kommunal;Kungsbacka kommun;2120001256;82;3,7;73,2;23,2;87;1,1;81,6;17,2;81;24,7;69,1;6,2;.;.;.;.;
Kapareskolan E-H;84111198;Kungsbacka;1384;Kommunal;Kungsbacka kommun;2120001256;89;10,1;68,5;21,3;90;.;74,4;25,6;87;18,4;74,7;6,9;.;.;.;.;
KMS Kullaviks Montessoriskola;10902849;Kungsbacka;1384;Enskild;Kullaviks Montessoriskola Ekonomisk förening;7164422243;25;4,0;72,0;24,0;25;.;92,0;8,0;23;8,7;91,3;.;.;.;.;.;
Kollaskolan 7-9;47579620;Kungsbacka;1384;Kommunal;Kungsbacka kommun;2120001256;64;3,1;79,7;17,2;60;.;58,3;41,7;66;21,2;77,3;1,5;.;.;.;.;
Kullaviksskolan 4-9A;10368319;Kungsbacka;1384;Kommunal;Kungsbacka kommun;2120001256;64;.;43,8;56,3;67;.;94,0;6,0;66;4,5;89,4;6,1;.;.;.;.;
Maleviksskolan;39915890;Kungsbacka;1384;Kommunal;Kungsbacka kommun;2120001256;25;.;84,0;16,0;30;.;53,3;46,7;29;24,1;69,0;6,9;.;.;.;.;
Nova Montessoriskola åk 6-9;56655808;Kungsbacka;1384;Enskild;Montenova Montessoriskola Ekonomisk Förening;7696022248;26;3,8;53,8;42,3;24;.;87,5;12,5;26;34,6;65,4;.;.;.;.;.;
Skårbyskolan Norr;39992436;Kungsbacka;1384;Kommunal;Kungsbacka kommun;2120001256;41;4,9;53,7;41,5;42;.;71,4;28,6;43;34,9;60,5;4,7;.;.;.;.;
Skårbyskolan Söder;46721838;Kungsbacka;1384;Kommunal;Kungsbacka kommun;2120001256;45;4,4;46,7;48,9;54;3,7;53,7;42,6;51;33,3;58,8;7,8;.;.;.;.;
Smedingeskolan Norr;35822371;Kungsbacka;1384;Kommunal;Kungsbacka kommun;2120001256;89;9,0;55,1;36,0;89;.;42,7;57,3;83;15,7;73,5;10,8;.;.;.;.;
Särö skola 6-9;72090315;Kungsbacka;1384;Kommunal;Kungsbacka kommun;2120001256;53;.;86,8;13,2;59;1,7;42,4;55,9;59;8,5;88,1;3,4;.;.;.;.;
Varlaskolan Nord;28729598;Kungsbacka;1384;Kommunal;Kungsbacka kommun;2120001256;76;3,9;61,8;34,2;86;2,3;89,5;8,1;84;11,9;82,1;6,0;.;.;.;.;
Varlaskolan Syd;93339853;Kungsbacka;1384;Kommunal;Kungsbacka kommun;2120001256;63;3,2;57,1;39,7;70;5,7;85,7;8,6;67;9,0;80,6;10,4;.;.;.;.;
Varlaskolan Sydväst;84159690;Kungsbacka;1384;Kommunal;Kungsbacka kommun;2120001256;43;4,7;86,0;9,3;44;.;56,8;43,2;46;28,3;63,0;8,7;.;.;.;.;
Vittra Forsgläntan;42568760;Kungsbacka;1384;Enskild;Vittraskolorna AB;5564586716;41;.;87,8;12,2;44;.;81,8;18,2;43;9,3;79,1;11,6;.;.;.;.;
Åsaskolan 7-9AD;62677187;Kungsbacka;1384;Kommunal;Kungsbacka kommun;2120001256;56;.;58,9;41,1;56;.;100,0;.;57;1,8;86,0;12,3;.;.;.;.;
Åsaskolan 7-9FI;56285442;Kungsbacka;1384;Kommunal;Kungsbacka kommun;2120001256;50;4,0;64,0;32,0;49;.;95,9;4,1;55;12,7;80,0;7,3;.;.;.;.;
Kung Karls skola;18715425;Kungsör;1960;Kommunal;Kungsörs kommun;2120002056;76;.;68,4;31,6;85;1,2;76,5;22,4;88;23,9;71,6;4,5;.;.;.;.;
Friskolan i Kärna;25790317;Kungälv;1482;Enskild;Mona Hurtig Skol AB;5565204129;39;12,8;71,8;15,4;40;2,5;55,0;42,5;40;.;90,0;10,0;.;.;.;.;
Montessoriskolan Älvkullen;49323438;Kungälv;1482;Enskild;Stiftelsen Montessori för Alla Barn;8533010537;16;12,5;68,8;18,8;16;.;75,0;25,0;.;.;.;.;.;.;.;.;
Munkegärdeskolan;51596946;Kungälv;1482;Kommunal;Kungälvs kommun;2120001371;118;2,5;83,1;14,4;119;1,7;88,2;10,1;123;9,8;83,7;6,5;.;.;.;.;
Strandskolan Montessoriföreningen i Kungälv;21917957;Kungälv;1482;Enskild;Strandskolan, Montessoriföreningen i Kungälv;8533007004;23;8,7;73,9;17,4;24;.;83,3;16,7;26;34,6;65,4;.;.;.;.;.;
Thorildskolan 1;73505986;Kungälv;1482;Kommunal;Kungälvs kommun;2120001371;143;7,7;52,4;39,9;161;3,7;83,2;13,0;153;10,5;87,6;2,0;15;6,7;60,0;33,3;
Ytterbyskolan 1;63621283;Kungälv;1482;Kommunal;Kungälvs kommun;2120001371;181;8,3;48,1;43,6;184;2,2;53,3;44,6;184;19,0;77,7;3,3;.;.;.;.;
Barsebäcks Montessoriskola;22957852;Kävlinge;1261;Enskild;Barsebäcks Montessori Ekonomisk Förening;7696006191;22;4,5;50,0;45,5;22;22,7;77,3;.;22;9,1;90,9;.;.;.;.;.;
Korsbackaskolan;46107605;Kävlinge;1261;Kommunal;Kävlinge kommun;2120001058;138;2,2;76,8;21,0;149;.;73,2;26,8;158;3,2;89,9;7,0;15;.;6,7;93,3;
Noblaskolan Löddeköpinge;19504051;Kävlinge;1261;Enskild;AcadeMedia fria grundskolor AB;5569320699;52;1,9;69,2;28,8;52;5,8;75,0;19,2;50;12,0;80,0;8,0;.;.;.;.;
Tolvåkerskolan 7-9;13578112;Kävlinge;1261;Kommunal;Kävlinge kommun;2120001058;137;9,5;65,0;25,5;140;2,1;72,1;25,7;146;8,2;82,2;9,6;.;.;.;.;
Karlbergsskolan;31319179;Köping;1983;Kommunal;Köpings kommun;2120002114;107;3,7;53,3;43,0;113;11,5;75,2;13,3;118;6,8;76,3;16,9;.;.;.;.;
Malmaskolan 4-9;49665496;Köping;1983;Kommunal;Köpings kommun;2120002114;49;14,3;59,2;26,5;49;.;77,6;22,4;51;27,5;72,5;.;.;.;.;.;
Scheeleskolan;24379201;Köping;1983;Kommunal;Köpings kommun;2120002114;55;1,8;69,1;29,1;93;.;52,7;47,3;83;10,8;84,3;4,8;37;.;64,9;35,1;
Lagaholmsskolan;50150550;Laholm;1381;Kommunal;Laholms kommun;2120001223;94;8,5;56,4;35,1;114;.;69,3;30,7;111;14,4;78,4;7,2;20;5,0;65,0;30,0;
Veingeskolan 7-9;95134514;Laholm;1381;Kommunal;Laholms kommun;2120001223;61;6,6;63,9;29,5;72;.;72,2;27,8;72;1,4;95,8;2,8;.;.;.;.;
Våxtorpsskolan 7-9;50172802;Laholm;1381;Kommunal;Laholms kommun;2120001223;68;10,3;50,0;39,7;77;3,9;74,0;22,1;72;12,5;63,9;23,6;.;.;.;.;
Asmundtorps skola;70803452;Landskrona;1282;Kommunal;Landskrona kommun;2120001140;40;5,0;65,0;30,0;45;.;46,7;53,3;45;8,9;80,0;11,1;.;.;.;.;
Glumslövs skola;30917121;Landskrona;1282;Kommunal;Landskrona kommun;2120001140;57;.;71,9;28,1;64;.;60,9;39,1;62;6,5;74,2;19,4;.;.;.;.;
Innovitaskolan Landskrona;94830241;Landskrona;1282;Enskild;Pysslingen Förskolor och Skolor AB;5560354309;.;.;.;.;15;.;60,0;40,0;15;6,7;73,3;20,0;.;.;.;.;
Internationella Engelska Skolan Landskrona;21085818;Landskrona;1282;Enskild;Internationella Engelska Skolan i Sverige AB;5564624368;47;.;85,1;14,9;58;1,7;43,1;55,2;60;1,7;60,0;38,3;.;.;.;.;
Kunskapsskolan Landskrona;60956248;Landskrona;1282;Enskild;Kunskapsskolan i Sverige Aktiebolag;5565661815;28;.;82,1;17,9;70;.;80,0;20,0;62;.;100,0;.;43;.;79,1;20,9;
Landskrona School of Sports AB;70072964;Landskrona;1282;Enskild;Landskrona School of Sports AB;5567206239;32;.;96,9;3,1;36;.;88,9;11,1;39;2,6;94,9;2,6;.;.;.;.;
Sandåkerskolan;77747055;Landskrona;1282;Kommunal;Landskrona kommun;2120001140;56;1,8;85,7;12,5;68;2,9;80,9;16,2;71;.;81,7;18,3;15;.;86,7;13,3;
Seminarieskolan;41641029;Landskrona;1282;Kommunal;Landskrona kommun;2120001140;18;.;44,4;55,6;64;.;25,0;75,0;67;4,5;91,0;4,5;50;.;34,0;66,0;
Säbyholms Montessoriskola;42908219;Landskrona;1282;Enskild;Landskrona Montessoriförening Ek.Förening;7696002794;24;4,2;66,7;29,2;24;.;79,2;20,8;24;20,8;70,8;8,3;.;.;.;.;
Västervångskolan;29541747;Landskrona;1282;Kommunal;Landskrona kommun;2120001140;64;.;42,2;57,8;94;1,1;68,1;30,9;97;3,1;34,0;62,9;32;.;37,5;62,5;
Centralskolan;24748604;Laxå;1860;Kommunal;Laxå kommun;2120001918;59;1,7;47,5;50,8;62;1,6;53,2;45,2;65;4,6;76,9;18,5;.;.;.;.;
Lekebergsskolan 7-9;97648883;Lekeberg;1814;Kommunal;Lekebergs kommun;2120002981;78;6,4;51,3;42,3;80;1,3;57,5;41,3;81;12,3;79,0;8,6;.;.;.;.;
Profilskolan Excel;38368827;Leksand;2029;Enskild;Profilfriskolan Excel AB (svb);5590306964;15;6,7;53,3;40,0;19;.;21,1;78,9;21;4,8;90,5;4,8;.;.;.;.;
Sammilsdalskolan F-9;61834375;Leksand;2029;Kommunal;Leksands kommun;2120002163;135;14,1;51,9;34,1;135;3,0;62,2;34,8;137;25,5;69,3;5,1;.;.;.;.;
Alléskolan skolenhet Ask;51403955;Lerum;1441;Kommunal;Lerums kommun;2120001447;61;6,6;59,0;34,4;61;.;82,0;18,0;63;15,9;81,0;3,2;.;.;.;.;
Alléskolan skolenhet Bok;57470446;Lerum;1441;Kommunal;Lerums kommun;2120001447;66;3,0;74,2;22,7;72;1,4;73,6;25,0;65;3,1;80,0;16,9;.;.;.;.;
Lekstorpsskolan B;13490988;Lerum;1441;Kommunal;Lerums kommun;2120001447;47;2,1;25,5;72,3;47;2,1;40,4;57,4;47;42,6;55,3;2,1;.;.;.;.;
Ljungviksskolan skolenhet B;31733366;Lerum;1441;Kommunal;Lerums kommun;2120001447;45;11,1;73,3;15,6;45;2,2;77,8;20,0;46;58,7;41,3;.;.;.;.;.;
Montessoriskolan Floda säteri;82651095;Lerum;1441;Enskild;Montessoriskolan Floda Säteri;8635006680;26;.;80,8;19,2;26;.;73,1;26,9;27;3,7;85,2;11,1;.;.;.;.;
Rydsbergsskolan Norr;24103764;Lerum;1441;Kommunal;Lerums kommun;2120001447;51;7,8;64,7;27,5;54;1,9;81,5;16,7;53;3,8;77,4;18,9;.;.;.;.;
Rydsbergsskolan Söder;53326735;Lerum;1441;Kommunal;Lerums kommun;2120001447;49;.;67,3;32,7;53;3,8;83,0;13,2;50;4,0;88,0;8,0;.;.;.;.;
Röselidsskolan skolenhet B;38539206;Lerum;1441;Kommunal;Lerums kommun;2120001447;50;6,0;76,0;18,0;52;.;59,6;40,4;54;22,2;63,0;14,8;.;.;.;.;
Stenkulan 4-9;49419497;Lerum;1441;Kommunal;Lerums kommun;2120001447;48;6,3;72,9;20,8;52;.;61,5;38,5;48;12,5;72,9;14,6;.;.;.;.;
Torpskolan skolenhet 1;21176313;Lerum;1441;Kommunal;Lerums kommun;2120001447;48;14,6;52,1;33,3;48;.;83,3;16,7;52;1,9;84,6;13,5;.;.;.;.;
Torpskolan skolenhet 2;20361674;Lerum;1441;Kommunal;Lerums kommun;2120001447;45;4,4;86,7;8,9;48;2,1;79,2;18,8;50;6,0;82,0;12,0;.;.;.;.;
Torpskolan skolenhet 3;64987026;Lerum;1441;Kommunal;Lerums kommun;2120001447;46;.;54,3;45,7;50;2,0;66,0;32,0;52;7,7;88,5;3,8;.;.;.;.;
Bikupan;74218950;Lessebo;0761;Kommunal;Lessebo kommun;2120000613;39;2,6;82,1;15,4;67;4,5;65,7;29,9;66;.;92,4;7,6;28;3,6;71,4;25,0;
Bodals skola;98780182;Lidingö;0186;Kommunal;Lidingö kommun;2120000191;.;.;.;.;.;.;.;.;16;.;75,0;25,0;.;.;.;.;
Christinaskolan;46097781;Lidingö;0186;Enskild;Lidingö Skola AB;5568681810;47;.;72,3;27,7;48;4,2;91,7;4,2;48;.;95,8;4,2;.;.;.;.;
Futuraskolan International Kottla;36276828;Lidingö;0186;Enskild;Futuraskolan AB;5566095047;110;2,7;91,8;5,5;113;.;90,3;9,7;115;.;94,8;5,2;.;.;.;.;
Högsätra skola;49631077;Lidingö;0186;Kommunal;Lidingö kommun;2120000191;65;3,1;61,5;35,4;74;4,1;77,0;18,9;73;6,8;78,1;15,1;.;.;.;.;
Källängens skola;69329486;Lidingö;0186;Kommunal;Lidingö kommun;2120000191;141;.;72,3;27,7;143;.;85,3;14,7;144;16,7;75,0;8,3;.;.;.;.;
Käppala skola;20137688;Lidingö;0186;Kommunal;Lidingö kommun;2120000191;58;12,1;62,1;25,9;69;7,2;76,8;15,9;70;7,1;78,6;14,3;.;.;.;.;
Montessori Mondial Lidingö;37328635;Lidingö;0186;Enskild;International Montessori School Sweden AB;5567640205;18;.;94,4;5,6;20;.;80,0;20,0;20;25,0;75,0;.;.;.;.;.;
Torsviks skola;45104329;Lidingö;0186;Kommunal;Lidingö kommun;2120000191;119;.;70,6;29,4;131;4,6;78,6;16,8;131;9,2;80,2;10,7;.;.;.;.;
Broholmskolan Lidköping;98083121;Lidköping;1494;Enskild;Broholm Education AB;5594148594;34;2,9;67,6;29,4;36;8,3;75,0;16,7;36;25,0;75,0;.;.;.;.;.;
Dalängskolan;37707717;Lidköping;1494;Kommunal;Lidköpings kommun;2120001694;117;8,5;61,5;29,9;125;1,6;82,4;16,0;120;39,2;56,7;4,2;.;.;.;.;
Fredriksdalskolan;25486432;Lidköping;1494;Kommunal;Lidköpings kommun;2120001694;81;3,7;54,3;42,0;110;5,5;73,6;20,9;108;28,7;63,9;7,4;29;.;37,9;62,1;
Raoul Wallenbergskolan Lidköping;11340770;Lidköping;1494;Enskild;Raoul Wallenbergskolorna Skaraborg AB;5591438618;110;3,6;66,4;30,0;112;1,8;66,1;32,1;109;2,8;85,3;11,9;.;.;.;.;
Rudenschöldskolan;52152242;Lidköping;1494;Kommunal;Lidköpings kommun;2120001694;95;16,8;51,6;31,6;109;2,8;87,2;10,1;107;17,8;78,5;3,7;.;.;.;.;
Fuxernaskolan 7-9;22512947;Lilla Edet;1462;Kommunal;Lilla Edets kommun;2120001496;111;15,3;72,1;12,6;119;.;64,7;35,3;111;18,0;75,7;6,3;.;.;.;.;
Nya Skolan, Lilla Edet;74771085;Lilla Edet;1462;Enskild;Nya Skolan Sverige AB;5566127600;.;.;.;.;15;.;80,0;20,0;15;.;80,0;20,0;.;.;.;.;
Fröviskolan 7-9;96316535;Lindesberg;1885;Kommunal;Lindesbergs kommun;2120002015;61;1,6;75,4;23,0;70;1,4;85,7;12,9;73;12,3;78,1;9,6;.;.;.;.;
Lindbackaskolan;31015204;Lindesberg;1885;Kommunal;Lindesbergs kommun;2120002015;96;8,3;75,0;16,7;125;0,8;78,4;20,8;126;15,1;73,8;11,1;30;.;56,7;43,3;
Storåskolan;88486410;Lindesberg;1885;Kommunal;Lindesbergs kommun;2120002015;30;13,3;63,3;23,3;36;.;55,6;44,4;31;6,5;71,0;22,6;.;.;.;.;
Arenaskolan;46165416;Linköping;0580;Kommunal;Linköpings kommun;2120000449;169;9,5;62,1;28,4;172;16,3;72,7;11,0;162;15,4;77,2;7,4;.;.;.;.;
Berzeliusskolan 5;20474564;Linköping;0580;Kommunal;Linköpings kommun;2120000449;161;3,7;83,2;13,0;200;1,0;79,0;20,0;193;2,6;92,7;4,7;41;.;80,5;19,5;
Björkö friskola;78992223;Linköping;0580;Enskild;Stiftelsen Waldorfpedagogik i Vreta Kloster;8220027596;21;4,8;42,9;52,4;24;.;66,7;33,3;24;33,3;58,3;8,3;.;.;.;.;
Ekholmsskolan;96360048;Linköping;0580;Kommunal;Linköpings kommun;2120000449;120;4,2;56,7;39,2;124;.;72,6;27,4;124;9,7;77,4;12,9;.;.;.;.;
Elsa Brändströms skola;95720059;Linköping;0580;Kommunal;Linköpings kommun;2120000449;120;6,7;55,0;38,3;149;2,7;59,7;37,6;142;8,5;75,4;16,2;35;8,6;71,4;20,0;
Folkungaskolan 5;65857121;Linköping;0580;Kommunal;Linköpings kommun;2120000449;176;1,1;64,2;34,7;195;4,1;77,4;18,5;195;12,3;85,6;2,1;16;.;81,3;18,8;
Internationella Engelska Skolan Linköping;82086591;Linköping;0580;Enskild;Internationella Engelska Skolan i Sverige AB;5564624368;46;4,3;58,7;37,0;100;1,0;76,0;23,0;96;8,3;81,3;10,4;30;.;53,3;46,7;
JENSEN grundskola Linköping;40898556;Linköping;0580;Enskild;Jensen Education College AB;5566358759;28;.;75,0;25,0;31;.;61,3;38,7;30;.;76,7;23,3;.;.;.;.;
Linghemsskolan;93274980;Linköping;0580;Kommunal;Linköpings kommun;2120000449;79;10,1;40,5;49,4;80;1,3;95,0;3,8;83;9,6;72,3;18,1;.;.;.;.;
Ljungsbro skola 7-9;42454305;Linköping;0580;Kommunal;Linköpings kommun;2120000449;72;9,7;55,6;34,7;79;1,3;68,4;30,4;77;28,6;66,2;5,2;.;.;.;.;
Nya Munken;76521863;Linköping;0580;Enskild;Nya Munken Aktiebolag;5563475028;147;9,5;68,0;22,4;181;5,0;83,4;11,6;177;22,0;70,6;7,3;31;3,2;64,5;32,3;
Tellusskolan Thea Linköping;31658010;Linköping;0580;Enskild;Tellusskolan II AB;5565697082;105;15,2;43,8;41,0;110;4,5;76,4;19,1;111;19,8;63,1;17,1;.;.;.;.;
Tokarpsskolan;68326694;Linköping;0580;Kommunal;Linköpings kommun;2120000449;100;5,0;56,0;39,0;121;9,1;76,0;14,9;120;0,8;89,2;10,0;19;.;68,4;31,6;
Tornhagsskolan;24291925;Linköping;0580;Kommunal;Linköpings kommun;2120000449;59;5,1;66,1;28,8;72;2,8;61,1;36,1;72;18,1;66,7;15,3;17;11,8;64,7;23,5;
Vittra Lambohov;26255239;Linköping;0580;Enskild;Vittraskolorna AB;5564586716;.;.;.;.;.;.;.;.;15;6,7;93,3;.;.;.;.;.;
Ånestadsskolan 7-9;85335004;Linköping;0580;Kommunal;Linköpings kommun;2120000449;70;7,1;70,0;22,9;102;3,9;71,6;24,5;96;20,8;69,8;9,4;30;13,3;66,7;20,0;
Astradskolan 3;21157015;Ljungby;0781;Kommunal;Ljungby kommun;2120000670;37;.;75,7;24,3;46;.;78,3;21,7;40;30,0;70,0;.;.;.;.;.;
Hagatorpskolan Ljungby;59021648;Ljungby;0781;Enskild;Skolalliansen i Sverige AB;5567497051;20;.;75,0;25,0;24;.;66,7;33,3;25;16,0;84,0;.;.;.;.;.;
Hjortsbergskolan 2;39894929;Ljungby;0781;Kommunal;Ljungby kommun;2120000670;68;27,9;61,8;10,3;79;1,3;73,4;25,3;79;35,4;58,2;6,3;.;.;.;.;
Kungshögsskolan 2;87262274;Ljungby;0781;Kommunal;Ljungby kommun;2120000670;21;9,5;52,4;38,1;26;.;73,1;26,9;22;22,7;68,2;9,1;.;.;.;.;
Kungshögsskolan 3;96958960;Ljungby;0781;Kommunal;Ljungby kommun;2120000670;74;6,8;63,5;29,7;81;8,6;82,7;8,6;79;22,8;72,2;5,1;.;.;.;.;
Åbyskolan 2;75853223;Ljungby;0781;Kommunal;Ljungby kommun;2120000670;34;5,9;61,8;32,4;43;14,0;79,1;7,0;44;25,0;72,7;2,3;.;.;.;.;
Friskolan Vintergatan;62270371;Ljusdal;2161;Enskild;Friskolan Vintergatan Ekonomisk Förening;7696065718;36;5,6;55,6;38,9;35;2,9;80,0;17,1;34;5,9;88,2;5,9;.;.;.;.;
Färila skola;36425969;Ljusdal;2161;Kommunal;Ljusdals kommun;2120002320;32;6,3;62,5;31,3;28;7,1;25,0;67,9;30;23,3;60,0;16,7;.;.;.;.;
Järvsö skola F-9;56759222;Ljusdal;2161;Kommunal;Ljusdals kommun;2120002320;45;8,9;55,6;35,6;42;.;85,7;14,3;44;2,3;77,3;20,5;.;.;.;.;
Stenhamreskolan 7-9;97659691;Ljusdal;2161;Kommunal;Ljusdals kommun;2120002320;57;5,3;35,1;59,6;63;.;54,0;46,0;73;6,8;79,5;13,7;.;.;.;.;
Kyrkbacksskolan 7-9;81333857;Ljusnarsberg;1864;Kommunal;Ljusnarsbergs kommun;2120001959;23;13,0;69,6;17,4;27;3,7;66,7;29,6;30;10,0;76,7;13,3;.;.;.;.;
Bjärehovskolan;41254600;Lomma;1262;Kommunal;Lomma kommun;2120001066;94;.;93,6;6,4;90;1,1;95,6;3,3;88;9,1;79,5;11,4;.;.;.;.;
Karstorpskolan;92463760;Lomma;1262;Kommunal;Lomma kommun;2120001066;68;1,5;83,8;14,7;72;.;84,7;15,3;74;2,7;94,6;2,7;.;.;.;.;
Montessori Bjerred;52025747;Lomma;1262;Enskild;Montessori-Bjerred Ekonomisk Förening;7696026983;18;22,2;50,0;27,8;17;.;88,2;11,8;18;.;100,0;.;.;.;.;.;
Pilängskolan;15610637;Lomma;1262;Kommunal;Lomma kommun;2120001066;158;2,5;71,5;25,9;160;1,9;88,8;9,4;156;6,4;87,8;5,8;.;.;.;.;
Rutsborgskolan;19570704;Lomma;1262;Kommunal;Lomma kommun;2120001066;93;.;63,4;36,6;90;1,1;91,1;7,8;94;9,6;81,9;8,5;.;.;.;.;
Kyrkskolan 7-9;28230949;Ludvika;2085;Kommunal;Ludvika kommun;2120002270;103;22,3;66,0;11,7;134;3,0;70,9;26,1;137;21,9;65,7;12,4;36;5,6;66,7;27,8;
Lorensberga 7-9;47736072;Ludvika;2085;Kommunal;Ludvika kommun;2120002270;100;7,0;68,0;25,0;124;.;34,7;65,3;119;3,4;78,2;18,5;17;5,9;70,6;23,5;
Bergskolan 7-9;72942852;Luleå;2580;Kommunal;Luleå kommun;2120002742;110;4,5;63,6;31,8;108;.;63,9;36,1;111;19,8;77,5;2,7;.;.;.;.;
Björkskataskolan 7-9;89477984;Luleå;2580;Kommunal;Luleå kommun;2120002742;112;4,5;63,4;32,1;108;1,9;74,1;24,1;116;27,6;70,7;1,7;.;.;.;.;
Hertsöskolan 7-9;15579589;Luleå;2580;Kommunal;Luleå kommun;2120002742;40;.;40,0;60,0;42;.;78,6;21,4;44;9,1;81,8;9,1;.;.;.;.;
Kråkbergsskolan 7-9;46323920;Luleå;2580;Kommunal;Luleå kommun;2120002742;75;1,3;88,0;10,7;73;4,1;83,6;12,3;73;15,1;83,6;1,4;.;.;.;.;
Midskogsskolan 7-9;28901056;Luleå;2580;Kommunal;Luleå kommun;2120002742;36;5,6;83,3;11,1;40;.;85,0;15,0;42;26,2;71,4;2,4;.;.;.;.;
Nya Läroverket;82183259;Luleå;2580;Enskild;Nya läroverket Luleå AB;5566677927;60;6,7;76,7;16,7;61;9,8;82,0;8,2;62;8,1;90,3;1,6;.;.;.;.;
Nya Läroverket Bergnäset;52734580;Luleå;2580;Enskild;Nya läroverket Luleå AB;5566677927;32;3,1;78,1;18,8;34;8,8;64,7;26,5;34;5,9;73,5;20,6;.;.;.;.;
Residensskolan 7-9;73462793;Luleå;2580;Kommunal;Luleå kommun;2120002742;70;5,7;71,4;22,9;74;.;66,2;33,8;75;20,0;69,3;10,7;.;.;.;.;
Råneskolan 7-9;22462490;Luleå;2580;Kommunal;Luleå kommun;2120002742;33;.;66,7;33,3;33;3,0;60,6;36,4;33;12,1;81,8;6,1;.;.;.;.;
Stadsöskolan 7-9;95536453;Luleå;2580;Kommunal;Luleå kommun;2120002742;88;1,1;69,3;29,5;91;1,1;70,3;28,6;90;23,3;68,9;7,8;.;.;.;.;
Tunaskolan 7-9;43539193;Luleå;2580;Kommunal;Luleå kommun;2120002742;53;5,7;52,8;41,5;60;.;53,3;46,7;65;13,8;73,8;12,3;.;.;.;.;
Örnässkolan 7-9;20104143;Luleå;2580;Kommunal;Luleå kommun;2120002742;68;5,9;50,0;44,1;69;4,3;73,9;21,7;73;11,0;83,6;5,5;.;.;.;.;
Freinetskolan i Lund;60492534;Lund;1281;Enskild;Freinetskolan i Lund,Ideell Förening;8450030203;22;4,5;45,5;50,0;19;.;84,2;15,8;22;13,6;68,2;18,2;.;.;.;.;
Fågelskolan;64936034;Lund;1281;Kommunal;Lunds kommun;2120001132;21;.;61,9;38,1;26;3,8;80,8;15,4;30;16,7;80,0;3,3;.;.;.;.;
Fäladsgården;54391347;Lund;1281;Kommunal;Lunds kommun;2120001132;132;11,4;49,2;39,4;155;3,2;77,4;19,4;154;15,6;77,9;6,5;22;.;59,1;40,9;
Genarps skola;83803124;Lund;1281;Kommunal;Lunds kommun;2120001132;41;.;41,5;58,5;40;2,5;72,5;25,0;44;18,2;68,2;13,6;.;.;.;.;
Gunnesboskolan;85762828;Lund;1281;Kommunal;Lunds kommun;2120001132;86;12,8;73,3;14,0;90;6,7;64,4;28,9;98;28,6;68,4;3,1;.;.;.;.;
Internationella Engelska Skolan Lund;63826797;Lund;1281;Enskild;Internationella Engelska Skolan i Sverige AB;5564624368;84;11,9;65,5;22,6;106;4,7;73,6;21,7;106;5,7;87,7;6,6;17;23,5;58,8;17,6;
Järnåkraskolan 4-9;39307298;Lund;1281;Kommunal;Lunds kommun;2120001132;112;0,9;79,5;19,6;118;3,4;75,4;21,2;87;3,4;89,7;6,9;.;.;.;.;
Killebäckskolan;42754004;Lund;1281;Kommunal;Lunds kommun;2120001132;98;1,0;58,2;40,8;96;2,1;74,0;24,0;104;28,8;67,3;3,8;.;.;.;.;
Kunskapsskolan Lund;52037312;Lund;1281;Enskild;Kunskapsskolan i Sverige Aktiebolag;5565661815;89;4,5;67,4;28,1;108;22,2;44,4;33,3;107;10,3;73,8;15,9;16;.;56,3;43,8;
Lerbäckskolan;90340546;Lund;1281;Kommunal;Lunds kommun;2120001132;85;10,6;60,0;29,4;85;.;82,4;17,6;75;9,3;85,3;5,3;.;.;.;.;
Lunds Montessorigrundskola;70044059;Lund;1281;Enskild;Föreningen Lunds Montessorigrundskola;8450021459;28;.;71,4;28,6;27;.;92,6;7,4;28;7,1;82,1;10,7;.;.;.;.;
Lunds Waldorfskola;96533068;Lund;1281;Enskild;Stiftelsen Lunds Waldorfskola;8450008415;.;.;.;.;.;.;.;.;15;13,3;60,0;26,7;.;.;.;.;
Montessori Mondial Lund;40248457;Lund;1281;Enskild;Pysslingen Förskolor och Skolor AB;5560354309;19;.;94,7;5,3;25;.;96,0;4,0;22;4,5;86,4;9,1;.;.;.;.;
Nyvångskolan;70811599;Lund;1281;Kommunal;Lunds kommun;2120001132;105;1,0;71,4;27,6;114;4,4;76,3;19,3;109;11,0;82,6;6,4;.;.;.;.;
Sankt Thomas Skola;28753548;Lund;1281;Enskild;Stiftelsen S:T Thomas Skola;8450030435;17;.;52,9;47,1;.;.;.;.;18;22,2;61,1;16,7;.;.;.;.;
Stiftelsen BMSL;75154610;Lund;1281;Enskild;Stiftelsen Bmsl;8024781158;34;17,6;67,6;14,7;39;15,4;74,4;10,3;39;20,5;61,5;17,9;.;.;.;.;
Svaleboskolan;27508103;Lund;1281;Kommunal;Lunds kommun;2120001132;83;8,4;72,3;19,3;89;.;78,7;21,3;93;25,8;65,6;8,6;.;.;.;.;
Svaneskolan;67020135;Lund;1281;Kommunal;Lunds kommun;2120001132;111;1,8;68,5;29,7;112;0,9;80,4;18,8;117;10,3;82,9;6,8;.;.;.;.;
Tunaskolan;76684064;Lund;1281;Kommunal;Lunds kommun;2120001132;87;.;51,7;48,3;91;5,5;69,2;25,3;92;4,3;88,0;7,6;.;.;.;.;
Vikingaskolan;68201054;Lund;1281;Kommunal;Lunds kommun;2120001132;26;.;38,5;61,5;52;13,5;44,2;42,3;53;3,8;73,6;22,6;28;.;64,3;35,7;
Östratornskolan;58622330;Lund;1281;Kommunal;Lunds kommun;2120001132;99;3,0;83,8;13,1;107;.;85,0;15,0;105;1,9;83,8;14,3;.;.;.;.;
Finnbacksskolan 1;12853184;Lycksele;2481;Kommunal;Lycksele kommun;2120002635;66;4,5;40,9;54,5;78;.;29,5;70,5;72;16,7;76,4;6,9;.;.;.;.;
Finnbacksskolan 2;12717350;Lycksele;2481;Kommunal;Lycksele kommun;2120002635;67;4,5;25,4;70,1;69;1,4;23,2;75,4;67;9,0;79,1;11,9;.;.;.;.;
Gullmarsskolan 7-9;12247315;Lysekil;1484;Kommunal;Lysekils kommun;2120001389;120;0,8;71,7;27,5;140;2,9;73,6;23,6;137;29,9;62,0;8,0;.;.;.;.;
Al-Salamahskolan;75399786;Malmö;1280;Enskild;Kulturella Föreningen F Välgörande Ändamål;8460052155;.;.;.;.;35;.;71,4;28,6;35;17,1;60,0;22,9;34;2,9;47,1;50,0;
Apelgårdsskolan 7-9;87527002;Malmö;1280;Kommunal;Malmö kommun;2120001124;.;.;.;.;25;.;80,0;20,0;25;32,0;60,0;8,0;19;.;57,9;42,1;
Augustenborgsskolan;89876778;Malmö;1280;Kommunal;Malmö kommun;2120001124;16;.;68,8;31,3;63;.;81,0;19,0;66;1,5;92,4;6,1;50;.;90,0;10,0;
Backaskolan;55040455;Malmö;1280;Enskild;Föreningen Backaskolan;8465001777;25;8,0;72,0;20,0;25;.;92,0;8,0;27;.;100,0;.;.;.;.;.;
Bergaskolan;40035084;Malmö;1280;Kommunal;Malmö kommun;2120001124;118;3,4;66,9;29,7;129;2,3;83,7;14,0;130;5,4;83,8;10,8;.;.;.;.;
Bladins grundskola;57534630;Malmö;1280;Enskild;Bladins Skola, Stiftelsen;8460010948;72;1,4;54,2;44,4;75;6,7;84,0;9,3;77;.;79,2;20,8;.;.;.;.;
Boukefs Privatskola;62868982;Malmö;1280;Enskild;Boukefs Privatskola AB;5567155527;.;.;.;.;20;.;60,0;40,0;23;60,9;34,8;4,3;.;.;.;.;
Bäckagårdsskolan;12636945;Malmö;1280;Kommunal;Malmö kommun;2120001124;47;2,1;46,8;51,1;52;.;88,5;11,5;53;.;86,8;13,2;.;.;.;.;
Dammfriskolan;48874671;Malmö;1280;Kommunal;Malmö kommun;2120001124;36;2,8;69,4;27,8;72;.;81,9;18,1;74;20,3;71,6;8,1;40;7,5;70,0;22,5;
Elinelundsskolan;77378918;Malmö;1280;Kommunal;Malmö kommun;2120001124;55;5,5;67,3;27,3;81;1,2;84,0;14,8;78;17,9;82,1;.;22;22,7;50,0;27,3;
Europaportens grundskola;24339301;Malmö;1280;Enskild;Europaportens Skolor AB;5568350572;20;.;60,0;40,0;24;16,7;66,7;16,7;23;4,3;95,7;.;.;.;.;.;
Fågelbacksskolan;44459183;Malmö;1280;Kommunal;Malmö kommun;2120001124;152;3,3;65,8;30,9;185;.;60,5;39,5;189;32,3;57,7;10,1;33;.;69,7;30,3;
Gottorpskolan;56363473;Malmö;1280;Kommunal;Malmö kommun;2120001124;145;2,8;73,1;24,1;182;.;68,7;31,3;182;7,7;83,0;9,3;33;9,1;72,7;18,2;
Hermodsdalsskolan;56666435;Malmö;1280;Kommunal;Malmö kommun;2120001124;.;.;.;.;47;12,8;74,5;12,8;46;2,2;89,1;8,7;40;.;85,0;15,0;
Höjaskolan;99835038;Malmö;1280;Kommunal;Malmö kommun;2120001124;.;.;.;.;56;.;62,5;37,5;53;5,7;60,4;34,0;39;.;43,6;56,4;
JENSEN grundskola Malmö 2;61994062;Malmö;1280;Enskild;Jensen Education College AB;5566358759;127;0,8;66,1;33,1;134;.;85,1;14,9;138;.;98,6;1,4;16;.;93,8;6,3;
Johannesskolan;82797662;Malmö;1280;Kommunal;Malmö kommun;2120001124;23;17,4;47,8;34,8;41;.;41,5;58,5;40;15,0;70,0;15,0;.;.;.;.;
Kastanjeskolan;19024032;Malmö;1280;Enskild;Föreningen Kastanjeskolan;8465016791;19;.;47,4;52,6;23;.;73,9;26,1;24;12,5;75,0;12,5;.;.;.;.;
Klagshamnsskolan;21120076;Malmö;1280;Kommunal;Malmö kommun;2120001124;72;1,4;80,6;18,1;78;1,3;84,6;14,1;79;21,5;73,4;5,1;.;.;.;.;
Kroksbäcksskolan;98745015;Malmö;1280;Kommunal;Malmö kommun;2120001124;.;.;.;.;41;2,4;78,0;19,5;39;.;87,2;12,8;39;2,6;28,2;69,2;
Lindeborgsskolan;22509001;Malmö;1280;Kommunal;Malmö kommun;2120001124;79;.;49,4;50,6;111;0,9;64,9;34,2;113;9,7;73,5;16,8;35;.;60,0;40,0;
Lindängeskolan;75875503;Malmö;1280;Kommunal;Malmö kommun;2120001124;.;.;.;.;62;3,2;93,5;3,2;62;11,3;64,5;24,2;53;3,8;73,6;22,6;
Linnéskolan;63951601;Malmö;1280;Kommunal;Malmö kommun;2120001124;85;.;69,4;30,6;95;3,2;72,6;24,2;100;13,0;81,0;6,0;15;.;66,7;33,3;
Malmö Idrottsgrundskola;71454628;Malmö;1280;Kommunal;Malmö kommun;2120001124;157;.;58,6;41,4;158;0,6;91,1;8,2;154;3,9;84,4;11,7;.;.;.;.;
Malmö Montessoriskola;13299659;Malmö;1280;Enskild;Hemgårdar i Malmö, Föreningen;8460009460;27;14,8;77,8;7,4;25;4,0;92,0;4,0;27;22,2;77,8;.;.;.;.;.;
Mariaskolan;67272295;Malmö;1280;Enskild;Kristna Skolföreningen i Malmö;8460026654;.;.;.;.;20;.;95,0;5,0;20;30,0;70,0;.;.;.;.;.;
Mellanhedsskolan;29300350;Malmö;1280;Kommunal;Malmö kommun;2120001124;74;10,8;50,0;39,2;101;1,0;44,6;54,5;106;7,5;86,8;5,7;26;3,8;26,9;69,2;
Mellersta Förstadsskolan;80830464;Malmö;1280;Kommunal;Malmö kommun;2120001124;84;1,2;64,3;34,5;127;.;64,6;35,4;129;7,8;88,4;3,9;39;.;53,8;46,2;
Montessori Mondial Malmö;45776214;Malmö;1280;Enskild;MontessoriGrundskolan Maria AB;5565418455;21;.;100,0;.;20;.;95,0;5,0;21;9,5;90,5;.;.;.;.;.;
Munkhätteskolan;74972690;Malmö;1280;Kommunal;Malmö kommun;2120001124;.;.;.;.;61;1,6;85,2;13,1;62;3,2;75,8;21,0;46;13,0;45,7;41,3;
Möllevångsskolan;88590084;Malmö;1280;Kommunal;Malmö kommun;2120001124;35;2,9;57,1;40,0;65;1,5;73,8;24,6;65;4,6;92,3;3,1;30;.;56,7;43,3;
Neptuniskolan;92819736;Malmö;1280;Kommunal;Malmö kommun;2120001124;122;.;69,7;30,3;154;1,9;83,8;14,3;153;15,7;75,8;8,5;35;2,9;85,7;11,4;
Oxievångsskolan;64402572;Malmö;1280;Kommunal;Malmö kommun;2120001124;116;3,4;51,7;44,8;138;2,2;67,4;30,4;151;26,5;70,9;2,6;34;5,9;61,8;32,4;
Pilbäckskolan;85007077;Malmö;1280;Kommunal;Malmö kommun;2120001124;86;1,2;65,1;33,7;93;7,5;80,6;11,8;92;6,5;92,4;1,1;.;.;.;.;
Rosengårdsskolan 7-9;39124119;Malmö;1280;Kommunal;Malmö kommun;2120001124;.;.;.;.;22;4,5;68,2;27,3;20;.;95,0;5,0;21;9,5;90,5;.;
Runstyckets skola;57386343;Malmö;1280;Enskild;Runstyckets Förskola Aktiebolag;5564518081;19;5,3;78,9;15,8;19;.;89,5;10,5;20;25,0;75,0;.;.;.;.;.;
Rådmansvångens skola;87197902;Malmö;1280;Kommunal;Malmö kommun;2120001124;36;5,6;69,4;25,0;50;4,0;64,0;32,0;46;4,3;84,8;10,9;.;.;.;.;
Rönnenskolan;93599910;Malmö;1280;Kommunal;Malmö kommun;2120001124;.;.;.;.;68;7,4;75,0;17,6;69;.;79,7;20,3;52;1,9;57,7;40,4;
Sofielundsskolan;65836771;Malmö;1280;Kommunal;Malmö kommun;2120001124;15;6,7;66,7;26,7;56;.;67,9;32,1;58;1,7;77,6;20,7;44;4,5;86,4;9,1;
Sorgenfriskolan;67130748;Malmö;1280;Kommunal;Malmö kommun;2120001124;57;1,8;80,7;17,5;70;1,4;95,7;2,9;70;12,9;85,7;1,4;.;.;.;.;
Stenkulaskolan;85082785;Malmö;1280;Kommunal;Malmö kommun;2120001124;.;.;.;.;50;.;50,0;50,0;46;19,6;65,2;15,2;43;2,3;51,2;46,5;
Sveaskolan LIMHAMN;54725950;Malmö;1280;Enskild;Sveaskolan AB;5567282859;71;7,0;84,5;8,5;70;1,4;84,3;14,3;71;23,9;63,4;12,7;.;.;.;.;
Söderkullaskolan;66656783;Malmö;1280;Kommunal;Malmö kommun;2120001124;79;3,8;50,6;45,6;127;.;48,8;51,2;100;9,0;74,0;17,0;48;4,2;75,0;20,8;
Toftanässkolan;98713812;Malmö;1280;Kommunal;Malmö kommun;2120001124;102;5,9;56,9;37,3;102;2,0;48,0;50,0;96;2,1;77,1;20,8;.;.;.;.;
Videdals privatskolor;31996111;Malmö;1280;Enskild;Aktiebolaget Videdals Privatskolor;5564518750;17;.;58,8;41,2;18;.;83,3;16,7;18;.;94,4;5,6;.;.;.;.;
Videdalsskolan;37324136;Malmö;1280;Kommunal;Malmö kommun;2120001124;61;1,6;50,8;47,5;100;4,0;74,0;22,0;100;6,0;73,0;21,0;39;.;64,1;35,9;
Vittra Västra hamnen;13495830;Malmö;1280;Enskild;Vittraskolorna AB;5564586716;.;.;.;.;28;.;100,0;.;28;.;92,9;7,1;.;.;.;.;
Värner Rydénskolan 7-9;80815525;Malmö;1280;Kommunal;Malmö kommun;2120001124;.;.;.;.;35;.;57,1;42,9;37;13,5;64,9;21,6;21;.;52,4;47,6;
Ängsdals skolor AB;34314029;Malmö;1280;Enskild;Ängsdals skolor AB;5564800836;51;5,9;82,4;11,8;48;2,1;95,8;2,1;50;.;98,0;2,0;.;.;.;.;
Örtagårdsskolan 7-9;43697331;Malmö;1280;Kommunal;Malmö kommun;2120001124;.;.;.;.;24;20,8;79,2;.;24;29,2;62,5;8,3;16;12,5;68,8;18,8;
Östra Skolan Dibber;40470449;Malmö;1280;Enskild;Östra Skolan AB;5568250632;40;.;70,0;30,0;44;.;81,8;18,2;45;2,2;75,6;22,2;.;.;.;.;
Centralskolan;83084730;Malung-Sälen;2023;Kommunal;Malung-Sälens kommun;2120002148;47;8,5;63,8;27,7;55;.;63,6;36,4;55;21,8;74,5;3,6;.;.;.;.;
Ungärde skola;17208837;Malung-Sälen;2023;Kommunal;Malung-Sälens kommun;2120002148;29;10,3;86,2;3,4;30;10,0;90,0;.;29;.;75,9;24,1;.;.;.;.;
Nilaskolan F-9;28454424;Malå;2418;Kommunal;Malå kommun;2120002866;24;.;37,5;62,5;24;.;54,2;45,8;27;7,4;92,6;.;.;.;.;.;
Ekhamraskolan;29289355;Mariestad;1493;Enskild;Friskolan i Mariestad AB;5568020852;59;1,7;64,4;33,9;63;1,6;66,7;31,7;60;.;91,7;8,3;.;.;.;.;
Högelidsskolan 7-9;62694008;Mariestad;1493;Kommunal;Mariestads kommun;2120001686;77;3,9;84,4;11,7;85;1,2;83,5;15,3;85;17,6;72,9;9,4;.;.;.;.;
Tunaholmsskolan;48016437;Mariestad;1493;Kommunal;Mariestads kommun;2120001686;85;7,1;40,0;52,9;100;.;70,0;30,0;98;3,1;76,5;20,4;15;6,7;53,3;40,0;
Fritslaskolan;33369644;Mark;1463;Kommunal;Marks kommun;2120001504;29;.;48,3;51,7;34;.;67,6;32,4;35;11,4;77,1;11,4;.;.;.;.;
Leteboskolan;79844557;Mark;1463;Enskild;Letebo Utbildning AB;5569175663;18;11,1;88,9;.;17;.;76,5;23,5;15;13,3;86,7;.;.;.;.;.;
Lyckeskolan;10428442;Mark;1463;Kommunal;Marks kommun;2120001504;157;5,1;59,9;35,0;151;9,3;86,1;4,6;156;28,8;67,3;3,8;.;.;.;.;
Montessoriskolan Pärlan;80072686;Mark;1463;Enskild;Montessoriskolan i Skene Aktiebolag;5565933503;15;13,3;26,7;60,0;17;11,8;58,8;29,4;15;33,3;53,3;13,3;.;.;.;.;
Sätilaskolan 7-9;34246393;Mark;1463;Kommunal;Marks kommun;2120001504;79;3,8;73,4;22,8;73;1,4;61,6;37,0;69;18,8;75,4;5,8;.;.;.;.;
Ängskolan;13666864;Mark;1463;Kommunal;Marks kommun;2120001504;75;6,7;69,3;24,0;91;1,1;72,5;26,4;89;1,1;80,9;18,0;18;.;77,8;22,2;
Markaryds skola 7-9;88784456;Markaryd;0767;Kommunal;Markaryds kommun;2120000654;50;6,0;68,0;26,0;68;4,4;72,1;23,5;69;24,6;71,0;4,3;19;.;52,6;47,4;
Strömsnässkolan 7-9;59001324;Markaryd;0767;Kommunal;Markaryds kommun;2120000654;34;11,8;67,6;20,6;44;.;63,6;36,4;45;28,9;68,9;2,2;.;.;.;.;
Rådaskolan;53764779;Mellerud;1461;Kommunal;Melleruds kommun;2120001488;63;.;61,9;38,1;86;.;50,0;50,0;88;3,4;81,8;14,8;23;.;47,8;52,2;
Blåklintskolan 7-9;27259736;Mjölby;0586;Kommunal;Mjölby kommun;2120000480;43;.;62,8;37,2;49;6,1;65,3;28,6;55;34,5;65,5;.;.;.;.;.;
Lagmansskolan Beta MH;10609045;Mjölby;0586;Kommunal;Mjölby kommun;2120000480;97;8,2;59,8;32,0;106;.;76,4;23,6;104;21,2;72,1;6,7;.;.;.;.;
Trojenborgsskolan MH;37310404;Mjölby;0586;Kommunal;Mjölby kommun;2120000480;48;6,3;77,1;16,7;51;2,0;45,1;52,9;49;28,6;67,3;4,1;.;.;.;.;
Vifolkaskolan 7-9;16727370;Mjölby;0586;Kommunal;Mjölby kommun;2120000480;88;5,7;65,9;28,4;92;5,4;66,3;28,3;91;8,8;87,9;3,3;.;.;.;.;
Morkarlbyhöjdens skola 7-9;95649680;Mora;2062;Kommunal;Mora kommun;2120002213;107;9,3;72,9;17,8;110;1,8;62,7;35,5;106;11,3;78,3;10,4;.;.;.;.;
Noretskolan 7-9;68663553;Mora;2062;Kommunal;Mora kommun;2120002213;103;3,9;63,1;33,0;109;.;59,6;40,4;109;0,9;79,8;19,3;.;.;.;.;
Hällaskolan;87963970;Motala;0583;Kommunal;Motala kommun;2120002817;62;8,1;46,8;45,2;57;.;68,4;31,6;62;24,2;61,3;14,5;.;.;.;.;
Innovitaskolan Motalas Högstadium;11664326;Motala;0583;Enskild;AcadeMedia fria grundskolor AB;5569320699;65;.;80,0;20,0;67;.;82,1;17,9;68;35,3;63,2;1,5;.;.;.;.;
Kunskapsskolan Motala;93337320;Motala;0583;Enskild;Kunskapsskolan i Sverige Aktiebolag;5565661815;32;.;81,3;18,8;31;.;64,5;35,5;31;.;83,9;16,1;.;.;.;.;
Mariebergsskolan 7-9;87531665;Motala;0583;Kommunal;Motala kommun;2120002817;53;1,9;75,5;22,6;65;1,5;78,5;20,0;62;21,0;75,8;3,2;.;.;.;.;
Skolgårda skola 7-9;82224915;Motala;0583;Kommunal;Motala kommun;2120002817;91;1,1;54,9;44,0;99;.;54,5;45,5;101;19,8;76,2;4,0;.;.;.;.;
Zederslundsskolan;98031467;Motala;0583;Kommunal;Motala kommun;2120002817;80;6,3;51,3;42,5;107;0,9;81,3;17,8;106;22,6;59,4;17,9;28;.;50,0;50,0;
Trollehöjdskolan;28156767;Mullsjö;0642;Kommunal;Mullsjö kommun;2120001603;59;3,4;54,2;42,4;65;6,2;67,7;26,2;62;1,6;87,1;11,3;.;.;.;.;
Kungsmarksskolan;44650086;Munkedal;1430;Kommunal;Munkedals kommun;2120001330;86;3,5;73,3;23,3;101;2,0;61,4;36,6;96;12,5;69,8;17,7;.;.;.;.;
Forsnässkolan 4-9;73206377;Munkfors;1762;Kommunal;Munkfors kommun;2120001801;40;12,5;60,0;27,5;43;.;46,5;53,5;45;13,3;75,6;11,1;.;.;.;.;
Almåsskolan;40577779;Mölndal;1481;Kommunal;Mölndals kommun;2120001363;106;2,8;53,8;43,4;111;1,8;69,4;28,8;111;27,0;72,1;0,9;.;.;.;.;
Friskolan Kvarnhjulet;64490264;Mölndal;1481;Enskild;Friskolan Kvarnhjulet, ekonomisk förening;7164452166;22;.;90,9;9,1;24;.;95,8;4,2;23;4,3;87,0;8,7;.;.;.;.;
Fässbergsskolan;72066259;Mölndal;1481;Kommunal;Mölndals kommun;2120001363;117;1,7;69,2;29,1;134;6,7;76,9;16,4;130;22,3;69,2;8,5;17;17,6;76,5;5,9;
Hallenskolan;32309720;Mölndal;1481;Kommunal;Mölndals kommun;2120001363;50;6,0;80,0;14,0;49;.;95,9;4,1;49;57,1;40,8;2,0;.;.;.;.;
Innovitaskolan Mölndal;42908622;Mölndal;1481;Enskild;AcadeMedia fria grundskolor AB;5569320699;49;8,2;77,6;14,3;48;.;81,3;18,8;49;18,4;73,5;8,2;.;.;.;.;
Kvarnbyskolan;67822057;Mölndal;1481;Kommunal;Mölndals kommun;2120001363;146;4,8;74,7;20,5;154;1,9;71,4;26,6;155;7,1;86,5;6,5;.;.;.;.;
Sinntorpsskolan 4-9;90949251;Mölndal;1481;Kommunal;Mölndals kommun;2120001363;74;9,5;66,2;24,3;70;12,9;68,6;18,6;69;40,6;59,4;.;.;.;.;.;
Streteredsskolan;54881559;Mölndal;1481;Kommunal;Mölndals kommun;2120001363;49;.;83,7;16,3;61;.;90,2;9,8;58;1,7;82,8;15,5;.;.;.;.;
Sörgårdsskolan;53442807;Mölndal;1481;Kommunal;Mölndals kommun;2120001363;83;14,5;68,7;16,9;85;3,5;78,8;17,6;84;4,8;91,7;3,6;.;.;.;.;
Krungårdsskolan;91778864;Mönsterås;0861;Kommunal;Mönsterås kommun;2120000720;27;.;70,4;29,6;37;2,7;73,0;24,3;34;29,4;70,6;.;.;.;.;.;
Parkskolan;84285512;Mönsterås;0861;Kommunal;Mönsterås kommun;2120000720;58;3,4;53,4;43,1;66;4,5;50,0;45,5;66;19,7;62,1;18,2;.;.;.;.;
Färjestadens högstadium;40648796;Mörbylånga;0840;Kommunal;Mörbylånga kommun;2120000704;100;5,0;60,0;35,0;106;.;61,3;38,7;100;16,0;82,0;2,0;.;.;.;.;
Skansenskolan;36651204;Mörbylånga;0840;Kommunal;Mörbylånga kommun;2120000704;22;.;72,7;27,3;25;4,0;72,0;24,0;22;4,5;86,4;9,1;.;.;.;.;
Ölands Friskola;28562125;Mörbylånga;0840;Enskild;Friskolan Öland AB;5590250949;45;.;95,6;4,4;45;11,1;55,6;33,3;47;.;97,9;2,1;.;.;.;.;
Östra skolan, Mörbylånga;50029898;Mörbylånga;0840;Enskild;CIS Kalmar AB;5565896213;21;4,8;85,7;9,5;22;.;72,7;27,3;22;31,8;54,5;13,6;.;.;.;.;
Björknässkolan;75834458;Nacka;0182;Kommunal;Nacka kommun;2120000167;73;4,1;63,0;32,9;73;.;89,0;11,0;77;1,3;93,5;5,2;.;.;.;.;
Boo Gårds skola;44175786;Nacka;0182;Kommunal;Nacka kommun;2120000167;52;1,9;59,6;38,5;59;1,7;69,5;28,8;57;7,0;80,7;12,3;.;.;.;.;
Ebba Braheskolan;91067048;Nacka;0182;Enskild;Ebba Braheskolan AB;5590468624;52;.;94,2;5,8;52;11,5;88,5;.;52;.;96,2;3,8;.;.;.;.;
Eklidens skola;47243834;Nacka;0182;Kommunal;Nacka kommun;2120000167;271;8,1;66,8;25,1;277;2,9;88,4;8,7;273;13,9;77,3;8,8;.;.;.;.;
Idunskolan Östra Stockholms Waldorfskola;44373961;Nacka;0182;Enskild;Idunstiftelsen för Waldorfpedagogik;8024782230;18;.;55,6;44,4;22;4,5;81,8;13,6;21;14,3;81,0;4,8;.;.;.;.;
Internationella Engelska Skolan Nacka;74358019;Nacka;0182;Enskild;Internationella Engelska Skolan i Sverige AB;5564624368;148;13,5;77,0;9,5;151;6,6;86,1;7,3;156;9,6;83,3;7,1;.;.;.;.;
JENSEN grundskola Sickla;52925821;Nacka;0182;Enskild;Jensen Education College AB;5566358759;82;1,2;81,7;17,1;87;.;89,7;10,3;91;3,3;84,6;12,1;.;.;.;.;
Kunskapsskolan Nacka;87425546;Nacka;0182;Enskild;Kunskapsskolan i Sverige Aktiebolag;5565661815;86;7,0;76,7;16,3;85;.;85,9;14,1;92;5,4;89,1;5,4;.;.;.;.;
Kunskapsskolan Saltsjöbaden;11496096;Nacka;0182;Enskild;Kunskapsskolan i Sverige Aktiebolag;5565661815;48;.;91,7;8,3;48;.;85,4;14,6;49;28,6;71,4;.;.;.;.;.;
Montessori Mondial Nacka;34135484;Nacka;0182;Enskild;Pysslingen Förskolor och Skolor AB;5560354309;19;.;42,1;57,9;21;.;90,5;9,5;21;.;100,0;.;.;.;.;.;
Myrsjöskolan;84884375;Nacka;0182;Kommunal;Nacka kommun;2120000167;213;7,5;73,7;18,8;217;4,1;83,9;12,0;219;16,9;77,6;5,5;.;.;.;.;
Nacka Idrottsgrundskola;54348763;Nacka;0182;Enskild;Nacka Idrottsgrundskola AB;5592885098;50;2,0;66,0;32,0;54;.;66,7;33,3;54;3,7;61,1;35,2;.;.;.;.;
Noblaskolan Saltsjö-Boo;32965692;Nacka;0182;Enskild;Pysslingen Förskolor och Skolor AB;5560354309;106;.;95,3;4,7;105;.;85,7;14,3;107;6,5;88,8;4,7;.;.;.;.;
Saltsjöbadens samskola;11777750;Nacka;0182;Kommunal;Nacka kommun;2120000167;131;2,3;64,9;32,8;146;1,4;90,4;8,2;144;24,3;66,0;9,7;.;.;.;.;
Skuru skola;85321366;Nacka;0182;Kommunal;Nacka kommun;2120000167;.;.;.;.;19;5,3;68,4;26,3;.;.;.;.;.;.;.;.;
Stavsborgsskolan;14040970;Nacka;0182;Kommunal;Nacka kommun;2120000167;110;1,8;39,1;59,1;119;.;84,0;16,0;116;16,4;78,4;5,2;.;.;.;.;
Karlsängskolan;40684137;Nora;1884;Kommunal;Nora kommun;2120002007;94;.;29,8;70,2;102;2,0;52,9;45,1;104;7,7;69,2;23,1;.;.;.;.;
Centralskolan;22347371;Norberg;1962;Kommunal;Norbergs kommun;2120002072;51;5,9;29,4;64,7;66;1,5;63,6;34,8;70;12,9;72,9;14,3;16;.;31,3;68,8;
Bergsjö skola F-9;59871341;Nordanstig;2132;Kommunal;Nordanstigs kommun;2120002312;62;6,5;40,3;53,2;61;3,3;42,6;54,1;57;15,8;64,9;19,3;.;.;.;.;
Artediskolan åk 7-9;58185455;Nordmaling;2401;Kommunal;Nordmalings kommun;2120002536;72;18,1;72,2;9,7;80;.;30,0;70,0;81;8,6;81,5;9,9;.;.;.;.;
Borgsmoskolan 1;26387738;Norrköping;0581;Kommunal;Norrköpings kommun;2120000456;41;14,6;65,9;19,5;51;.;90,2;9,8;56;7,1;83,9;8,9;16;.;93,8;6,3;
Djäkneparksskolan 1;59526276;Norrköping;0581;Kommunal;Norrköpings kommun;2120000456;89;4,5;66,3;29,2;118;.;61,0;39,0;113;.;93,8;6,2;33;6,1;69,7;24,2;
Ektorpsskolan 1;12079022;Norrköping;0581;Kommunal;Norrköpings kommun;2120000456;49;18,4;53,1;28,6;72;2,8;62,5;34,7;69;1,4;55,1;43,5;21;9,5;42,9;47,6;
Enebyskolan 1;24625357;Norrköping;0581;Kommunal;Norrköpings kommun;2120000456;52;.;65,4;34,6;55;.;70,9;29,1;55;14,5;70,9;14,5;.;.;.;.;
Enebyskolan 2;35609364;Norrköping;0581;Kommunal;Norrköpings kommun;2120000456;55;14,5;63,6;21,8;54;.;81,5;18,5;55;3,6;89,1;7,3;.;.;.;.;
Hagaskolan 1;17315625;Norrköping;0581;Kommunal;Norrköpings kommun;2120000456;70;20,0;38,6;41,4;94;.;69,1;30,9;93;31,2;51,6;17,2;22;4,5;40,9;54,5;
Hultdalsskolan;40393888;Norrköping;0581;Kommunal;Norrköpings kommun;2120000456;121;4,1;62,8;33,1;121;.;90,9;9,1;122;12,3;84,4;3,3;.;.;.;.;
JENSEN grundskola Norrköping;10435966;Norrköping;0581;Enskild;Jensen Education College AB;5566358759;51;.;70,6;29,4;59;.;74,6;25,4;58;.;79,3;20,7;.;.;.;.;
Johannesskolan Norrkpg Kr Sk;57529996;Norrköping;0581;Enskild;Stiftelsen Agape Norrköping;8190009996;21;4,8;61,9;33,3;20;.;60,0;40,0;21;9,5;81,0;9,5;.;.;.;.;
Jönsbergska Idrottsskolan Norrköping;61454000;Norrköping;0581;Enskild;Jönsbergska Idrottsskolan Norrköping AB;5566765920;48;10,4;83,3;6,3;49;8,2;91,8;.;50;4,0;84,0;12,0;.;.;.;.;
Klingsborgsskolan 2;52875693;Norrköping;0581;Kommunal;Norrköpings kommun;2120000456;21;.;61,9;38,1;94;1,1;69,1;29,8;91;19,8;62,6;17,6;73;.;58,9;41,1;
Kunskapsskolan Norrköping;77437748;Norrköping;0581;Enskild;Kunskapsskolan i Sverige Aktiebolag;5565661815;106;4,7;80,2;15,1;104;.;89,4;10,6;104;.;98,1;1,9;.;.;.;.;
Lärande Grundskola Södra;72526185;Norrköping;0581;Enskild;Lärande förskolor och grundskolor i Sverige AB;5567243547;46;.;82,6;17,4;48;.;89,6;10,4;50;28,0;68,0;4,0;.;.;.;.;
Lärande Grundskola Östra;90838156;Norrköping;0581;Enskild;Lärande förskolor och grundskolor i Sverige AB;5567243547;38;2,6;76,3;21,1;52;.;40,4;59,6;53;5,7;71,7;22,6;.;.;.;.;
Mosstorpsskolan 2;67224193;Norrköping;0581;Kommunal;Norrköpings kommun;2120000456;99;7,1;82,8;10,1;87;.;58,6;41,4;100;17,0;75,0;8,0;.;.;.;.;
Navestadsskolan 2;67887385;Norrköping;0581;Kommunal;Norrköpings kommun;2120000456;49;4,1;59,2;36,7;66;.;72,7;27,3;70;11,4;70,0;18,6;21;.;66,7;33,3;
Nordic International School Norrköping;67542970;Norrköping;0581;Enskild;Nordic International School AB;5566102033;33;12,1;48,5;39,4;74;.;93,2;6,8;76;.;80,3;19,7;45;8,9;55,6;35,6;
Prolympia, Norrköping;16013826;Norrköping;0581;Enskild;Prolympia AB;5567026454;103;13,6;73,8;12,6;104;1,0;45,2;53,8;108;2,8;83,3;13,9;.;.;.;.;
Råsslaskolan 1;80621158;Norrköping;0581;Kommunal;Norrköpings kommun;2120000456;83;13,3;30,1;56,6;81;.;60,5;39,5;81;34,6;60,5;4,9;.;.;.;.;
Sandbyhovsskolan;64558930;Norrköping;0581;Kommunal;Norrköpings kommun;2120000456;76;3,9;64,5;31,6;93;2,2;77,4;20,4;91;35,2;64,8;.;15;.;40,0;60,0;
Vikbolandsskolan 1;86323840;Norrköping;0581;Kommunal;Norrköpings kommun;2120000456;51;7,8;58,8;33,3;50;2,0;84,0;14,0;50;30,0;62,0;8,0;.;.;.;.;
Vittra Röda stan;38936292;Norrköping;0581;Enskild;Vittraskolorna AB;5564586716;15;13,3;86,7;.;22;.;72,7;27,3;22;13,6;77,3;9,1;.;.;.;.;
Ekebyholmsskolan, gr;98239828;Norrtälje;0188;Enskild;Ekebyholmsskolan Aktiebolag;5562512425;21;.;81,0;19,0;24;.;100,0;.;24;.;87,5;12,5;.;.;.;.;
Freinetskolan Hugin;89692072;Norrtälje;0188;Enskild;Freinetskolan Hugin Ekonomisk förening;7696188189;21;.;52,4;47,6;24;.;95,8;4,2;24;.;83,3;16,7;.;.;.;.;
Freinetskolan Mimer Tingshuset;57467562;Norrtälje;0188;Enskild;Freinetskolan Mimer ekonomisk förening;7696021117;45;4,4;66,7;28,9;46;.;69,6;30,4;48;6,3;66,7;27,1;.;.;.;.;
Hallsta skola;24146389;Norrtälje;0188;Kommunal;Norrtälje kommun;2120000217;50;.;24,0;76,0;59;.;44,1;55,9;61;3,3;75,4;21,3;.;.;.;.;
Långsjöskolan;99749462;Norrtälje;0188;Kommunal;Norrtälje kommun;2120000217;75;1,3;41,3;57,3;77;.;79,2;20,8;79;36,7;60,8;2,5;.;.;.;.;
Länna skola;72471883;Norrtälje;0188;Kommunal;Norrtälje kommun;2120000217;37;5,4;70,3;24,3;39;.;84,6;15,4;35;11,4;88,6;.;.;.;.;.;
Montessoriskolan - Gustafslund;26281697;Norrtälje;0188;Enskild;Montessori i Norrtälje AB;5562855410;29;.;86,2;13,8;28;.;85,7;14,3;25;.;92,0;8,0;.;.;.;.;
Norrsundsskolan;39351914;Norrtälje;0188;Kommunal;Norrtälje kommun;2120000217;18;5,6;94,4;.;20;.;85,0;15,0;22;13,6;81,8;4,5;.;.;.;.;
Roslagsskolan;31851256;Norrtälje;0188;Kommunal;Norrtälje kommun;2120000217;181;1,7;42,0;56,4;185;0,5;76,2;23,2;181;15,5;77,3;7,2;.;.;.;.;
Svanberga skola;59975651;Norrtälje;0188;Kommunal;Norrtälje kommun;2120000217;52;9,6;51,9;38,5;49;.;73,5;26,5;51;29,4;62,7;7,8;.;.;.;.;
Viby friskola;54806839;Norrtälje;0188;Enskild;Ogenholts Friskola AB;5565533873;16;.;100,0;.;16;.;93,8;6,3;16;.;100,0;.;.;.;.;.;
Wigulfskolan;15312030;Norrtälje;0188;Kommunal;Norrtälje kommun;2120000217;43;2,3;53,5;44,2;51;.;41,2;58,8;53;5,7;94,3;.;.;.;.;.;
Norsjöskolan F-9;10421130;Norsjö;2417;Kommunal;Norsjö kommun;2120002858;41;.;68,3;31,7;40;2,5;65,0;32,5;43;16,3;69,8;14,0;.;.;.;.;
Alsterbro skola;62698200;Nybro;0881;Kommunal;Nybro kommun;2120000753;16;6,3;75,0;18,8;16;.;75,0;25,0;16;12,5;81,3;6,3;.;.;.;.;
Madesjöskolan Ma02;38198417;Nybro;0881;Kommunal;Nybro kommun;2120000753;60;11,7;58,3;30,0;69;2,9;56,5;40,6;70;2,9;92,9;4,3;.;.;.;.;
Paradisskolan Pa02;79650118;Nybro;0881;Kommunal;Nybro kommun;2120000753;75;12,0;76,0;12,0;100;2,0;77,0;21,0;95;10,5;85,3;4,2;23;4,3;73,9;21,7;
Lillhagaskolan;99640618;Nykvarn;0140;Kommunal;Nykvarns kommun;2120002999;147;8,8;64,6;26,5;148;6,1;66,9;27,0;154;17,5;74,7;7,8;.;.;.;.;
Fokusskolan;18915192;Nyköping;0480;Enskild;Nyfo AB;5567812291;21;14,3;57,1;28,6;22;.;68,2;31,8;23;.;100,0;.;.;.;.;.;
Innovitaskolan Nyköping 2;90949432;Nyköping;0480;Enskild;Pysslingen Förskolor och Skolor AB;5560354309;46;2,2;82,6;15,2;44;2,3;88,6;9,1;46;2,2;87,0;10,9;.;.;.;.;
Kunskapsskolan Nyköping;88046003;Nyköping;0480;Enskild;Kunskapsskolan i Sverige Aktiebolag;5565661815;105;13,3;66,7;20,0;123;4,9;58,5;36,6;119;27,7;57,1;15,1;.;.;.;.;
Mikaeliskolan;75746018;Nyköping;0480;Enskild;Stiftelsen Mikaeliskolan i Nyköping;8190010572;16;6,3;75,0;18,8;17;.;82,4;17,6;17;17,6;82,4;.;.;.;.;.;
Nyköpings Enskilda Grundskola;91013126;Nyköping;0480;Enskild;Nyköpings Enskilda Grundskola AB;5590689559;126;2,4;40,5;57,1;130;8,5;86,2;5,4;131;32,1;64,9;3,1;.;.;.;.;
Nyköpings högstadium;99757444;Nyköping;0480;Kommunal;Nyköpings kommun;2120002940;169;13,6;76,3;10,1;232;1,7;74,6;23,7;220;4,1;76,8;19,1;53;9,4;50,9;39,6;
Vittra Kungshagen;50698424;Nyköping;0480;Enskild;Vittraskolorna AB;5564586716;43;2,3;79,1;18,6;52;.;82,7;17,3;53;5,7;81,1;13,2;.;.;.;.;
Gröndalsskolan F-9;65717061;Nynäshamn;0192;Kommunal;Nynäshamns kommun;2120000233;99;4,0;66,7;29,3;104;1,0;40,4;58,7;114;4,4;75,4;20,2;.;.;.;.;
Vanstaskolan F-9;68361133;Nynäshamn;0192;Kommunal;Nynäshamns kommun;2120000233;84;1,2;39,3;59,5;101;2,0;62,4;35,6;100;2,0;78,0;20,0;.;.;.;.;
Viaskolan 8-9;29154754;Nynäshamn;0192;Kommunal;Nynäshamns kommun;2120000233;46;15,2;69,6;15,2;59;.;66,1;33,9;52;7,7;71,2;21,2;.;.;.;.;
Brinells högstadium;27489659;Nässjö;0682;Kommunal;Nässjö kommun;2120000548;62;11,3;64,5;24,2;101;2,0;65,3;32,7;108;10,2;75,9;13,9;40;10,0;72,5;17,5;
Norråsaskolan;19118399;Nässjö;0682;Kommunal;Nässjö kommun;2120000548;105;13,3;60,0;26,7;119;2,5;69,7;27,7;119;39,5;53,8;6,7;18;.;72,2;27,8;
Parkskolan;97882848;Nässjö;0682;Kommunal;Nässjö kommun;2120000548;49;10,2;57,1;32,7;57;3,5;78,9;17,5;59;6,8;89,8;3,4;.;.;.;.;
Rosenholmsskolan;66394964;Nässjö;0682;Kommunal;Nässjö kommun;2120000548;28;7,1;60,7;32,1;31;.;48,4;51,6;31;6,5;74,2;19,4;.;.;.;.;
Perslundaskolan åk 7-9;20248329;Ockelbo;2101;Kommunal;Ockelbo kommun;2120002288;36;8,3;58,3;33,3;40;.;80,0;20,0;37;2,7;91,9;5,4;.;.;.;.;
Högavångsskolan;53603984;Olofström;1060;Kommunal;Olofströms kommun;2120000811;121;5,0;60,3;34,7;141;0,7;60,3;39,0;148;18,2;66,9;14,9;23;.;87,0;13,0;
Orsaskolan;19694910;Orsa;2034;Kommunal;Orsa kommun;2120002189;55;.;80,0;20,0;61;.;72,1;27,9;68;2,9;88,2;8,8;.;.;.;.;
Henåns skola 7-9;76943513;Orust;1421;Kommunal;Orust kommun;2120001314;77;13,0;54,5;32,5;83;1,2;68,7;30,1;84;40,5;56,0;3,6;.;.;.;.;
Ängås skola 7-9;34557677;Orust;1421;Kommunal;Orust kommun;2120001314;55;7,3;76,4;16,4;61;4,9;54,1;41,0;60;23,3;70,0;6,7;.;.;.;.;
Hasslarödsskolan 7-9;13184976;Osby;1273;Kommunal;Osby kommun;2120000902;109;7,3;62,4;30,3;118;1,7;66,9;31,4;121;24,0;58,7;17,4;.;.;.;.;
Örkenedskolan F-9;21002578;Osby;1273;Kommunal;Osby kommun;2120000902;19;5,3;47,4;47,4;21;.;38,1;61,9;22;.;54,5;45,5;.;.;.;.;
Kristinebergskolan F-9;38052846;Oskarshamn;0882;Kommunal;Oskarshamns kommun;2120000761;63;22,2;63,5;14,3;74;1,4;78,4;20,3;76;47,4;52,6;.;.;.;.;.;
Rödsleskolan F-9;55569663;Oskarshamn;0882;Kommunal;Oskarshamns kommun;2120000761;71;14,1;66,2;19,7;74;5,4;79,7;14,9;75;22,7;66,7;10,7;.;.;.;.;
Vallhallaskolan F-9;65582914;Oskarshamn;0882;Kommunal;Oskarshamns kommun;2120000761;82;2,4;54,9;42,7;104;1,9;77,9;20,2;103;9,7;88,3;1,9;22;.;77,3;22,7;
Alftaskolan 7-9;92304123;Ovanåker;2121;Kommunal;Ovanåkers kommun;2120002304;39;7,7;64,1;28,2;45;2,2;77,8;20,0;45;13,3;77,8;8,9;.;.;.;.;
Celsiusskolan 7-9;43362307;Ovanåker;2121;Kommunal;Ovanåkers kommun;2120002304;63;4,8;82,5;12,7;60;1,7;56,7;41,7;66;10,6;84,8;4,5;.;.;.;.;
Oxelöskolan;12053461;Oxelösund;0481;Kommunal;Oxelösunds kommun;2120000324;22;.;77,3;22,7;39;.;74,4;25,6;40;5,0;77,5;17,5;20;.;100,0;.;
Ramdalsskolan;98215830;Oxelösund;0481;Kommunal;Oxelösunds kommun;2120000324;56;21,4;55,4;23,2;55;.;67,3;32,7;56;3,6;48,2;48,2;.;.;.;.;
Pajala Centralskola;12443258;Pajala;2521;Kommunal;Pajala kommun;2120002718;41;.;65,9;34,1;42;2,4;78,6;19,0;46;6,5;67,4;26,1;.;.;.;.;
Casa Montessori;68358072;Partille;1402;Enskild;Montessoristiftelsen i Partille;8572054610;17;17,6;82,4;.;18;.;77,8;22,2;16;12,5;87,5;.;.;.;.;.;
Lexby skola 6-9;51610240;Partille;1402;Kommunal;Partille kommun;2120001272;93;8,6;79,6;11,8;113;0,9;61,9;37,2;120;5,8;88,3;5,8;23;13,0;65,2;21,7;
Stadsparksskolan;57412559;Partille;1402;Kommunal;Partille kommun;2120001272;82;6,1;68,3;25,6;101;3,0;86,1;10,9;104;7,7;80,8;11,5;20;.;80,0;20,0;
Ugglums skola 5-9;78100490;Partille;1402;Kommunal;Partille kommun;2120001272;48;.;83,3;16,7;49;.;79,6;20,4;47;2,1;97,9;.;.;.;.;.;
Vallhamra skola 7-9;92848832;Partille;1402;Kommunal;Partille kommun;2120001272;115;7,0;68,7;24,3;117;7,7;80,3;12,0;126;2,4;85,7;11,9;.;.;.;.;
Öjersjö Storegård skola 5-9;19873115;Partille;1402;Kommunal;Partille kommun;2120001272;99;1,0;84,8;14,1;104;.;93,3;6,7;101;20,8;76,2;3,0;.;.;.;.;
Centralskolan 4-9;24561124;Perstorp;1275;Kommunal;Perstorps kommun;2120000910;55;.;65,5;34,5;84;.;81,0;19,0;81;12,3;64,2;23,5;25;8,0;60,0;32,0;
Christinaskolan 7-9;94591900;Piteå;2581;Kommunal;Piteå kommun;2120002759;90;6,7;66,7;26,7;102;2,9;80,4;16,7;102;40,2;56,9;2,9;.;.;.;.;
Hortlax skola;10185533;Piteå;2581;Kommunal;Piteå kommun;2120002759;97;1,0;79,4;19,6;95;1,1;69,5;29,5;96;30,2;64,6;5,2;.;.;.;.;
Pitholmsskolan 7-9;18339846;Piteå;2581;Kommunal;Piteå kommun;2120002759;78;2,6;75,6;21,8;74;.;64,9;35,1;79;8,9;91,1;.;.;.;.;.;
Porsnässkolan;18748381;Piteå;2581;Kommunal;Piteå kommun;2120002759;68;8,8;35,3;55,9;67;1,5;47,8;50,7;68;33,8;51,5;14,7;.;.;.;.;
Sjulnässkolan;42296356;Piteå;2581;Kommunal;Piteå kommun;2120002759;38;2,6;68,4;28,9;42;2,4;71,4;26,2;42;21,4;69,0;9,5;.;.;.;.;
Solanderskolan;69993304;Piteå;2581;Kommunal;Piteå kommun;2120002759;26;11,5;73,1;15,4;37;.;75,7;24,3;38;21,1;73,7;5,3;.;.;.;.;
Anders-Olofskolan;78545687;Ragunda;2303;Kommunal;Ragunda kommun;2120002452;24;16,7;66,7;16,7;31;9,7;67,7;22,6;28;14,3;82,1;3,6;.;.;.;.;
Hansåkerskolan;22316816;Ragunda;2303;Kommunal;Ragunda kommun;2120002452;19;.;52,6;47,4;20;.;50,0;50,0;15;6,7;80,0;13,3;.;.;.;.;
Tundalsskolan åk 7-9;74131494;Robertsfors;2409;Kommunal;Robertsfors kommun;2120002551;71;7,0;76,1;16,9;74;2,7;81,1;16,2;76;27,6;69,7;2,6;.;.;.;.;
Kallingeskolan 7-9;53155267;Ronneby;1081;Kommunal;Ronneby kommun;2120000837;95;5,3;53,7;41,1;112;4,5;56,3;39,3;117;10,3;82,1;7,7;23;.;60,9;39,1;
Parkdalaskolan 7-9;10175276;Ronneby;1081;Kommunal;Ronneby kommun;2120000837;44;2,3;75,0;22,7;68;.;33,8;66,2;70;17,1;75,7;7,1;26;15,4;53,8;30,8;
Silverbergsskolan Ronneby;38449858;Ronneby;1081;Enskild;Skolalliansen i Sverige AB;5567497051;26;.;80,8;19,2;45;.;77,8;22,2;45;26,7;64,4;8,9;18;11,1;77,8;11,1;
Snäckebacksskolan 7-9;12753961;Ronneby;1081;Kommunal;Ronneby kommun;2120000837;57;3,5;61,4;35,1;81;.;58,0;42,0;78;34,6;60,3;5,1;23;4,3;82,6;13,0;
Rättviksskolan;73451967;Rättvik;2031;Kommunal;Rättviks kommun;2120002171;70;1,4;71,4;27,1;73;1,4;53,4;45,2;73;13,7;71,2;15,1;.;.;.;.;
Ekebyskolan;62812509;Sala;1981;Kommunal;Sala kommun;2120002098;92;5,4;50,0;44,6;109;1,8;54,1;44,0;104;24,0;65,4;10,6;17;5,9;58,8;35,3;
Vallaskolan 7-9;62995298;Sala;1981;Kommunal;Sala kommun;2120002098;129;5,4;81,4;13,2;128;.;60,2;39,8;135;3,7;54,1;42,2;.;.;.;.;
Fågelsångens skola;54067262;Salem;0128;Kommunal;Salems kommun;2120002874;27;.;51,9;48,1;40;2,5;82,5;15,0;38;13,2;71,1;15,8;.;.;.;.;
Nytorpsskolan;36262199;Salem;0128;Kommunal;Salems kommun;2120002874;23;.;78,3;21,7;21;9,5;71,4;19,0;23;17,4;73,9;8,7;.;.;.;.;
Rönninge skola;71677992;Salem;0128;Kommunal;Salems kommun;2120002874;56;21,4;44,6;33,9;55;9,1;80,0;10,9;53;32,1;62,3;5,7;.;.;.;.;
Skogsängsskolan;58385274;Salem;0128;Kommunal;Salems kommun;2120002874;36;2,8;88,9;8,3;47;.;55,3;44,7;43;4,7;93,0;2,3;.;.;.;.;
Söderby friskola;56858061;Salem;0128;Enskild;Söderby Friskola Ekonomisk Förening;7696016117;23;4,3;87,0;8,7;21;.;57,1;42,9;24;12,5;87,5;.;.;.;.;.;
Björksätraskolan F-9;53803818;Sandviken;2181;Kommunal;Sandvikens kommun;2120002346;66;6,1;60,6;33,3;83;.;80,7;19,3;89;22,5;75,3;2,2;19;26,3;57,9;15,8;
Hedängskolan 6-9;72318069;Sandviken;2181;Kommunal;Sandvikens kommun;2120002346;57;7,0;33,3;59,6;54;1,9;94,4;3,7;58;6,9;91,4;1,7;.;.;.;.;
Murgårdsskolan;78907748;Sandviken;2181;Kommunal;Sandvikens kommun;2120002346;65;3,1;60,0;36,9;90;1,1;61,1;37,8;97;23,7;66,0;10,3;30;6,7;43,3;50,0;
Norrsätraskolan;80131736;Sandviken;2181;Kommunal;Sandvikens kommun;2120002346;57;7,0;61,4;31,6;74;1,4;45,9;52,7;85;36,5;51,8;11,8;26;.;69,2;30,8;
Sandvikens Internationella Montessoriskola;17233525;Sandviken;2181;Enskild;Sandvikens Friskola AB;5590474481;20;.;90,0;10,0;21;.;90,5;9,5;20;5,0;90,0;5,0;.;.;.;.;
Centralskolan;61056172;Sigtuna;0191;Kommunal;Sigtuna kommun;2120000225;30;10,0;76,7;13,3;52;.;61,5;38,5;52;3,8;84,6;11,5;23;4,3;78,3;17,4;
Ekillaskolan;14261356;Sigtuna;0191;Kommunal;Sigtuna kommun;2120000225;34;5,9;58,8;35,3;80;1,3;85,0;13,8;89;18,0;80,9;1,1;51;3,9;60,8;35,3;
Internationella Engelska Skolan Sigtuna;63592981;Sigtuna;0191;Enskild;Internationella Engelska Skolan i Sverige AB;5564624368;42;.;78,6;21,4;53;3,8;75,5;20,8;50;2,0;88,0;10,0;.;.;.;.;
Josefinaskolan, grundskola;55508705;Sigtuna;0191;Enskild;Stiftelsen Josefinaskolan;8148007258;15;.;33,3;66,7;.;.;.;.;16;18,8;62,5;18,8;.;.;.;.;
Skolan Bergius;35008423;Sigtuna;0191;Enskild;Sigtuna Friskola AB;5567482707;67;11,9;52,2;35,8;64;1,6;90,6;7,8;68;5,9;89,7;4,4;.;.;.;.;
S:t Olofs skola;13579948;Sigtuna;0191;Kommunal;Sigtuna kommun;2120000225;123;3,3;57,7;39,0;150;6,7;66,0;27,3;152;3,9;69,7;26,3;27;.;66,7;33,3;
Steningehöjdens skola;38854084;Sigtuna;0191;Kommunal;Sigtuna kommun;2120000225;36;.;44,4;55,6;77;.;70,1;29,9;78;.;76,9;23,1;45;4,4;57,8;37,8;
Tingvallaskolan;78491090;Sigtuna;0191;Kommunal;Sigtuna kommun;2120000225;36;2,8;55,6;41,7;56;.;83,9;16,1;56;21,4;75,0;3,6;17;.;70,6;29,4;
Korsavadsskolan 1;66350640;Simrishamn;1291;Kommunal;Simrishamns kommun;2120000969;104;1,0;91,3;7,7;123;.;85,4;14,6;121;20,7;73,6;5,8;18;.;94,4;5,6;
Nils Holgerssonskolan;24445412;Simrishamn;1291;Enskild;Föräldrakooperativet Nils Holgerssonskolan Ek Fö;7696014666;26;.;88,5;11,5;26;.;76,9;23,1;26;3,8;92,3;3,8;.;.;.;.;
Sophiaskolan;59958745;Simrishamn;1291;Enskild;Stift Sophiaskolan, Österlens Waldorfskola;8388005517;24;.;70,8;29,2;22;.;95,5;4,5;24;.;100,0;.;.;.;.;.;
Färsingaskolan;17176734;Sjöbo;1265;Kommunal;Sjöbo kommun;2120001090;84;7,1;44,0;48,8;95;4,2;54,7;41,1;97;4,1;89,7;6,2;.;.;.;.;
Friskolan Metis;46013569;Skara;1495;Enskild;Lärocentrum i Skara Ekonomisk Förening;7696068381;27;.;48,1;51,9;28;.;82,1;17,9;27;14,8;77,8;7,4;.;.;.;.;
Viktoriaskolan 1;14808086;Skara;1495;Kommunal;Skara kommun;2120001702;111;3,6;62,2;34,2;150;0,7;52,0;47,3;145;9,7;75,9;14,5;38;7,9;84,2;7,9;
Björkskolan;65417636;Skellefteå;2482;Enskild;Skolföreningen Växa;8947021443;23;.;69,6;30,4;23;4,3;87,0;8,7;24;8,3;91,7;.;.;.;.;.;
Björnåkersskolan;15720147;Skellefteå;2482;Kommunal;Skellefteå kommun;2120002643;39;.;71,8;28,2;40;.;47,5;52,5;41;.;90,2;9,8;.;.;.;.;
Bolidenskolan;39160736;Skellefteå;2482;Kommunal;Skellefteå kommun;2120002643;.;.;.;.;26;.;69,2;30,8;25;8,0;72,0;20,0;.;.;.;.;
Bureskolan;97784361;Skellefteå;2482;Kommunal;Skellefteå kommun;2120002643;46;10,9;65,2;23,9;55;1,8;47,3;50,9;55;25,5;72,7;1,8;.;.;.;.;
Byskeskolan;23992844;Skellefteå;2482;Kommunal;Skellefteå kommun;2120002643;37;.;67,6;32,4;36;2,8;94,4;2,8;39;12,8;56,4;30,8;.;.;.;.;
Floraskolan;81992480;Skellefteå;2482;Kommunal;Skellefteå kommun;2120002643;82;4,9;53,7;41,5;88;.;40,9;59,1;84;34,5;63,1;2,4;.;.;.;.;
Internationella Engelska Skolan Skellefteå;92621428;Skellefteå;2482;Enskild;Internationella Engelska Skolan i Sverige AB;5564624368;43;.;83,7;16,3;52;.;90,4;9,6;52;1,9;92,3;5,8;.;.;.;.;
Kågeskolan;67809657;Skellefteå;2482;Kommunal;Skellefteå kommun;2120002643;56;7,1;64,3;28,6;59;3,4;54,2;42,4;59;11,9;69,5;18,6;.;.;.;.;
Lejonströmsskolan;53655678;Skellefteå;2482;Kommunal;Skellefteå kommun;2120002643;85;5,9;56,5;37,6;82;.;26,8;73,2;88;8,0;85,2;6,8;.;.;.;.;
Lövångersskolan;87194036;Skellefteå;2482;Kommunal;Skellefteå kommun;2120002643;18;5,6;88,9;5,6;25;4,0;68,0;28,0;27;25,9;74,1;.;.;.;.;.;
Morö backe skola;48983548;Skellefteå;2482;Kommunal;Skellefteå kommun;2120002643;48;4,2;77,1;18,8;55;.;89,1;10,9;54;31,5;68,5;.;.;.;.;.;
Norrhammarskolan;20566987;Skellefteå;2482;Kommunal;Skellefteå kommun;2120002643;61;4,9;80,3;14,8;67;16,4;74,6;9,0;64;28,1;70,3;1,6;.;.;.;.;
Sörböleskolan;89661489;Skellefteå;2482;Kommunal;Skellefteå kommun;2120002643;96;5,2;85,4;9,4;101;1,0;79,2;19,8;98;39,8;57,1;3,1;.;.;.;.;
Ursviksskolan;15716434;Skellefteå;2482;Kommunal;Skellefteå kommun;2120002643;41;7,3;68,3;24,4;41;4,9;78,0;17,1;44;18,2;79,5;2,3;.;.;.;.;
Örjanskolan;42247223;Skellefteå;2482;Kommunal;Skellefteå kommun;2120002643;36;8,3;75,0;16,7;47;.;66,0;34,0;47;27,7;72,3;.;.;.;.;.;
Klockarbergsskolan;62958817;Skinnskatteberg;1904;Kommunal;Skinnskattebergs kommun;2120002023;22;9,1;68,2;22,7;30;.;70,0;30,0;30;.;50,0;50,0;.;.;.;.;
Alléskolan;60217642;Skurup;1264;Kommunal;Skurups kommun;2120001082;21;.;66,7;33,3;22;.;50,0;50,0;21;.;81,0;19,0;.;.;.;.;
Prästamosseskolan;31975018;Skurup;1264;Kommunal;Skurups kommun;2120001082;108;2,8;51,9;45,4;116;0,9;37,1;62,1;119;10,9;79,8;9,2;.;.;.;.;
Eriksdalskolan 2;97361837;Skövde;1496;Kommunal;Skövde kommun;2120001710;31;12,9;71,0;16,1;42;.;59,5;40,5;41;7,3;92,7;.;.;.;.;.;
Helenaskolan;18790096;Skövde;1496;Kommunal;Skövde kommun;2120001710;104;2,9;76,9;20,2;130;1,5;78,5;20,0;134;11,2;85,1;3,7;26;.;92,3;7,7;
Raoul Wallenbergskolan Skövde;90728703;Skövde;1496;Enskild;Raoul Wallenbergskolorna Skaraborg AB;5591438618;130;6,9;76,9;16,2;148;6,8;77,0;16,2;149;6,0;89,3;4,7;.;.;.;.;
Stöpenskolan;89477299;Skövde;1496;Kommunal;Skövde kommun;2120001710;108;2,8;80,6;16,7;119;0,8;81,5;17,6;112;5,4;92,9;1,8;.;.;.;.;
Vasaskolan 1;16057411;Skövde;1496;Kommunal;Skövde kommun;2120001710;56;7,1;73,2;19,6;73;.;78,1;21,9;70;31,4;68,6;.;.;.;.;.;
Vasaskolan 2;83894630;Skövde;1496;Kommunal;Skövde kommun;2120001710;92;8,7;42,4;48,9;102;1,0;72,5;26,5;103;20,4;63,1;16,5;.;.;.;.;
Bergaskolan;81136807;Smedjebacken;2061;Kommunal;Smedjebackens kommun;2120002205;69;.;40,6;59,4;78;.;75,6;24,4;78;14,1;78,2;7,7;.;.;.;.;
Kyrkskolan;68814096;Smedjebacken;2061;Kommunal;Smedjebackens kommun;2120002205;24;4,2;50,0;45,8;25;.;28,0;72,0;26;3,8;61,5;34,6;.;.;.;.;
Junsele skola;49748045;Sollefteå;2283;Kommunal;Sollefteå kommun;2120002437;15;.;73,3;26,7;18;.;88,9;11,1;17;17,6;76,5;5,9;.;.;.;.;
Nipanskolan F-9;46660811;Sollefteå;2283;Kommunal;Sollefteå kommun;2120002437;66;6,1;53,0;40,9;73;1,4;50,7;47,9;74;17,6;48,6;33,8;.;.;.;.;
Vallaskolan 4-9;41865593;Sollefteå;2283;Kommunal;Sollefteå kommun;2120002437;47;2,1;72,3;25,5;58;1,7;74,1;24,1;61;6,6;85,2;8,2;.;.;.;.;
Dibber International School Sollentuna;47462120;Sollentuna;0163;Enskild;Dibber Norrviken Skola AB;5567289391;31;6,5;74,2;19,4;50;2,0;64,0;34,0;50;8,0;66,0;26,0;.;.;.;.;
Edsbergsskolan;18595907;Sollentuna;0163;Kommunal;Sollentuna kommun;2120000134;90;10,0;62,2;27,8;113;0,9;92,0;7,1;113;15,9;80,5;3,5;21;4,8;42,9;52,4;
Futuraskolan International Hertig Karl;40467992;Sollentuna;0163;Enskild;Futuraskolan AB;5566095047;.;.;.;.;17;.;64,7;35,3;18;.;77,8;22,2;.;.;.;.;
Futuraskolan International Rådan;47986219;Sollentuna;0163;Enskild;Futuraskolan AB;5566095047;19;.;89,5;10,5;23;.;95,7;4,3;22;.;95,5;4,5;.;.;.;.;
Gillbo-Gröndalsskolan;73629371;Sollentuna;0163;Kommunal;Sollentuna kommun;2120000134;47;4,3;89,4;6,4;50;.;76,0;24,0;49;12,2;83,7;4,1;.;.;.;.;
Gärdesskolan;70201551;Sollentuna;0163;Kommunal;Sollentuna kommun;2120000134;55;.;85,5;14,5;57;.;84,2;15,8;62;38,7;58,1;3,2;.;.;.;.;
Helenelundsskolan;62862066;Sollentuna;0163;Kommunal;Sollentuna kommun;2120000134;113;0,9;64,6;34,5;117;2,6;86,3;11,1;122;13,9;82,8;3,3;.;.;.;.;
Häggvik- Skälbyskolan;85440729;Sollentuna;0163;Kommunal;Sollentuna kommun;2120000134;52;.;78,8;21,2;58;.;86,2;13,8;55;5,5;85,5;9,1;.;.;.;.;
Mikaelskolan;85777315;Sollentuna;0163;Enskild;Föreningen Mikaelskolan;8148008330;15;.;46,7;53,3;21;9,5;57,1;33,3;21;9,5;85,7;4,8;.;.;.;.;
Runbackaskolan;15339442;Sollentuna;0163;Kommunal;Sollentuna kommun;2120000134;52;1,9;65,4;32,7;57;10,5;71,9;17,5;58;5,2;74,1;20,7;.;.;.;.;
Rälsen AB åk 4-9;43375546;Sollentuna;0163;Enskild;Rälsen Aktiebolag;5564524220;27;.;92,6;7,4;26;.;96,2;3,8;29;6,9;89,7;3,4;.;.;.;.;
Silverbäcken Dibber;56867397;Sollentuna;0163;Enskild;Dibber Inspira AB;5566096516;44;.;88,6;11,4;43;2,3;69,8;27,9;44;4,5;90,9;4,5;.;.;.;.;
Silverdalsskolan;69195602;Sollentuna;0163;Kommunal;Sollentuna kommun;2120000134;53;.;83,0;17,0;58;1,7;82,8;15,5;59;.;69,5;30,5;.;.;.;.;
Sofielundsskolan;39907811;Sollentuna;0163;Kommunal;Sollentuna kommun;2120000134;33;.;81,8;18,2;52;.;71,2;28,8;53;9,4;86,8;3,8;21;.;100,0;.;
Sollentuna musikklasser;21871265;Sollentuna;0163;Kommunal;Sollentuna kommun;2120000134;59;.;86,4;13,6;61;1,6;77,0;21,3;61;.;86,9;13,1;.;.;.;.;
Stockholm International Academy Häggvik;83735665;Sollentuna;0163;Enskild;Mubarak Utbildning AB;5568571748;24;16,7;62,5;20,8;37;.;97,3;2,7;38;2,6;84,2;13,2;.;.;.;.;
Tegelhagens skola;20253736;Sollentuna;0163;Kommunal;Sollentuna kommun;2120000134;61;1,6;62,3;36,1;59;1,7;69,5;28,8;60;6,7;90,0;3,3;.;.;.;.;
Turebergsskolan;75401552;Sollentuna;0163;Kommunal;Sollentuna kommun;2120000134;.;.;.;.;37;.;75,7;24,3;33;9,1;66,7;24,2;30;.;70,0;30,0;
Töjnaskolan;45882318;Sollentuna;0163;Kommunal;Sollentuna kommun;2120000134;63;4,8;58,7;36,5;82;.;80,5;19,5;83;7,2;73,5;19,3;17;.;64,7;35,3;
Vibyskolan ekonomisk förening;15547680;Sollentuna;0163;Enskild;Vibyskolan Ekonomisk Förening;7696034201;28;14,3;67,9;17,9;30;.;90,0;10,0;30;33,3;66,7;.;.;.;.;.;
Vittra Sollentuna;58102266;Sollentuna;0163;Enskild;Vittraskolorna AB;5564586716;.;.;.;.;21;.;95,2;4,8;18;5,6;88,9;5,6;.;.;.;.;
Hagaskolan;84585645;Solna;0184;Enskild;Djurgårdens Waldorfskoleförening;8024222641;25;.;64,0;36,0;23;.;39,1;60,9;23;8,7;91,3;.;.;.;.;.;
Ingridskolan, grundskola;53259263;Solna;0184;Enskild;Ingridskolan AB;5566222013;.;.;.;.;.;.;.;.;16;12,5;43,8;43,8;.;.;.;.;
Internationella Engelska Skolan Solna;12259212;Solna;0184;Enskild;Internationella Engelska Skolan i Sverige AB;5564624368;79;13,9;58,2;27,8;111;8,1;53,2;38,7;118;8,5;89,8;1,7;27;.;70,4;29,6;
Noblaskolan Solna;27323097;Solna;0184;Enskild;Pysslingen Förskolor och Skolor AB;5560354309;52;1,9;78,8;19,2;54;.;74,1;25,9;52;3,8;88,5;7,7;.;.;.;.;
Raoul Wallenbergskolan Bagartorp;13384795;Solna;0184;Enskild;Raoul Wallenbergskolorna AB;5566740113;117;0,9;46,2;53,0;120;2,5;65,0;32,5;125;19,2;67,2;13,6;.;.;.;.;
Råsunda Centralskola;33951941;Solna;0184;Kommunal;Solna kommun;2120000183;106;3,8;67,0;29,2;112;7,1;71,4;21,4;116;0,9;90,5;8,6;.;.;.;.;
Tallbackaskolan;73581523;Solna;0184;Kommunal;Solna kommun;2120000183;36;8,3;61,1;30,6;46;.;65,2;34,8;49;8,2;69,4;22,4;.;.;.;.;
Ulriksdalsskolan;46706680;Solna;0184;Kommunal;Solna kommun;2120000183;64;1,6;59,4;39,1;71;8,5;71,8;19,7;78;3,8;91,0;5,1;.;.;.;.;
Vittra Frösunda;48760074;Solna;0184;Enskild;Vittraskolorna AB;5564586716;26;7,7;84,6;7,7;29;10,3;69,0;20,7;26;15,4;76,9;7,7;.;.;.;.;
Ängkärrskolan i Solna;98515782;Solna;0184;Enskild;Stiftelsen Nya Ängkärrsskolan;8020174069;24;8,3;83,3;8,3;22;9,1;68,2;22,7;22;18,2;81,8;.;.;.;.;.;
Vindelälvsskolan 4-9;94589976;Sorsele;2422;Kommunal;Sorsele kommun;2120002585;27;3,7;22,2;74,1;26;7,7;73,1;19,2;26;23,1;57,7;19,2;.;.;.;.;
Sotenässkolan;78294346;Sotenäs;1427;Kommunal;Sotenäs kommun;2120001322;70;2,9;50,0;47,1;75;5,3;32,0;62,7;77;5,2;72,7;22,1;.;.;.;.;
Baldersskolan 7-9;86546038;Staffanstorp;1230;Kommunal;Staffanstorps kommun;2120001017;42;19,0;52,4;28,6;49;2,0;77,6;20,4;49;4,1;89,8;6,1;.;.;.;.;
Hagalidskolan;28784410;Staffanstorp;1230;Kommunal;Staffanstorps kommun;2120001017;131;1,5;73,3;25,2;140;2,1;69,3;28,6;141;20,6;77,3;2,1;.;.;.;.;
Hjärupslundsskolan;46191968;Staffanstorp;1230;Kommunal;Staffanstorps kommun;2120001017;121;5,8;72,7;21,5;126;0,8;67,5;31,7;120;10,0;86,7;3,3;.;.;.;.;
Internationella Engelska Skolan Staffanstorp;68467205;Staffanstorp;1230;Enskild;Internationella Engelska Skolan i Sverige AB;5564624368;48;6,3;60,4;33,3;58;.;43,1;56,9;56;1,8;73,2;25,0;.;.;.;.;
Hallernaskolan 7-9;71509701;Stenungsund;1415;Kommunal;Stenungsunds kommun;2120001298;135;1,5;45,9;52,6;140;1,4;64,3;34,3;138;5,8;82,6;11,6;.;.;.;.;
Kristinedalskolan 7-9;18275028;Stenungsund;1415;Kommunal;Stenungsunds kommun;2120001298;46;.;37,0;63,0;57;.;82,5;17,5;55;16,4;49,1;34,5;.;.;.;.;
Stenungsunds Montessoriskola;38786895;Stenungsund;1415;Enskild;Stenungsunds Montessori Ekonomiska Förening;7696038103;.;.;.;.;17;11,8;52,9;35,3;15;46,7;53,3;.;.;.;.;.;
Stora Högaskolan 7-9;21617136;Stenungsund;1415;Kommunal;Stenungsunds kommun;2120001298;129;3,9;82,2;14,0;130;.;91,5;8,5;133;13,5;81,2;5,3;.;.;.;.;
Abrahamsbergsskolan;44673074;Stockholm;0180;Kommunal;Stockholms kommun;2120000142;120;3,3;69,2;27,5;127;1,6;71,7;26,8;133;0,8;91,0;8,3;.;.;.;.;
Adolf Fredriks musikklasser;99648792;Stockholm;0180;Kommunal;Stockholms kommun;2120000142;178;1,7;67,4;30,9;182;2,2;85,2;12,6;124;2,4;95,2;2,4;.;.;.;.;
Akalla grundskola F-9;37796564;Stockholm;0180;Kommunal;Stockholms kommun;2120000142;.;.;.;.;43;7,0;67,4;25,6;42;9,5;61,9;28,6;32;3,1;62,5;34,4;
Alviksskolan;72627865;Stockholm;0180;Kommunal;Stockholms kommun;2120000142;72;2,8;61,1;36,1;89;2,2;86,5;11,2;94;17,0;64,9;18,1;17;.;47,1;52,9;
Aspuddens skola;72672270;Stockholm;0180;Kommunal;Stockholms kommun;2120000142;107;20,6;54,2;25,2;109;5,5;75,2;19,3;114;10,5;78,9;10,5;.;.;.;.;
Bagarmossens skola;13679897;Stockholm;0180;Kommunal;Stockholms kommun;2120000142;78;1,3;84,6;14,1;100;.;72,0;28,0;100;10,0;86,0;4,0;19;15,8;63,2;21,1;
Björkhagens skola;43088454;Stockholm;0180;Kommunal;Stockholms kommun;2120000142;84;1,2;78,6;20,2;90;.;87,8;12,2;95;4,2;86,3;9,5;.;.;.;.;
Bobergsskolan;62533129;Stockholm;0180;Kommunal;Stockholms kommun;2120000142;76;2,6;52,6;44,7;82;1,2;98,8;.;79;6,3;93,7;.;.;.;.;.;
Bredängsskolan;14121892;Stockholm;0180;Kommunal;Stockholms kommun;2120000142;21;.;33,3;66,7;49;.;32,7;67,3;47;6,4;57,4;36,2;27;.;40,7;59,3;
Bäckahagens skola;20683111;Stockholm;0180;Kommunal;Stockholms kommun;2120000142;36;8,3;72,2;19,4;69;.;81,2;18,8;66;1,5;98,5;.;33;.;81,8;18,2;
Campus Manilla;29371242;Stockholm;0180;Enskild;Campus Manilla Utbildning AB;5568834765;50;2,0;72,0;26,0;52;3,8;88,5;7,7;51;9,8;84,3;5,9;.;.;.;.;
Carlssons skola;35547286;Stockholm;0180;Enskild;Föreningen för Carlssons Skola;8020058270;62;1,6;77,4;21,0;62;1,6;82,3;16,1;62;9,7;85,5;4,8;.;.;.;.;
Ekens skola;13301127;Stockholm;0180;Kommunal;Stockholms kommun;2120000142;134;1,5;50,0;48,5;133;0,8;79,7;19,5;132;2,3;94,7;3,0;.;.;.;.;
Ellen Key skolan;16394249;Stockholm;0180;Enskild;Stiftelsen Ellen Key Skolan;8152007970;20;.;55,0;45,0;20;.;65,0;35,0;19;36,8;63,2;.;.;.;.;.;
Enbacksskolan;43632318;Stockholm;0180;Kommunal;Stockholms kommun;2120000142;.;.;.;.;43;2,3;60,5;37,2;43;4,7;48,8;46,5;30;.;33,3;66,7;
Engelbrektsskolan;87521048;Stockholm;0180;Kommunal;Stockholms kommun;2120000142;136;.;66,2;33,8;115;0,9;64,3;34,8;147;4,8;84,4;10,9;.;.;.;.;
Engelska Skolan Norr;29725531;Stockholm;0180;Enskild;Engelska Skolor och Förskolor i Sverige AB;5565699302;28;7,1;60,7;32,1;48;.;79,2;20,8;48;2,1;62,5;35,4;20;.;75,0;25,0;
Engelska Skolan Novia;66455663;Stockholm;0180;Enskild;Engelska Skolor och Förskolor i Sverige AB;5565699302;.;.;.;.;.;.;.;.;16;18,8;81,3;.;.;.;.;.;
Enskede skola;72248694;Stockholm;0180;Kommunal;Stockholms kommun;2120000142;113;1,8;46,9;51,3;119;.;49,6;50,4;115;7,0;79,1;13,9;.;.;.;.;
Enskilda gymnasiet, gr;92750123;Stockholm;0180;Enskild;Enskilda Gymnasiet;8020126531;82;4,9;64,6;30,5;87;1,1;83,9;14,9;85;12,9;81,2;5,9;.;.;.;.;
Entréskolan Stockholm;54847211;Stockholm;0180;Enskild;AmiSgo AB;5568148117;53;7,5;81,1;11,3;54;.;81,5;18,5;52;.;96,2;3,8;.;.;.;.;
Eriksdalsskolan;59249600;Stockholm;0180;Kommunal;Stockholms kommun;2120000142;119;3,4;63,0;33,6;125;2,4;88,8;8,8;133;22,6;73,7;3,8;.;.;.;.;
Estniska Skolan i Stockholm;34540901;Stockholm;0180;Enskild;Estniska Skolan i Stockholm;8020058908;15;.;46,7;53,3;18;16,7;83,3;.;18;27,8;55,6;16,7;.;.;.;.;
Europaskolan;79969356;Stockholm;0180;Enskild;AB Parts & Paomees;5567025696;45;4,4;75,6;20,0;47;.;70,2;29,8;46;13,0;87,0;.;.;.;.;.;
Farsta grundskola;38758770;Stockholm;0180;Kommunal;Stockholms kommun;2120000142;119;10,9;67,2;21,8;133;0,8;58,6;40,6;132;29,5;67,4;3,0;.;.;.;.;
Filosofiska;60308449;Stockholm;0180;Enskild;Filosofiska i Sverige AB (svb);5568674252;21;4,8;33,3;61,9;20;10,0;90,0;.;18;11,1;83,3;5,6;.;.;.;.;
Franska Skolan/Ecole francaise;42328518;Stockholm;0180;Enskild;Stiftelsen Franska Skolan;8020061530;89;2,2;56,2;41,6;92;.;88,0;12,0;90;.;93,3;6,7;.;.;.;.;
Fredrikshovs slotts skola;64065082;Stockholm;0180;Enskild;Stiftelsen Carpe Diem;8020178060;29;20,7;62,1;17,2;31;.;93,5;6,5;28;10,7;89,3;.;.;.;.;.;
Fruängens skola;19353396;Stockholm;0180;Kommunal;Stockholms kommun;2120000142;59;.;81,4;18,6;65;.;93,8;6,2;64;10,9;81,3;7,8;.;.;.;.;
Fryshuset Grundskola Hammarby Sjöstad;19657993;Stockholm;0180;Enskild;Stiftelsen Fryshuset;8020111582;104;11,5;76,9;11,5;95;2,1;12,6;85,3;100;14,0;73,0;13,0;.;.;.;.;
Fryshuset Grundskola Husby;69004747;Stockholm;0180;Enskild;Stiftelsen Fryshuset;8020111582;.;.;.;.;61;6,6;50,8;42,6;62;1,6;95,2;3,2;48;4,2;58,3;37,5;
Futuraskolan International Stockholm;65487837;Stockholm;0180;Enskild;Futuraskolan AB;5566095047;22;.;63,6;36,4;25;.;48,0;52,0;25;8,0;80,0;12,0;.;.;.;.;
Grimstaskolan;51341279;Stockholm;0180;Kommunal;Stockholms kommun;2120000142;41;12,2;65,9;22,0;59;.;89,8;10,2;61;13,1;85,2;1,6;20;.;75,0;25,0;
Grundskolan Metapontum;90850620;Stockholm;0180;Enskild;Metapontum AB;5566641691;42;9,5;59,5;31,0;49;6,1;83,7;10,2;51;11,8;82,4;5,9;.;.;.;.;
Gubbängsskolan;93412255;Stockholm;0180;Kommunal;Stockholms kommun;2120000142;78;12,8;59,0;28,2;89;.;73,0;27,0;87;18,4;73,6;8,0;.;.;.;.;
Gärdesskolan;41176931;Stockholm;0180;Kommunal;Stockholms kommun;2120000142;81;.;43,2;56,8;85;4,7;85,9;9,4;86;.;97,7;2,3;.;.;.;.;
Hagsätraskolan;82110758;Stockholm;0180;Kommunal;Stockholms kommun;2120000142;26;3,8;76,9;19,2;45;.;73,3;26,7;49;.;91,8;8,2;23;.;60,9;39,1;
Hammarbyskolan Södra;68602166;Stockholm;0180;Kommunal;Stockholms kommun;2120000142;79;8,9;55,7;35,4;85;1,2;71,8;27,1;88;18,2;68,2;13,6;.;.;.;.;
Hjulsta grundskola F-9;69266159;Stockholm;0180;Kommunal;Stockholms kommun;2120000142;31;.;51,6;48,4;40;2,5;85,0;12,5;38;10,5;78,9;10,5;.;.;.;.;
Husbygårdsskolan F-9;42149666;Stockholm;0180;Kommunal;Stockholms kommun;2120000142;.;.;.;.;36;2,8;72,2;25,0;38;5,3;89,5;5,3;28;3,6;82,1;14,3;
Hässelby Villastads skola;86597125;Stockholm;0180;Kommunal;Stockholms kommun;2120000142;109;2,8;54,1;43,1;110;3,6;56,4;40,0;112;3,6;72,3;24,1;.;.;.;.;
Hässelbygårdsskolan;87838841;Stockholm;0180;Kommunal;Stockholms kommun;2120000142;22;.;77,3;22,7;50;2,0;90,0;8,0;51;9,8;80,4;9,8;25;4,0;80,0;16,0;
Hästhagsskolan;79626756;Stockholm;0180;Kommunal;Stockholms kommun;2120000142;66;.;28,8;71,2;67;1,5;73,1;25,4;71;18,3;74,6;7,0;.;.;.;.;
Högalidsskolan;24716970;Stockholm;0180;Kommunal;Stockholms kommun;2120000142;86;2,3;54,7;43,0;80;1,3;60,0;38,8;85;2,4;81,2;16,5;.;.;.;.;
Höglandsskolan;36281817;Stockholm;0180;Kommunal;Stockholms kommun;2120000142;55;5,5;61,8;32,7;57;.;91,2;8,8;58;3,4;91,4;5,2;.;.;.;.;
Hökarängsskolan;57184925;Stockholm;0180;Kommunal;Stockholms kommun;2120000142;47;.;63,8;36,2;63;.;66,7;33,3;65;12,3;75,4;12,3;.;.;.;.;
Innovitaskolan Södermalm;51772207;Stockholm;0180;Enskild;Pysslingen Förskolor och Skolor AB;5560354309;22;.;100,0;.;24;.;75,0;25,0;25;16,0;80,0;4,0;.;.;.;.;
Internationella Engelska Skolan Bromma;90732940;Stockholm;0180;Enskild;Internationella Engelska Skolan i Sverige AB;5564624368;157;12,1;63,7;24,2;170;.;87,6;12,4;174;16,7;77,6;5,7;.;.;.;.;
Internationella Engelska Skolan Enskede;38935587;Stockholm;0180;Enskild;Internationella Engelska Skolan i Sverige AB;5564624368;116;7,8;54,3;37,9;138;1,4;74,6;23,9;130;14,6;73,1;12,3;.;.;.;.;
Internationella Engelska skolan Hässelby;74482611;Stockholm;0180;Enskild;Internationella Engelska Skolan i Sverige AB;5564624368;77;3,9;62,3;33,8;92;1,1;87,0;12,0;93;5,4;82,8;11,8;16;.;75,0;25,0;
Internationella Engelska Skolan Kista;82982309;Stockholm;0180;Enskild;Internationella Engelska Skolan i Sverige AB;5564624368;44;4,5;38,6;56,8;119;1,7;84,9;13,4;118;.;59,3;40,7;75;4,0;38,7;57,3;
Internationella Engelska Skolan Liljeholmen;72624886;Stockholm;0180;Enskild;Internationella Engelska Skolan i Sverige AB;5564624368;85;12,9;80,0;7,1;135;.;97,8;2,2;142;7,0;76,1;16,9;62;19,4;61,3;19,4;
Internationella Engelska Skolan Skärholmen;72066571;Stockholm;0180;Enskild;Internationella Engelska Skolan i Sverige AB;5564624368;53;7,5;62,3;30,2;84;1,2;65,5;33,3;83;8,4;84,3;7,2;30;13,3;73,3;13,3;
Internationella Engelska Skolan Årsta;35129114;Stockholm;0180;Enskild;Internationella Engelska Skolan i Sverige AB;5564624368;110;4,5;73,6;21,8;118;0,8;81,4;17,8;117;0,9;93,2;6,0;.;.;.;.;
Internationella Engelska Skolan Älvsjö;83584296;Stockholm;0180;Enskild;Internationella Engelska Skolan i Sverige AB;5564624368;90;16,7;63,3;20,0;120;0,8;82,5;16,7;121;19,0;57,9;23,1;25;4,0;72,0;24,0;
JENSEN grundskola Långholmen;57317316;Stockholm;0180;Enskild;Jensen Education College AB;5566358759;62;3,2;75,8;21,0;66;.;84,8;15,2;69;.;92,8;7,2;.;.;.;.;
Johan Skytteskolan;97683561;Stockholm;0180;Kommunal;Stockholms kommun;2120000142;168;4,8;54,8;40,5;171;1,2;76,0;22,8;171;11,1;83,6;5,3;.;.;.;.;
Järvaskolan;13582062;Stockholm;0180;Enskild;Järvaskolan AB;5569572315;66;10,6;81,8;7,6;99;1,0;63,6;35,4;103;19,4;78,6;1,9;23;.;78,3;21,7;
Katarina Norra skola;23617768;Stockholm;0180;Kommunal;Stockholms kommun;2120000142;71;.;67,6;32,4;73;4,1;75,3;20,5;72;18,1;80,6;1,4;.;.;.;.;
Kista grundskola;22513261;Stockholm;0180;Kommunal;Stockholms kommun;2120000142;60;1,7;41,7;56,7;84;2,4;81,0;16,7;82;39,0;57,3;3,7;21;.;71,4;28,6;
Kista International School;37556682;Stockholm;0180;Enskild;Al-Kowneyn Utbildning Centrum;8024097555;.;.;.;.;47;2,1;85,1;12,8;48;12,5;62,5;25,0;41;2,4;48,8;48,8;
Konradsbergsskolan;57329777;Stockholm;0180;Kommunal;Stockholms kommun;2120000142;71;1,4;62,0;36,6;76;3,9;55,3;40,8;82;1,2;80,5;18,3;.;.;.;.;
Kristna skolan;14472068;Stockholm;0180;Enskild;We Are One Church;8020033687;27;.;37,0;63,0;28;.;32,1;67,9;29;.;93,1;6,9;.;.;.;.;
Kristofferskolan, gr;98760751;Stockholm;0180;Enskild;Stiftelsen Kristofferskolan;8020018720;74;2,7;64,9;32,4;74;4,1;75,7;20,3;76;1,3;94,7;3,9;.;.;.;.;
Kulturama gr. Hammarby Sjöstad;23066257;Stockholm;0180;Enskild;Medborgarskolan Stockholmsregionen;8020060524;89;.;61,8;38,2;86;1,2;72,1;26,7;88;4,5;76,1;19,3;.;.;.;.;
Kulturskolan Raketen;24172067;Stockholm;0180;Enskild;Kulturskolan Raketen AB;5565484796;21;4,8;95,2;.;23;.;69,6;30,4;23;.;100,0;.;.;.;.;.;
Kungliga Svenska Balettskolan;63321041;Stockholm;0180;Kommunal;Stockholms kommun;2120000142;.;.;.;.;16;.;18,8;81,3;16;.;81,3;18,8;.;.;.;.;
Kungsholmens grundskola;29410344;Stockholm;0180;Kommunal;Stockholms kommun;2120000142;75;1,3;61,3;37,3;75;1,3;74,7;24,0;73;2,7;79,5;17,8;.;.;.;.;
Kunskapsskolan Enskede;16426165;Stockholm;0180;Enskild;Kunskapsskolan i Sverige Aktiebolag;5565661815;117;5,1;85,5;9,4;123;4,9;85,4;9,8;122;6,6;90,2;3,3;.;.;.;.;
Kunskapsskolan Fruängen;63954028;Stockholm;0180;Enskild;Kunskapsskolan i Sverige Aktiebolag;5565661815;100;.;85,0;15,0;104;1,0;86,5;12,5;106;.;90,6;9,4;.;.;.;.;
Kunskapsskolan Spånga;46796995;Stockholm;0180;Enskild;Kunskapsskolan i Sverige Aktiebolag;5565661815;125;0,8;37,6;61,6;126;.;82,5;17,5;122;15,6;71,3;13,1;.;.;.;.;
Kunskapsskolan Tyresö;81266343;Stockholm;0180;Enskild;Kunskapsskolan i Sverige Aktiebolag;5565661815;116;.;87,1;12,9;127;2,4;78,0;19,7;122;2,5;81,1;16,4;.;.;.;.;
Kämpetorpsskolan;70398560;Stockholm;0180;Kommunal;Stockholms kommun;2120000142;110;1,8;76,4;21,8;123;2,4;81,3;16,3;130;1,5;88,5;10,0;18;.;77,8;22,2;
Lillholmsskolan;46581319;Stockholm;0180;Kommunal;Stockholms kommun;2120000142;39;5,1;74,4;20,5;56;.;85,7;14,3;54;13,0;81,5;5,6;15;.;80,0;20,0;
Lunaskolan Bromma;72509254;Stockholm;0180;Enskild;Utvecklingspedagogik Sverige Aktiebolag;5564715729;17;.;64,7;35,3;20;.;60,0;40,0;20;40,0;55,0;5,0;.;.;.;.;
Maria Elementarskola;73893187;Stockholm;0180;Enskild;Märta Fransons Stiftelse;8020060458;42;.;88,1;11,9;42;2,4;90,5;7,1;41;4,9;92,7;2,4;.;.;.;.;
Mariaskolan;69895255;Stockholm;0180;Kommunal;Stockholms kommun;2120000142;83;.;79,5;20,5;86;.;59,3;40,7;85;5,9;88,2;5,9;.;.;.;.;
Martinskolan Söders waldorfskola;82854505;Stockholm;0180;Enskild;Stiftelsen Martinskolan Söders Waldorfskola;8020072644;.;.;.;.;16;6,3;75,0;18,8;.;.;.;.;.;.;.;.;
Matteusskolan;16348406;Stockholm;0180;Kommunal;Stockholms kommun;2120000142;43;.;97,7;2,3;43;.;83,7;16,3;43;7,0;81,4;11,6;.;.;.;.;
Montessori Mondial Kungsholmen;45553352;Stockholm;0180;Enskild;International Montessori School Sweden AB;5567640205;55;12,7;74,5;12,7;52;.;59,6;40,4;56;.;87,5;12,5;.;.;.;.;
Musikskolan Lilla Akademien;36066067;Stockholm;0180;Enskild;Musikskolan Lilla Akademien AB;5565510756;27;3,7;77,8;18,5;28;.;89,3;10,7;28;3,6;89,3;7,1;.;.;.;.;
Mälarhöjdens skola;46165232;Stockholm;0180;Kommunal;Stockholms kommun;2120000142;124;0,8;84,7;14,5;128;5,5;88,3;6,3;131;6,9;88,5;4,6;.;.;.;.;
Nordic International School, Stockholm;15171331;Stockholm;0180;Enskild;Nordic International School AB;5566102033;46;.;84,8;15,2;58;.;36,2;63,8;58;5,2;87,9;6,9;.;.;.;.;
Norrbyskolan;92127007;Stockholm;0180;Enskild;Stockholm Lära Aktiebolag;5567240659;.;.;.;.;17;17,6;58,8;23,5;16;6,3;75,0;18,8;.;.;.;.;
Nya Elementar;83828066;Stockholm;0180;Kommunal;Stockholms kommun;2120000142;155;3,9;74,2;21,9;161;0,6;83,2;16,1;160;13,8;84,4;1,9;.;.;.;.;
Observatorielundens skola;29158808;Stockholm;0180;Kommunal;Stockholms kommun;2120000142;44;.;47,7;52,3;47;.;85,1;14,9;50;2,0;86,0;12,0;.;.;.;.;
Pops Academy Östermalm;11018018;Stockholm;0180;Enskild;Pops Academy AB;5569583197;43;.;88,4;11,6;43;4,7;81,4;14,0;44;.;95,5;4,5;.;.;.;.;
Profilskolan;10360193;Stockholm;0180;Enskild;Profilskolan AB;5569247264;21;.;47,6;52,4;17;.;64,7;35,3;19;10,5;57,9;31,6;.;.;.;.;
Raoul Wallenbergskolan Bromma;50848996;Stockholm;0180;Enskild;Raoul Wallenbergskolorna AB;5566740113;43;4,7;67,4;27,9;46;.;30,4;69,6;47;2,1;53,2;44,7;.;.;.;.;
Rinkebyskolan;37416253;Stockholm;0180;Kommunal;Stockholms kommun;2120000142;.;.;.;.;46;.;37,0;63,0;49;.;77,6;22,4;45;.;68,9;31,1;
Rosholmen Education Academy AB;77656740;Stockholm;0180;Enskild;Rosholmen Education Academy AB;5565536678;.;.;.;.;19;10,5;78,9;10,5;19;5,3;68,4;26,3;16;6,3;87,5;6,3;
Rålambshovsskolan;61686233;Stockholm;0180;Kommunal;Stockholms kommun;2120000142;157;1,3;80,3;18,5;163;0,6;75,5;23,9;164;15,2;79,9;4,9;.;.;.;.;
Rödabergsskolan;97686250;Stockholm;0180;Kommunal;Stockholms kommun;2120000142;73;6,8;75,3;17,8;99;2,0;63,6;34,3;101;5,0;86,1;8,9;28;7,1;85,7;7,1;
Sjöstadsskolan;15331669;Stockholm;0180;Kommunal;Stockholms kommun;2120000142;100;.;75,0;25,0;106;.;83,0;17,0;105;1,0;93,3;5,7;.;.;.;.;
Sjöviksskolan;70592143;Stockholm;0180;Kommunal;Stockholms kommun;2120000142;80;1,3;65,0;33,8;82;.;72,0;28,0;78;1,3;92,3;6,4;.;.;.;.;
Sjöängsskolan;13124830;Stockholm;0180;Kommunal;Stockholms kommun;2120000142;66;1,5;72,7;25,8;87;1,1;77,0;21,8;86;29,1;70,9;.;23;4,3;65,2;30,4;
Skarpatorpsskolan;82075850;Stockholm;0180;Kommunal;Stockholms kommun;2120000142;37;5,4;70,3;24,3;41;12,2;75,6;12,2;42;2,4;85,7;11,9;.;.;.;.;
Skarpnäcks skola;53075005;Stockholm;0180;Kommunal;Stockholms kommun;2120000142;71;4,2;54,9;40,8;71;1,4;69,0;29,6;71;2,8;85,9;11,3;.;.;.;.;
Skolgrunden;23414344;Stockholm;0180;Enskild;Skolgrunden Aktiebolag;5565588166;.;.;.;.;16;6,3;43,8;50,0;.;.;.;.;.;.;.;.;
Slättgårdsskolan;59468219;Stockholm;0180;Kommunal;Stockholms kommun;2120000142;20;.;60,0;40,0;33;3,0;48,5;48,5;37;32,4;48,6;18,9;.;.;.;.;
Smedshagsskolan;50060022;Stockholm;0180;Kommunal;Stockholms kommun;2120000142;.;.;.;.;39;2,6;69,2;28,2;40;5,0;52,5;42,5;28;17,9;60,7;21,4;
Snitz Grundskola;57510246;Stockholm;0180;Enskild;Swedish Education Group AB;5565042255;22;.;77,3;22,7;23;4,3;65,2;30,4;20;15,0;70,0;15,0;.;.;.;.;
Sofia skola;45436515;Stockholm;0180;Kommunal;Stockholms kommun;2120000142;112;33,0;52,7;14,3;115;1,7;80,9;17,4;118;5,9;78,0;16,1;.;.;.;.;
Spånga grundskola;17640364;Stockholm;0180;Kommunal;Stockholms kommun;2120000142;135;3,0;76,3;20,7;145;5,5;73,1;21,4;138;13,0;76,8;10,1;.;.;.;.;
S:t Eriks Katolska Skola;94943347;Stockholm;0180;Enskild;Stiftelsen S:T Eriks Katolska Skola;8572015595;.;.;.;.;21;9,5;76,2;14,3;21;.;95,2;4,8;.;.;.;.;
Stockholm International Academy Hägersten;11442396;Stockholm;0180;Enskild;Mubarak Utbildning AB;5568571748;.;.;.;.;22;.;100,0;.;23;4,3;82,6;13,0;.;.;.;.;
Sturebyskolan;91816093;Stockholm;0180;Kommunal;Stockholms kommun;2120000142;109;0,9;85,3;13,8;107;5,6;65,4;29,0;111;7,2;91,0;1,8;.;.;.;.;
Sundbyskolan;44046131;Stockholm;0180;Kommunal;Stockholms kommun;2120000142;90;.;72,2;27,8;76;.;76,3;23,7;97;38,1;55,7;6,2;.;.;.;.;
Sverigefinska skolan Sthlm;78508835;Stockholm;0180;Enskild;Sverigefinska skolan i Stockholm AB;5564823937;38;7,9;81,6;10,5;46;.;56,5;43,5;47;31,9;68,1;.;.;.;.;.;
Sätraskolan;21724208;Stockholm;0180;Kommunal;Stockholms kommun;2120000142;36;.;58,3;41,7;58;1,7;50,0;48,3;60;16,7;65,0;18,3;24;4,2;66,7;29,2;
Södermalmsskolan;75614609;Stockholm;0180;Kommunal;Stockholms kommun;2120000142;77;13,0;79,2;7,8;79;8,9;88,6;2,5;81;22,2;75,3;2,5;.;.;.;.;
Södra Ängby skola;88795871;Stockholm;0180;Kommunal;Stockholms kommun;2120000142;104;4,8;72,1;23,1;112;4,5;76,8;18,8;113;2,7;94,7;2,7;.;.;.;.;
Tellusborgsskolan;58294404;Stockholm;0180;Kommunal;Stockholms kommun;2120000142;196;1,0;71,9;27,0;198;.;79,3;20,7;196;11,7;83,7;4,6;.;.;.;.;
Tellusskolan Thea Bromma;87999453;Stockholm;0180;Enskild;Tellusskolan II AB;5565697082;49;16,3;59,2;24,5;49;.;89,8;10,2;49;2,0;87,8;10,2;.;.;.;.;
Tornadoskolan AB;29796042;Stockholm;0180;Enskild;ESF Skarpnäck AB;5567620223;.;.;.;.;17;23,5;58,8;17,6;17;11,8;82,4;5,9;.;.;.;.;
Trollbodaskolan;89605548;Stockholm;0180;Kommunal;Stockholms kommun;2120000142;70;.;72,9;27,1;76;.;63,2;36,8;74;6,8;74,3;18,9;.;.;.;.;
Vasa International School of Stockholm;52965560;Stockholm;0180;Enskild;AB Parts & Paomees;5567025696;20;.;80,0;20,0;22;.;72,7;27,3;23;.;91,3;8,7;.;.;.;.;
Vasa Real;52863414;Stockholm;0180;Kommunal;Stockholms kommun;2120000142;201;3,0;86,1;10,9;221;1,4;58,8;39,8;215;3,7;86,0;10,2;16;12,5;87,5;.;
Vasastans Montessoriskola;75656508;Stockholm;0180;Enskild;Vasastans Montessoriförskola;8020120971;17;.;17,6;82,4;15;6,7;66,7;26,7;17;5,9;76,5;17,6;.;.;.;.;
Viktor Rydbergs skola Jarlaplan;86758230;Stockholm;0180;Enskild;Stiftelsen Viktor Rydbergs Skolor;8120005650;139;2,2;73,4;24,5;138;8,7;76,8;14,5;138;1,4;97,1;1,4;.;.;.;.;
Vinsta grundskola västra;97400863;Stockholm;0180;Kommunal;Stockholms kommun;2120000142;107;6,5;57,9;35,5;107;.;57,0;43,0;110;42,7;54,5;2,7;.;.;.;.;
Vintertullsskolan i Stockholm;28138418;Stockholm;0180;Enskild;Vintertullsskolan i Stockholm Aktiebolag;5565541215;17;5,9;64,7;29,4;.;.;.;.;18;5,6;88,9;5,6;.;.;.;.;
Vittra Södermalm;59900714;Stockholm;0180;Enskild;Vittraskolorna AB;5564586716;70;1,4;68,6;30,0;74;1,4;81,1;17,6;72;2,8;80,6;16,7;.;.;.;.;
Vittra Telefonplan;67662754;Stockholm;0180;Enskild;Vittraskolorna AB;5564586716;.;.;.;.;24;.;25,0;75,0;24;4,2;83,3;12,5;.;.;.;.;
Vällingbyskolan;36031993;Stockholm;0180;Kommunal;Stockholms kommun;2120000142;76;3,9;65,8;30,3;95;.;68,4;31,6;98;15,3;65,3;19,4;21;4,8;52,4;42,9;
Västbergaskolan;64736967;Stockholm;0180;Enskild;Västbergaskolan AB;5565977609;68;5,9;66,2;27,9;70;2,9;91,4;5,7;70;10,0;84,3;5,7;.;.;.;.;
Västerholms friskola;35890890;Stockholm;0180;Enskild;Västerholms Friskola AB;5565672812;30;3,3;33,3;63,3;81;3,7;85,2;11,1;83;2,4;68,7;28,9;51;.;21,6;78,4;
Årstaskolan;48328583;Stockholm;0180;Kommunal;Stockholms kommun;2120000142;100;4,0;76,0;20,0;107;0,9;93,5;5,6;108;11,1;88,0;0,9;.;.;.;.;
Åsö grundskola;94864296;Stockholm;0180;Kommunal;Stockholms kommun;2120000142;105;.;50,5;49,5;110;2,7;70,9;26,4;114;.;86,8;13,2;.;.;.;.;
Äppelviksskolan;15594566;Stockholm;0180;Kommunal;Stockholms kommun;2120000142;159;4,4;62,9;32,7;162;3,7;74,7;21,6;159;8,8;86,8;4,4;.;.;.;.;
Örbyskolan;39171821;Stockholm;0180;Kommunal;Stockholms kommun;2120000142;40;.;77,5;22,5;56;1,8;80,4;17,9;53;11,3;66,0;22,6;15;.;33,3;66,7;
Lundsbergs grundskola;26377128;Storfors;1760;Enskild;Stiftelsen Lundsbergs Skola;8740019362;39;.;69,2;30,8;47;.;93,6;6,4;32;.;87,5;12,5;.;.;.;.;
Vargbroskolan;24306424;Storfors;1760;Kommunal;Storfors kommun;2120001785;28;.;57,1;42,9;30;.;83,3;16,7;31;.;83,9;16,1;.;.;.;.;
Skytteanska skolan;52561988;Storuman;2421;Kommunal;Storumans kommun;2120002577;16;18,8;56,3;25,0;.;.;.;.;.;.;.;.;.;.;.;.;
Vallnässkolan;97480702;Storuman;2421;Kommunal;Storumans kommun;2120002577;45;2,2;62,2;35,6;47;.;68,1;31,9;51;7,8;90,2;2,0;.;.;.;.;
Europaskolan Rogge;31980822;Strängnäs;0486;Enskild;Europaskolan Utbildning AB;5567478416;84;.;64,3;35,7;82;.;90,2;9,8;82;20,7;78,0;1,2;.;.;.;.;
Friskolan Asken;63423770;Strängnäs;0486;Enskild;Friskolan Asken Aktiebolag;5567481071;55;.;83,6;16,4;53;5,7;84,9;9,4;55;.;98,2;1,8;.;.;.;.;
Gripsholmsskolan;65507647;Strängnäs;0486;Enskild;Gripsholmsskolan AB;5567335616;45;.;88,9;11,1;42;.;50,0;50,0;45;33,3;66,7;.;.;.;.;.;
Mariefreds skola;64620570;Strängnäs;0486;Kommunal;Strängnäs kommun;2120000365;78;1,3;69,2;29,5;84;.;76,2;23,8;86;4,7;91,9;3,5;.;.;.;.;
Paulinska skolan;21086074;Strängnäs;0486;Kommunal;Strängnäs kommun;2120000365;74;4,1;58,1;37,8;81;.;45,7;54,3;87;.;77,0;23,0;15;.;66,7;33,3;
Strängnäs Montessoriskola;30181143;Strängnäs;0486;Enskild;Strängnäs Montessoriskola Ekonomisk förening;7696027619;40;17,5;55,0;27,5;35;2,9;91,4;5,7;39;15,4;59,0;25,6;.;.;.;.;
Åkerskolan;74265915;Strängnäs;0486;Kommunal;Strängnäs kommun;2120000365;33;6,1;72,7;21,2;33;3,0;78,8;18,2;35;5,7;74,3;20,0;.;.;.;.;
Strömstiernaskolan 7-9;51494126;Strömstad;1486;Kommunal;Strömstads kommun;2120001405;121;4,1;57,0;38,8;138;2,2;61,6;36,2;135;4,4;88,9;6,7;17;.;41,2;58,8;
Grevåkerskolan Hammerdal;54719506;Strömsund;2313;Kommunal;Strömsunds kommun;2120002486;15;.;93,3;6,7;15;.;100,0;.;15;33,3;46,7;20,0;.;.;.;.;
Vattudalsskolan;71396086;Strömsund;2313;Kommunal;Strömsunds kommun;2120002486;40;.;50,0;50,0;53;.;49,1;50,9;49;.;87,8;12,2;.;.;.;.;
Grönkullaskolan;93968806;Sundbyberg;0183;Kommunal;Sundbybergs kommun;2120000175;27;.;88,9;11,1;39;.;56,4;43,6;42;14,3;64,3;21,4;.;.;.;.;
Internationella Engelska Skolan Sundbyberg;98753011;Sundbyberg;0183;Enskild;Internationella Engelska Skolan i Sverige AB;5564624368;97;3,1;42,3;54,6;118;11,0;67,8;21,2;120;6,7;83,3;10,0;17;.;35,3;64,7;
Kulturama Grundsk. Sundbyberg;37112288;Sundbyberg;0183;Enskild;Medborgarskolan Stockholmsregionen;8020060524;66;.;74,2;25,8;66;1,5;62,1;36,4;65;24,6;72,3;3,1;.;.;.;.;
Noblaskolan Sundbyberg;67788311;Sundbyberg;0183;Enskild;Pysslingen Förskolor och Skolor AB;5560354309;24;.;87,5;12,5;42;2,4;66,7;31,0;41;4,9;95,1;.;17;.;70,6;29,4;
Viktor Rydbergs skola Sundbyberg;79708334;Sundbyberg;0183;Enskild;Stiftelsen Viktor Rydbergs Skolor;8120005650;149;2,7;65,8;31,5;150;.;73,3;26,7;150;6,7;86,7;6,7;.;.;.;.;
Vittra Brotorp;43138370;Sundbyberg;0183;Enskild;Vittraskolorna AB;5564586716;15;6,7;86,7;6,7;26;.;30,8;69,2;26;15,4;57,7;26,9;.;.;.;.;
Ängskolan;22847273;Sundbyberg;0183;Kommunal;Sundbybergs kommun;2120000175;89;6,7;71,9;21,3;109;.;72,5;27,5;111;27,0;66,7;6,3;20;5,0;90,0;5,0;
Alnöitskolan Sundsvall;57722644;Sundsvall;2281;Enskild;Skolalliansen i Sverige AB;5567497051;41;14,6;73,2;12,2;40;2,5;85,0;12,5;40;7,5;90,0;2,5;.;.;.;.;
Bergsåkers skola;90847895;Sundsvall;2281;Kommunal;Sundsvalls kommun;2120002411;137;5,8;48,9;45,3;138;10,1;68,8;21,0;137;5,8;86,1;8,0;.;.;.;.;
Hagaskolan;55343483;Sundsvall;2281;Kommunal;Sundsvalls kommun;2120002411;65;7,7;47,7;44,6;79;.;78,5;21,5;76;27,6;65,8;6,6;.;.;.;.;
Höglundaskolan;51877656;Sundsvall;2281;Kommunal;Sundsvalls kommun;2120002411;50;14,0;60,0;26,0;61;1,6;90,2;8,2;69;27,5;71,0;1,4;.;.;.;.;
Internationella Engelska Skolan Sundsvall;54802332;Sundsvall;2281;Enskild;Internationella Engelska Skolan i Sverige AB;5564624368;150;7,3;80,7;12,0;158;1,9;86,7;11,4;161;5,0;93,2;1,9;.;.;.;.;
Lidens skola;64029211;Sundsvall;2281;Kommunal;Sundsvalls kommun;2120002411;20;5,0;90,0;5,0;18;16,7;77,8;5,6;21;.;66,7;33,3;.;.;.;.;
Matfors skola;37299127;Sundsvall;2281;Kommunal;Sundsvalls kommun;2120002411;60;5,0;60,0;35,0;61;.;75,4;24,6;58;24,1;72,4;3,4;.;.;.;.;
Mimerskolan;10023937;Sundsvall;2281;Enskild;Föreningen Mimers Brunn;8892027965;56;.;67,9;32,1;53;1,9;75,5;22,6;55;10,9;80,0;9,1;.;.;.;.;
Nivrenaskolan;55740795;Sundsvall;2281;Kommunal;Sundsvalls kommun;2120002411;99;3,0;80,8;16,2;104;2,9;91,3;5,8;108;20,4;72,2;7,4;.;.;.;.;
Njurunda Friskola;65125762;Sundsvall;2281;Enskild;Njurunda friskola AB;5568542210;20;.;95,0;5,0;20;.;95,0;5,0;20;15,0;85,0;.;.;.;.;.;
Prolympia Sundsvall 7-9;50999973;Sundsvall;2281;Enskild;Ulno AB;5566577705;67;3,0;73,1;23,9;67;1,5;61,2;37,3;68;14,7;77,9;7,4;.;.;.;.;
Sidsjö Fristående Grundskola;21250086;Sundsvall;2281;Enskild;Sidsjö Fristående Grundskola AB;5567314595;50;2,0;64,0;34,0;51;.;43,1;56,9;48;10,4;68,8;20,8;.;.;.;.;
St Olofsskolan;69147256;Sundsvall;2281;Kommunal;Sundsvalls kommun;2120002411;35;2,9;88,6;8,6;47;.;83,0;17,0;47;4,3;85,1;10,6;15;6,7;93,3;.;
Stöde skola;11181258;Sundsvall;2281;Kommunal;Sundsvalls kommun;2120002411;24;12,5;62,5;25,0;25;.;68,0;32,0;25;24,0;64,0;12,0;.;.;.;.;
Sundsvalls Montessoriskola;78495763;Sundsvall;2281;Kommunal;Sundsvalls kommun;2120002411;23;13,0;47,8;39,1;21;.;47,6;52,4;26;19,2;76,9;3,8;.;.;.;.;
Vibackeskolan;10170655;Sundsvall;2281;Kommunal;Sundsvalls kommun;2120002411;98;4,1;42,9;53,1;104;1,0;49,0;50,0;111;14,4;78,4;7,2;.;.;.;.;
Fryxellska skolan;25636648;Sunne;1766;Kommunal;Sunne kommun;2120001843;113;8,0;40,7;51,3;114;.;62,3;37,7;103;10,7;75,7;13,6;.;.;.;.;
Hammarskolan;74582871;Surahammar;1907;Kommunal;Surahammars kommun;2120002031;81;7,4;51,9;40,7;86;1,2;60,5;38,4;87;11,5;75,9;12,6;.;.;.;.;
Linåkerskolan;44263951;Svalöv;1214;Kommunal;Svalövs kommun;2120000993;90;8,9;67,8;23,3;101;2,0;81,2;16,8;105;10,5;77,1;12,4;.;.;.;.;
Svalövs Montessoriskola;58981647;Svalöv;1214;Enskild;Svalövs Montessori Ekonomisk förening;7696009328;28;.;100,0;.;28;.;67,9;32,1;28;.;100,0;.;.;.;.;.;
Aggarpsskolan 4-9;60641880;Svedala;1263;Kommunal;Svedala kommun;2120001074;108;2,8;47,2;50,0;114;0,9;65,8;33,3;119;20,2;73,9;5,9;.;.;.;.;
Klågerupskolan F-9;51392146;Svedala;1263;Kommunal;Svedala kommun;2120001074;38;7,9;55,3;36,8;39;.;82,1;17,9;39;20,5;69,2;10,3;.;.;.;.;
Naverlönnskolan 4-9;65569784;Svedala;1263;Kommunal;Svedala kommun;2120001074;75;1,3;72,0;26,7;81;1,2;51,9;46,9;81;7,4;85,2;7,4;.;.;.;.;
Spångholmsskolan 4-9;83516023;Svedala;1263;Kommunal;Svedala kommun;2120001074;69;1,4;71,0;27,5;66;4,5;65,2;30,3;68;23,5;72,1;4,4;.;.;.;.;
Mogaskolan 7-9;71724902;Svenljunga;1465;Kommunal;Svenljunga kommun;2120001512;95;2,1;72,6;25,3;106;1,9;85,8;12,3;105;22,9;73,3;3,8;.;.;.;.;
Tegnérskolan;40517936;Säffle;1785;Kommunal;Säffle kommun;2120001900;101;5,0;67,3;27,7;123;1,6;78,9;19,5;129;4,7;77,5;17,8;27;.;51,9;48,1;
Klockarskolan;60111640;Säter;2082;Kommunal;Säters kommun;2120002247;101;.;88,1;11,9;108;1,9;72,2;25,9;104;25,0;70,2;4,8;.;.;.;.;
Hofgårdsskolan;59983229;Sävsjö;0684;Kommunal;Sävsjö kommun;2120000563;72;.;83,3;16,7;99;.;58,6;41,4;103;11,7;84,5;3,9;20;.;90,0;10,0;
Rörviks skola;74170440;Sävsjö;0684;Kommunal;Sävsjö kommun;2120000563;23;8,7;43,5;47,8;35;.;57,1;42,9;34;2,9;94,1;2,9;.;.;.;.;
Bergviksskolan åk 4-9;32721673;Söderhamn;2182;Kommunal;Söderhamns kommun;2120002353;41;9,8;46,3;43,9;39;5,1;71,8;23,1;43;11,6;76,7;11,6;.;.;.;.;
Norrtullskolan åk 7-9;35139330;Söderhamn;2182;Kommunal;Söderhamns kommun;2120002353;71;5,6;54,9;39,4;99;1,0;70,7;28,3;94;17,0;70,2;12,8;29;17,2;75,9;6,9;
Stenbergaskolan åk 4-9;46399291;Söderhamn;2182;Kommunal;Söderhamns kommun;2120002353;35;8,6;42,9;48,6;47;.;53,2;46,8;46;13,0;69,6;17,4;.;.;.;.;
Vågbroskolan åk 4-9;42162288;Söderhamn;2182;Kommunal;Söderhamns kommun;2120002353;42;.;78,6;21,4;42;.;71,4;28,6;42;7,1;83,3;9,5;.;.;.;.;
Ramunderskolan;99361107;Söderköping;0582;Kommunal;Söderköpings kommun;2120000464;128;7,8;64,8;27,3;130;.;47,7;52,3;130;23,8;68,5;7,7;.;.;.;.;
Blombackaskolan;34148887;Södertälje;0181;Kommunal;Södertälje kommun;2120000159;35;2,9;60,0;37,1;52;.;88,5;11,5;52;1,9;67,3;30,8;16;6,3;62,5;31,3;
Brunnsängskolan;60570294;Södertälje;0181;Kommunal;Södertälje kommun;2120000159;61;.;44,3;55,7;69;4,3;59,4;36,2;68;2,9;85,3;11,8;.;.;.;.;
Eneskolan;97655739;Södertälje;0181;Kommunal;Södertälje kommun;2120000159;66;31,8;42,4;25,8;70;15,7;47,1;37,1;81;39,5;48,1;12,3;.;.;.;.;
Hovsjöskolan;82137009;Södertälje;0181;Kommunal;Södertälje kommun;2120000159;.;.;.;.;53;1,9;92,5;5,7;53;.;84,9;15,1;49;6,1;67,3;26,5;
Hölöskolan;79466321;Södertälje;0181;Kommunal;Södertälje kommun;2120000159;41;.;39,0;61,0;45;2,2;44,4;53,3;45;6,7;88,9;4,4;.;.;.;.;
Igelsta grundskola;75505688;Södertälje;0181;Kommunal;Södertälje kommun;2120000159;38;5,3;57,9;36,8;52;.;61,5;38,5;49;14,3;67,3;18,4;.;.;.;.;
Innovitaskolan Södertälje;74489639;Södertälje;0181;Enskild;Kringlaskolan AB;5567734065;.;.;.;.;53;.;52,8;47,2;53;5,7;86,8;7,5;19;.;84,2;15,8;
Internationella Engelska Skolan Södertälje;29497099;Södertälje;0181;Enskild;Internationella Engelska Skolan i Sverige AB;5564624368;67;13,4;67,2;19,4;83;2,4;71,1;26,5;89;.;79,8;20,2;15;6,7;86,7;6,7;
Järna friskola;41584790;Södertälje;0181;Enskild;Montessori Förskolor och Skolor i Sverige AB;5591658975;25;.;92,0;8,0;27;.;63,0;37,0;27;3,7;88,9;7,4;.;.;.;.;
Lina grundskola;62288230;Södertälje;0181;Kommunal;Södertälje kommun;2120000159;.;.;.;.;34;.;85,3;14,7;33;6,1;60,6;33,3;19;.;68,4;31,6;
Mariaskolan;31528772;Södertälje;0181;Enskild;Föreningen Maria Magdalena;8156008255;17;.;47,1;52,9;17;.;58,8;41,2;17;.;76,5;23,5;.;.;.;.;
Mariekällskolan;43403496;Södertälje;0181;Kommunal;Södertälje kommun;2120000159;68;4,4;61,8;33,8;83;3,6;65,1;31,3;83;.;86,7;13,3;.;.;.;.;
Nyckelskolan;16068461;Södertälje;0181;Enskild;Nyckelknippan Förskole Aktiebolag;5564787397;26;.;73,1;26,9;26;.;88,5;11,5;26;61,5;38,5;.;.;.;.;.;
Pershagenskolan;38653015;Södertälje;0181;Kommunal;Södertälje kommun;2120000159;37;.;62,2;37,8;42;.;97,6;2,4;43;2,3;88,4;9,3;.;.;.;.;
Ronnaskolan;51210001;Södertälje;0181;Kommunal;Södertälje kommun;2120000159;22;.;72,7;27,3;52;.;86,5;13,5;54;1,9;96,3;1,9;28;10,7;75,0;14,3;
Rosenborgskolan;11914814;Södertälje;0181;Kommunal;Södertälje kommun;2120000159;114;3,5;71,1;25,4;136;.;67,6;32,4;137;2,2;90,5;7,3;26;.;69,2;30,8;
Soldalaskolan;40175889;Södertälje;0181;Kommunal;Södertälje kommun;2120000159;34;2,9;94,1;2,9;46;2,2;34,8;63,0;50;.;64,0;36,0;.;.;.;.;
Södertälje friskola;38394561;Södertälje;0181;Enskild;Södertälje Friskola Aktiebolag;5565570149;41;2,4;82,9;14,6;45;2,2;97,8;.;44;6,8;86,4;6,8;.;.;.;.;
Vittra Östertälje;12757193;Södertälje;0181;Enskild;Vittraskolorna AB;5564586716;39;5,1;64,1;30,8;47;4,3;68,1;27,7;49;.;98,0;2,0;.;.;.;.;
Wasaskolan;56568612;Södertälje;0181;Kommunal;Södertälje kommun;2120000159;39;5,1;64,1;30,8;52;3,8;65,4;30,8;52;3,8;82,7;13,5;.;.;.;.;
Örjanskolan grund;10661388;Södertälje;0181;Enskild;Föreningen Örjanskolan;8156005103;23;.;73,9;26,1;22;.;27,3;72,7;25;.;88,0;12,0;.;.;.;.;
Bokelundsskolan;94309839;Sölvesborg;1083;Kommunal;Sölvesborgs kommun;2120000852;118;7,6;55,1;37,3;126;2,4;61,1;36,5;134;12,7;72,4;14,9;.;.;.;.;
Mjällby skola;88104795;Sölvesborg;1083;Kommunal;Sölvesborgs kommun;2120000852;62;4,8;56,5;38,7;61;1,6;54,1;44,3;61;13,1;75,4;11,5;.;.;.;.;
Hamburgsundskolan F-9;81072495;Tanum;1435;Kommunal;Tanums kommun;2120001348;44;4,5;56,8;38,6;44;.;75,0;25,0;40;.;92,5;7,5;.;.;.;.;
Tanumskolan 7-9;74079446;Tanum;1435;Kommunal;Tanums kommun;2120001348;81;22,2;65,4;12,3;90;1,1;84,4;14,4;91;9,9;78,0;12,1;.;.;.;.;
Fågelvikskolan;97306690;Tibro;1472;Kommunal;Tibro kommun;2120001660;88;.;51,1;48,9;97;4,1;56,7;39,2;103;6,8;84,5;8,7;.;.;.;.;
Hellids grundskola 7-9;12872502;Tidaholm;1498;Kommunal;Tidaholms kommun;2120001736;123;1,6;74,0;24,4;124;1,6;79,8;18,5;126;11,1;78,6;10,3;.;.;.;.;
Aspenskolan;15416514;Tierp;0360;Kommunal;Tierps kommun;2120000266;54;.;61,1;38,9;67;.;59,7;40,3;66;1,5;89,4;9,1;.;.;.;.;
Centralskolan;17240817;Tierp;0360;Kommunal;Tierps kommun;2120000266;44;4,5;65,9;29,5;49;.;53,1;46,9;48;10,4;72,9;16,7;.;.;.;.;
Ol Andersskolan;65153737;Tierp;0360;Kommunal;Tierps kommun;2120000266;34;2,9;67,6;29,4;35;.;65,7;34,3;36;.;86,1;13,9;.;.;.;.;
Örbyhus skola 7-9;69241995;Tierp;0360;Kommunal;Tierps kommun;2120000266;56;.;44,6;55,4;51;.;70,6;29,4;55;23,6;65,5;10,9;.;.;.;.;
Ala skola;59092675;Timrå;2262;Kommunal;Timrå kommun;2120002395;32;.;37,5;62,5;33;6,1;81,8;12,1;31;12,9;67,7;19,4;.;.;.;.;
Arenaskolan grundskola;81784662;Timrå;2262;Kommunal;Timrå kommun;2120002395;108;3,7;64,8;31,5;115;1,7;67,0;31,3;120;11,7;80,0;8,3;.;.;.;.;
Dackeskolan 7-9;56361478;Tingsryd;0763;Kommunal;Tingsryds kommun;2120000621;83;2,4;81,9;15,7;95;1,1;76,8;22,1;100;4,0;77,0;19,0;.;.;.;.;
Bleketskolan;16656370;Tjörn;1419;Kommunal;Tjörns kommun;2120001306;64;.;53,1;46,9;68;8,8;61,8;29,4;68;.;89,7;10,3;.;.;.;.;
Häggvallskolan Öst;62803447;Tjörn;1419;Kommunal;Tjörns kommun;2120001306;80;12,5;55,0;32,5;88;.;70,5;29,5;88;12,5;79,5;8,0;.;.;.;.;
Kastanjeskolan;90360196;Tomelilla;1270;Kommunal;Tomelilla kommun;2120000886;94;.;60,6;39,4;97;.;39,2;60,8;99;7,1;61,6;31,3;.;.;.;.;
Frykenskolan;21568934;Torsby;1737;Kommunal;Torsby kommun;2120001777;67;19,4;65,7;14,9;71;1,4;76,1;22,5;78;28,2;64,1;7,7;.;.;.;.;
Torskolan H;99636909;Torsås;0834;Kommunal;Torsås kommun;2120000696;52;11,5;53,8;34,6;58;.;81,0;19,0;56;17,9;78,6;3,6;.;.;.;.;
Tranängskolan 7-9;33759766;Tranemo;1452;Kommunal;Tranemo kommun;2120001462;128;7,0;63,3;29,7;129;.;84,5;15,5;128;19,5;75,8;4,7;.;.;.;.;
Junkaremålsskolan 7-9;18476537;Tranås;0687;Kommunal;Tranås kommun;2120000597;101;4,0;69,3;26,7;108;.;72,2;27,8;107;11,2;74,8;14,0;.;.;.;.;
Ängarydsskolan;10155751;Tranås;0687;Kommunal;Tranås kommun;2120000597;86;7,0;66,3;26,7;94;.;75,5;24,5;101;4,0;90,1;5,9;.;.;.;.;
Internationella Engelska Skolan Trelleborg;44524062;Trelleborg;1287;Enskild;Internationella Engelska Skolan i Sverige AB;5564624368;15;6,7;60,0;33,3;28;.;53,6;46,4;28;14,3;85,7;.;.;.;.;.;
Kunskapsskolan Trelleborg;65892623;Trelleborg;1287;Enskild;Kunskapsskolan i Sverige Aktiebolag;5565661815;72;1,4;69,4;29,2;73;1,4;87,7;11,0;75;20,0;72,0;8,0;.;.;.;.;
Liljeskolan;72668294;Trelleborg;1287;Kommunal;Trelleborgs kommun;2120001199;91;6,6;53,8;39,6;120;5,0;70,0;25,0;122;13,9;73,0;13,1;31;.;38,7;61,3;
Pilevallskolan;24947938;Trelleborg;1287;Kommunal;Trelleborgs kommun;2120001199;17;.;41,2;58,8;36;.;61,1;38,9;38;21,1;76,3;2,6;20;5,0;35,0;60,0;
Sjöviksskolan;32492959;Trelleborg;1287;Kommunal;Trelleborgs kommun;2120001199;52;1,9;53,8;44,2;60;.;65,0;35,0;59;6,8;76,3;16,9;.;.;.;.;
Skegrie skola;17417951;Trelleborg;1287;Kommunal;Trelleborgs kommun;2120001199;26;15,4;26,9;57,7;28;.;71,4;28,6;28;14,3;75,0;10,7;.;.;.;.;
Västervångskolan;38375490;Trelleborg;1287;Kommunal;Trelleborgs kommun;2120001199;74;1,4;77,0;21,6;77;1,3;63,6;35,1;78;14,1;79,5;6,4;.;.;.;.;
Väståkraskolan;16081769;Trelleborg;1287;Kommunal;Trelleborgs kommun;2120001199;51;11,8;68,6;19,6;56;3,6;80,4;16,1;57;1,8;86,0;12,3;.;.;.;.;
Fridaskolan, Trollhättan;56884611;Trollhättan;1488;Enskild;Fridaskolorna AB;5564515988;73;.;83,6;16,4;72;4,2;70,8;25,0;74;.;98,6;1,4;.;.;.;.;
Lyrfågelskolan 7-9;81052393;Trollhättan;1488;Kommunal;Trollhättans kommun;2120001546;102;3,9;58,8;37,3;111;1,8;68,5;29,7;110;7,3;85,5;7,3;16;6,3;56,3;37,5;
Nordic International School Trollhättan;45769922;Trollhättan;1488;Enskild;Nordic International School AB;5566102033;26;3,8;65,4;30,8;46;8,7;80,4;10,9;45;4,4;80,0;15,6;.;.;.;.;
Nya Skolan, Trollhättan, Pettersberg;11588924;Trollhättan;1488;Enskild;Nya Skolan Sverige AB;5566127600;.;.;.;.;20;.;90,0;10,0;20;5,0;70,0;25,0;.;.;.;.;
Paradisskolan 4-9;38786603;Trollhättan;1488;Kommunal;Trollhättans kommun;2120001546;57;14,0;57,9;28,1;61;1,6;78,7;19,7;61;11,5;82,0;6,6;.;.;.;.;
Sjuntorpskolan 4-9;39396701;Trollhättan;1488;Kommunal;Trollhättans kommun;2120001546;45;11,1;51,1;37,8;45;2,2;68,9;28,9;47;8,5;76,6;14,9;.;.;.;.;
Skogshöjdens skola 6-9;17106266;Trollhättan;1488;Kommunal;Trollhättans kommun;2120001546;34;.;73,5;26,5;41;.;78,0;22,0;42;4,8;85,7;9,5;.;.;.;.;
Slättbergsskolan 7-9;84590859;Trollhättan;1488;Kommunal;Trollhättans kommun;2120001546;29;.;72,4;27,6;47;.;42,6;57,4;47;4,3;91,5;4,3;16;6,3;43,8;50,0;
Stavreskolan 6-9;49525819;Trollhättan;1488;Kommunal;Trollhättans kommun;2120001546;34;17,6;52,9;29,4;46;4,3;76,1;19,6;47;2,1;91,5;6,4;.;.;.;.;
Strömslundsskolan 7-9;96091081;Trollhättan;1488;Kommunal;Trollhättans kommun;2120001546;59;5,1;67,8;27,1;60;3,3;81,7;15,0;57;3,5;82,5;14,0;.;.;.;.;
Sylteskolan 7-9;66414430;Trollhättan;1488;Kommunal;Trollhättans kommun;2120001546;34;8,8;67,6;23,5;64;.;65,6;34,4;68;1,5;85,3;13,2;32;.;75,0;25,0;
Hedebyskolan;45500152;Trosa;0488;Kommunal;Trosa kommun;2120002957;47;12,8;66,0;21,3;49;4,1;65,3;30,6;51;47,1;45,1;7,8;.;.;.;.;
Tomtaklintskolan;51044218;Trosa;0488;Kommunal;Trosa kommun;2120002957;95;3,2;65,3;31,6;101;4,0;56,4;39,6;99;.;60,6;39,4;.;.;.;.;
Dalskolan;56130729;Tyresö;0138;Kommunal;Tyresö kommun;2120000092;79;1,3;72,2;26,6;76;.;44,7;55,3;76;34,2;59,2;6,6;.;.;.;.;
Fornuddens skola;71078874;Tyresö;0138;Kommunal;Tyresö kommun;2120000092;98;2,0;48,0;50,0;98;2,0;35,7;62,2;98;1,0;66,3;32,7;.;.;.;.;
Internationella Engelska Skolan Tyresö;60904587;Tyresö;0138;Enskild;Internationella Engelska Skolan i Sverige AB;5564624368;124;2,4;78,2;19,4;144;7,6;79,9;12,5;147;10,9;85,7;3,4;18;.;72,2;27,8;
Kumla skola;37147254;Tyresö;0138;Kommunal;Tyresö kommun;2120000092;103;.;56,3;43,7;107;.;57,0;43,0;101;30,7;59,4;9,9;.;.;.;.;
Nyboda skola;31281674;Tyresö;0138;Kommunal;Tyresö kommun;2120000092;68;1,5;67,6;30,9;78;2,6;67,9;29,5;89;4,5;64,0;31,5;23;4,3;56,5;39,1;
Strandskolan;87665835;Tyresö;0138;Kommunal;Tyresö kommun;2120000092;63;.;88,9;11,1;67;1,5;91,0;7,5;64;1,6;89,1;9,4;.;.;.;.;
Tyresö skola;83020784;Tyresö;0138;Kommunal;Tyresö kommun;2120000092;89;.;87,6;12,4;81;2,5;82,7;14,8;91;11,0;75,8;13,2;.;.;.;.;
Byängsskolan;65839656;Täby;0160;Enskild;Byängsskolan AB;5567563316;75;5,3;82,7;12,0;77;1,3;77,9;20,8;74;14,9;81,1;4,1;.;.;.;.;
Futuraskolan International Bergtorp;24142153;Täby;0160;Enskild;Futuraskolan AB;5566095047;122;1,6;73,8;24,6;125;.;78,4;21,6;124;12,1;75,0;12,9;.;.;.;.;
Helleborusskolan Täby AB;45984740;Täby;0160;Enskild;Helleborusskolan Täby AB;5567508386;43;.;74,4;25,6;46;.;43,5;56,5;45;4,4;86,7;8,9;.;.;.;.;
Hägerneholmsskolan;41181908;Täby;0160;Kommunal;Täby kommun;2120000118;44;.;70,5;29,5;46;.;89,1;10,9;46;2,2;95,7;2,2;.;.;.;.;
Internationella Engelska Skolan Täby;12332278;Täby;0160;Enskild;Internationella Engelska Skolan i Sverige AB;5564624368;198;8,1;54,0;37,9;203;.;83,3;16,7;205;2,9;82,0;15,1;.;.;.;.;
Kunskapsskolan Täby;25309669;Täby;0160;Enskild;Kunskapsskolan i Sverige Aktiebolag;5565661815;79;.;77,2;22,8;79;.;88,6;11,4;78;.;80,8;19,2;.;.;.;.;
Noblaskolan Täby;23312767;Täby;0160;Enskild;Pysslingen Förskolor och Skolor AB;5560354309;48;22,9;66,7;10,4;46;4,3;80,4;15,2;49;2,0;79,6;18,4;.;.;.;.;
Näsbydalskolan;22807677;Täby;0160;Kommunal;Täby kommun;2120000118;92;3,3;87,0;9,8;96;5,2;87,5;7,3;100;9,0;82,0;9,0;.;.;.;.;
Näsbyparksskolan;96330648;Täby;0160;Kommunal;Täby kommun;2120000118;92;4,3;71,7;23,9;104;.;77,9;22,1;105;1,9;84,8;13,3;.;.;.;.;
Skarpängsskolan;83454509;Täby;0160;Kommunal;Täby kommun;2120000118;157;1,3;64,3;34,4;159;4,4;79,2;16,4;161;3,1;87,6;9,3;.;.;.;.;
Skolhagenskolan;69088221;Täby;0160;Kommunal;Täby kommun;2120000118;137;2,2;62,8;35,0;130;2,3;58,5;39,2;136;5,9;75,7;18,4;.;.;.;.;
Spirande lärande i Täby AB;89424201;Täby;0160;Enskild;Spirande lärande i Täby AB;5565917993;29;.;93,1;6,9;28;.;75,0;25,0;28;3,6;82,1;14,3;.;.;.;.;
Täby Friskola-Enhagen;32231541;Täby;0160;Enskild;Täby Friskola Aktiebolag;5565998860;95;.;82,1;17,9;94;5,3;83,0;11,7;95;4,2;86,3;9,5;.;.;.;.;
Vallatorpsskolan;57206066;Täby;0160;Kommunal;Täby kommun;2120000118;22;.;45,5;54,5;23;.;82,6;17,4;24;.;91,7;8,3;.;.;.;.;
Töreboda Centralskola;94707451;Töreboda;1473;Kommunal;Töreboda kommun;2120001678;78;6,4;66,7;26,9;84;4,8;79,8;15,5;86;17,4;76,7;5,8;.;.;.;.;
Fridaskolan, Uddevalla;27489448;Uddevalla;1485;Enskild;Fridaskolorna AB;5564515988;68;4,4;60,3;35,3;73;9,6;68,5;21,9;73;9,6;90,4;.;.;.;.;.;
Linnéaskolan;92086024;Uddevalla;1485;Kommunal;Uddevalla kommun;2120001397;71;12,7;62,0;25,4;77;5,2;81,8;13,0;77;29,9;66,2;3,9;.;.;.;.;
Norgårdenskolan 7-9;10405686;Uddevalla;1485;Kommunal;Uddevalla kommun;2120001397;127;2,4;57,5;40,2;135;9,6;63,7;26,7;134;6,0;86,6;7,5;.;.;.;.;
Ramnerödsskolan;83416307;Uddevalla;1485;Kommunal;Uddevalla kommun;2120001397;37;.;59,5;40,5;75;1,3;74,7;24,0;76;11,8;76,3;11,8;26;.;57,7;42,3;
Sommarhemsskolan 7-9;45535775;Uddevalla;1485;Kommunal;Uddevalla kommun;2120001397;120;0,8;55,0;44,2;137;6,6;67,9;25,5;134;6,7;64,9;28,4;15;6,7;53,3;40,0;
Stenbackeskolan;77005811;Uddevalla;1485;Enskild;Stiftelsen Uddevalla Kristna Skola;8585011904;16;.;81,3;18,8;16;.;75,0;25,0;.;.;.;.;.;.;.;.;
Västerskolan 7-9;62222568;Uddevalla;1485;Kommunal;Uddevalla kommun;2120001397;75;9,3;45,3;45,3;97;1,0;79,4;19,6;99;8,1;80,8;11,1;22;9,1;31,8;59,1;
Stenbocksskolan;39517088;Ulricehamn;1491;Kommunal;Ulricehamns kommun;2120001579;167;7,8;51,5;40,7;192;7,3;73,4;19,3;194;12,4;72,2;15,5;21;9,5;42,9;47,6;
Ätradalsskolan;28080863;Ulricehamn;1491;Kommunal;Ulricehamns kommun;2120001579;60;20,0;50,0;30,0;61;4,9;78,7;16,4;64;10,9;78,1;10,9;.;.;.;.;
Bräntbergsskolan;51175885;Umeå;2480;Kommunal;Umeå kommun;2120002627;20;5,0;70,0;25,0;22;27,3;68,2;4,5;24;.;75,0;25,0;.;.;.;.;
Carlslundsskolan 7-9;61410067;Umeå;2480;Kommunal;Umeå kommun;2120002627;100;12,0;67,0;21,0;106;0,9;77,4;21,7;106;23,6;72,6;3,8;.;.;.;.;
Ersängsskolan 7-9;96783420;Umeå;2480;Kommunal;Umeå kommun;2120002627;24;4,2;70,8;25,0;43;.;65,1;34,9;46;.;93,5;6,5;19;21,1;73,7;5,3;
Grubbeskolan 7-9;75714469;Umeå;2480;Kommunal;Umeå kommun;2120002627;162;1,9;63,0;35,2;159;.;66,0;34,0;154;8,4;84,4;7,1;.;.;.;.;
Hagaskolan F-9;84622889;Umeå;2480;Kommunal;Umeå kommun;2120002627;96;5,2;70,8;24,0;98;2,0;79,6;18,4;96;19,8;79,2;1,0;.;.;.;.;
Hörnefors Centralskola F-9;61483058;Umeå;2480;Kommunal;Umeå kommun;2120002627;47;.;91,5;8,5;48;2,1;58,3;39,6;47;2,1;95,7;2,1;.;.;.;.;
Internationella Engelska Skolan Umeå;53993567;Umeå;2480;Enskild;Internationella Engelska Skolan i Sverige AB;5564624368;48;10,4;72,9;16,7;55;.;98,2;1,8;53;9,4;84,9;5,7;.;.;.;.;
Linneaskolan;39117429;Umeå;2480;Kommunal;Umeå kommun;2120002627;45;4,4;60,0;35,6;46;.;32,6;67,4;42;4,8;83,3;11,9;.;.;.;.;
Maja Beskowskolan;84461484;Umeå;2480;Kommunal;Umeå kommun;2120002627;153;7,8;58,2;34,0;153;5,9;65,4;28,8;158;25,9;62,0;12,0;.;.;.;.;
Minervaskolan;75713343;Umeå;2480;Enskild;Minervaskolan i Umeå AB;5565735049;91;3,3;85,7;11,0;89;.;95,5;4,5;91;2,2;95,6;2,2;.;.;.;.;
Obbola skola;96298476;Umeå;2480;Kommunal;Umeå kommun;2120002627;35;5,7;40,0;54,3;32;3,1;71,9;25,0;35;37,1;57,1;5,7;.;.;.;.;
Prolympia, Umeå;28958120;Umeå;2480;Enskild;Ulno AB;5566577705;75;13,3;57,3;29,3;75;1,3;89,3;9,3;76;17,1;78,9;3,9;.;.;.;.;
Språkskolan;55815397;Umeå;2480;Enskild;Språkskolan i Umeå Ek. För.;7696004535;18;5,6;61,1;33,3;18;.;88,9;11,1;20;20,0;80,0;.;.;.;.;.;
Storsjöskolan 2;10954341;Umeå;2480;Kommunal;Umeå kommun;2120002627;77;7,8;55,8;36,4;77;2,6;79,2;18,2;78;16,7;78,2;5,1;.;.;.;.;
Sävar skola 7-9;67931687;Umeå;2480;Kommunal;Umeå kommun;2120002627;100;12,0;74,0;14,0;97;2,1;84,5;13,4;98;25,5;66,3;8,2;.;.;.;.;
Södra Ålidhemsskolan 6-9;42752416;Umeå;2480;Kommunal;Umeå kommun;2120002627;44;.;65,9;34,1;62;3,2;87,1;9,7;63;3,2;96,8;.;18;.;100,0;.;
Tegs centralskola;49975985;Umeå;2480;Kommunal;Umeå kommun;2120002627;114;4,4;64,9;30,7;114;1,8;86,8;11,4;112;24,1;72,3;3,6;.;.;.;.;
Umeå Waldorfskola, gr;16183719;Umeå;2480;Enskild;Stiftelsen Umeå Waldorfskola R Karlsson Mfl;8940012076;22;.;86,4;13,6;21;.;71,4;28,6;23;34,8;65,2;.;.;.;.;.;
Västangårds skola F-9;79372311;Umeå;2480;Kommunal;Umeå kommun;2120002627;38;5,3;94,7;.;38;.;81,6;18,4;38;34,2;65,8;.;.;.;.;.;
Engelska skolan Upplands Väsby;80509560;Upplands Väsby;0114;Enskild;Stiftelsen Språkskolan i Upplands Väsby;8160005966;17;.;88,2;11,8;21;.;42,9;57,1;20;5,0;80,0;15,0;.;.;.;.;
Grimstaskolan;44227469;Upplands Väsby;0114;Kommunal;Upplands Väsby kommun;2120000019;105;23,8;63,8;12,4;105;7,6;70,5;21,9;109;.;10,1;89,9;.;.;.;.;
Internationella Engelska Skolan Upplands Väsby;24402537;Upplands Väsby;0114;Enskild;Internationella Engelska Skolan i Sverige AB;5564624368;44;4,5;40,9;54,5;60;.;98,3;1,7;56;14,3;67,9;17,9;.;.;.;.;
Runby skola;77624936;Upplands Väsby;0114;Kommunal;Upplands Väsby kommun;2120000019;70;24,3;71,4;4,3;79;.;75,9;24,1;80;22,5;72,5;5,0;.;.;.;.;
Sandbergska skolan Upplands Väsby;97762139;Upplands Väsby;0114;Enskild;Skolalliansen i Sverige AB;5567497051;25;12,0;60,0;28,0;24;.;70,8;29,2;26;.;84,6;15,4;.;.;.;.;
Södervikskolan AB;49021135;Upplands Väsby;0114;Enskild;Södervikskolan AB;5567220347;114;.;60,5;39,5;116;0,9;46,6;52,6;115;4,3;87,8;7,8;.;.;.;.;
Vittra Väsby;24374886;Upplands Väsby;0114;Enskild;Vittraskolorna AB;5564586716;.;.;.;.;24;8,3;50,0;41,7;24;16,7;75,0;8,3;22;.;31,8;68,2;
Väsby skola;31018677;Upplands Väsby;0114;Kommunal;Upplands Väsby kommun;2120000019;31;12,9;80,6;6,5;49;.;77,6;22,4;50;16,0;76,0;8,0;.;.;.;.;
Broskolan;16983719;Upplands-Bro;0139;Kommunal;Upplands-Bro kommun;2120000100;68;.;83,8;16,2;99;.;80,8;19,2;98;3,1;94,9;2,0;34;.;85,3;14,7;
Ekhammarskolan;92284588;Upplands-Bro;0139;Kommunal;Upplands-Bro kommun;2120000100;112;0,9;75,0;24,1;118;7,6;66,9;25,4;125;8,8;81,6;9,6;.;.;.;.;
Hagnässkolan;16969143;Upplands-Bro;0139;Kommunal;Upplands-Bro kommun;2120000100;72;16,7;66,7;16,7;80;7,5;62,5;30,0;79;15,2;75,9;8,9;.;.;.;.;
JENSEN grundskola Bro-Mälarstrand;89851619;Upplands-Bro;0139;Enskild;Jensen Education College AB;5566358759;53;.;69,8;30,2;51;.;90,2;9,8;53;1,9;90,6;7,5;.;.;.;.;
Källskolan 6-9;85796724;Upplands-Bro;0139;Enskild;Föreningen för Kristen Skola i Upplands-Bro;8132004659;19;.;47,4;52,6;21;.;57,1;42,9;21;9,5;61,9;28,6;.;.;.;.;
Almunge skola;99056007;Uppsala;0380;Kommunal;Uppsala kommun;2120003005;67;6,0;55,2;38,8;61;.;73,8;26,2;66;28,8;69,7;1,5;.;.;.;.;
Ansgarskolorna Kyrkskolan 7-9;35561766;Uppsala;0380;Enskild;Ansgarskolorna AB;5565835146;57;14,0;70,2;15,8;63;4,8;76,2;19,0;67;14,9;74,6;10,4;.;.;.;.;
Björkvallsskolan;89112467;Uppsala;0380;Kommunal;Uppsala kommun;2120003005;82;2,4;58,5;39,0;87;1,1;66,7;32,2;86;1,2;79,1;19,8;.;.;.;.;
Gluntens Montessoriskola;57484572;Uppsala;0380;Enskild;Gluntens Montessoriskola AB;5592659667;42;2,4;83,3;14,3;47;2,1;70,2;27,7;46;4,3;89,1;6,5;.;.;.;.;
Gottsundaskolan;93042073;Uppsala;0380;Kommunal;Uppsala kommun;2120003005;103;3,9;65,0;31,1;130;.;78,5;21,5;135;20,0;73,3;6,7;30;6,7;86,7;6,7;
Gränbyskolan;60782519;Uppsala;0380;Kommunal;Uppsala kommun;2120003005;73;1,4;68,5;30,1;75;6,7;80,0;13,3;105;16,2;63,8;20,0;32;9,4;59,4;31,3;
Gåvsta skola;12275851;Uppsala;0380;Kommunal;Uppsala kommun;2120003005;50;4,0;38,0;58,0;53;.;49,1;50,9;55;5,5;85,5;9,1;.;.;.;.;
Internationella Engelska Skolan Uppsala;83401016;Uppsala;0380;Enskild;Internationella Engelska Skolan i Sverige AB;5564624368;102;13,7;72,5;13,7;121;9,9;89,3;0,8;117;1,7;94,9;3,4;.;.;.;.;
JENSEN grundskola Uppsala 2;97879425;Uppsala;0380;Enskild;Jensen Education College AB;5566358759;30;.;83,3;16,7;31;.;83,9;16,1;29;6,9;86,2;6,9;.;.;.;.;
Katarinaskolan;71951060;Uppsala;0380;Enskild;Heliga Katarinas Skolstiftelse;8176030867;99;7,1;67,7;25,3;95;.;78,9;21,1;99;4,0;87,9;8,1;.;.;.;.;
Kunskapsskolan Uppsala;73947432;Uppsala;0380;Enskild;Kunskapsskolan i Sverige Aktiebolag;5565661815;117;0,9;82,1;17,1;120;3,3;83,3;13,3;120;13,3;81,7;5,0;.;.;.;.;
Kunskapsskolan Uppsala Norra;73806643;Uppsala;0380;Enskild;Kunskapsskolan i Sverige Aktiebolag;5565661815;79;.;77,2;22,8;85;10,6;80,0;9,4;87;3,4;90,8;5,7;.;.;.;.;
Kvarngärdesskolan;61003071;Uppsala;0380;Kommunal;Uppsala kommun;2120003005;18;.;77,8;22,2;25;.;88,0;12,0;.;.;.;.;.;.;.;.;
Nannaskolan;29677535;Uppsala;0380;Kommunal;Uppsala kommun;2120003005;112;1,8;35,7;62,5;131;4,6;74,0;21,4;141;15,6;63,1;21,3;27;3,7;59,3;37,0;
Palmbladsskolan;40275917;Uppsala;0380;Kommunal;Uppsala kommun;2120003005;105;1,0;61,9;37,1;110;2,7;70,0;27,3;116;12,1;86,2;1,7;.;.;.;.;
Raoul Wallenbergskolan Uppsala;56867001;Uppsala;0380;Enskild;Raoul Wallenbergskolorna AB;5566740113;61;8,2;60,7;31,1;61;.;55,7;44,3;62;12,9;61,3;25,8;.;.;.;.;
Rosendals skola;43933186;Uppsala;0380;Kommunal;Uppsala kommun;2120003005;107;2,8;72,0;25,2;119;.;69,7;30,3;126;21,4;66,7;11,9;16;.;37,5;62,5;
Stordammens skola;95132430;Uppsala;0380;Kommunal;Uppsala kommun;2120003005;69;.;62,3;37,7;81;2,5;82,7;14,8;84;7,1;81,0;11,9;16;18,8;56,3;25,0;
Sverkerskolan;21969379;Uppsala;0380;Kommunal;Uppsala kommun;2120003005;78;2,6;32,1;65,4;84;.;44,0;56,0;84;.;46,4;53,6;.;.;.;.;
Tiundaskolan;53847396;Uppsala;0380;Kommunal;Uppsala kommun;2120003005;121;1,7;50,4;47,9;138;2,2;73,9;23,9;133;4,5;82,0;13,5;19;.;36,8;63,2;
Tuna skola;26666728;Uppsala;0380;Kommunal;Uppsala kommun;2120003005;19;.;78,9;21,1;19;.;52,6;47,4;19;10,5;84,2;5,3;.;.;.;.;
Tunabergsskolan;54742485;Uppsala;0380;Kommunal;Uppsala kommun;2120003005;133;2,3;57,9;39,8;141;2,1;78,0;19,9;143;2,8;92,3;4,9;.;.;.;.;
Uppsala Musikklasser;89387408;Uppsala;0380;Enskild;Stiftelsen Uppsala Musikklasser;8176054917;80;2,5;77,5;20,0;78;.;79,5;20,5;81;7,4;88,9;3,7;.;.;.;.;
Uppsala waldorfskola;69405762;Uppsala;0380;Enskild;Stiftelsen Uppsala Waldorfskola;8176031154;15;.;66,7;33,3;15;.;100,0;.;15;6,7;66,7;26,7;.;.;.;.;
Vaksalaskolan;28006480;Uppsala;0380;Kommunal;Uppsala kommun;2120003005;52;1,9;32,7;65,4;56;1,8;85,7;12,5;60;1,7;88,3;10,0;.;.;.;.;
Valsätraskolan;56446888;Uppsala;0380;Kommunal;Uppsala kommun;2120003005;92;4,3;52,2;43,5;110;3,6;83,6;12,7;108;24,1;68,5;7,4;17;35,3;52,9;11,8;
von Bahrs skola;17250578;Uppsala;0380;Kommunal;Uppsala kommun;2120003005;43;7,0;69,8;23,3;51;.;98,0;2,0;55;18,2;80,0;1,8;.;.;.;.;
Västra Stenhagenskolan;48134074;Uppsala;0380;Kommunal;Uppsala kommun;2120003005;79;1,3;57,0;41,8;95;.;45,3;54,7;92;10,9;80,4;8,7;15;.;73,3;26,7;
Ärentunaskolan;64800741;Uppsala;0380;Kommunal;Uppsala kommun;2120003005;144;1,4;64,6;34,0;152;3,3;81,6;15,1;151;9,9;84,8;5,3;.;.;.;.;
Åsedaskolan 7-9;75658239;Uppvidinge;0760;Kommunal;Uppvidinge kommun;2120000605;28;7,1;75,0;17,9;43;.;88,4;11,6;43;11,6;74,4;14,0;.;.;.;.;
Älghultskolan;73077490;Uppvidinge;0760;Kommunal;Uppvidinge kommun;2120000605;29;.;65,5;34,5;42;.;90,5;9,5;42;19,0;71,4;9,5;.;.;.;.;
Petrus Magni skola;21550555;Vadstena;0584;Kommunal;Vadstena kommun;2120002825;67;7,5;55,2;37,3;71;8,5;87,3;4,2;65;20,0;63,1;16,9;.;.;.;.;
Fågelforsskolan 7-9;38944084;Vaggeryd;0665;Kommunal;Vaggeryds kommun;2120000522;76;.;86,8;13,2;81;4,9;93,8;1,2;85;18,8;74,1;7,1;.;.;.;.;
Hjortsjöskolan 7-9;95197505;Vaggeryd;0665;Kommunal;Vaggeryds kommun;2120000522;63;7,9;44,4;47,6;77;6,5;87,0;6,5;74;5,4;79,7;14,9;.;.;.;.;
Vammarskolan 4-9;53620708;Valdemarsvik;0563;Kommunal;Valdemarsviks kommun;2120000431;60;11,7;73,3;15,0;61;4,9;59,0;36,1;61;16,4;77,0;6,6;.;.;.;.;
Bällstabergsskolan;52293921;Vallentuna;0115;Kommunal;Vallentuna kommun;2120000027;45;6,7;33,3;60,0;45;.;77,8;22,2;45;4,4;95,6;.;.;.;.;.;
Hagaskolan;84520303;Vallentuna;0115;Kommunal;Vallentuna kommun;2120000027;72;16,7;61,1;22,2;76;1,3;78,9;19,7;74;13,5;77,0;9,5;.;.;.;.;
Karlslundsskolan;11193969;Vallentuna;0115;Kommunal;Vallentuna kommun;2120000027;41;12,2;73,2;14,6;46;.;71,7;28,3;46;.;97,8;2,2;.;.;.;.;
Lovisedalsskolan;29278599;Vallentuna;0115;Kommunal;Vallentuna kommun;2120000027;40;.;77,5;22,5;43;11,6;83,7;4,7;43;44,2;51,2;4,7;.;.;.;.;
Rosendalsskolan;63742407;Vallentuna;0115;Kommunal;Vallentuna kommun;2120000027;54;.;59,3;40,7;57;10,5;82,5;7,0;59;18,6;71,2;10,2;.;.;.;.;
Vallentuna Friskola;72378947;Vallentuna;0115;Enskild;Vallentuna Friskola AB;5565736187;48;.;54,2;45,8;48;4,2;64,6;31,3;46;4,3;73,9;21,7;.;.;.;.;
Vittra Vallentuna;46206050;Vallentuna;0115;Enskild;Vittraskolorna AB;5564586716;43;2,3;93,0;4,7;43;.;90,7;9,3;44;.;95,5;4,5;.;.;.;.;
Smedbergsskolan 4-9;20545871;Vansbro;2021;Kommunal;Vansbro kommun;2120002130;65;1,5;43,1;55,4;64;.;43,8;56,3;71;22,5;67,6;9,9;.;.;.;.;
Alléskolan;45270097;Vara;1470;Kommunal;Vara kommun;2120002924;91;3,3;53,8;42,9;103;3,9;61,2;35,0;105;21,9;75,2;2,9;.;.;.;.;
Nästegårdsskolan åk7-åk9;30499176;Vara;1470;Kommunal;Vara kommun;2120002924;53;3,8;62,3;34,0;58;1,7;84,5;13,8;60;30,0;65,0;5,0;.;.;.;.;
Almers skola 4-9 och fritidshem;39690579;Varberg;1383;Kommunal;Varbergs kommun;2120001249;43;2,3;58,1;39,5;47;4,3;59,6;36,2;47;21,3;57,4;21,3;.;.;.;.;
Ankarskolan 4-9;68653982;Varberg;1383;Kommunal;Varbergs kommun;2120001249;52;3,8;67,3;28,8;53;.;66,0;34,0;54;16,7;79,6;3,7;.;.;.;.;
Bosgårdsskolan 4-9;55731587;Varberg;1383;Kommunal;Varbergs kommun;2120001249;59;3,4;39,0;57,6;66;.;56,1;43,9;60;51,7;45,0;3,3;.;.;.;.;
Hagaskolan 4-9;26579492;Varberg;1383;Kommunal;Varbergs kommun;2120001249;21;.;71,4;28,6;26;3,8;57,7;38,5;26;15,4;73,1;11,5;.;.;.;.;
Håstensskolan 8 och 9;75684823;Varberg;1383;Kommunal;Varbergs kommun;2120001249;85;2,4;58,8;38,8;96;6,3;60,4;33,3;97;9,3;86,6;4,1;.;.;.;.;
Kunskapsskolan Varberg;52846430;Varberg;1383;Enskild;Kunskapsskolan i Sverige Aktiebolag;5565661815;78;.;73,1;26,9;86;.;81,4;18,6;78;3,8;83,3;12,8;.;.;.;.;
Lindbergs skola 4-9;23521056;Varberg;1383;Kommunal;Varbergs kommun;2120001249;33;3,0;81,8;15,2;33;.;72,7;27,3;34;.;100,0;.;.;.;.;.;
Nyhemsskolan Varbergs Krist sk;74843338;Varberg;1383;Enskild;Nyhemsskolan-Varbergs Kristna Skola, ekonomisk förening;7696068431;17;5,9;88,2;5,9;17;5,9;76,5;17,6;18;44,4;50,0;5,6;.;.;.;.;
Påskbergsskolan 4-9;50675351;Varberg;1383;Kommunal;Varbergs kommun;2120001249;50;4,0;72,0;24,0;51;.;66,7;33,3;52;7,7;73,1;19,2;.;.;.;.;
Rolfstorps skola 4-9;18002855;Varberg;1383;Kommunal;Varbergs kommun;2120001249;50;4,0;38,0;58,0;50;.;86,0;14,0;53;7,5;79,2;13,2;.;.;.;.;
Trönninge skola 4-9;71449540;Varberg;1383;Kommunal;Varbergs kommun;2120001249;82;4,9;76,8;18,3;85;3,5;85,9;10,6;87;13,8;74,7;11,5;.;.;.;.;
Vidhögeskolan 4-9;70460569;Varberg;1383;Kommunal;Varbergs kommun;2120001249;67;22,4;74,6;3,0;71;1,4;76,1;22,5;70;47,1;51,4;1,4;.;.;.;.;
Väröbackaskolan 4-9;68613823;Varberg;1383;Kommunal;Varbergs kommun;2120001249;48;8,3;50,0;41,7;48;4,2;77,1;18,8;52;11,5;86,5;1,9;.;.;.;.;
Kronängsskolan;48724676;Vaxholm;0187;Kommunal;Vaxholms kommun;2120002908;144;12,5;68,1;19,4;136;5,9;75,7;18,4;141;17,0;75,2;7,8;.;.;.;.;
Framtidskomp. V Ingelstad sk;44979671;Vellinge;1233;Enskild;Framtidskompassen AB;5567865943;39;.;56,4;43,6;40;.;90,0;10,0;42;26,2;71,4;2,4;.;.;.;.;
Framtidskompassen i Vellinge;15068529;Vellinge;1233;Enskild;Framtidskompassen AB;5567865943;42;2,4;50,0;47,6;44;4,5;56,8;38,6;44;9,1;84,1;6,8;.;.;.;.;
Herrestorpskolan;16650439;Vellinge;1233;Kommunal;Vellinge kommun;2120001033;37;8,1;51,4;40,5;42;2,4;83,3;14,3;43;14,0;74,4;11,6;.;.;.;.;
Ljungenskolan;41197162;Vellinge;1233;Kommunal;Vellinge kommun;2120001033;64;.;79,7;20,3;65;1,5;83,1;15,4;65;10,8;69,2;20,0;.;.;.;.;
Sandeplanskolan;71367825;Vellinge;1233;Kommunal;Vellinge kommun;2120001033;58;1,7;70,7;27,6;60;8,3;80,0;11,7;64;12,5;78,1;9,4;.;.;.;.;
Skanör Falsterbo Montessorisk.;46725455;Vellinge;1233;Enskild;Skanör Falsterbo Montessoriskola AB;5566270095;15;13,3;73,3;13,3;15;.;86,7;13,3;.;.;.;.;.;.;.;.;
Skanörs skola;46945514;Vellinge;1233;Kommunal;Vellinge kommun;2120001033;34;5,9;67,6;26,5;34;.;85,3;14,7;33;3,0;97,0;.;.;.;.;.;
Stora Hammars skola;24181728;Vellinge;1233;Kommunal;Vellinge kommun;2120001033;54;1,9;42,6;55,6;55;7,3;76,4;16,4;55;7,3;83,6;9,1;.;.;.;.;
Södervångskolan;28023150;Vellinge;1233;Kommunal;Vellinge kommun;2120001033;39;.;69,2;30,8;40;7,5;67,5;25,0;38;7,9;89,5;2,6;.;.;.;.;
Tångvallaskolan;58994715;Vellinge;1233;Kommunal;Vellinge kommun;2120001033;31;3,2;54,8;41,9;30;3,3;70,0;26,7;30;3,3;86,7;10,0;.;.;.;.;
Ängdalaskolan;11885832;Vellinge;1233;Enskild;Ängdala Skolor AB;5565279931;56;.;82,1;17,9;56;3,6;57,1;39,3;56;16,1;80,4;3,6;.;.;.;.;
Landsbro skola 7-9;69564434;Vetlanda;0685;Kommunal;Vetlanda kommun;2120000571;91;12,1;46,2;41,8;109;8,3;67,9;23,9;105;7,6;85,7;6,7;17;.;58,8;41,2;
Withalaskolan 1;98508777;Vetlanda;0685;Kommunal;Vetlanda kommun;2120000571;39;15,4;59,0;25,6;58;3,4;79,3;17,2;58;20,7;58,6;20,7;18;.;77,8;22,2;
Withalaskolan 2;37915996;Vetlanda;0685;Kommunal;Vetlanda kommun;2120000571;111;3,6;74,8;21,6;140;5,7;78,6;15,7;141;14,9;76,6;8,5;36;8,3;63,9;27,8;
Hembergsskolan 7-9;59758107;Vilhelmina;2462;Kommunal;Vilhelmina kommun;2120002601;51;3,9;74,5;21,6;53;.;64,2;35,8;54;13,0;79,6;7,4;.;.;.;.;
Astrid Lindgrens skola 7-9;92620495;Vimmerby;0884;Kommunal;Vimmerby kommun;2120000787;66;12,1;63,6;24,2;79;.;58,2;41,8;71;11,3;69,0;19,7;.;.;.;.;
Vimarskolan 7-9;39345593;Vimmerby;0884;Kommunal;Vimmerby kommun;2120000787;79;17,7;50,6;31,6;92;1,1;78,3;20,7;92;.;96,7;3,3;.;.;.;.;
Renforsskolan;74352559;Vindeln;2404;Kommunal;Vindelns kommun;2120002544;53;3,8;50,9;45,3;59;.;55,9;44,1;60;11,7;70,0;18,3;.;.;.;.;
Slottsskolan 7-9;52426554;Vingåker;0428;Kommunal;Vingåkers kommun;2120000308;48;8,3;62,5;29,2;68;.;64,7;35,3;70;17,1;71,4;11,4;21;14,3;47,6;38,1;
Gullhögskolan;84179524;Vårgårda;1442;Kommunal;Vårgårda kommun;2120001454;120;5,8;50,8;43,3;135;1,5;60,0;38,5;129;7,8;76,7;15,5;.;.;.;.;
Dalboskolan;93140467;Vänersborg;1487;Kommunal;Vänersborgs kommun;2120001538;49;10,2;46,9;42,9;50;4,0;64,0;32,0;51;13,7;66,7;19,6;.;.;.;.;
Fridaskolan, Vänersborg;10982633;Vänersborg;1487;Enskild;Fridaskolorna AB;5564515988;65;10,8;58,5;30,8;65;3,1;75,4;21,5;65;15,4;76,9;7,7;.;.;.;.;
Silvertärnan Väster;77794757;Vänersborg;1487;Kommunal;Vänersborgs kommun;2120001538;30;3,3;73,3;23,3;43;7,0;79,1;14,0;43;23,3;62,8;14,0;15;6,7;40,0;53,3;
Silvertärnan Öster;32017880;Vänersborg;1487;Kommunal;Vänersborgs kommun;2120001538;40;15,0;57,5;27,5;64;4,7;71,9;23,4;68;8,8;35,3;55,9;22;18,2;54,5;27,3;
Torpaskolan Söder;69372123;Vänersborg;1487;Kommunal;Vänersborgs kommun;2120001538;87;1,1;69,0;29,9;96;.;56,3;43,8;99;17,2;74,7;8,1;.;.;.;.;
Vänerparkens skola 2;84843919;Vänersborg;1487;Kommunal;Vänersborgs kommun;2120001538;60;16,7;68,3;15,0;71;.;63,4;36,6;70;11,4;88,6;.;.;.;.;.;
Hammarskolan AB;94348319;Vännäs;2460;Kommunal;Vännäs kommun;2120002841;47;4,3;59,6;36,2;50;2,0;74,0;24,0;50;2,0;80,0;18,0;.;.;.;.;
Hammarskolan CD;90298777;Vännäs;2460;Kommunal;Vännäs kommun;2120002841;46;4,3;43,5;52,2;45;.;66,7;33,3;43;16,3;81,4;2,3;.;.;.;.;
Brunns skola;42434583;Värmdö;0120;Kommunal;Värmdö kommun;2120000035;46;2,2;58,7;39,1;47;.;61,7;38,3;49;8,2;61,2;30,6;.;.;.;.;
Djurö skola;18053776;Värmdö;0120;Kommunal;Värmdö kommun;2120000035;29;6,9;65,5;27,6;31;.;74,2;25,8;30;16,7;66,7;16,7;.;.;.;.;
Hemmestaskolan;24561769;Värmdö;0120;Kommunal;Värmdö kommun;2120000035;62;14,5;66,1;19,4;66;.;72,7;27,3;62;9,7;83,9;6,5;.;.;.;.;
Internationella Engelska Skolan Värmdö;62569730;Värmdö;0120;Enskild;Internationella Engelska Skolan i Sverige AB;5564624368;58;.;70,7;29,3;59;.;88,1;11,9;59;18,6;76,3;5,1;.;.;.;.;
Kvarnbergsskolan;97402564;Värmdö;0120;Kommunal;Värmdö kommun;2120000035;102;5,9;46,1;48,0;104;.;73,1;26,9;105;21,9;71,4;6,7;.;.;.;.;
Lemshagastiftelsen;11364996;Värmdö;0120;Enskild;Lemshagastiftelsen;8024007075;50;.;84,0;16,0;48;.;81,3;18,8;49;16,3;79,6;4,1;.;.;.;.;
Ösbyskolan;88283203;Värmdö;0120;Kommunal;Värmdö kommun;2120000035;73;4,1;47,9;47,9;75;6,7;84,0;9,3;74;8,1;83,8;8,1;.;.;.;.;
Apladalsskolan;40576389;Värnamo;0683;Kommunal;Värnamo kommun;2120000555;119;6,7;79,0;14,3;132;1,5;84,8;13,6;139;23,0;75,5;1,4;19;15,8;73,7;10,5;
Bors skola;68702432;Värnamo;0683;Kommunal;Värnamo kommun;2120000555;47;.;78,7;21,3;62;4,8;59,7;35,5;61;4,9;93,4;1,6;.;.;.;.;
Forshedaskolan;23192281;Värnamo;0683;Kommunal;Värnamo kommun;2120000555;58;3,4;58,6;37,9;56;1,8;76,8;21,4;57;17,5;78,9;3,5;.;.;.;.;
Gröndalsskolan;41729877;Värnamo;0683;Kommunal;Värnamo kommun;2120000555;118;13,6;60,2;26,3;151;1,3;89,4;9,3;147;13,6;83,0;3,4;30;3,3;86,7;10,0;
Alphaskolan;25749057;Västervik;0883;Enskild;Kunskapsnavet AB;5565121570;44;2,3;63,6;34,1;46;.;91,3;8,7;45;8,9;82,2;8,9;.;.;.;.;
Ankarsrums skola 7-9;72904597;Västervik;0883;Kommunal;Västerviks kommun;2120000779;31;3,2;74,2;22,6;32;6,3;68,8;25,0;36;22,2;66,7;11,1;.;.;.;.;
Ellen Keyskolan;27459423;Västervik;0883;Kommunal;Västerviks kommun;2120000779;119;6,7;66,4;26,9;125;0,8;63,2;36,0;128;10,2;84,4;5,5;.;.;.;.;
Ludvigsborgsskolan;16547623;Västervik;0883;Kommunal;Västerviks kommun;2120000779;79;7,6;63,3;29,1;91;2,2;72,5;25,3;94;17,0;71,3;11,7;.;.;.;.;
Östra Ringskolan;18058977;Västervik;0883;Kommunal;Västerviks kommun;2120000779;55;5,5;52,7;41,8;59;1,7;61,0;37,3;59;13,6;67,8;18,6;.;.;.;.;
Centuriaskolan;83896681;Västerås;1980;Enskild;021 Skol AB;5568373228;38;2,6;65,8;31,6;41;.;65,9;34,1;39;12,8;84,6;2,6;.;.;.;.;
Entréskolan Västerås;77743622;Västerås;1980;Enskild;AmiSgo AB;5568148117;27;.;88,9;11,1;28;7,1;57,1;35,7;27;7,4;92,6;.;.;.;.;.;
Fryxellska skolan;73093445;Västerås;1980;Enskild;Stiftelsen Fryx;8780016211;130;4,6;56,9;38,5;131;.;68,7;31,3;130;3,1;86,2;10,8;.;.;.;.;
Grundskolan Äventyret;57243353;Västerås;1980;Enskild;Stiftelsen Äventyret;8024262159;.;.;.;.;15;.;33,3;66,7;15;.;93,3;6,7;.;.;.;.;
Internationella Engelska Skolan Västerås;46042136;Västerås;1980;Enskild;Internationella Engelska Skolan i Sverige AB;5564624368;75;8,0;68,0;24,0;108;0,9;86,1;13,0;109;2,8;90,8;6,4;21;.;95,2;4,8;
Irstaskolan;61002601;Västerås;1980;Kommunal;Västerås kommun;2120002080;99;1,0;54,5;44,4;99;2,0;64,6;33,3;100;6,0;78,0;16,0;.;.;.;.;
JENSEN grundskola Västerås;44284183;Västerås;1980;Enskild;Jensen Education College AB;5566358759;81;1,2;65,4;33,3;84;.;85,7;14,3;86;10,5;73,3;16,3;.;.;.;.;
Kristiansborgsskolan;65736810;Västerås;1980;Kommunal;Västerås kommun;2120002080;68;11,8;54,4;33,8;96;.;60,4;39,6;107;19,6;68,2;12,1;34;.;44,1;55,9;
Kunskapsskolan Västerås;30576881;Västerås;1980;Enskild;Kunskapsskolan i Sverige Aktiebolag;5565661815;103;15,5;76,7;7,8;104;6,7;84,6;8,7;100;9,0;62,0;29,0;.;.;.;.;
Noblaskolan Hagaberg;30313010;Västerås;1980;Enskild;Pysslingen Förskolor och Skolor AB;5560354309;59;5,1;89,8;5,1;56;.;50,0;50,0;60;8,3;90,0;1,7;.;.;.;.;
Noblaskolan Hemdal;80009811;Västerås;1980;Enskild;Pysslingen Förskolor och Skolor AB;5560354309;41;4,9;70,7;24,4;44;.;65,9;34,1;40;.;82,5;17,5;.;.;.;.;
Nybyggeskolan;69664897;Västerås;1980;Kommunal;Västerås kommun;2120002080;83;4,8;72,3;22,9;120;1,7;81,7;16,7;128;19,5;68,8;11,7;39;15,4;64,1;20,5;
Persboskolan;10453232;Västerås;1980;Kommunal;Västerås kommun;2120002080;36;16,7;41,7;41,7;41;14,6;61,0;24,4;43;34,9;44,2;20,9;.;.;.;.;
Pettersbergsskolan;66142210;Västerås;1980;Kommunal;Västerås kommun;2120002080;15;6,7;73,3;20,0;34;8,8;88,2;2,9;39;20,5;53,8;25,6;24;12,5;70,8;16,7;
Pilträdsskolan;81265119;Västerås;1980;Enskild;Stiftelsen Källan;8780019090;.;.;.;.;38;2,6;97,4;.;38;.;73,7;26,3;32;.;68,8;31,3;
Rönnbyskolan;99408329;Västerås;1980;Kommunal;Västerås kommun;2120002080;44;4,5;61,4;34,1;53;20,8;69,8;9,4;52;23,1;76,9;.;.;.;.;.;
Skiljeboskolan;77449846;Västerås;1980;Kommunal;Västerås kommun;2120002080;75;1,3;68,0;30,7;95;2,1;75,8;22,1;98;10,2;78,6;11,2;23;4,3;69,6;26,1;
Skälbyskolan;50095535;Västerås;1980;Enskild;CK Utbildning AB;5569081150;29;3,4;69,0;27,6;42;.;42,9;57,1;42;4,8;73,8;21,4;.;.;.;.;
Tillbergaskolan;33439128;Västerås;1980;Kommunal;Västerås kommun;2120002080;81;7,4;59,3;33,3;78;1,3;62,8;35,9;81;16,0;84,0;.;.;.;.;.;
Viksängsskolan;35110948;Västerås;1980;Kommunal;Västerås kommun;2120002080;170;2,9;65,9;31,2;193;3,1;74,6;22,3;190;10,0;83,7;6,3;20;.;45,0;55,0;
Önstaskolan;84998800;Västerås;1980;Kommunal;Västerås kommun;2120002080;119;4,2;56,3;39,5;131;1,5;63,4;35,1;143;4,9;74,8;20,3;22;.;63,6;36,4;
Braås skola 4-9;86616046;Växjö;0780;Kommunal;Växjö kommun;2120000662;41;.;41,5;58,5;50;.;90,0;10,0;49;4,1;79,6;16,3;.;.;.;.;
Elin Wägnerskolan 1;49233138;Växjö;0780;Kommunal;Växjö kommun;2120000662;34;8,8;50,0;41,2;47;4,3;72,3;23,4;47;17,0;74,5;8,5;.;.;.;.;
Elin Wägnerskolan 2;17024808;Växjö;0780;Kommunal;Växjö kommun;2120000662;20;10,0;55,0;35,0;38;7,9;76,3;15,8;40;22,5;70,0;7,5;18;22,2;55,6;22,2;
Fagrabäckskolan;29751275;Växjö;0780;Kommunal;Växjö kommun;2120000662;87;18,4;57,5;24,1;110;2,7;66,4;30,9;112;8,9;71,4;19,6;22;13,6;68,2;18,2;
Hagavikskolan;81662991;Växjö;0780;Kommunal;Växjö kommun;2120000662;34;.;47,1;52,9;38;5,3;89,5;5,3;38;28,9;60,5;10,5;.;.;.;.;
Internationella Engelska Skolan Växjö;11366318;Växjö;0780;Enskild;Internationella Engelska Skolan i Sverige AB;5564624368;28;7,1;53,6;39,3;35;.;71,4;28,6;35;28,6;68,6;2,9;.;.;.;.;
Kronoberg Skola;44785862;Växjö;0780;Enskild;Nordic International School AB;5566102033;108;5,6;70,4;24,1;132;.;79,5;20,5;130;18,5;75,4;6,2;20;.;60,0;40,0;
Lammhults skola;20877276;Växjö;0780;Kommunal;Växjö kommun;2120000662;25;.;72,0;28,0;32;.;62,5;37,5;34;.;88,2;11,8;.;.;.;.;
Mobergsskolan Växjö;69600902;Växjö;0780;Enskild;Skolalliansen i Sverige AB;5567497051;115;7,0;61,7;31,3;117;6,0;75,2;18,8;114;15,8;78,1;6,1;.;.;.;.;
Norregårdskolan;12286029;Växjö;0780;Kommunal;Växjö kommun;2120000662;142;5,6;73,2;21,1;165;2,4;80,6;17,0;167;18,6;65,9;15,6;21;.;76,2;23,8;
Prolympia Växjö;83197782;Växjö;0780;Enskild;Prolympia AB;5567026454;112;4,5;69,6;25,9;112;0,9;70,5;28,6;112;16,1;81,3;2,7;.;.;.;.;
Pär Lagerkvistskolan 7-9;18116804;Växjö;0780;Kommunal;Växjö kommun;2120000662;123;3,3;37,4;59,3;133;1,5;58,6;39,8;122;14,8;59,0;26,2;.;.;.;.;
Ringsbergskolan;65161034;Växjö;0780;Kommunal;Växjö kommun;2120000662;24;12,5;58,3;29,2;23;17,4;73,9;8,7;23;.;95,7;4,3;.;.;.;.;
Teleborg Centrum skola 1;47043218;Växjö;0780;Kommunal;Växjö kommun;2120000662;60;1,7;80,0;18,3;64;.;78,1;21,9;62;22,6;69,4;8,1;.;.;.;.;
Teleborg Centrum skola 2;28059616;Växjö;0780;Kommunal;Växjö kommun;2120000662;37;2,7;56,8;40,5;46;.;93,5;6,5;46;21,7;71,7;6,5;.;.;.;.;
Växjö Internationella Grundskola 7-9;20002379;Växjö;0780;Enskild;Lacko Internationella Grundskola AB;5568111123;.;.;.;.;21;.;81,0;19,0;21;.;90,5;9,5;.;.;.;.;
Ydreskolan 2;61662490;Ydre;0512;Kommunal;Ydre kommun;2120000381;33;.;75,8;24,2;35;.;94,3;5,7;35;.;94,3;5,7;.;.;.;.;
Kunskapsskolan Ystad;58980145;Ystad;1286;Enskild;Kunskapsskolan i Sverige Aktiebolag;5565661815;92;3,3;46,7;50,0;92;.;85,9;14,1;100;23,0;70,0;7,0;.;.;.;.;
Nordic International School Ystad;49197086;Ystad;1286;Enskild;Nordic International School AB;5566102033;23;8,7;60,9;30,4;30;.;56,7;43,3;31;6,5;87,1;6,5;.;.;.;.;
Norreportskolan;89680009;Ystad;1286;Kommunal;Ystad kommun;2120001181;146;0,7;48,6;50,7;160;3,8;80,0;16,3;156;11,5;77,6;10,9;.;.;.;.;
Västerportskolan;54436997;Ystad;1286;Kommunal;Ystad kommun;2120001181;123;1,6;59,3;39,0;136;1,5;53,7;44,9;134;9,0;64,2;26,9;.;.;.;.;
Kristinebergskolan;36724390;Åmål;1492;Kommunal;Åmåls kommun;2120001587;115;7,0;45,2;47,8;139;.;71,9;28,1;132;15,2;61,4;23,5;21;9,5;19,0;71,4;
Fränstaskolan;17514337;Ånge;2260;Kommunal;Ånge kommun;2120002387;32;.;68,8;31,3;33;3,0;51,5;45,5;36;22,2;69,4;8,3;.;.;.;.;
Ånge grundskola;74792256;Ånge;2260;Kommunal;Ånge kommun;2120002387;22;.;45,5;54,5;26;.;50,0;50,0;28;10,7;67,9;21,4;.;.;.;.;
Duveds skola F-9;53536862;Åre;2321;Kommunal;Åre kommun;2120002494;55;1,8;81,8;16,4;58;1,7;77,6;20,7;56;48,2;51,8;.;.;.;.;.;
Hallens Kyrkskola F-9;47003034;Åre;2321;Kommunal;Åre kommun;2120002494;16;6,3;43,8;50,0;.;.;.;.;15;.;93,3;6,7;.;.;.;.;
Mörsil F-9;50126333;Åre;2321;Kommunal;Åre kommun;2120002494;52;9,6;55,8;34,6;54;3,7;79,6;16,7;55;16,4;76,4;7,3;.;.;.;.;
Nordmarkens skola H;55304171;Årjäng;1765;Kommunal;Årjängs kommun;2120001835;90;2,2;34,4;63,3;97;1,0;43,3;55,7;99;11,1;70,7;18,2;.;.;.;.;
Åsele Centralskola åk F - 9;43833784;Åsele;2463;Kommunal;Åsele kommun;2120002791;25;20,0;56,0;24,0;27;3,7;55,6;40,7;28;57,1;39,3;3,6;.;.;.;.;
Björnekullaskolan;97128428;Åstorp;1277;Kommunal;Åstorps kommun;2120000936;103;10,7;78,6;10,7;141;2,1;72,3;25,5;141;32,6;66,7;0,7;42;7,1;71,4;21,4;
Hyllinge skola;11662899;Åstorp;1277;Kommunal;Åstorps kommun;2120000936;45;.;57,8;42,2;62;6,5;71,0;22,6;61;9,8;77,0;13,1;.;.;.;.;
Alléskolan  7-9;56528690;Åtvidaberg;0561;Kommunal;Åtvidabergs kommun;2120000415;104;2,9;71,2;26,0;106;0,9;72,6;26,4;111;16,2;79,3;4,5;.;.;.;.;
Linnéskolan 1;53191534;Älmhult;0765;Kommunal;Älmhults kommun;2120000647;80;5,0;61,3;33,8;93;1,1;80,6;18,3;97;23,7;74,2;2,1;16;6,3;93,8;.;
Linnéskolan 2;66184918;Älmhult;0765;Kommunal;Älmhults kommun;2120000647;78;10,3;66,7;23,1;96;.;62,5;37,5;96;31,3;63,5;5,2;19;15,8;68,4;15,8;
Strandskolan;81918902;Älvdalen;2039;Kommunal;Älvdalens kommun;2120002197;.;.;.;.;15;13,3;40,0;46,7;15;.;80,0;20,0;.;.;.;.;
Älvdalsskolan;22811420;Älvdalen;2039;Kommunal;Älvdalens kommun;2120002197;47;.;40,4;59,6;48;4,2;87,5;8,3;45;13,3;66,7;20,0;.;.;.;.;
Rotskärsskolan 7-9;96982474;Älvkarleby;0319;Kommunal;Älvkarleby kommun;2120000258;47;6,4;63,8;29,8;55;5,5;45,5;49,1;61;16,4;68,9;14,8;.;.;.;.;
Älvboda friskola;74070812;Älvkarleby;0319;Enskild;Friskolan i Skutskär Ekonomisk Förening;7696039135;24;12,5;50,0;37,5;28;.;46,4;53,6;27;18,5;77,8;3,7;.;.;.;.;
Älvåkraskolan;32970785;Älvsbyn;2560;Kommunal;Älvsbyns kommun;2120002734;56;3,6;53,6;42,9;65;1,5;43,1;55,4;64;7,8;73,4;18,8;.;.;.;.;
Kungsgårdsskolan SO 1;51900988;Ängelholm;1292;Kommunal;Ängelholms kommun;2120000977;67;11,9;70,1;17,9;69;2,9;91,3;5,8;70;4,3;82,9;12,9;.;.;.;.;
Kungsgårdsskolan SO 2;49648821;Ängelholm;1292;Kommunal;Ängelholms kommun;2120000977;73;9,6;67,1;23,3;76;5,3;90,8;3,9;72;23,6;73,6;2,8;.;.;.;.;
Magnarps skola SO 1;49455969;Ängelholm;1292;Kommunal;Ängelholms kommun;2120000977;51;13,7;70,6;15,7;49;.;67,3;32,7;49;12,2;77,6;10,2;.;.;.;.;
Nyhemsskolan SO 1;49730992;Ängelholm;1292;Kommunal;Ängelholms kommun;2120000977;59;6,8;81,4;11,9;65;.;81,5;18,5;64;17,2;81,3;1,6;.;.;.;.;
Nyhemsskolan SO 2;49786332;Ängelholm;1292;Kommunal;Ängelholms kommun;2120000977;60;1,7;78,3;20,0;65;9,2;76,9;13,8;68;16,2;77,9;5,9;.;.;.;.;
Strövelstorps skola SO 1;34909954;Ängelholm;1292;Kommunal;Ängelholms kommun;2120000977;37;.;67,6;32,4;38;.;78,9;21,1;40;12,5;77,5;10,0;.;.;.;.;
Söndrebalgs skola SO 2;62301442;Ängelholm;1292;Kommunal;Ängelholms kommun;2120000977;40;7,5;65,0;27,5;49;6,1;77,6;16,3;46;6,5;87,0;6,5;.;.;.;.;
Toftaskolan SO 3;45031033;Ängelholm;1292;Kommunal;Ängelholms kommun;2120000977;58;1,7;74,1;24,1;66;.;81,8;18,2;70;18,6;72,9;8,6;.;.;.;.;
Betelskolan;65677988;Öckerö;1407;Enskild;Betelförsamlingens Skolstiftelse;8024250972;19;.;57,9;42,1;20;.;65,0;35,0;19;.;84,2;15,8;.;.;.;.;
Brattebergsskolan 7-9;85862849;Öckerö;1407;Kommunal;Öckerö kommun;2120001280;59;6,8;72,9;20,3;65;24,6;66,2;9,2;67;9,0;88,1;3,0;.;.;.;.;
Hedens skola 7-9;92940771;Öckerö;1407;Kommunal;Öckerö kommun;2120001280;56;5,4;67,9;26,8;51;2,0;80,4;17,6;55;27,3;63,6;9,1;.;.;.;.;
Lysingskolan;34255565;Ödeshög;0509;Kommunal;Ödeshögs kommun;2120000373;36;2,8;77,8;19,4;41;7,3;65,9;26,8;42;21,4;78,6;.;.;.;.;.;
Adolfsbergsskolan 7-9;47684564;Örebro;1880;Kommunal;Örebro kommun;2120001967;141;10,6;67,4;22,0;153;2,0;50,3;47,7;154;26,6;56,5;16,9;.;.;.;.;
Almby skola F-9;22049573;Örebro;1880;Kommunal;Örebro kommun;2120001967;111;4,5;48,6;46,8;128;2,3;78,1;19,5;133;8,3;82,0;9,8;.;.;.;.;
Engelbrektsskolan;82807694;Örebro;1880;Kommunal;Örebro kommun;2120001967;118;5,1;56,8;38,1;137;2,2;38,0;59,9;135;15,6;71,1;13,3;.;.;.;.;
Entréskolan Örebro;76192118;Örebro;1880;Enskild;AmiSgo AB;5568148117;24;4,2;62,5;33,3;20;.;75,0;25,0;25;.;68,0;32,0;.;.;.;.;
Grenadjärskolan;36409468;Örebro;1880;Enskild;Stiftelsen Grenadjärskolan;8750024062;17;.;100,0;.;20;.;95,0;5,0;19;.;94,7;5,3;.;.;.;.;
Gumaeliusskolan;74902204;Örebro;1880;Kommunal;Örebro kommun;2120001967;188;7,4;60,1;32,4;217;4,6;79,7;15,7;225;19,6;65,8;14,7;25;8,0;68,0;24,0;
Hannaskolan;13390547;Örebro;1880;Enskild;Stiftelsen Hannaskolan;8750023650;29;.;72,4;27,6;28;.;82,1;17,9;29;3,4;82,8;13,8;.;.;.;.;
Internationella Engelska Skolan Örebro;23908629;Örebro;1880;Enskild;Internationella Engelska Skolan i Sverige AB;5564624368;112;1,8;58,9;39,3;121;.;86,0;14,0;117;5,1;75,2;19,7;.;.;.;.;
JENSEN grundskola Örebro;94248837;Örebro;1880;Enskild;Jensen Education College AB;5566358759;64;.;90,6;9,4;65;.;84,6;15,4;65;16,9;80,0;3,1;.;.;.;.;
Johannaskolan Örebro Waldorfskola;11909268;Örebro;1880;Enskild;Stiftelsen Johannaskolan: Örebro Waldorfskola;8750013859;.;.;.;.;16;6,3;68,8;25,0;.;.;.;.;.;.;.;.;
Kunskapsskolan Örebro;76018506;Örebro;1880;Enskild;Kunskapsskolan i Sverige Aktiebolag;5565661815;107;5,6;75,7;18,7;110;4,5;88,2;7,3;108;4,6;92,6;2,8;.;.;.;.;
Lillåns skola F-9;26831439;Örebro;1880;Kommunal;Örebro kommun;2120001967;155;12,9;65,8;21,3;176;7,4;80,1;12,5;177;27,7;67,2;5,1;19;21,1;57,9;21,1;
Mellringeskolan 7-9;26290434;Örebro;1880;Kommunal;Örebro kommun;2120001967;45;6,7;62,2;31,1;74;2,7;43,2;54,1;73;6,8;64,4;28,8;22;.;68,2;31,8;
Navet;12248380;Örebro;1880;Kommunal;Örebro kommun;2120001967;69;7,2;53,6;39,1;98;1,0;73,5;25,5;100;19,0;73,0;8,0;17;5,9;70,6;23,5;
Odenskolan;66382532;Örebro;1880;Kommunal;Örebro kommun;2120001967;35;11,4;71,4;17,1;35;.;71,4;28,6;37;29,7;70,3;.;.;.;.;.;
Olaus Petriskolan 7-9;54364658;Örebro;1880;Kommunal;Örebro kommun;2120001967;139;12,2;54,0;33,8;161;2,5;63,4;34,2;153;26,8;67,3;5,9;.;.;.;.;
Pops Academy Karl Johan;28067210;Örebro;1880;Enskild;Pops Academy AB;5569583197;85;.;85,9;14,1;86;1,2;90,7;8,1;82;1,2;92,7;6,1;.;.;.;.;
Viktoriaskolan;19742982;Örebro;1880;Enskild;Brickebergskyrkans Skolstiftelse;8750034491;18;.;50,0;50,0;19;.;89,5;10,5;21;38,1;61,9;.;.;.;.;.;
Vittra Örebro;55597667;Örebro;1880;Enskild;Vittraskolorna AB;5564586716;55;1,8;69,1;29,1;55;.;85,5;14,5;55;.;96,4;3,6;.;.;.;.;
Västra Engelbrektsskolan;57966953;Örebro;1880;Kommunal;Örebro kommun;2120001967;29;10,3;89,7;.;57;.;82,5;17,5;56;10,7;83,9;5,4;22;18,2;68,2;13,6;
Kungsskolan;45558673;Örkelljunga;1257;Kommunal;Örkelljunga kommun;2120000878;84;2,4;51,2;46,4;97;2,1;67,0;30,9;94;6,4;59,6;34,0;.;.;.;.;
Solängskolan;10757780;Örkelljunga;1257;Enskild;Kristna Skolföreningen i Örkelljunga;8376003672;20;5,0;45,0;50,0;22;4,5;86,4;9,1;21;9,5;81,0;9,5;.;.;.;.;
Alneskolan 5-9;38278821;Örnsköldsvik;2284;Kommunal;Örnsköldsviks kommun;2120002445;66;4,5;71,2;24,2;59;.;37,3;62,7;64;.;89,1;10,9;.;.;.;.;
Anundsjöskolan;51597705;Örnsköldsvik;2284;Kommunal;Örnsköldsviks kommun;2120002445;50;2,0;78,0;20,0;52;.;67,3;32,7;52;21,2;75,0;3,8;.;.;.;.;
Bjästaskolan F-9;56331671;Örnsköldsvik;2284;Kommunal;Örnsköldsviks kommun;2120002445;44;6,8;47,7;45,5;43;.;97,7;2,3;43;23,3;65,1;11,6;.;.;.;.;
Björnaskolan;24396451;Örnsköldsvik;2284;Kommunal;Örnsköldsviks kommun;2120002445;20;5,0;55,0;40,0;23;8,7;60,9;30,4;21;23,8;76,2;.;.;.;.;.;
Broskolan Ö-viks Kristna skola;32866578;Örnsköldsvik;2284;Enskild;Broskolan AB;5567091391;21;23,8;52,4;23,8;20;15,0;65,0;20,0;20;30,0;60,0;10,0;.;.;.;.;
Geneskolan;87606101;Örnsköldsvik;2284;Kommunal;Örnsköldsviks kommun;2120002445;113;20,4;52,2;27,4;118;5,1;66,1;28,8;118;18,6;62,7;18,6;.;.;.;.;
Husumskolan;33732345;Örnsköldsvik;2284;Kommunal;Örnsköldsviks kommun;2120002445;42;.;40,5;59,5;41;17,1;70,7;12,2;43;2,3;76,7;20,9;.;.;.;.;
Höglidenskolan;29574820;Örnsköldsvik;2284;Kommunal;Örnsköldsviks kommun;2120002445;71;11,3;60,6;28,2;90;3,3;74,4;22,2;89;21,3;71,9;6,7;19;.;63,2;36,8;
Själevadskolan F-9;49933363;Örnsköldsvik;2284;Kommunal;Örnsköldsviks kommun;2120002445;64;3,1;34,4;62,5;66;6,1;75,8;18,2;66;15,2;81,8;3,0;.;.;.;.;
Ängetskolan 3-9;82726493;Örnsköldsvik;2284;Kommunal;Örnsköldsviks kommun;2120002445;43;7,0;69,8;23,3;50;4,0;88,0;8,0;52;21,2;73,1;5,8;.;.;.;.;
Innovitaskolan Östersund;58922041;Östersund;2380;Enskild;Pysslingen Förskolor och Skolor AB;5560354309;42;2,4;97,6;.;45;.;64,4;35,6;44;9,1;84,1;6,8;.;.;.;.;
Internationella Engelska Skolan Östersund;61128264;Östersund;2380;Enskild;Internationella Engelska Skolan i Sverige AB;5564624368;45;.;77,8;22,2;50;.;72,0;28,0;49;18,4;67,3;14,3;.;.;.;.;
Kastalskolan;22091017;Östersund;2380;Kommunal;Östersunds kommun;2120002528;61;.;44,3;55,7;65;1,5;58,5;40,0;61;18,0;75,4;6,6;.;.;.;.;
Lugnviksskolan;42641767;Östersund;2380;Kommunal;Östersunds kommun;2120002528;39;2,6;84,6;12,8;39;.;84,6;15,4;40;.;95,0;5,0;.;.;.;.;
Odensalaskolans grundskola;92218121;Östersund;2380;Kommunal;Östersunds kommun;2120002528;99;6,1;61,6;32,3;100;2,0;75,0;23,0;101;21,8;61,4;16,8;.;.;.;.;
Parkskolan;65831760;Östersund;2380;Kommunal;Östersunds kommun;2120002528;39;25,6;59,0;15,4;54;.;40,7;59,3;51;29,4;62,7;7,8;15;6,7;80,0;13,3;
Prolympia, Östersund;16858929;Östersund;2380;Enskild;Ulno AB;5566577705;75;8,0;74,7;17,3;76;3,9;90,8;5,3;75;22,7;74,7;2,7;.;.;.;.;
Torvallaskolan;56710032;Östersund;2380;Kommunal;Östersunds kommun;2120002528;34;2,9;55,9;41,2;50;6,0;80,0;14,0;45;6,7;86,7;6,7;.;.;.;.;
Treälvsskolan;77460055;Östersund;2380;Kommunal;Östersunds kommun;2120002528;48;4,2;31,3;64,6;50;.;56,0;44,0;50;6,0;70,0;24,0;.;.;.;.;
Vallaskolan;90874950;Östersund;2380;Kommunal;Östersunds kommun;2120002528;72;9,7;63,9;26,4;78;2,6;55,1;42,3;78;3,8;76,9;19,2;.;.;.;.;
Östbergsskolan;81045260;Östersund;2380;Kommunal;Östersunds kommun;2120002528;87;3,4;47,1;49,4;92;2,2;75,0;22,8;94;12,8;66,0;21,3;.;.;.;.;
Akers Friskola;10715898;Österåker;0117;Enskild;Österåkers Friskola AB;5565895777;27;.;92,6;7,4;27;3,7;81,5;14,8;26;3,8;92,3;3,8;.;.;.;.;
Fredsborgskolan;43869172;Österåker;0117;Enskild;Fredsborgskolan AB;5567317416;95;11,6;78,9;9,5;102;.;88,2;11,8;98;29,6;67,3;3,1;.;.;.;.;
Helleborusskolan Österåker;59457803;Österåker;0117;Enskild;Helleborusskolan Österåker AB;5591023261;21;.;76,2;23,8;.;.;.;.;27;11,1;59,3;29,6;.;.;.;.;
Skärgårdsstadsskolan;73272488;Österåker;0117;Kommunal;Österåkers kommun;2120002890;44;2,3;72,7;25,0;42;.;83,3;16,7;42;7,1;88,1;4,8;.;.;.;.;
Solskiftesskolan;82624830;Österåker;0117;Kommunal;Österåkers kommun;2120002890;67;4,5;50,7;44,8;74;2,7;89,2;8,1;73;4,1;78,1;17,8;.;.;.;.;
Söraskolan;88712672;Österåker;0117;Kommunal;Österåkers kommun;2120002890;37;5,4;64,9;29,7;52;3,8;82,7;13,5;51;9,8;86,3;3,9;15;.;73,3;26,7;
Tråsättraskolan;51305351;Österåker;0117;Kommunal;Österåkers kommun;2120002890;99;1,0;81,8;17,2;105;2,9;87,6;9,5;103;1,9;89,3;8,7;.;.;.;.;
Frösåkersskolan;98029852;Östhammar;0382;Kommunal;Östhammars kommun;2120000290;79;6,3;51,9;41,8;83;14,5;74,7;10,8;80;33,8;55,0;11,3;.;.;.;.;
Olandsskolan;90876801;Östhammar;0382;Kommunal;Östhammars kommun;2120000290;41;.;63,4;36,6;39;2,6;69,2;28,2;40;12,5;85,0;2,5;.;.;.;.;
Vallonskolan;95523275;Östhammar;0382;Kommunal;Östhammars kommun;2120000290;19;5,3;52,6;42,1;27;3,7;77,8;18,5;27;11,1;85,2;3,7;.;.;.;.;
Österbyskolan;57548666;Östhammar;0382;Kommunal;Östhammars kommun;2120000290;31;6,5;74,2;19,4;32;3,1;62,5;34,4;33;.;81,8;18,2;.;.;.;.;
Göingeskolan;84902434;Östra Göinge;1256;Kommunal;Östra Göinge kommun;2120000860;43;14,0;58,1;27,9;57;1,8;75,4;22,8;54;7,4;79,6;13,0;.;.;.;.;
Snapphaneskolan;81683738;Östra Göinge;1256;Kommunal;Östra Göinge kommun;2120000860;67;9,0;55,2;35,8;79;1,3;82,3;16,5;78;10,3;79,5;10,3;.;.;.;.;
Grundskola Överkalix kommun;85160786;Överkalix;2513;Kommunal;Överkalix kommun;2120002684;16;.;68,8;31,3;17;.;76,5;23,5;16;6,3;68,8;25,0;.;.;.;.;
Svarträvens skola 4-9;18991431;Övertorneå;2518;Kommunal;Övertorneå kommun;2120002700;20;10,0;70,0;20,0;20;5,0;60,0;35,0;21;14,3;85,7;.;.;.;.;.;

Rapportbeskrivning och definitioner etc.  

Samtliga uppgifter avser elever i årskurs 9.

Svenska, antal elever med provbetyg och slutbetyg;Antal elever som har både provbetyg och slutbetyg i åk 9.;
Svenska, andel (%) elever med lägre slutbetyg jämfört med provbetyget;Andel elever som har fått lika eller avvikande slutbetyg jämfört med provbetyget. För varje elev har avvikelsen mellan slutbetyg och provbetyg beräknats. ;
;Lika, dvs. ingen avvikelse, betyder att eleven har fått samma slutbetyg som provbetyg. ;
;Högre betyder att slutbetyget är ett eller flera betygssteg över provbetyget.;
;Lägre betyder att slutbetyget är ett eller flera betygssteg under provbetyget.;
; ;

För att få ett provbetyg i respektive ämnen ska eleven ha deltagit i samtliga delprov i ämnet.
Det är enbart elever med betygsvärdena A-F i både slutbetyg och provbetyg som ingår i sammanställningen.
 
För att avvikelsen mellan slutbetyg och provbetyg ska kunna jämföras på ett rättvisande sätt mellan exempelvis skolor eller huvudmän krävs 
att de har samma, eller nästan samma, provresultat. Om så inte är fallet riskerar jämförelsen att påverkas av den s.k. takeffekten. 
Takeffekten innebär att en hög andel elever med provbetyg A i regel leder till lägre betygsavvikelse eftersom dessa elever inte kan få 
ett högre slutbetyg än provbetyg. Samtidigt tenderar en hög andel elever med provbetyg F att ge en högre betygsavvikelse, eftersom det är 
relativt vanligt att elever får provbetyg F men slutbetyg E.


