Statistik från Skolverket, https://www.skolverket.se

Grundskola - Relationen mellan nationella prov och slutbetyg årskurs 9, svenska/svenska som andraspråk, matematik och engelska
Valt läsår: 2022/23

Exporten visar statistik om det finns minst 15 elever i årskurs 9 med både slutbetyg och provbetyg i 
ämnena svenska, matematik eller engelska.
Om data saknas visas en prick (.) istället för utfall.

Skola;Skol-enhetskod;Skolkommun;Kommun-kod;Typ av huvudman;Huvudman;Huvudman orgnr;Svenska, antal elever med provbetyg och slutbetyg;Svenska, andel (%) elever med lägre slutbetyg jämfört med provbetyget;Svenska, andel (%) elever med lika slutbetyg jämfört med provbetyget;Svenska, andel (%) elever med högre slutbetyg jämfört med provbetyget;Matematik, antal elever med provbetyg och slutbetyg;Matematik, andel (%) elever med lägre slutbetyg jämfört med provbetyget;Matematik, andel (%) elever med lika slutbetyg jämfört med provbetyget;Matematik, andel (%) elever med högre slutbetyg jämfört med provbetyget;Engelska, antal elever med provbetyg och slutbetyg;Engelska, andel (%) elever med lägre slutbetyg jämfört med provbetyget;Engelska, andel (%) elever med lika slutbetyg jämfört med provbetyget;Engelska, andel (%) elever med högre slutbetyg jämfört med provbetyget;Svenska som andraspråk, antal elever med provbetyg och slutbetyg;Svenska som andraspråk, andel (%) elever med lägre slutbetyg jämfört med provbetyget;Svenska som andraspråk, andel (%) elever med lika slutbetyg jämfört med provbetyget;Svenska som andraspråk, andel (%) elever med högre slutbetyg jämfört med provbetyget;
Ahlafors Fria skola;71387206;Ale;1440;Enskild;Ahlafors Fria Skola Ekonomisk förening;7696142343;23;.;73,9;26,1;23;.;82,6;17,4;21;14,3;81,0;4,8;.;.;.;.;
Aroseniusskolan;48529699;Ale;1440;Kommunal;Ale kommun;2120001439;121;6,6;53,7;39,7;114;0,9;59,6;39,5;111;19,8;69,4;10,8;.;.;.;.;
Bohusskolan;11043800;Ale;1440;Kommunal;Ale kommun;2120001439;49;12,2;77,6;10,2;70;2,9;97,1;.;75;37,3;62,7;.;27;14,8;74,1;11,1;
Da Vinciskolan A-C;71893438;Ale;1440;Kommunal;Ale kommun;2120001439;62;4,8;69,4;25,8;65;3,1;86,2;10,8;58;3,4;91,4;5,2;.;.;.;.;
Da Vinciskolan D-F;71729095;Ale;1440;Kommunal;Ale kommun;2120001439;63;4,8;44,4;50,8;70;1,4;75,7;22,9;67;26,9;53,7;19,4;.;.;.;.;
Gustav Adolfsskolan;74064638;Alingsås;1489;Kommunal;Alingsås kommun;2120001553;90;16,7;63,3;20,0;86;.;80,2;19,8;94;26,6;69,1;4,3;.;.;.;.;
Montessoriskolan Globen;87109819;Alingsås;1489;Enskild;Alingsås Montessori Skola Globen;8640009794;48;12,5;68,8;18,8;46;4,3;73,9;21,7;48;4,2;91,7;4,2;.;.;.;.;
Nolhagaskolan;84581048;Alingsås;1489;Kommunal;Alingsås kommun;2120001553;121;9,1;71,1;19,8;135;1,5;81,5;17,0;129;16,3;74,4;9,3;.;.;.;.;
Sollebrunns skola F-9;76908037;Alingsås;1489;Kommunal;Alingsås kommun;2120001553;33;9,1;57,6;33,3;35;.;62,9;37,1;37;21,6;70,3;8,1;.;.;.;.;
Vittra Gerdsken;98272016;Alingsås;1489;Enskild;Vittraskolorna AB;5564586716;49;.;83,7;16,3;46;4,3;67,4;28,3;47;34,0;59,6;6,4;.;.;.;.;
Östlyckeskolan 7-9;63399058;Alingsås;1489;Kommunal;Alingsås kommun;2120001553;111;0,9;77,5;21,6;124;6,5;82,3;11,3;119;1,7;88,2;10,1;.;.;.;.;
Hagaskolan;67183147;Alvesta;0764;Kommunal;Alvesta kommun;2120000639;99;2,0;60,6;37,4;119;0,8;53,8;45,4;136;6,6;79,4;14,0;36;.;27,8;72,2;
Mohedaskolan;69699568;Alvesta;0764;Kommunal;Alvesta kommun;2120000639;39;5,1;66,7;28,2;43;.;97,7;2,3;47;8,5;87,2;4,3;.;.;.;.;
Vislandaskolan;88176175;Alvesta;0764;Kommunal;Alvesta kommun;2120000639;52;1,9;78,8;19,2;59;1,7;96,6;1,7;60;11,7;85,0;3,3;.;.;.;.;
Furulidskolan;88669294;Aneby;0604;Kommunal;Aneby kommun;2120000498;63;11,1;58,7;30,2;77;1,3;67,5;31,2;75;22,7;77,3;.;.;.;.;.;
Gäddgårdsskolan 7-9;65483259;Arboga;1984;Kommunal;Arboga kommun;2120002122;51;15,7;70,6;13,7;54;.;63,0;37,0;59;27,1;67,8;5,1;.;.;.;.;
Stureskolan;13854755;Arboga;1984;Kommunal;Arboga kommun;2120002122;66;7,6;48,5;43,9;61;1,6;57,4;41,0;70;1,4;72,9;25,7;.;.;.;.;
Silverskolan;14254350;Arjeplog;2506;Kommunal;Arjeplogs kommun;2120002668;21;14,3;66,7;19,0;20;.;50,0;50,0;21;19,0;76,2;4,8;.;.;.;.;
Fridhemsskolan;48373752;Arvidsjaur;2505;Kommunal;Arvidsjaurs kommun;2120002650;71;7,0;57,7;35,2;70;4,3;75,7;20,0;68;48,5;51,5;.;.;.;.;.;
Estetiska skolan, högstadiet;99375199;Arvika;1784;Enskild;Estetiska Skolan Arvika;8740020212;45;6,7;66,7;26,7;46;8,7;80,4;10,9;46;19,6;73,9;6,5;.;.;.;.;
Minnebergsskolan;55958613;Arvika;1784;Kommunal;Arvika kommun;2120001892;160;8,8;70,0;21,3;183;2,7;66,1;31,1;179;22,3;67,6;10,1;.;.;.;.;
Sjöängsskolan;15766661;Askersund;1882;Kommunal;Askersunds kommun;2120001983;95;14,7;66,3;18,9;96;5,2;79,2;15,6;96;18,8;68,8;12,5;.;.;.;.;
Domarhagsskolan;87516620;Avesta;2084;Kommunal;Avesta kommun;2120002262;55;9,1;74,5;16,4;87;.;85,1;14,9;86;12,8;87,2;.;22;4,5;72,7;22,7;
Johan-Olovskolan;48240990;Avesta;2084;Kommunal;Avesta kommun;2120002262;38;2,6;34,2;63,2;38;5,3;65,8;28,9;39;15,4;71,8;12,8;.;.;.;.;
Åvestadalskolan;30454178;Avesta;2084;Kommunal;Avesta kommun;2120002262;102;4,9;56,9;38,2;110;0,9;80,9;18,2;112;17,9;79,5;2,7;.;.;.;.;
Bengtsgården;28484259;Bengtsfors;1460;Kommunal;Bengtsfors kommun;2120001470;58;6,9;74,1;19,0;72;5,6;88,9;5,6;71;4,2;90,1;5,6;15;.;73,3;26,7;
Myrvikens skola;56709330;Berg;2326;Kommunal;Bergs kommun;2120002502;29;17,2;44,8;37,9;29;.;58,6;41,4;26;15,4;73,1;11,5;.;.;.;.;
Svenstaviks skola 7-9;63849173;Berg;2326;Kommunal;Bergs kommun;2120002502;27;14,8;51,9;33,3;37;2,7;73,0;24,3;36;8,3;83,3;8,3;.;.;.;.;
Castorskolan 4-9;81730469;Bjurholm;2403;Kommunal;Bjurholms kommun;2120002833;26;7,7;73,1;19,2;25;.;72,0;28,0;25;.;100,0;.;.;.;.;.;
Ekeby skola;56636046;Bjuv;1260;Kommunal;Bjuvs kommun;2120001041;34;5,9;26,5;67,6;37;8,1;54,1;37,8;37;18,9;67,6;13,5;.;.;.;.;
Jens Billeskolan;63754384;Bjuv;1260;Kommunal;Bjuvs kommun;2120001041;26;3,8;61,5;34,6;41;2,4;56,1;41,5;41;9,8;82,9;7,3;.;.;.;.;
Varagårdsskolan;10419361;Bjuv;1260;Kommunal;Bjuvs kommun;2120001041;43;7,0;69,8;23,3;67;.;56,7;43,3;71;16,9;71,8;11,3;25;12,0;68,0;20,0;
Brönjaskolan;60633912;Boden;2582;Kommunal;Bodens kommun;2120002767;101;16,8;56,4;26,7;103;.;37,9;62,1;103;20,4;75,7;3,9;.;.;.;.;
Fria Emilia;98998541;Boden;2582;Enskild;Friskola Fria Emilia Boden ekonomisk förening;7696083455;26;3,8;76,9;19,2;24;.;66,7;33,3;24;.;70,8;29,2;.;.;.;.;
Noblaskolan Boden;40708452;Boden;2582;Enskild;Pysslingen Förskolor och Skolor AB;5560354309;58;3,4;74,1;22,4;62;1,6;83,9;14,5;62;8,1;77,4;14,5;.;.;.;.;
Stureskolan;83862028;Boden;2582;Kommunal;Bodens kommun;2120002767;60;.;70,0;30,0;77;5,2;83,1;11,7;74;17,6;75,7;6,8;17;.;58,8;41,2;
Bollebygdskolan 7-9;60372258;Bollebygd;1443;Kommunal;Bollebygds kommun;2120002973;102;5,9;66,7;27,5;107;2,8;88,8;8,4;103;30,1;67,0;2,9;.;.;.;.;
Alirskolan 7-9;65024773;Bollnäs;2183;Kommunal;Bollnäs kommun;2120002361;43;14,0;69,8;16,3;91;.;41,8;58,2;91;14,3;83,5;2,2;46;13,0;67,4;19,6;
Arbråskolan F-9;75662206;Bollnäs;2183;Kommunal;Bollnäs kommun;2120002361;.;.;.;.;16;.;56,3;43,8;18;.;88,9;11,1;.;.;.;.;
Friskolan Lust & Lära;91187921;Bollnäs;2183;Enskild;Friskolan Lust & Lära i Bollnäs AB;5567748149;120;8,3;45,0;46,7;120;.;76,7;23,3;124;7,3;79,0;13,7;.;.;.;.;
Kilafors skola F-9;41793797;Bollnäs;2183;Kommunal;Bollnäs kommun;2120002361;17;11,8;52,9;35,3;16;.;56,3;43,8;18;5,6;94,4;.;.;.;.;.;
Slottsskolan;80852248;Borgholm;0885;Kommunal;Borgholms kommun;2120000795;68;5,9;82,4;11,8;70;5,7;64,3;30,0;70;10,0;81,4;8,6;.;.;.;.;
Åkerboskolan;82520504;Borgholm;0885;Kommunal;Borgholms kommun;2120000795;17;.;100,0;.;17;.;64,7;35,3;17;11,8;88,2;.;.;.;.;.;
Domnarvets skola;91219337;Borlänge;2081;Kommunal;Borlänge kommun;2120002239;57;10,5;70,2;19,3;71;1,4;78,9;19,7;75;8,0;76,0;16,0;.;.;.;.;
Forssaklackskolan;84601215;Borlänge;2081;Kommunal;Borlänge kommun;2120002239;111;2,7;66,7;30,6;154;.;69,5;30,5;141;10,6;67,4;22,0;33;18,2;60,6;21,2;
Gylle skola 7-9;11406792;Borlänge;2081;Kommunal;Borlänge kommun;2120002239;83;4,8;69,9;25,3;115;0,9;80,0;19,1;123;9,8;79,7;10,6;.;.;.;.;
Kunskapsskolan Borlänge;70510891;Borlänge;2081;Enskild;Kunskapsskolan i Sverige Aktiebolag;5565661815;71;16,9;52,1;31,0;85;.;61,2;38,8;92;.;75,0;25,0;17;11,8;58,8;29,4;
Maserskolan;56442130;Borlänge;2081;Kommunal;Borlänge kommun;2120002239;53;11,3;58,5;30,2;83;.;74,7;25,3;78;5,1;74,4;20,5;28;10,7;60,7;28,6;
Ornäs skola;58395955;Borlänge;2081;Kommunal;Borlänge kommun;2120002239;46;19,6;45,7;34,8;51;.;51,0;49,0;51;2,0;80,4;17,6;.;.;.;.;
Bodaskolan 7-9;67454907;Borås;1490;Kommunal;Borås kommun;2120001561;101;4,0;49,5;46,5;140;0,7;69,3;30,0;136;8,1;78,7;13,2;32;3,1;71,9;25,0;
Borås Kristna skola;64720166;Borås;1490;Enskild;AB Borås Kristna Skola;5592935042;15;.;33,3;66,7;22;.;81,8;18,2;24;25,0;75,0;.;.;.;.;.;
Dalsjöskolan 7-9;60557814;Borås;1490;Kommunal;Borås kommun;2120001561;118;4,2;62,7;33,1;122;2,5;64,8;32,8;125;18,4;76,0;5,6;.;.;.;.;
Daltorpskolan 7-9;97706771;Borås;1490;Kommunal;Borås kommun;2120001561;136;1,5;58,1;40,4;163;3,1;89,0;8,0;155;13,5;72,9;13,5;25;4,0;48,0;48,0;
Engelbrektskolan 7-9;86215855;Borås;1490;Kommunal;Borås kommun;2120001561;94;1,1;62,8;36,2;112;2,7;79,5;17,9;104;4,8;84,6;10,6;16;6,3;87,5;6,3;
Erikslundskolan 7-9;73269899;Borås;1490;Kommunal;Borås kommun;2120001561;37;10,8;51,4;37,8;60;.;63,3;36,7;59;10,2;78,0;11,9;20;.;40,0;60,0;
Fristadskolan 7-9;86708639;Borås;1490;Kommunal;Borås kommun;2120001561;108;8,3;64,8;26,9;122;0,8;88,5;10,7;118;18,6;72,0;9,3;.;.;.;.;
Internationella Engelska Skolan Borås;58354320;Borås;1490;Enskild;Internationella Engelska Skolan i Sverige AB;5564624368;68;5,9;86,8;7,4;87;2,3;83,9;13,8;86;9,3;86,0;4,7;18;5,6;66,7;27,8;
Kunskapsskolan Borås;10257640;Borås;1490;Enskild;Kunskapsskolan i Sverige Aktiebolag;5565661815;87;8,0;66,7;25,3;99;5,1;81,8;13,1;91;15,4;75,8;8,8;.;.;.;.;
Malmen Montessori;10132939;Borås;1490;Enskild;Malmen Montessori;8645012132;46;6,5;39,1;54,3;45;.;66,7;33,3;42;16,7;54,8;28,6;.;.;.;.;
Sandgärdskolan;98081621;Borås;1490;Kommunal;Borås kommun;2120001561;138;8,0;61,6;30,4;143;0,7;75,5;23,8;143;24,5;61,5;14,0;.;.;.;.;
Särlaskolan 7-9;23108037;Borås;1490;Kommunal;Borås kommun;2120001561;31;3,2;71,0;25,8;57;.;64,9;35,1;53;11,3;69,8;18,9;30;6,7;73,3;20,0;
Viskaforsskolan 7-9;50756758;Borås;1490;Kommunal;Borås kommun;2120001561;66;13,6;74,2;12,1;80;1,3;93,8;5,0;76;7,9;90,8;1,3;.;.;.;.;
Björkhaga Skola;43238662;Botkyrka;0127;Kommunal;Botkyrka kommun;2120002882;34;5,9;64,7;29,4;43;.;74,4;25,6;44;43,2;52,3;4,5;.;.;.;.;
Botkyrka Friskola F-9;80378022;Botkyrka;0127;Enskild;JPK Education AB;5564944063;15;13,3;60,0;26,7;34;.;100,0;.;35;34,3;60,0;5,7;15;20,0;53,3;26,7;
Broängsskolan;38661388;Botkyrka;0127;Kommunal;Botkyrka kommun;2120002882;77;2,6;72,7;24,7;77;5,2;77,9;16,9;77;14,3;80,5;5,2;.;.;.;.;
Brunnaskolan;53426548;Botkyrka;0127;Kommunal;Botkyrka kommun;2120002882;.;.;.;.;51;.;72,5;27,5;51;.;64,7;35,3;38;2,6;78,9;18,4;
Falkbergsskolan;85558618;Botkyrka;0127;Kommunal;Botkyrka kommun;2120002882;92;2,2;71,7;26,1;94;.;75,5;24,5;97;7,2;92,8;.;.;.;.;.;
Fittjaskolan Botkyrka Norra;40631085;Botkyrka;0127;Kommunal;Botkyrka kommun;2120002882;.;.;.;.;56;1,8;71,4;26,8;58;6,9;75,9;17,2;51;.;45,1;54,9;
Freinetskolan Kastanjen;29524966;Botkyrka;0127;Enskild;Freinetskolan Kastanjen Ekonomisk Förening;7696000590;.;.;.;.;16;.;62,5;37,5;16;6,3;62,5;31,3;.;.;.;.;
Grindtorpsskolan;57228484;Botkyrka;0127;Kommunal;Botkyrka kommun;2120002882;23;4,3;47,8;47,8;41;.;80,5;19,5;40;10,0;77,5;12,5;19;.;63,2;36,8;
Hammerstaskolan;25918983;Botkyrka;0127;Kommunal;Botkyrka kommun;2120002882;16;.;31,3;68,8;33;.;72,7;27,3;29;3,4;93,1;3,4;16;.;56,3;43,8;
JENSEN grundskola Kvarnsjön;80731562;Botkyrka;0127;Enskild;Jensen Education College AB;5566358759;50;.;66,0;34,0;49;.;77,6;22,4;52;.;61,5;38,5;.;.;.;.;
Karsby International School;67742754;Botkyrka;0127;Kommunal;Botkyrka kommun;2120002882;31;3,2;83,9;12,9;39;.;97,4;2,6;38;.;89,5;10,5;.;.;.;.;
Kunskapsskolan Tumba;84411355;Botkyrka;0127;Enskild;Kunskapsskolan i Sverige Aktiebolag;5565661815;68;11,8;54,4;33,8;78;.;67,9;32,1;82;15,9;75,6;8,5;.;.;.;.;
Kvarnhagsskolan;56417100;Botkyrka;0127;Kommunal;Botkyrka kommun;2120002882;.;.;.;.;44;.;81,8;18,2;41;12,2;85,4;2,4;43;.;88,4;11,6;
Malmsjö skola;86985859;Botkyrka;0127;Kommunal;Botkyrka kommun;2120002882;40;.;77,5;22,5;37;5,4;54,1;40,5;44;6,8;65,9;27,3;.;.;.;.;
Rikstens skola;75580959;Botkyrka;0127;Kommunal;Botkyrka kommun;2120002882;42;14,3;54,8;31,0;45;.;77,8;22,2;48;8,3;81,3;10,4;.;.;.;.;
Storvretskolan;18534178;Botkyrka;0127;Kommunal;Botkyrka kommun;2120002882;.;.;.;.;43;14,0;76,7;9,3;42;19,0;73,8;7,1;35;.;71,4;28,6;
Trädgårdsstadsskolan;58310322;Botkyrka;0127;Kommunal;Botkyrka kommun;2120002882;80;3,8;53,8;42,5;79;2,5;79,7;17,7;73;19,2;72,6;8,2;.;.;.;.;
Tunaskolan;36350546;Botkyrka;0127;Kommunal;Botkyrka kommun;2120002882;59;13,6;74,6;11,9;70;.;94,3;5,7;71;11,3;87,3;1,4;.;.;.;.;
Stenbockskolan MH;23991743;Boxholm;0560;Kommunal;Boxholms kommun;2120000407;41;9,8;73,2;17,1;39;2,6;84,6;12,8;44;9,1;84,1;6,8;.;.;.;.;
Dalaskolan Södra;79707757;Bromölla;1272;Kommunal;Bromölla kommun;2120000894;30;16,7;63,3;20,0;36;.;66,7;33,3;39;28,2;71,8;.;.;.;.;.;
Humleskolan;18195751;Bromölla;1272;Kommunal;Bromölla kommun;2120000894;87;10,3;54,0;35,6;94;2,1;47,9;50,0;91;12,1;68,1;19,8;.;.;.;.;
Bräcke skola;63287550;Bräcke;2305;Kommunal;Bräcke kommun;2120002460;17;17,6;52,9;29,4;23;.;91,3;8,7;21;4,8;76,2;19,0;.;.;.;.;
Gällö skola;34671510;Bräcke;2305;Kommunal;Bräcke kommun;2120002460;.;.;.;.;16;.;68,8;31,3;16;56,3;43,8;.;.;.;.;.;
Dalslundskolan 7-9;58712142;Burlöv;1231;Kommunal;Burlövs kommun;2120001025;54;11,1;64,8;24,1;63;.;87,3;12,7;61;18,0;75,4;6,6;.;.;.;.;
Vårboskolan;95748172;Burlöv;1231;Kommunal;Burlövs kommun;2120001025;45;2,2;80,0;17,8;84;.;91,7;8,3;88;8,0;84,1;8,0;42;4,8;81,0;14,3;
Förslövs skola F-9;94453321;Båstad;1278;Kommunal;Båstads kommun;2120000944;57;5,3;86,0;8,8;61;3,3;83,6;13,1;59;33,9;61,0;5,1;.;.;.;.;
Strandängsskolan F-9;16148785;Båstad;1278;Kommunal;Båstads kommun;2120000944;82;14,6;62,2;23,2;92;1,1;70,7;28,3;91;11,0;78,0;11,0;.;.;.;.;
Hagaskolan;93081338;Dals-Ed;1438;Kommunal;Dals-Eds kommun;2120001413;36;5,6;88,9;5,6;38;.;50,0;50,0;37;13,5;83,8;2,7;.;.;.;.;
Fribergaskolan;42986451;Danderyd;0162;Kommunal;Danderyds kommun;2120000126;176;5,7;72,2;22,2;174;2,3;86,2;11,5;174;9,2;85,1;5,7;.;.;.;.;
Mörbyskolan;97174070;Danderyd;0162;Kommunal;Danderyds kommun;2120000126;148;2,7;75,7;21,6;152;1,3;86,2;12,5;156;16,7;80,8;2,6;.;.;.;.;
Viktor Rydbergs Samskola;13493243;Danderyd;0162;Enskild;Stiftelsen Viktor Rydbergs Skolor;8120005650;177;6,2;79,7;14,1;186;3,8;87,6;8,6;174;14,4;82,8;2,9;.;.;.;.;
Stora Vallaskolan;96969231;Degerfors;1862;Kommunal;Degerfors kommun;2120001934;64;3,1;68,8;28,1;90;1,1;77,8;21,1;87;12,6;72,4;14,9;16;6,3;75,0;18,8;
Strandenskolan F-9;17181067;Dorotea;2425;Kommunal;Dorotea kommun;2120002809;15;.;53,3;46,7;15;.;86,7;13,3;.;.;.;.;.;.;.;.;
Gunnarsbyskolan F-9;69352527;Eda;1730;Kommunal;Eda kommun;2120001769;23;13,0;56,5;30,4;39;.;92,3;7,7;35;8,6;80,0;11,4;.;.;.;.;
Hierneskolan F-9;55674136;Eda;1730;Kommunal;Eda kommun;2120001769;22;22,7;68,2;9,1;22;.;90,9;9,1;20;40,0;60,0;.;.;.;.;.;
Birkaskolan;27595656;Ekerö;0125;Enskild;Mälaröarnas Montessori, Ek. För.;7696032353;30;3,3;50,0;46,7;29;.;55,2;44,8;31;12,9;80,6;6,5;.;.;.;.;
Drottningholmskolan;28231215;Ekerö;0125;Enskild;Drottningholmskolan, Mälaröarnas Waldorfskola;8152013010;.;.;.;.;15;.;100,0;.;.;.;.;.;.;.;.;.;
Tappströmsskolan;52217632;Ekerö;0125;Kommunal;Ekerö kommun;2120000050;186;7,0;69,4;23,7;188;1,1;84,0;14,9;178;10,7;86,0;3,4;.;.;.;.;
Träkvista skola;66475520;Ekerö;0125;Kommunal;Ekerö kommun;2120000050;52;.;86,5;13,5;56;.;91,1;8,9;53;5,7;92,5;1,9;.;.;.;.;
Uppgårdskolan;95057356;Ekerö;0125;Kommunal;Ekerö kommun;2120000050;101;7,9;51,5;40,6;104;1,0;63,5;35,6;107;37,4;50,5;12,1;.;.;.;.;
Furulundsskolan;48108874;Eksjö;0686;Kommunal;Eksjö kommun;2120000589;28;3,6;57,1;39,3;35;.;94,3;5,7;36;13,9;83,3;2,8;.;.;.;.;
Prästängsskolan A;48457931;Eksjö;0686;Kommunal;Eksjö kommun;2120000589;57;10,5;64,9;24,6;73;.;84,9;15,1;70;10,0;80,0;10,0;.;.;.;.;
Prästängsskolan B;98124174;Eksjö;0686;Kommunal;Eksjö kommun;2120000589;52;5,8;57,7;36,5;71;1,4;80,3;18,3;63;3,2;81,0;15,9;17;11,8;64,7;23,5;
Bjurbäcksskolan 7-9;37716305;Emmaboda;0862;Kommunal;Emmaboda kommun;2120000738;69;10,1;65,2;24,6;93;2,2;48,4;49,5;88;11,4;77,3;11,4;19;.;89,5;10,5;
Bergvretenskolan;56521117;Enköping;0381;Kommunal;Enköpings kommun;2120000282;61;8,2;44,3;47,5;63;4,8;77,8;17,5;65;9,2;73,8;16,9;.;.;.;.;
Entréskolan Enköping;97000303;Enköping;0381;Enskild;AmiSgo AB;5568148117;22;9,1;77,3;13,6;22;.;77,3;22,7;23;.;91,3;8,7;.;.;.;.;
Enöglaskolan;12753670;Enköping;0381;Kommunal;Enköpings kommun;2120000282;.;.;.;.;47;4,3;76,6;19,1;46;6,5;73,9;19,6;33;9,1;63,6;27,3;
Fjärdhundraskolan;94821900;Enköping;0381;Kommunal;Enköpings kommun;2120000282;26;7,7;42,3;50,0;30;.;63,3;36,7;28;.;89,3;10,7;.;.;.;.;
Korsängsskolan;96757645;Enköping;0381;Kommunal;Enköpings kommun;2120000282;30;20,0;56,7;23,3;15;13,3;80,0;6,7;49;12,2;71,4;16,3;18;5,6;55,6;38,9;
Kunskapsskolan Enköping;67723630;Enköping;0381;Enskild;Kunskapsskolan i Sverige Aktiebolag;5565661815;103;4,9;58,3;36,9;109;.;80,7;19,3;111;16,2;72,1;11,7;.;.;.;.;
Robinson Vårfru;83519502;Enköping;0381;Enskild;Tellusskolan AB;5568086085;42;28,6;71,4;.;41;4,9;56,1;39,0;42;14,3;78,6;7,1;.;.;.;.;
S:t Iliansskolan;34699165;Enköping;0381;Kommunal;Enköpings kommun;2120000282;67;17,9;62,7;19,4;89;.;39,3;60,7;85;31,8;63,5;4,7;23;13,0;87,0;.;
Örsundsbroskolan;98587494;Enköping;0381;Kommunal;Enköpings kommun;2120000282;33;3,0;69,7;27,3;34;.;64,7;35,3;32;6,3;71,9;21,9;.;.;.;.;
British Junior Secondary, Eskilstuna;50048111;Eskilstuna;0484;Enskild;British Schools AB;5567516389;73;4,1;91,8;4,1;84;.;82,1;17,9;84;1,2;95,2;3,6;.;.;.;.;
Djurgårdsskolan F-9;54605092;Eskilstuna;0484;Kommunal;Eskilstuna kommun;2120000357;98;5,1;41,8;53,1;101;1,0;67,3;31,7;104;7,7;65,4;26,9;.;.;.;.;
Entréskolan Eskilstuna;10443922;Eskilstuna;0484;Enskild;AmiSgo AB;5568148117;47;.;72,3;27,7;50;.;84,0;16,0;49;14,3;81,6;4,1;.;.;.;.;
Faktoriet 7-9;64275635;Eskilstuna;0484;Kommunal;Eskilstuna kommun;2120000357;114;7,0;54,4;38,6;116;.;72,4;27,6;116;14,7;67,2;18,1;.;.;.;.;
Fristadsskolan 7-9;26140079;Eskilstuna;0484;Kommunal;Eskilstuna kommun;2120000357;90;3,3;51,1;45,6;132;1,5;60,6;37,9;127;9,4;70,1;20,5;42;7,1;61,9;31,0;
Gökstensskolan F-9;85601783;Eskilstuna;0484;Kommunal;Eskilstuna kommun;2120000357;122;8,2;46,7;45,1;117;.;72,6;27,4;124;19,4;75,8;4,8;.;.;.;.;
Internationella Engelska Skolan Eskilstuna;36759013;Eskilstuna;0484;Enskild;Internationella Engelska Skolan i Sverige AB;5564624368;136;0,7;94,1;5,1;172;.;89,5;10,5;175;12,6;82,3;5,1;42;.;88,1;11,9;
Skiftingehus F-9;65025285;Eskilstuna;0484;Kommunal;Eskilstuna kommun;2120000357;36;11,1;66,7;22,2;84;3,6;88,1;8,3;82;32,9;58,5;8,5;45;4,4;68,9;26,7;
Skogstorpsskolan F-9;30622727;Eskilstuna;0484;Kommunal;Eskilstuna kommun;2120000357;112;9,8;48,2;42,0;125;.;49,6;50,4;115;13,0;71,3;15,7;.;.;.;.;
Stålforsskolan 7-9;14327803;Eskilstuna;0484;Kommunal;Eskilstuna kommun;2120000357;65;6,2;64,6;29,2;134;.;85,1;14,9;130;16,2;74,6;9,2;71;1,4;78,9;19,7;
Tegelviken F-9;78673553;Eskilstuna;0484;Kommunal;Eskilstuna kommun;2120000357;47;6,4;76,6;17,0;46;4,3;76,1;19,6;47;23,4;63,8;12,8;.;.;.;.;
Årbyskolan F-9;63315515;Eskilstuna;0484;Kommunal;Eskilstuna kommun;2120000357;31;.;83,9;16,1;63;.;87,3;12,7;65;24,6;69,2;6,2;29;3,4;44,8;51,7;
Ekenässkolan;83526311;Eslöv;1285;Kommunal;Eslövs kommun;2120001173;101;5,9;58,4;35,6;122;.;64,8;35,2;135;21,5;70,4;8,1;25;.;68,0;32,0;
Källebergsskolan;26645758;Eslöv;1285;Kommunal;Eslövs kommun;2120001173;63;15,9;39,7;44,4;74;6,8;81,1;12,2;77;10,4;79,2;10,4;.;.;.;.;
Norrevångsskolan 7-9;37995642;Eslöv;1285;Kommunal;Eslövs kommun;2120001173;69;2,9;58,0;39,1;96;.;70,8;29,2;98;5,1;89,8;5,1;22;.;59,1;40,9;
Ölyckeskolan 7-9;97938241;Eslöv;1285;Kommunal;Eslövs kommun;2120001173;55;3,6;74,5;21,8;54;.;75,9;24,1;53;.;84,9;15,1;.;.;.;.;
Nossebro skola år 6-9;26531220;Essunga;1445;Kommunal;Essunga kommun;2120002916;60;26,7;71,7;1,7;66;3,0;92,4;4,5;64;23,4;76,6;.;.;.;.;.;
Lindgårdsskolan 7-9;95382478;Fagersta;1982;Enskild;Västanfors-Västervåla Församling;2520040524;.;.;.;.;18;.;83,3;16,7;18;.;72,2;27,8;.;.;.;.;
Risbroskolan;88657987;Fagersta;1982;Kommunal;Fagersta kommun;2120002106;89;3,4;60,7;36,0;116;0,9;78,4;20,7;116;9,5;75,0;15,5;31;.;54,8;45,2;
Apelskolan;41605059;Falkenberg;1382;Kommunal;Falkenbergs kommun;2120001231;58;13,8;67,2;19,0;62;1,6;80,6;17,7;65;1,5;90,8;7,7;.;.;.;.;
Falkenbergs Montessoriskola;78647439;Falkenberg;1382;Kommunal;Falkenbergs kommun;2120001231;15;33,3;60,0;6,7;18;.;72,2;27,8;19;10,5;89,5;.;.;.;.;.;
Skogstorpsskolan 2;71339649;Falkenberg;1382;Kommunal;Falkenbergs kommun;2120001231;41;22,0;58,5;19,5;65;9,2;67,7;23,1;57;10,5;87,7;1,8;19;15,8;78,9;5,3;
Söderskolan;59144575;Falkenberg;1382;Kommunal;Falkenbergs kommun;2120001231;49;12,2;73,5;14,3;55;3,6;90,9;5,5;55;25,5;69,1;5,5;.;.;.;.;
Tullbroskolan 1;56615270;Falkenberg;1382;Kommunal;Falkenbergs kommun;2120001231;25;4,0;60,0;36,0;57;1,8;75,4;22,8;57;17,5;70,2;12,3;32;12,5;68,8;18,8;
Tullbroskolan 2;59799831;Falkenberg;1382;Kommunal;Falkenbergs kommun;2120001231;40;5,0;70,0;25,0;57;.;56,1;43,9;56;19,6;80,4;.;18;.;83,3;16,7;
Tångaskolan 2;59944028;Falkenberg;1382;Kommunal;Falkenbergs kommun;2120001231;33;3,0;75,8;21,2;53;.;75,5;24,5;53;24,5;75,5;.;17;11,8;58,8;29,4;
Vesterhavsskolan;35136963;Falkenberg;1382;Enskild;Vesterhavet AB;5567870398;90;7,8;75,6;16,7;95;7,4;86,3;6,3;91;19,8;76,9;3,3;.;.;.;.;
Flobyskolan 7-9;54765026;Falköping;1499;Kommunal;Falköpings kommun;2120001744;34;5,9;67,6;26,5;34;.;88,2;11,8;39;17,9;66,7;15,4;.;.;.;.;
Gudhemsskolan;48695990;Falköping;1499;Kommunal;Falköpings kommun;2120001744;17;52,9;35,3;11,8;20;5,0;95,0;.;20;40,0;50,0;10,0;.;.;.;.;
Gustaf Dalénskolan 4-9;43269172;Falköping;1499;Kommunal;Falköpings kommun;2120001744;56;10,7;73,2;16,1;57;7,0;75,4;17,5;57;12,3;84,2;3,5;.;.;.;.;
Högstadium Centrum;17911537;Falköping;1499;Kommunal;Falköpings kommun;2120001744;136;9,6;60,3;30,1;178;5,1;80,9;14,0;172;23,3;70,3;6,4;47;14,9;83,0;2,1;
Kinnarpsskolan 7-9;51079534;Falköping;1499;Kommunal;Falköpings kommun;2120001744;28;.;71,4;28,6;32;3,1;68,8;28,1;32;9,4;71,9;18,8;.;.;.;.;
Thoren Framtid i Falköping;48252217;Falköping;1499;Enskild;Thoren Framtid AB;5567497051;.;.;.;.;18;22,2;61,1;16,7;18;16,7;66,7;16,7;.;.;.;.;
Vartoftaskolan 7-9;96973204;Falköping;1499;Kommunal;Falköpings kommun;2120001744;30;30,0;56,7;13,3;31;3,2;83,9;12,9;31;38,7;54,8;6,5;.;.;.;.;
Bjursåsskolan F-9;98702223;Falun;2080;Kommunal;Falu kommun;2120002221;44;.;56,8;43,2;48;4,2;75,0;20,8;45;20,0;77,8;2,2;.;.;.;.;
Britsarvsskolan;17033155;Falun;2080;Kommunal;Falu kommun;2120002221;73;1,4;67,1;31,5;75;2,7;65,3;32,0;80;11,3;83,8;5,0;.;.;.;.;
Friskolan Mosaik;65494903;Falun;2080;Enskild;Friskolan Mosaik i Falun ekonomisk förening;7696149751;19;36,8;63,2;.;17;11,8;64,7;23,5;16;.;100,0;.;.;.;.;.;
Hälsinggårdsskolan;28599917;Falun;2080;Kommunal;Falu kommun;2120002221;67;14,9;61,2;23,9;70;.;75,7;24,3;71;29,6;59,2;11,3;.;.;.;.;
Innovitaskolan Falun;72625090;Falun;2080;Enskild;Pysslingen Förskolor och Skolor AB;5560354309;51;19,6;64,7;15,7;52;1,9;73,1;25,0;46;13,0;80,4;6,5;.;.;.;.;
Internationella Engelska Skolan Falun;34401115;Falun;2080;Enskild;Internationella Engelska Skolan i Sverige AB;5564624368;61;18,0;72,1;9,8;70;.;95,7;4,3;68;4,4;94,1;1,5;18;5,6;83,3;11,1;
Lärande Grundskola Falun;41444691;Falun;2080;Enskild;Lärande i Sverige AB;5565715892;46;.;50,0;50,0;49;.;59,2;40,8;47;.;74,5;25,5;.;.;.;.;
Montessoriskolan i Falun;57444890;Falun;2080;Kommunal;Falu kommun;2120002221;20;10,0;70,0;20,0;21;.;90,5;9,5;22;.;100,0;.;.;.;.;.;
Svärdsjöskolan;27506076;Falun;2080;Kommunal;Falu kommun;2120002221;46;2,2;58,7;39,1;47;2,1;40,4;57,4;42;9,5;76,2;14,3;.;.;.;.;
Västra Skolan;27153243;Falun;2080;Kommunal;Falu kommun;2120002221;149;5,4;57,0;37,6;.;.;.;.;145;9,7;80,0;10,3;.;.;.;.;
Ferlinskolan;76981284;Filipstad;1782;Kommunal;Filipstads kommun;2120001876;70;7,1;71,4;21,4;82;6,1;85,4;8,5;71;12,7;78,9;8,5;.;.;.;.;
Grosvadskolan Syd;40732962;Finspång;0562;Kommunal;Finspångs kommun;2120000423;63;1,6;47,6;50,8;73;1,4;46,6;52,1;68;1,5;76,5;22,1;.;.;.;.;
Nyhemsskolan 7-9;65487720;Finspång;0562;Kommunal;Finspångs kommun;2120000423;91;3,3;57,1;39,6;96;.;66,7;33,3;97;28,9;58,8;12,4;.;.;.;.;
Europaskolan Malmköping;38215460;Flen;0482;Enskild;Europaskolan Malmköping AB;5567480511;39;.;56,4;43,6;51;2,0;68,6;29,4;48;18,8;64,6;16,7;.;.;.;.;
Stenhammarskolan 7-9;81546814;Flen;0482;Kommunal;Flens kommun;2120000332;58;10,3;53,4;36,2;91;1,1;91,2;7,7;88;12,5;73,9;13,6;31;19,4;64,5;16,1;
Dejeskolan 4-9;48228294;Forshaga;1763;Kommunal;Forshaga kommun;2120001819;32;12,5;68,8;18,8;31;12,9;58,1;29,0;33;9,1;75,8;15,2;.;.;.;.;
Forshaga Lärcenter H-stadiet;68533503;Forshaga;1763;Kommunal;Forshaga kommun;2120001819;79;.;62,0;38,0;88;1,1;69,3;29,5;84;15,5;76,2;8,3;.;.;.;.;
Valboskolan 7-9;17089857;Färgelanda;1439;Kommunal;Färgelanda kommun;2120001421;56;19,6;75,0;5,4;62;6,5;67,7;25,8;56;35,7;64,3;.;.;.;.;.;
Djuråsskolan F-9;36819574;Gagnef;2026;Kommunal;Gagnefs kommun;2120002155;72;1,4;80,6;18,1;72;2,8;90,3;6,9;75;10,7;80,0;9,3;.;.;.;.;
Mockfjärdsskolan;95610127;Gagnef;2026;Kommunal;Gagnefs kommun;2120002155;42;9,5;71,4;19,0;44;4,5;68,2;27,3;44;29,5;61,4;9,1;.;.;.;.;
Lundåkerskolan;47236914;Gislaved;0662;Kommunal;Gislaveds kommun;2120000514;70;4,3;54,3;41,4;108;.;48,1;51,9;108;9,3;86,1;4,6;50;6,0;62,0;32,0;
Nordinskolan;40991541;Gislaved;0662;Kommunal;Gislaveds kommun;2120000514;90;28,9;53,3;17,8;104;1,0;74,0;25,0;107;29,0;66,4;4,7;.;.;.;.;
Åsenskolan;70954223;Gislaved;0662;Kommunal;Gislaveds kommun;2120000514;62;9,7;51,6;38,7;78;9,0;70,5;20,5;79;21,5;73,4;5,1;.;.;.;.;
Ölmestadskolan;85013151;Gislaved;0662;Kommunal;Gislaveds kommun;2120000514;16;12,5;81,3;6,3;27;.;66,7;33,3;25;28,0;68,0;4,0;.;.;.;.;
Frejaskolan F-9;89195825;Gnesta;0461;Kommunal;Gnesta kommun;2120002965;98;11,2;65,3;23,5;103;2,9;45,6;51,5;96;28,1;62,5;9,4;.;.;.;.;
Gnesta Waldorfskola;35159342;Gnesta;0461;Enskild;Gnesta Waldorfskoleförening;8190013030;16;.;62,5;37,5;.;.;.;.;17;5,9;58,8;35,3;.;.;.;.;
Bäckaskolan 7-9;43172419;Gnosjö;0617;Kommunal;Gnosjö kommun;2120000506;64;1,6;64,1;34,4;92;3,3;79,3;17,4;94;18,1;71,3;10,6;29;6,9;72,4;20,7;
Hillerstorpsskolan 7-9;33877675;Gnosjö;0617;Kommunal;Gnosjö kommun;2120000506;37;8,1;89,2;2,7;41;2,4;82,9;14,6;41;17,1;75,6;7,3;.;.;.;.;
Guteskolan, grundskola;42518434;Gotland;0980;Enskild;Guteskolan AB;5567044267;34;.;82,4;17,6;33;9,1;90,9;.;33;42,4;57,6;.;.;.;.;.;
Högbyskolan;94163432;Gotland;0980;Kommunal;Region Gotland;2120000803;47;8,5;48,9;42,6;58;.;53,4;46,6;52;23,1;57,7;19,2;.;.;.;.;
Innovitaskolan Visby;52229866;Gotland;0980;Enskild;Pysslingen Förskolor och Skolor AB;5560354309;51;13,7;62,7;23,5;50;2,0;86,0;12,0;51;11,8;88,2;.;.;.;.;.;
Klinteskolan;24429776;Gotland;0980;Kommunal;Region Gotland;2120000803;16;12,5;81,3;6,3;19;.;73,7;26,3;17;23,5;52,9;23,5;.;.;.;.;
Solklintsskolan;10979668;Gotland;0980;Kommunal;Region Gotland;2120000803;25;8,0;44,0;48,0;25;.;56,0;44,0;31;.;74,2;25,8;.;.;.;.;
Södervärnsskolan;80013231;Gotland;0980;Kommunal;Region Gotland;2120000803;110;6,4;61,8;31,8;113;3,5;82,3;14,2;118;29,7;66,1;4,2;.;.;.;.;
Jättestenskolan;16891307;Grums;1764;Kommunal;Grums kommun;2120001827;82;17,1;65,9;17,1;84;.;63,1;36,9;90;10,0;82,2;7,8;.;.;.;.;
Nya Centralskolan 4-9;31381375;Grästorp;1444;Kommunal;Grästorps kommun;2120001595;52;5,8;48,1;46,2;56;.;71,4;28,6;57;8,8;86,0;5,3;.;.;.;.;
Gullstensskolan åk 7-9;89624871;Gullspång;1447;Kommunal;Gullspångs kommun;2120001637;48;4,2;54,2;41,7;59;5,1;64,4;30,5;54;24,1;63,0;13,0;.;.;.;.;
Malmens friskola;37140962;Gällivare;2523;Enskild;Malmens Friskola AB;5565528022;23;.;82,6;17,4;24;4,2;62,5;33,3;23;.;91,3;8,7;.;.;.;.;
Sjöparksskolan A;46309621;Gällivare;2523;Kommunal;Gällivare kommun;2120002726;52;5,8;59,6;34,6;52;3,8;57,7;38,5;57;43,9;52,6;3,5;.;.;.;.;
Sjöparksskolan B;42583405;Gällivare;2523;Kommunal;Gällivare kommun;2120002726;57;3,5;63,2;33,3;60;.;63,3;36,7;59;3,4;62,7;33,9;.;.;.;.;
Bergby Centralskola 1-9;55373417;Gävle;2180;Kommunal;Gävle kommun;2120002338;17;.;17,6;82,4;16;.;37,5;62,5;15;.;73,3;26,7;.;.;.;.;
Internationella Engelska Skolan Gävle;53952728;Gävle;2180;Enskild;Internationella Engelska Skolan i Sverige AB;5564624368;121;13,2;61,2;25,6;191;5,8;73,8;20,4;187;10,7;85,0;4,3;70;10,0;52,9;37,1;
Kunskapsskolan Gävle;21423670;Gävle;2180;Enskild;Kunskapsskolan i Sverige Aktiebolag;5565661815;68;.;57,4;42,6;76;.;72,4;27,6;76;9,2;84,2;6,6;.;.;.;.;
Lillhagsskolan;51387807;Gävle;2180;Kommunal;Gävle kommun;2120002338;94;12,8;63,8;23,4;101;1,0;43,6;55,4;98;16,3;67,3;16,3;.;.;.;.;
Nynässkolan 7-9;40944032;Gävle;2180;Kommunal;Gävle kommun;2120002338;44;2,3;34,1;63,6;86;.;59,3;40,7;80;25,0;63,8;11,3;44;6,8;54,5;38,6;
Prolympia, Gävle;57578095;Gävle;2180;Enskild;Ulno AB;5566577705;104;1,0;87,5;11,5;103;1,0;79,6;19,4;105;21,0;75,2;3,8;.;.;.;.;
Sofiedalskolan;80177526;Gävle;2180;Kommunal;Gävle kommun;2120002338;138;2,2;68,8;29,0;129;0,8;71,3;27,9;142;19,7;70,4;9,9;.;.;.;.;
Stigslunds skola;91652716;Gävle;2180;Kommunal;Gävle kommun;2120002338;83;10,8;72,3;16,9;94;1,1;71,3;27,7;88;9,1;76,1;14,8;.;.;.;.;
Stora Sätraskolan;49779956;Gävle;2180;Kommunal;Gävle kommun;2120002338;19;5,3;68,4;26,3;62;.;64,5;35,5;63;6,3;81,0;12,7;42;.;66,7;33,3;
Vallbacksskolan;54990077;Gävle;2180;Kommunal;Gävle kommun;2120002338;121;10,7;64,5;24,8;141;2,8;64,5;32,6;145;15,2;77,2;7,6;28;25,0;57,1;17,9;
Vittra Gävle;11476454;Gävle;2180;Enskild;Friskolan Lyftet AB;5566044599;.;.;.;.;.;.;.;.;15;6,7;93,3;.;.;.;.;.;
Assaredsskolan;25852980;Göteborg;1480;Enskild;Assareds Skolkooperativ Ek För.;7164451390;25;4,0;76,0;20,0;24;.;70,8;29,2;24;25,0;75,0;.;.;.;.;.;
Bergsjöskolan F-9;27526205;Göteborg;1480;Kommunal;Göteborgs kommun;2120001355;.;.;.;.;33;.;84,8;15,2;37;8,1;91,9;.;35;11,4;62,9;25,7;
Bergumsskolan F-9;43545297;Göteborg;1480;Kommunal;Göteborgs kommun;2120001355;77;7,8;39,0;53,2;.;.;.;.;82;.;73,2;26,8;.;.;.;.;
Brandströmska skolan Nylöse;11295861;Göteborg;1480;Enskild;Stiftelsen för Kristen Skolverksamhet;8572054065;15;.;86,7;13,3;33;.;90,9;9,1;33;.;81,8;18,2;18;5,6;77,8;16,7;
Brunnsboskolan F-9;97649106;Göteborg;1480;Kommunal;Göteborgs kommun;2120001355;39;7,7;64,1;28,2;70;1,4;78,6;20,0;67;20,9;71,6;7,5;30;6,7;63,3;30,0;
Böskolans friskola;83071620;Göteborg;1480;Enskild;Böskolans Friskola Ek.För.;7164451473;41;.;82,9;17,1;41;.;78,0;22,0;40;27,5;72,5;.;.;.;.;.;
Centrina Kviberg;17517182;Göteborg;1480;Enskild;Vindseglet AB;5567572234;73;8,2;79,5;12,3;73;.;69,9;30,1;73;19,2;79,5;1,4;.;.;.;.;
Centrina Lindholmen;79866556;Göteborg;1480;Enskild;Vindseglet AB;5567572234;72;2,8;91,7;5,6;75;.;88,0;12,0;73;17,8;82,2;.;.;.;.;.;
Communityskolan Gårdsten;92384910;Göteborg;1480;Enskild;RM Bildning AB;5591946909;.;.;.;.;39;.;97,4;2,6;39;10,3;82,1;7,7;38;5,3;78,9;15,8;
Drakbergsskolan;60526603;Göteborg;1480;Enskild;Kannebäcks Friskoleförening;8572069568;23;4,3;60,9;34,8;23;.;39,1;60,9;23;39,1;60,9;.;.;.;.;.;
Ebba Petterssons Privatskola;88247874;Göteborg;1480;Enskild;Ebba Petterssons Privatskolas Stiftelse;8572022369;98;12,2;69,4;18,4;99;2,0;60,6;37,4;101;18,8;76,2;5,0;.;.;.;.;
Fiskebäcksskolan F-9;80408917;Göteborg;1480;Kommunal;Göteborgs kommun;2120001355;52;9,6;69,2;21,2;54;.;68,5;31,5;54;.;94,4;5,6;.;.;.;.;
Franska skolan Göteborg 6-9;51565567;Göteborg;1480;Enskild;Medborgarskolan Region Väst;8494001913;38;10,5;65,8;23,7;42;21,4;71,4;7,1;43;32,6;67,4;.;.;.;.;.;
Freinetskolan Bild & Form;31872640;Göteborg;1480;Enskild;Freinétskolan Bild & Form Masthugget Kb;9696774224;22;27,3;54,5;18,2;28;28,6;71,4;.;23;47,8;47,8;4,3;.;.;.;.;
Frejaskolan F-9;44605298;Göteborg;1480;Kommunal;Göteborgs kommun;2120001355;72;4,2;70,8;25,0;91;2,2;73,6;24,2;83;9,6;84,3;6,0;18;5,6;94,4;.;
Fridaskolan Kvillebäcken;56328727;Göteborg;1480;Enskild;Fridaskolorna AB;5564515988;74;4,1;68,9;27,0;72;.;83,3;16,7;69;18,8;73,9;7,2;.;.;.;.;
Frölundaskolan F-9;16464648;Göteborg;1480;Kommunal;Göteborgs kommun;2120001355;.;.;.;.;39;.;71,8;28,2;41;4,9;92,7;2,4;30;6,7;80,0;13,3;
Gamlestadsskolan F-9;29744401;Göteborg;1480;Kommunal;Göteborgs kommun;2120001355;19;5,3;52,6;42,1;42;14,3;71,4;14,3;47;27,7;66,0;6,4;24;16,7;54,2;29,2;
Glöstorpsskolan 7-9;85656343;Göteborg;1480;Kommunal;Göteborgs kommun;2120001355;74;12,2;55,4;32,4;93;2,2;96,8;1,1;87;16,1;73,6;10,3;23;.;73,9;26,1;
Guldhedsskolan F-9;11814097;Göteborg;1480;Kommunal;Göteborgs kommun;2120001355;49;4,1;69,4;26,5;60;1,7;88,3;10,0;60;25,0;48,3;26,7;.;.;.;.;
Gårdstensskolan 4-9;31127129;Göteborg;1480;Kommunal;Göteborgs kommun;2120001355;.;.;.;.;79;10,1;81,0;8,9;84;56,0;40,5;3,6;81;6,2;79,0;14,8;
Gärdsåsskolan 4-9;93904124;Göteborg;1480;Kommunal;Göteborgs kommun;2120001355;18;5,6;50,0;44,4;47;6,4;66,0;27,7;44;25,0;50,0;25,0;21;4,8;52,4;42,9;
Göteborgs Högre Samskola gr.;52538248;Göteborg;1480;Enskild;Stiftelsen Göteborgs Högre Samskola;8572059197;141;2,8;73,8;23,4;143;1,4;91,6;7,0;137;4,4;85,4;10,2;.;.;.;.;
Hovåsskolan F-9;99319890;Göteborg;1480;Kommunal;Göteborgs kommun;2120001355;65;1,5;75,4;23,1;65;.;64,6;35,4;71;18,3;78,9;2,8;.;.;.;.;
Innovitaskolan Johanneberg;87139814;Göteborg;1480;Enskild;Pysslingen Förskolor och Skolor AB;5560354309;76;1,3;72,4;26,3;81;.;65,4;34,6;86;2,3;86,0;11,6;.;.;.;.;
Innovitaskolan S:t Jörgen;27265374;Göteborg;1480;Enskild;Pysslingen Förskolor och Skolor AB;5560354309;70;5,7;60,0;34,3;62;1,6;50,0;48,4;68;20,6;61,8;17,6;.;.;.;.;
Internationella Engelska Skolan Johanneberg;41921747;Göteborg;1480;Enskild;Internationella Engelska Skolan i Sverige AB;5564624368;86;8,1;76,7;15,1;171;1,2;94,2;4,7;172;21,5;77,3;1,2;79;3,8;48,1;48,1;
ISGR/Swedish-English;80498460;Göteborg;1480;Enskild;Göteborgsregionens Internationella Skola AB;5565275657;45;2,2;62,2;35,6;54;3,7;66,7;29,6;53;7,5;75,5;17,0;.;.;.;.;
JENSEN grundskola Göteborg;62764006;Göteborg;1480;Enskild;Jensen Education College AB;5566358759;56;.;82,1;17,9;57;.;78,9;21,1;57;5,3;80,7;14,0;.;.;.;.;
Jättestensskolan F-9;55124975;Göteborg;1480;Kommunal;Göteborgs kommun;2120001355;46;4,3;63,0;32,6;71;.;80,3;19,7;66;15,2;75,8;9,1;19;.;94,7;5,3;
Katolska skolan av Notre Dame;45045293;Göteborg;1480;Enskild;Vår Fru AB;5591760342;.;.;.;.;37;.;81,1;18,9;41;4,9;75,6;19,5;22;13,6;63,6;22,7;
Klarebergsskolan F-9;71204165;Göteborg;1480;Kommunal;Göteborgs kommun;2120001355;98;1,0;69,4;29,6;.;.;.;.;104;1,9;83,7;14,4;.;.;.;.;
Kristinaskolan;46512685;Göteborg;1480;Enskild;Stiftelsen för Kristna Skolor i Angeredområdet;8572042193;.;.;.;.;19;.;42,1;57,9;17;.;82,4;17,6;15;40,0;40,0;20,0;
Kunskapsskolan Krokslätt;83045482;Göteborg;1480;Enskild;Kunskapsskolan i Sverige Aktiebolag;5565661815;36;2,8;72,2;25,0;47;.;87,2;12,8;44;25,0;70,5;4,5;.;.;.;.;
Kvibergsskolan F-9;79522184;Göteborg;1480;Kommunal;Göteborgs kommun;2120001355;44;15,9;72,7;11,4;88;.;89,8;10,2;83;16,9;67,5;15,7;44;6,8;84,1;9,1;
Kålltorpsskolan 4-9;16954837;Göteborg;1480;Kommunal;Göteborgs kommun;2120001355;127;11,0;66,9;22,0;146;2,7;79,5;17,8;142;47,9;50,0;2,1;.;.;.;.;
Kärralundsskolan F-9;14037390;Göteborg;1480;Kommunal;Göteborgs kommun;2120001355;72;1,4;75,0;23,6;73;2,7;93,2;4,1;76;13,2;84,2;2,6;.;.;.;.;
Kärraskolan F-9;46391611;Göteborg;1480;Kommunal;Göteborgs kommun;2120001355;58;8,6;79,3;12,1;80;.;75,0;25,0;76;30,3;65,8;3,9;.;.;.;.;
Lindåsskolan F-9;87375656;Göteborg;1480;Kommunal;Göteborgs kommun;2120001355;58;1,7;62,1;36,2;64;.;60,9;39,1;64;.;95,3;4,7;.;.;.;.;
Lundenskolan F-9;62419611;Göteborg;1480;Kommunal;Göteborgs kommun;2120001355;47;.;80,9;19,1;54;1,9;90,7;7,4;54;18,5;64,8;16,7;.;.;.;.;
Lärjeskolan F-9;39701961;Göteborg;1480;Kommunal;Göteborgs kommun;2120001355;.;.;.;.;82;1,2;74,4;24,4;83;9,6;84,3;6,0;66;3,0;43,9;53,0;
Lövgärdesskolan 4-9;31928894;Göteborg;1480;Kommunal;Göteborgs kommun;2120001355;32;12,5;68,8;18,8;45;.;95,6;4,4;44;18,2;77,3;4,5;.;.;.;.;
Martinaskolan;47927698;Göteborg;1480;Enskild;Waldorfföreningen, Martinaskolan, ekonomisk förening;7164449576;.;.;.;.;20;.;60,0;40,0;18;.;66,7;33,3;.;.;.;.;
Montessoriskolan Casa;76938537;Göteborg;1480;Enskild;Stiftelsen Casa Dei Bambini;8520004261;30;10,0;76,7;13,3;29;.;89,7;10,3;30;.;96,7;3,3;.;.;.;.;
Montessoriskolan Centrum;73995321;Göteborg;1480;Enskild;Stiftelsen Montessoriskolan Centrum;8572066309;25;8,0;88,0;4,0;26;.;61,5;38,5;27;22,2;77,8;.;.;.;.;.;
Montessoriskolan Elyseum 6-9;75602219;Göteborg;1480;Kommunal;Göteborgs kommun;2120001355;16;6,3;87,5;6,3;21;.;81,0;19,0;24;4,2;87,5;8,3;.;.;.;.;
Montessoriskolan Skäret;25894254;Göteborg;1480;Enskild;Skäret Skolkooperativ Ek.För.;7164452323;38;5,3;65,8;28,9;39;12,8;71,8;15,4;43;4,7;76,7;18,6;.;.;.;.;
Noblaskolan Nya Hovås åk 6-9;21497343;Göteborg;1480;Enskild;Pysslingen Förskolor och Skolor AB;5560354309;110;7,3;71,8;20,9;111;0,9;72,1;27,0;96;6,3;78,1;15,6;.;.;.;.;
Nordhemsskolan F-9;19804936;Göteborg;1480;Kommunal;Göteborgs kommun;2120001355;170;13,5;55,3;31,2;173;1,7;83,2;15,0;180;26,7;67,2;6,1;.;.;.;.;
Nordlyckeskolan 7-9;93002896;Göteborg;1480;Kommunal;Göteborgs kommun;2120001355;138;1,4;68,8;29,7;132;.;96,2;3,8;137;5,1;87,6;7,3;.;.;.;.;
Nygårdsskolan F-9;65651613;Göteborg;1480;Kommunal;Göteborgs kommun;2120001355;85;10,6;64,7;24,7;79;.;73,4;26,6;79;22,8;73,4;3,8;.;.;.;.;
Nytorpsskolan 4-9;47120557;Göteborg;1480;Kommunal;Göteborgs kommun;2120001355;.;.;.;.;56;1,8;96,4;1,8;57;.;77,2;22,8;54;7,4;90,7;1,9;
Prolympia Göteborg;54367867;Göteborg;1480;Enskild;Gothenburg Association AB;5567295851;108;2,8;67,6;29,6;112;.;73,2;26,8;108;2,8;78,7;18,5;.;.;.;.;
Påvelundsskolan F-9;77556882;Göteborg;1480;Kommunal;Göteborgs kommun;2120001355;164;2,4;63,4;34,1;184;1,6;82,6;15,8;183;20,2;78,1;1,6;.;.;.;.;
Rudolf Steinerskolan Göteborg;42817980;Göteborg;1480;Enskild;Stiftelsen Rudolf Steinerskolan;8572019142;20;.;70,0;30,0;20;.;90,0;10,0;20;.;95,0;5,0;.;.;.;.;
Ryaskolan F-9;71424690;Göteborg;1480;Kommunal;Göteborgs kommun;2120001355;.;.;.;.;33;.;90,9;9,1;31;16,1;67,7;16,1;28;14,3;71,4;14,3;
Sandeklevsskolan F-9;91683255;Göteborg;1480;Kommunal;Göteborgs kommun;2120001355;.;.;.;.;33;.;87,9;12,1;32;15,6;81,3;3,1;31;6,5;80,6;12,9;
Sannaskolan 7-9;49474076;Göteborg;1480;Kommunal;Göteborgs kommun;2120001355;105;5,7;59,0;35,2;108;0,9;75,0;24,1;109;18,3;76,1;5,5;.;.;.;.;
Santosskolan 7-9;76261770;Göteborg;1480;Kommunal;Göteborgs kommun;2120001355;135;8,1;65,9;25,9;145;.;80,7;19,3;144;9,7;69,4;20,8;25;16,0;64,0;20,0;
Sjumilaskolan F-9;39406080;Göteborg;1480;Kommunal;Göteborgs kommun;2120001355;.;.;.;.;24;.;66,7;33,3;20;5,0;75,0;20,0;18;.;72,2;27,8;
Skälltorpsskolan 7-9;21231498;Göteborg;1480;Kommunal;Göteborgs kommun;2120001355;67;19,4;67,2;13,4;63;.;69,8;30,2;84;27,4;70,2;2,4;.;.;.;.;
Stiftelsen The English School Gothenburg;66890810;Göteborg;1480;Enskild;Stiftelsen English School In Gothenburg;8551009148;15;6,7;40,0;53,3;42;2,4;85,7;11,9;43;2,3;97,7;.;25;12,0;64,0;24,0;
Styrsöskolan F-9;81179515;Göteborg;1480;Kommunal;Göteborgs kommun;2120001355;40;.;55,0;45,0;41;.;56,1;43,9;40;7,5;72,5;20,0;.;.;.;.;
Svartedalsskolan 4-9;10245367;Göteborg;1480;Kommunal;Göteborgs kommun;2120001355;.;.;.;.;71;.;84,5;15,5;71;.;76,1;23,9;63;7,9;63,5;28,6;
Toleredsskolan F-9;43055932;Göteborg;1480;Kommunal;Göteborgs kommun;2120001355;59;3,4;59,3;37,3;84;.;85,7;14,3;81;16,0;70,4;13,6;22;.;81,8;18,2;
Torpaskolan F-9;11465652;Göteborg;1480;Kommunal;Göteborgs kommun;2120001355;31;19,4;35,5;45,2;42;2,4;85,7;11,9;38;39,5;55,3;5,3;.;.;.;.;
Torslandaskolan 7-9;89487045;Göteborg;1480;Kommunal;Göteborgs kommun;2120001355;145;4,1;64,1;31,7;153;1,3;90,8;7,8;155;2,6;74,2;23,2;.;.;.;.;
Trulsegårdsskolan 7-9;22474777;Göteborg;1480;Kommunal;Göteborgs kommun;2120001355;180;17,8;59,4;22,8;179;1,7;86,0;12,3;182;26,4;65,9;7,7;.;.;.;.;
Utmarksskolan 4-9;39000072;Göteborg;1480;Kommunal;Göteborgs kommun;2120001355;16;.;50,0;50,0;45;.;73,3;26,7;43;.;95,3;4,7;29;6,9;51,7;41,4;
Vasaskolan;56168083;Göteborg;1480;Enskild;Stiftelsen för Kristna Skolor;8572027434;42;4,8;76,2;19,0;44;.;88,6;11,4;45;2,2;97,8;.;.;.;.;.;
Victoriaskolan;80678068;Göteborg;1480;Enskild;Tyska Skolan Göteborg Ek. För.;7696043608;47;.;76,6;23,4;43;.;81,4;18,6;46;4,3;91,3;4,3;.;.;.;.;
Vittra Kronhusparken;67543412;Göteborg;1480;Enskild;Vittraskolorna AB;5564586716;19;10,5;36,8;52,6;53;3,8;58,5;37,7;55;18,2;76,4;5,5;.;.;.;.;
Vättleskolan 4-9;56818726;Göteborg;1480;Kommunal;Göteborgs kommun;2120001355;35;20,0;31,4;48,6;54;38,9;27,8;33,3;52;28,8;9,6;61,5;.;.;.;.;
Änglagårdskolan;87427999;Göteborg;1480;Enskild;Gothenburg Association AB;5567295851;66;15,2;71,2;13,6;64;1,6;82,8;15,6;68;39,7;60,3;.;.;.;.;.;
Önneredsskolan F-9;91687391;Göteborg;1480;Kommunal;Göteborgs kommun;2120001355;129;4,7;57,4;38,0;142;2,8;77,5;19,7;132;10,6;68,2;21,2;.;.;.;.;
Liljestensskolan 1;34900938;Götene;1471;Kommunal;Götene kommun;2120001652;139;2,9;83,5;13,7;149;0,7;74,5;24,8;148;26,4;64,9;8,8;16;6,3;68,8;25,0;
Hagabodaskolan;38553494;Habo;0643;Kommunal;Habo kommun;2120001611;154;5,2;75,3;19,5;158;1,3;86,7;12,0;164;13,4;86,0;0,6;.;.;.;.;
Kyrkhedens skola 4-9;86113785;Hagfors;1783;Kommunal;Hagfors kommun;2120001884;30;.;96,7;3,3;35;.;94,3;5,7;30;46,7;46,7;6,7;.;.;.;.;
Älvstranden bildn.centrum 7-9;18315553;Hagfors;1783;Kommunal;Hagfors kommun;2120001884;49;.;73,5;26,5;53;1,9;54,7;43,4;53;.;67,9;32,1;.;.;.;.;
Folkasboskolan;99707554;Hallsberg;1861;Kommunal;Hallsbergs kommun;2120001926;35;2,9;57,1;40,0;35;.;77,1;22,9;33;21,2;63,6;15,2;.;.;.;.;
Transtenskolan;63503591;Hallsberg;1861;Kommunal;Hallsbergs kommun;2120001926;88;9,1;68,2;22,7;108;1,9;79,6;18,5;105;35,2;59,0;5,7;20;10,0;70,0;20,0;
Parkskolan;91030682;Hallstahammar;1961;Kommunal;Hallstahammars kommun;2120002064;75;13,3;69,3;17,3;96;3,1;71,9;25,0;93;10,8;69,9;19,4;17;11,8;41,2;47,1;
Tunboskolan;32758035;Hallstahammar;1961;Kommunal;Hallstahammars kommun;2120002064;35;2,9;62,9;34,3;36;.;80,6;19,4;35;5,7;85,7;8,6;.;.;.;.;
Brunnsåkersskolan 9;87737594;Halmstad;1380;Kommunal;Halmstads kommun;2120001215;89;20,2;62,9;16,9;97;7,2;91,8;1,0;100;17,0;79,0;4,0;.;.;.;.;
Eketånga Montessoriskola;28459364;Halmstad;1380;Enskild;Ideella Föreningen Eketånga Montessoriskola;8492017143;21;9,5;57,1;33,3;21;.;90,5;9,5;23;21,7;69,6;8,7;.;.;.;.;
Furulundsskolan 7-9;84189577;Halmstad;1380;Kommunal;Halmstads kommun;2120001215;50;14,0;66,0;20,0;74;.;81,1;18,9;69;18,8;75,4;5,8;18;.;77,8;22,2;
Fyllingeskolan 4-9;50826766;Halmstad;1380;Kommunal;Halmstads kommun;2120001215;35;5,7;45,7;48,6;56;5,4;82,1;12,5;51;33,3;60,8;5,9;.;.;.;.;
Getingeskolan 7-9;91161376;Halmstad;1380;Kommunal;Halmstads kommun;2120001215;91;11,0;69,2;19,8;101;.;81,2;18,8;97;9,3;78,4;12,4;.;.;.;.;
Gullbrandstorpsskolan 4-9;74772092;Halmstad;1380;Kommunal;Halmstads kommun;2120001215;45;6,7;68,9;24,4;43;2,3;72,1;25,6;44;4,5;90,9;4,5;.;.;.;.;
Internationella Engelska Skolan Halmstad;78323330;Halmstad;1380;Enskild;Internationella Engelska Skolan i Sverige AB;5564624368;75;1,3;74,7;24,0;89;1,1;76,4;22,5;88;1,1;84,1;14,8;.;.;.;.;
Klaraskolan 6-9;36130879;Halmstad;1380;Kommunal;Halmstads kommun;2120001215;41;4,9;56,1;39,0;88;1,1;48,9;50,0;89;7,9;89,9;2,2;44;11,4;72,7;15,9;
Kärlekens skola 7-9;52347444;Halmstad;1380;Kommunal;Halmstads kommun;2120001215;54;13,0;74,1;13,0;68;.;67,6;32,4;70;11,4;87,1;1,4;.;.;.;.;
Söndrumsskolan 6-9;67995611;Halmstad;1380;Kommunal;Halmstads kommun;2120001215;112;8,9;71,4;19,6;118;8,5;60,2;31,4;121;21,5;76,0;2,5;.;.;.;.;
Trönningeskolan 7-9;86573921;Halmstad;1380;Kommunal;Halmstads kommun;2120001215;53;5,7;49,1;45,3;65;.;29,2;70,8;62;29,0;62,9;8,1;.;.;.;.;
Vallåsskolan 4-9 A;45539695;Halmstad;1380;Kommunal;Halmstads kommun;2120001215;29;.;48,3;51,7;40;7,5;75,0;17,5;44;2,3;54,5;43,2;.;.;.;.;
Vallåsskolan 4-9 B;31012040;Halmstad;1380;Kommunal;Halmstads kommun;2120001215;15;26,7;73,3;.;25;4,0;92,0;4,0;26;3,8;46,2;50,0;.;.;.;.;
Vittra Halmstad;61582926;Halmstad;1380;Enskild;Vittraskolorna AB;5564586716;24;.;87,5;12,5;26;.;73,1;26,9;25;8,0;68,0;24,0;.;.;.;.;
Wallbergsskolan;42422737;Halmstad;1380;Enskild;Wallbergsskolans Ideella Förening;8492023802;17;11,8;88,2;.;17;.;82,4;17,6;16;43,8;56,3;.;.;.;.;.;
Östergårdsskolan 7-9 A;63902508;Halmstad;1380;Kommunal;Halmstads kommun;2120001215;.;.;.;.;34;.;61,8;38,2;33;24,2;63,6;12,1;26;.;73,1;26,9;
Östergårdsskolan 7-9 B;10483888;Halmstad;1380;Kommunal;Halmstads kommun;2120001215;20;.;55,0;45,0;35;.;57,1;42,9;36;13,9;83,3;2,8;19;5,3;73,7;21,1;
Österledskolan 7-9 A;92337813;Halmstad;1380;Kommunal;Halmstads kommun;2120001215;35;2,9;74,3;22,9;42;2,4;69,0;28,6;38;10,5;63,2;26,3;.;.;.;.;
Österledskolan 7-9 B;14732915;Halmstad;1380;Kommunal;Halmstads kommun;2120001215;38;.;78,9;21,1;40;.;82,5;17,5;38;5,3;86,8;7,9;.;.;.;.;
Hammarlundens skola 7-9;95243847;Hammarö;1761;Kommunal;Hammarö kommun;2120001793;130;10,0;76,9;13,1;128;1,6;76,6;21,9;127;17,3;78,0;4,7;.;.;.;.;
Mörmoskolan 7-9;47480841;Hammarö;1761;Kommunal;Hammarö kommun;2120001793;58;3,4;74,1;22,4;63;.;85,7;14,3;63;11,1;76,2;12,7;.;.;.;.;
Brandbergsskolan;73184968;Haninge;0136;Kommunal;Haninge kommun;2120000084;17;.;52,9;47,1;41;22,0;70,7;7,3;39;2,6;89,7;7,7;25;.;64,0;36,0;
Dalarö skola;47640376;Haninge;0136;Kommunal;Haninge kommun;2120000084;26;7,7;53,8;38,5;26;3,8;50,0;46,2;27;.;100,0;.;.;.;.;.;
Deltaskolan;73926940;Haninge;0136;Enskild;Deltaskolan AB;5568658545;40;5,0;80,0;15,0;38;10,5;52,6;36,8;45;2,2;66,7;31,1;.;.;.;.;
HagaLyckebyskolan;81680693;Haninge;0136;Kommunal;Haninge kommun;2120000084;77;2,6;59,7;37,7;76;1,3;48,7;50,0;79;8,9;84,8;6,3;.;.;.;.;
Innovitaskolan Rudan;17957898;Haninge;0136;Enskild;Pysslingen Förskolor och Skolor AB;5560354309;98;.;82,7;17,3;100;4,0;76,0;20,0;98;11,2;80,6;8,2;.;.;.;.;
Ribbyskolan;59497255;Haninge;0136;Kommunal;Haninge kommun;2120000084;137;2,2;62,8;35,0;144;.;61,8;38,2;144;7,6;83,3;9,0;.;.;.;.;
Söderbymalmsskolan;10035236;Haninge;0136;Kommunal;Haninge kommun;2120000084;110;3,6;36,4;60,0;140;0,7;52,9;46,4;131;4,6;87,8;7,6;28;3,6;46,4;50,0;
Tungelsta skola;38975788;Haninge;0136;Kommunal;Haninge kommun;2120000084;78;3,8;59,0;37,2;83;1,2;88,0;10,8;79;34,2;63,3;2,5;.;.;.;.;
Vendelsömalmsskolan;72266104;Haninge;0136;Kommunal;Haninge kommun;2120000084;111;1,8;57,7;40,5;103;.;86,4;13,6;105;7,6;77,1;15,2;.;.;.;.;
Gränsskolan;29991096;Haparanda;2583;Kommunal;Haparanda kommun;2120002775;57;14,0;64,9;21,1;72;5,6;61,1;33,3;80;18,8;76,3;5,0;21;9,5;71,4;19,0;
Heby skola 7-9;36374693;Heby;0331;Kommunal;Heby kommun;2120002049;59;8,5;54,2;37,3;73;.;87,7;12,3;73;1,4;91,8;6,8;.;.;.;.;
Östervåla skola 7-9;88091927;Heby;0331;Kommunal;Heby kommun;2120002049;78;11,5;75,6;12,8;75;1,3;77,3;21,3;79;20,3;78,5;1,3;.;.;.;.;
Olympica;87686617;Hedemora;2083;Enskild;Olympica AB;5565938700;33;9,1;69,7;21,2;31;.;80,6;19,4;28;28,6;67,9;3,6;.;.;.;.;
Vasaskolan 7-9;35494110;Hedemora;2083;Kommunal;Hedemora kommun;2120002254;95;3,2;52,6;44,2;116;2,6;55,2;42,2;112;10,7;84,8;4,5;.;.;.;.;
Anneroskolan;86764194;Helsingborg;1283;Kommunal;Helsingborgs kommun;2120001157;21;.;81,0;19,0;42;2,4;78,6;19,0;45;2,2;73,3;24,4;17;11,8;58,8;29,4;
Elinebergsskolan;41811292;Helsingborg;1283;Kommunal;Helsingborgs kommun;2120001157;143;9,1;80,4;10,5;163;4,9;84,0;11,0;165;12,1;81,2;6,7;23;13,0;65,2;21,7;
Fridaskolan Helsingborg;24352906;Helsingborg;1283;Enskild;Fridaskolorna AB;5564515988;18;11,1;66,7;22,2;21;.;90,5;9,5;21;4,8;95,2;.;.;.;.;.;
Gantofta skola;28424574;Helsingborg;1283;Kommunal;Helsingborgs kommun;2120001157;23;.;47,8;52,2;27;.;29,6;70,4;28;3,6;78,6;17,9;.;.;.;.;
Gläntanskolan;67721487;Helsingborg;1283;Kommunal;Helsingborgs kommun;2120001157;25;.;68,0;32,0;36;.;63,9;36,1;34;47,1;50,0;2,9;.;.;.;.;
Gustavslundsskolan;30731471;Helsingborg;1283;Kommunal;Helsingborgs kommun;2120001157;43;9,3;76,7;14,0;48;.;75,0;25,0;50;10,0;78,0;12,0;.;.;.;.;
Holstagårdsskolan;28754789;Helsingborg;1283;Kommunal;Helsingborgs kommun;2120001157;32;.;87,5;12,5;32;3,1;90,6;6,3;32;.;84,4;15,6;.;.;.;.;
Högastensskolan;13175575;Helsingborg;1283;Kommunal;Helsingborgs kommun;2120001157;76;6,6;73,7;19,7;99;2,0;83,8;14,1;97;5,2;85,6;9,3;24;20,8;66,7;12,5;
Innovitaskolan Helsingborg;16688128;Helsingborg;1283;Enskild;Pysslingen Förskolor och Skolor AB;5560354309;70;11,4;72,9;15,7;69;.;55,1;44,9;75;4,0;74,7;21,3;.;.;.;.;
Innovitaskolan Momentum;49050798;Helsingborg;1283;Enskild;Pysslingen Förskolor och Skolor AB;5560354309;44;2,3;70,5;27,3;58;.;86,2;13,8;54;1,9;94,4;3,7;.;.;.;.;
Internationella Engelska Skolan Helsingborg;82402144;Helsingborg;1283;Enskild;Internationella Engelska Skolan i Sverige AB;5564624368;33;3,0;81,8;15,2;72;1,4;87,5;11,1;71;4,2;94,4;1,4;29;.;96,6;3,4;
Kubikskolan Dibber;82943624;Helsingborg;1283;Enskild;Dibber Kubikskolan AB;5565858619;48;12,5;60,4;27,1;62;1,6;87,1;11,3;64;9,4;82,8;7,8;.;.;.;.;
Kunskapsskolan Helsingborg;48798589;Helsingborg;1283;Enskild;Kunskapsskolan i Sverige Aktiebolag;5565661815;114;3,5;85,1;11,4;117;.;92,3;7,7;120;.;97,5;2,5;.;.;.;.;
Laröds skola;87251726;Helsingborg;1283;Kommunal;Helsingborgs kommun;2120001157;46;8,7;54,3;37,0;45;4,4;82,2;13,3;46;43,5;56,5;.;.;.;.;.;
Maria Parkskolan;42164778;Helsingborg;1283;Kommunal;Helsingborgs kommun;2120001157;97;1,0;58,8;40,2;113;2,7;89,4;8,0;114;1,8;80,7;17,5;.;.;.;.;
Musikgrundskolan Synkopen;55200547;Helsingborg;1283;Kommunal;Helsingborgs kommun;2120001157;22;4,5;59,1;36,4;24;.;83,3;16,7;23;30,4;69,6;.;.;.;.;.;
Noblaskolan Mariastaden;57590681;Helsingborg;1283;Enskild;Pysslingen Förskolor och Skolor AB;5560354309;39;.;59,0;41,0;37;8,1;81,1;10,8;38;5,3;92,1;2,6;.;.;.;.;
Påarps skola;66351593;Helsingborg;1283;Kommunal;Helsingborgs kommun;2120001157;19;21,1;57,9;21,1;26;.;73,1;26,9;24;29,2;45,8;25,0;.;.;.;.;
Rydebäckskolan;40385157;Helsingborg;1283;Kommunal;Helsingborgs kommun;2120001157;84;9,5;76,2;14,3;91;.;42,9;57,1;95;17,9;74,7;7,4;.;.;.;.;
Sally Bauerskolans Högstadium;53515359;Helsingborg;1283;Enskild;Sally Bauer Skolans Högstadium;8430033152;40;.;97,5;2,5;44;4,5;79,5;15,9;42;9,5;90,5;.;.;.;.;.;
Slottsvångsskolan;63957271;Helsingborg;1283;Kommunal;Helsingborgs kommun;2120001157;.;.;.;.;29;3,4;75,9;20,7;28;14,3;75,0;10,7;16;.;75,0;25,0;
Svensgårdsskolan;89693828;Helsingborg;1283;Kommunal;Helsingborgs kommun;2120001157;35;22,9;74,3;2,9;34;8,8;79,4;11,8;35;8,6;57,1;34,3;.;.;.;.;
Tågaborgsskolan;87948789;Helsingborg;1283;Kommunal;Helsingborgs kommun;2120001157;63;12,7;60,3;27,0;95;.;72,6;27,4;94;52,1;45,7;2,1;32;9,4;78,1;12,5;
Vittra Adolfsberg;71069736;Helsingborg;1283;Enskild;Vittraskolorna AB;5564586716;.;.;.;.;23;.;78,3;21,7;23;4,3;78,3;17,4;15;.;53,3;46,7;
Vittra Landborgen;90080902;Helsingborg;1283;Enskild;Vittraskolorna AB;5564586716;.;.;.;.;21;.;81,0;19,0;23;4,3;91,3;4,3;.;.;.;.;
Västra Berga skola;28060171;Helsingborg;1283;Kommunal;Helsingborgs kommun;2120001157;.;.;.;.;28;3,6;92,9;3,6;25;4,0;88,0;8,0;15;.;93,3;6,7;
Wieselgrensskolan;51014228;Helsingborg;1283;Kommunal;Helsingborgs kommun;2120001157;25;.;96,0;4,0;66;.;15,2;84,8;76;5,3;80,3;14,5;53;3,8;75,5;20,8;
Ättekullaskolan;64728140;Helsingborg;1283;Kommunal;Helsingborgs kommun;2120001157;.;.;.;.;20;.;50,0;50,0;18;22,2;72,2;5,6;.;.;.;.;
Altorpskolan A C;84724191;Herrljunga;1466;Kommunal;Herrljunga kommun;2120001520;38;21,1;57,9;21,1;42;.;83,3;16,7;40;12,5;67,5;20,0;.;.;.;.;
Altorpskolan B D;38295531;Herrljunga;1466;Kommunal;Herrljunga kommun;2120001520;57;7,0;47,4;45,6;70;1,4;74,3;24,3;67;22,4;74,6;3,0;.;.;.;.;
Guldkroksskolan 7-9;81342093;Hjo;1497;Kommunal;Hjo kommun;2120001728;79;5,1;69,6;25,3;90;.;77,8;22,2;86;36,0;61,6;2,3;.;.;.;.;
Petreskolan;17291574;Hofors;2104;Kommunal;Hofors kommun;2120002296;63;19,0;71,4;9,5;78;2,6;66,7;30,8;75;2,7;88,0;9,3;.;.;.;.;
Annerstaskolan;79012683;Huddinge;0126;Kommunal;Huddinge kommun;2120000068;25;.;68,0;32,0;49;2,0;67,3;30,6;48;4,2;83,3;12,5;23;4,3;91,3;4,3;
Balingsnässkolan;13654969;Huddinge;0126;Kommunal;Huddinge kommun;2120000068;56;14,3;64,3;21,4;54;1,9;92,6;5,6;59;8,5;83,1;8,5;.;.;.;.;
Glömstaskolan;15218794;Huddinge;0126;Kommunal;Huddinge kommun;2120000068;48;.;83,3;16,7;72;.;51,4;48,6;70;24,3;70,0;5,7;19;5,3;84,2;10,5;
Internationella Engelska Skolan Huddinge;97942210;Huddinge;0126;Enskild;Internationella Engelska Skolan i Sverige AB;5564624368;111;18,0;64,9;17,1;144;.;90,3;9,7;149;.;91,9;8,1;32;9,4;75,0;15,6;
Internationella Engelska Skolan Länna;22127801;Huddinge;0126;Enskild;Internationella Engelska Skolan i Sverige AB;5564624368;76;22,4;57,9;19,7;91;.;83,5;16,5;91;13,2;86,8;.;.;.;.;.;
Kungsklippeskolan;89510449;Huddinge;0126;Kommunal;Huddinge kommun;2120000068;50;4,0;62,0;34,0;52;1,9;78,8;19,2;49;14,3;81,6;4,1;.;.;.;.;
Kvarnbergsskolan;54516737;Huddinge;0126;Kommunal;Huddinge kommun;2120000068;139;10,1;69,1;20,9;214;.;76,2;23,8;208;16,3;73,6;10,1;30;.;43,3;56,7;
Källbrinksskolan;41213404;Huddinge;0126;Kommunal;Huddinge kommun;2120000068;132;2,3;82,6;15,2;128;.;68,0;32,0;126;4,8;84,1;11,1;.;.;.;.;
Lärande Grundskola Skapa;10063280;Huddinge;0126;Enskild;The Learning Lab i Stockholm AB;5568097405;41;.;75,6;24,4;42;.;83,3;16,7;44;.;81,8;18,2;.;.;.;.;
Segeltorpsskolan;15483394;Huddinge;0126;Kommunal;Huddinge kommun;2120000068;96;3,1;69,8;27,1;92;4,3;68,5;27,2;104;9,6;88,5;1,9;.;.;.;.;
Södertörns friskola;22019000;Huddinge;0126;Enskild;Södertörns Friskola Ekonomisk Förening;7696004238;98;8,2;76,5;15,3;98;2,0;86,7;11,2;98;34,7;61,2;4,1;.;.;.;.;
Trångsundsskolan;42601396;Huddinge;0126;Kommunal;Huddinge kommun;2120000068;48;6,3;70,8;22,9;51;.;64,7;35,3;52;13,5;73,1;13,5;.;.;.;.;
Vistaskolan;50783450;Huddinge;0126;Kommunal;Huddinge kommun;2120000068;72;9,7;81,9;8,3;78;.;64,1;35,9;78;23,1;73,1;3,8;.;.;.;.;
Vårbyskolan;64949601;Huddinge;0126;Kommunal;Huddinge kommun;2120000068;.;.;.;.;42;4,8;61,9;33,3;42;40,5;59,5;.;33;9,1;69,7;21,2;
Östra grundskolan;39229061;Huddinge;0126;Kommunal;Huddinge kommun;2120000068;68;4,4;80,9;14,7;112;0,9;46,4;52,7;108;14,8;75,9;9,3;39;2,6;61,5;35,9;
Ede skola;83627088;Hudiksvall;2184;Kommunal;Hudiksvalls kommun;2120002379;58;.;91,4;8,6;55;.;83,6;16,4;58;15,5;69,0;15,5;.;.;.;.;
Hudikskolan 7-9;77537602;Hudiksvall;2184;Enskild;Hudikskolan AB;5592976954;50;10,0;64,0;26,0;49;.;57,1;42,9;50;.;70,0;30,0;.;.;.;.;
Iggesunds skola;80631297;Hudiksvall;2184;Kommunal;Hudiksvalls kommun;2120002379;33;9,1;78,8;12,1;40;.;87,5;12,5;43;18,6;74,4;7,0;.;.;.;.;
Läroverket;23786565;Hudiksvall;2184;Kommunal;Hudiksvalls kommun;2120002379;133;6,0;60,2;33,8;139;.;79,1;20,9;139;12,2;68,3;19,4;.;.;.;.;
Östra skolan;50190330;Hudiksvall;2184;Kommunal;Hudiksvalls kommun;2120002379;119;7,6;54,6;37,8;129;0,8;66,7;32,6;129;9,3;86,0;4,7;.;.;.;.;
Albäcksskolan 1;55252119;Hultsfred;0860;Kommunal;Hultsfreds kommun;2120000712;33;3,0;57,6;39,4;52;.;55,8;44,2;53;5,7;83,0;11,3;19;.;63,2;36,8;
Albäcksskolan 2;84230115;Hultsfred;0860;Kommunal;Hultsfreds kommun;2120000712;40;.;45,0;55,0;64;.;73,4;26,6;64;3,1;70,3;26,6;23;.;52,2;47,8;
Nya Centralskolan i Virserum AB;12289594;Hultsfred;0860;Enskild;Prolympia Virserum AB;5568088743;26;19,2;69,2;11,5;42;.;73,8;26,2;44;4,5;61,4;34,1;.;.;.;.;
Örnaskolan;56192472;Hylte;1315;Kommunal;Hylte kommun;2120001207;97;14,4;57,7;27,8;127;.;68,5;31,5;132;8,3;81,1;10,6;25;4,0;88,0;8,0;
Futurum 7-9;22385992;Håbo;0305;Kommunal;Håbo kommun;2120000241;99;7,1;45,5;47,5;98;.;23,5;76,5;98;13,3;71,4;15,3;.;.;.;.;
Gransäterskolan;90826660;Håbo;0305;Kommunal;Håbo kommun;2120000241;55;7,3;58,2;34,5;51;.;88,2;11,8;52;28,8;65,4;5,8;.;.;.;.;
Gröna dalen;49674763;Håbo;0305;Kommunal;Håbo kommun;2120000241;30;13,3;76,7;10,0;40;.;90,0;10,0;41;39,0;58,5;2,4;.;.;.;.;
Läraskolan;28306495;Håbo;0305;Enskild;Läraskolan i Bålsta AB;5567275663;24;8,3;75,0;16,7;23;.;95,7;4,3;24;.;100,0;.;.;.;.;.;
Potentia Education;15081255;Håbo;0305;Enskild;Potentia education AB;5567521553;26;3,8;57,7;38,5;28;7,1;64,3;28,6;28;35,7;60,7;3,6;.;.;.;.;
Västerängsskolan;29299366;Håbo;0305;Kommunal;Håbo kommun;2120000241;34;2,9;38,2;58,8;29;3,4;82,8;13,8;34;8,8;85,3;5,9;.;.;.;.;
Klockarhagsskolan åk 7-9;72295739;Hällefors;1863;Kommunal;Hällefors kommun;2120001942;49;8,2;55,1;36,7;67;13,4;73,1;13,4;69;.;89,9;10,1;18;11,1;66,7;22,2;
Funäsdalens skola;72295998;Härjedalen;2361;Kommunal;Härjedalens kommun;2120002510;20;.;95,0;5,0;20;.;100,0;.;20;5,0;95,0;.;.;.;.;.;
Södra Skolan;79022806;Härjedalen;2361;Kommunal;Härjedalens kommun;2120002510;41;2,4;63,4;34,1;46;.;37,0;63,0;42;11,9;78,6;9,5;.;.;.;.;
Hedda Wisingskolan;16490220;Härnösand;2280;Kommunal;Härnösands kommun;2120002403;84;6,0;70,2;23,8;96;2,1;55,2;42,7;91;4,4;68,1;27,5;17;11,8;76,5;11,8;
Kastellskolan;69454219;Härnösand;2280;Enskild;Kastellskolan;8880008365;31;6,5;83,9;9,7;30;3,3;60,0;36,7;33;18,2;75,8;6,1;.;.;.;.;
Wendela Hellmanskolan;97940004;Härnösand;2280;Kommunal;Härnösands kommun;2120002403;118;5,1;51,7;43,2;126;1,6;57,9;40,5;128;11,7;78,9;9,4;20;5,0;50,0;45,0;
Båtsmansskolan 7-9;37772170;Härryda;1401;Kommunal;Härryda kommun;2120001264;60;11,7;78,3;10,0;59;.;74,6;25,4;56;12,5;78,6;8,9;.;.;.;.;
Djupedalskolan 7-9;91978548;Härryda;1401;Kommunal;Härryda kommun;2120001264;74;4,1;62,2;33,8;80;.;81,3;18,8;78;19,2;74,4;6,4;.;.;.;.;
Ekdalaskolan 7-9;69723336;Härryda;1401;Kommunal;Härryda kommun;2120001264;94;3,2;83,0;13,8;108;0,9;76,9;22,2;104;8,7;85,6;5,8;.;.;.;.;
Fridaskolan, Härryda;27274628;Härryda;1401;Enskild;Fridaskolorna AB;5564515988;72;6,9;62,5;30,6;75;.;73,3;26,7;69;1,4;92,8;5,8;.;.;.;.;
Landvetterskolan 7-9 A-C;28836025;Härryda;1401;Kommunal;Härryda kommun;2120001264;43;7,0;74,4;18,6;51;.;80,4;19,6;51;7,8;82,4;9,8;.;.;.;.;
Landvetterskolan 7-9 D-F;29069124;Härryda;1401;Kommunal;Härryda kommun;2120001264;58;3,4;84,5;12,1;67;.;83,6;16,4;66;13,6;83,3;3,0;.;.;.;.;
Önnerödsskolan 7-9;28698437;Härryda;1401;Kommunal;Härryda kommun;2120001264;67;3,0;58,2;38,8;68;4,4;75,0;20,6;71;43,7;56,3;.;.;.;.;.;
Bjärnums skola F-9;65212509;Hässleholm;1293;Kommunal;Hässleholms kommun;2120000985;34;17,6;58,8;23,5;36;2,8;80,6;16,7;38;18,4;76,3;5,3;.;.;.;.;
Furutorpskolan 4-9;78602001;Hässleholm;1293;Kommunal;Hässleholms kommun;2120000985;45;13,3;71,1;15,6;43;.;93,0;7,0;31;22,6;77,4;.;.;.;.;.;
Hässleholms Montessoriskola F-9;28804882;Hässleholm;1293;Kommunal;Hässleholms kommun;2120000985;26;15,4;61,5;23,1;26;7,7;57,7;34,6;26;.;88,5;11,5;.;.;.;.;
Hästveda skola F-9;56398338;Hässleholm;1293;Kommunal;Hässleholms kommun;2120000985;24;8,3;75,0;16,7;26;.;57,7;42,3;27;14,8;81,5;3,7;.;.;.;.;
Internationella Engelska Skolan Hässleholm;79716826;Hässleholm;1293;Enskild;Internationella Engelska Skolan i Sverige AB;5564624368;51;3,9;84,3;11,8;64;.;18,8;81,3;65;24,6;73,8;1,5;.;.;.;.;
Linnéskolan F-9;84432632;Hässleholm;1293;Kommunal;Hässleholms kommun;2120000985;27;.;81,5;18,5;39;.;76,9;23,1;38;10,5;84,2;5,3;.;.;.;.;
Läredaskolan F-9;29689372;Hässleholm;1293;Kommunal;Hässleholms kommun;2120000985;41;7,3;68,3;24,4;54;.;70,4;29,6;55;23,6;67,3;9,1;18;5,6;66,7;27,8;
Thoren Framtid i Hässleholm;79864142;Hässleholm;1293;Enskild;Thoren Framtid AB;5567497051;68;1,5;70,6;27,9;70;.;64,3;35,7;71;46,5;49,3;4,2;.;.;.;.;
Tyringe skola F-9;98058756;Hässleholm;1293;Kommunal;Hässleholms kommun;2120000985;58;5,2;84,5;10,3;65;1,5;69,2;29,2;63;7,9;87,3;4,8;.;.;.;.;
Vannarödsskolan 6-9;93845278;Hässleholm;1293;Kommunal;Hässleholms kommun;2120000985;27;14,8;81,5;3,7;35;.;71,4;28,6;30;23,3;70,0;6,7;.;.;.;.;
Västerskolan F-9;75318783;Hässleholm;1293;Kommunal;Hässleholms kommun;2120000985;73;5,5;60,3;34,2;84;2,4;57,1;40,5;81;24,7;74,1;1,2;.;.;.;.;
Bruksskolan 7-9;58312480;Höganäs;1284;Kommunal;Höganäs kommun;2120001165;40;5,0;52,5;42,5;48;.;66,7;33,3;48;22,9;66,7;10,4;.;.;.;.;
Brunnbyskolan;95113658;Höganäs;1284;Enskild;Brunnby Skola M-I Handelsbolag;9167744359;18;5,6;83,3;11,1;18;.;88,9;11,1;18;27,8;72,2;.;.;.;.;.;
Jonstorpsskolan 7-9;66888504;Höganäs;1284;Kommunal;Höganäs kommun;2120001165;61;8,2;70,5;21,3;64;6,3;78,1;15,6;60;8,3;85,0;6,7;.;.;.;.;
Lerbergsskolan 7-9;11721378;Höganäs;1284;Kommunal;Höganäs kommun;2120001165;49;6,1;63,3;30,6;47;6,4;89,4;4,3;46;13,0;87,0;.;.;.;.;.;
Nyhamnsskolan 7-9;18031893;Höganäs;1284;Kommunal;Höganäs kommun;2120001165;28;32,1;39,3;28,6;30;.;73,3;26,7;33;15,2;75,8;9,1;.;.;.;.;
Tornlyckeskolan 7-9;36274763;Höganäs;1284;Kommunal;Höganäs kommun;2120001165;30;.;90,0;10,0;39;.;82,1;17,9;43;14,0;76,7;9,3;.;.;.;.;
Vikenskolan 7-9;18383147;Höganäs;1284;Kommunal;Höganäs kommun;2120001165;51;2,0;72,5;25,5;61;.;91,8;8,2;63;12,7;87,3;.;.;.;.;.;
Fröviskolan 7-9;78308250;Högsby;0821;Kommunal;Högsby kommun;2120000688;31;16,1;71,0;12,9;36;2,8;77,8;19,4;37;18,9;64,9;16,2;.;.;.;.;
Frostaskolan 7-9;38299211;Hörby;1266;Kommunal;Hörby kommun;2120001108;63;7,9;71,4;20,6;77;3,9;75,3;20,8;78;5,1;85,9;9,0;.;.;.;.;
Georgshillsskolan 7-9;90834434;Hörby;1266;Kommunal;Hörby kommun;2120001108;52;5,8;63,5;30,8;56;.;80,4;19,6;57;10,5;77,2;12,3;.;.;.;.;
Ludvigsborgs friskola;52665905;Hörby;1266;Enskild;Ludvigsborgs Fristående Skola, Ek. Förening;7164396918;21;.;95,2;4,8;17;.;76,5;23,5;19;5,3;89,5;5,3;.;.;.;.;
Emiliaskolan Höörs waldorfsk.;63846783;Höör;1267;Enskild;Föreningen Emiliaskolan;8420007984;18;.;50,0;50,0;20;5,0;55,0;40,0;19;15,8;47,4;36,8;.;.;.;.;
Ringsjöskolan;82942801;Höör;1267;Kommunal;Höörs kommun;2120001116;92;3,3;71,7;25,0;81;1,2;58,0;40,7;98;35,7;56,1;8,2;.;.;.;.;
Sätoftaskolan;35670754;Höör;1267;Kommunal;Höörs kommun;2120001116;39;7,7;46,2;46,2;44;2,3;68,2;29,5;42;7,1;76,2;16,7;.;.;.;.;
Östra skolan;86851817;Jokkmokk;2510;Kommunal;Jokkmokks kommun;2120002676;28;14,3;82,1;3,6;30;.;80,0;20,0;30;10,0;76,7;13,3;.;.;.;.;
Björkebyskolan;40847752;Järfälla;0123;Kommunal;Järfälla kommun;2120000043;142;4,2;57,7;38,0;156;.;84,0;16,0;144;27,1;61,1;11,8;.;.;.;.;
Fjällenskolan;15080815;Järfälla;0123;Kommunal;Järfälla kommun;2120000043;73;9,6;61,6;28,8;70;1,4;57,1;41,4;72;51,4;44,4;4,2;.;.;.;.;
Internationella Engelska Skolan Järfälla;79093755;Järfälla;0123;Enskild;Internationella Engelska Skolan i Sverige AB;5564624368;115;5,2;86,1;8,7;119;1,7;86,6;11,8;121;30,6;68,6;0,8;.;.;.;.;
Kvarnskolan;77763178;Järfälla;0123;Kommunal;Järfälla kommun;2120000043;110;10,0;70,0;20,0;135;3,7;91,1;5,2;125;22,4;72,8;4,8;28;10,7;75,0;14,3;
Källtorpskolan;17287315;Järfälla;0123;Kommunal;Järfälla kommun;2120000043;88;1,1;55,7;43,2;101;1,0;80,2;18,8;94;9,6;75,5;14,9;.;.;.;.;
Viksjöskolan;98925408;Järfälla;0123;Kommunal;Järfälla kommun;2120000043;171;7,0;57,3;35,7;175;.;89,7;10,3;169;2,4;82,2;15,4;.;.;.;.;
Vittra Jakobsberg;66634449;Järfälla;0123;Enskild;Vittraskolorna AB;5564586716;36;5,6;50,0;44,4;46;.;78,3;21,7;49;8,2;73,5;18,4;.;.;.;.;
Alfred Dalinskolan;85416841;Jönköping;0680;Kommunal;Jönköpings kommun;2120000530;169;9,5;62,1;28,4;209;.;57,9;42,1;209;7,7;86,6;5,7;46;17,4;65,2;17,4;
Attarpsskolan 7-9;40546319;Jönköping;0680;Kommunal;Jönköpings kommun;2120000530;138;3,6;50,0;46,4;136;0,7;58,8;40,4;140;15,0;73,6;11,4;.;.;.;.;
Flahultsskolan;28849109;Jönköping;0680;Kommunal;Jönköpings kommun;2120000530;123;7,3;74,8;17,9;126;1,6;74,6;23,8;127;15,7;77,2;7,1;.;.;.;.;
Internationella Engelska Skolan Jönköping;86499334;Jönköping;0680;Enskild;Internationella Engelska Skolan i Sverige AB;5564624368;70;.;88,6;11,4;100;2,0;98,0;.;104;1,9;94,2;3,8;34;2,9;79,4;17,6;
Junedalsskolan;20696736;Jönköping;0680;Kommunal;Jönköpings kommun;2120000530;246;4,5;64,2;31,3;261;.;65,5;34,5;271;11,1;79,0;10,0;22;4,5;72,7;22,7;
Kunskapsskolan Jönköping;86562542;Jönköping;0680;Enskild;Kunskapsskolan i Sverige Aktiebolag;5565661815;51;2,0;78,4;19,6;59;3,4;61,0;35,6;60;20,0;68,3;11,7;.;.;.;.;
Ljungarumsskolan 7-9;84917564;Jönköping;0680;Kommunal;Jönköpings kommun;2120000530;131;9,2;74,8;16,0;148;2,0;74,3;23,6;138;8,7;70,3;21,0;17;17,6;70,6;11,8;
Prolympia, Jönköping;95673344;Jönköping;0680;Enskild;Prolympia AB;5567026454;85;7,1;51,8;41,2;85;.;64,7;35,3;84;22,6;70,2;7,1;.;.;.;.;
Ribbaskolan;83919671;Jönköping;0680;Kommunal;Jönköpings kommun;2120000530;94;8,5;54,3;37,2;103;.;60,2;39,8;102;11,8;79,4;8,8;.;.;.;.;
Rosenlundsskolan 7-9;96558008;Jönköping;0680;Kommunal;Jönköpings kommun;2120000530;127;13,4;57,5;29,1;160;.;76,3;23,8;158;46,8;52,5;0,6;27;7,4;70,4;22,2;
Sanda idrottshögstadium;98088982;Jönköping;0680;Kommunal;Jönköpings kommun;2120000530;69;7,2;66,7;26,1;74;.;60,8;39,2;74;1,4;93,2;5,4;.;.;.;.;
Stadsgårdsskolan;12759583;Jönköping;0680;Kommunal;Jönköpings kommun;2120000530;52;17,3;63,5;19,2;88;.;80,7;19,3;81;27,2;63,0;9,9;35;14,3;60,0;25,7;
Strandskolan;23250615;Jönköping;0680;Enskild;Jönköpings Kristna Skolförening;8260017648;25;20,0;60,0;20,0;23;4,3;87,0;8,7;26;23,1;26,9;50,0;.;.;.;.;
Innovitaskolan Kalix;20525218;Kalix;2514;Enskild;Pysslingen Förskolor och Skolor AB;5560354309;15;20,0;66,7;13,3;16;.;93,8;6,3;15;6,7;93,3;.;.;.;.;.;
Manhemsskolan;10617819;Kalix;2514;Kommunal;Kalix kommun;2120002692;115;8,7;58,3;33,0;119;.;57,1;42,9;125;20,8;75,2;4,0;.;.;.;.;
Falkenbergsskolan;99856371;Kalmar;0880;Kommunal;Kalmar kommun;2120000746;93;.;77,4;22,6;100;6,0;67,0;27,0;90;16,7;80,0;3,3;.;.;.;.;
Funkaboskolan;21736926;Kalmar;0880;Kommunal;Kalmar kommun;2120000746;110;10,0;79,1;10,9;123;0,8;84,6;14,6;117;12,8;84,6;2,6;.;.;.;.;
Lindsdalsskolorna;51848797;Kalmar;0880;Kommunal;Kalmar kommun;2120000746;113;8,0;53,1;38,9;124;0,8;78,2;21,0;119;20,2;78,2;1,7;.;.;.;.;
Nordic International School Kalmar;51786225;Kalmar;0880;Enskild;Nordic International School AB;5566102033;31;3,2;41,9;54,8;53;1,9;52,8;45,3;53;3,8;81,1;15,1;20;5,0;55,0;40,0;
Smedbyskolan;27675952;Kalmar;0880;Kommunal;Kalmar kommun;2120000746;60;6,7;73,3;20,0;67;.;68,7;31,3;65;20,0;78,5;1,5;.;.;.;.;
Södermöreskolan;79012102;Kalmar;0880;Kommunal;Kalmar kommun;2120000746;77;15,6;61,0;23,4;79;.;74,7;25,3;79;16,5;65,8;17,7;.;.;.;.;
Södra skolan;13936858;Kalmar;0880;Enskild;Södra skolan i Kalmar AB;5566966031;71;9,9;47,9;42,3;72;4,2;61,1;34,7;72;19,4;69,4;11,1;.;.;.;.;
Tallhagsskolan;74570653;Kalmar;0880;Kommunal;Kalmar kommun;2120000746;80;6,3;53,8;40,0;110;6,4;70,0;23,6;103;12,6;77,7;9,7;30;3,3;40,0;56,7;
Västra Skolan Kalmar;94235119;Kalmar;0880;Enskild;CIS Kalmar AB;5565896213;44;2,3;29,5;68,2;47;.;68,1;31,9;48;6,3;50,0;43,8;.;.;.;.;
Carl Johanskolan;34231336;Karlsborg;1446;Kommunal;Karlsborgs kommun;2120001629;58;1,7;79,3;19,0;59;.;69,5;30,5;60;8,3;88,3;3,3;.;.;.;.;
Norrevångskolan;89878714;Karlshamn;1082;Kommunal;Karlshamns kommun;2120000845;55;.;69,1;30,9;62;.;83,9;16,1;57;1,8;86,0;12,3;.;.;.;.;
Stenbackaskolan;16767324;Karlshamn;1082;Kommunal;Karlshamns kommun;2120000845;73;2,7;58,9;38,4;96;.;69,8;30,2;91;12,1;76,9;11,0;16;.;43,8;56,3;
Thoren Framtid i Karlshamn;16249641;Karlshamn;1082;Enskild;Thoren Framtid AB;5567497051;69;.;85,5;14,5;77;.;80,5;19,5;70;14,3;84,3;1,4;.;.;.;.;
Waldorfskolan i Karlshamn;22909101;Karlshamn;1082;Enskild;Daggkåpan Ekonomisk Förening;7164056082;.;.;.;.;15;20,0;66,7;13,3;.;.;.;.;.;.;.;.;
Österslättsskolan;43859477;Karlshamn;1082;Kommunal;Karlshamns kommun;2120000845;81;14,8;54,3;30,9;114;1,8;67,5;30,7;118;10,2;82,2;7,6;36;11,1;44,4;44,4;
Bregårdsskolan 7-9;71762216;Karlskoga;1883;Kommunal;Karlskoga kommun;2120001991;93;5,4;66,7;28,0;114;2,6;81,6;15,8;107;28,0;66,4;5,6;.;.;.;.;
Skrantaskolan;65654358;Karlskoga;1883;Kommunal;Karlskoga kommun;2120001991;78;7,7;67,9;24,4;98;6,1;61,2;32,7;99;.;96,0;4,0;20;20,0;65,0;15,0;
Österledskolan;34767418;Karlskoga;1883;Kommunal;Karlskoga kommun;2120001991;87;8,0;66,7;25,3;88;3,4;89,8;6,8;94;7,4;80,9;11,7;.;.;.;.;
Friskolan Svettpärlan;93964634;Karlskrona;1080;Enskild;Friskolan Svettpärlan AB;5565570446;24;.;16,7;83,3;23;.;82,6;17,4;21;4,8;71,4;23,8;.;.;.;.;
Innovitaskolan Karlskrona;10662754;Karlskrona;1080;Enskild;AcadeMedia fria grundskolor AB;5569320699;87;11,5;83,9;4,6;94;3,2;52,1;44,7;94;23,4;75,5;1,1;.;.;.;.;
Jämjö kunskapscentrum F-9;97495074;Karlskrona;1080;Kommunal;Karlskrona kommun;2120000829;99;7,1;81,8;11,1;102;.;87,3;12,7;97;9,3;81,4;9,3;.;.;.;.;
Karlskrona Montessorifriskola;67509465;Karlskrona;1080;Enskild;Karlskrona Montessorifriskola AB;5565030599;21;9,5;66,7;23,8;23;.;69,6;30,4;23;30,4;69,6;.;.;.;.;.;
Lyckeby kunskapscentrum F-9;55709634;Karlskrona;1080;Kommunal;Karlskrona kommun;2120000829;99;3,0;85,9;11,1;110;.;82,7;17,3;105;14,3;81,0;4,8;17;.;94,1;5,9;
Musikugglan;93919365;Karlskrona;1080;Enskild;Tant Grön AB;5564127099;53;.;84,9;15,1;55;.;94,5;5,5;57;1,8;94,7;3,5;.;.;.;.;
Nättraby kunskapscentrum F-9;76323160;Karlskrona;1080;Kommunal;Karlskrona kommun;2120000829;76;11,8;72,4;15,8;72;9,7;73,6;16,7;73;19,2;75,3;5,5;.;.;.;.;
Rosenholmskolan Sport College 7-9;89523926;Karlskrona;1080;Kommunal;Karlskrona kommun;2120000829;49;.;79,6;20,4;50;.;92,0;8,0;48;.;85,4;14,6;.;.;.;.;
Rödebyskolan F-9;32421136;Karlskrona;1080;Kommunal;Karlskrona kommun;2120000829;81;11,1;77,8;11,1;79;.;74,7;25,3;76;32,9;65,8;1,3;.;.;.;.;
Sunnadalskolan F-9;21608206;Karlskrona;1080;Kommunal;Karlskrona kommun;2120000829;.;.;.;.;35;.;91,4;8,6;34;5,9;70,6;23,5;28;7,1;89,3;3,6;
Wämöskolan 7-9;63323984;Karlskrona;1080;Kommunal;Karlskrona kommun;2120000829;49;4,1;63,3;32,7;72;.;44,4;55,6;72;.;91,7;8,3;25;4,0;72,0;24,0;
Frödingskolan;22049068;Karlstad;1780;Kommunal;Karlstads kommun;2120001850;21;4,8;66,7;28,6;36;2,8;44,4;52,8;37;13,5;81,1;5,4;17;.;64,7;35,3;
Hultsbergsskolan 7-9;99406709;Karlstad;1780;Kommunal;Karlstads kommun;2120001850;67;4,5;56,7;38,8;72;1,4;86,1;12,5;75;25,3;73,3;1,3;.;.;.;.;
Ilandaskolan;27418903;Karlstad;1780;Kommunal;Karlstads kommun;2120001850;141;0,7;57,4;41,8;133;2,3;75,2;22,6;130;7,7;76,9;15,4;.;.;.;.;
Internationella Engelska Skolan Karlstad;93730568;Karlstad;1780;Enskild;Internationella Engelska Skolan i Sverige AB;5564624368;103;9,7;35,9;54,4;137;.;87,6;12,4;139;6,5;84,9;8,6;24;8,3;41,7;50,0;
Mariebergsskolan;81424988;Karlstad;1780;Kommunal;Karlstads kommun;2120001850;108;7,4;57,4;35,2;115;.;66,1;33,9;118;17,8;66,1;16,1;.;.;.;.;
Nordic International School Karlstad;14290135;Karlstad;1780;Enskild;Nordic International School AB;5566102033;30;.;80,0;20,0;48;.;70,8;29,2;45;.;97,8;2,2;16;.;100,0;.;
Norrstrandsskolan 7-9;20191380;Karlstad;1780;Kommunal;Karlstads kommun;2120001850;156;5,1;62,2;32,7;161;1,2;61,5;37,3;164;28,0;68,9;3,0;.;.;.;.;
Nyeds skola;41081474;Karlstad;1780;Kommunal;Karlstads kommun;2120001850;31;.;58,1;41,9;30;.;56,7;43,3;30;.;80,0;20,0;.;.;.;.;
Rudsskolan;23345056;Karlstad;1780;Kommunal;Karlstads kommun;2120001850;141;0,7;44,7;54,6;161;1,9;77,6;20,5;156;2,6;83,3;14,1;16;.;25,0;75,0;
Thoren Framtid Karlstad;85092070;Karlstad;1780;Enskild;Thorengruppen AB;5566139290;18;55,6;44,4;.;23;.;100,0;.;20;.;85,0;15,0;.;.;.;.;
Vålbergsskolan 7-9;80659104;Karlstad;1780;Kommunal;Karlstads kommun;2120001850;44;9,1;43,2;47,7;51;.;74,5;25,5;49;10,2;85,7;4,1;.;.;.;.;
Järvenskolan;89029385;Katrineholm;0483;Kommunal;Katrineholms kommun;2120000340;240;15,4;60,4;24,2;304;0,7;69,4;29,9;270;7,8;62,2;30,0;66;4,5;68,2;27,3;
Kunskapsskolan Katrineholm;16603772;Katrineholm;0483;Enskild;Kunskapsskolan i Sverige Aktiebolag;5565661815;72;.;63,9;36,1;75;.;81,3;18,7;73;5,5;83,6;11,0;.;.;.;.;
Sannerudsskolan 7-9;83291761;Kil;1715;Kommunal;Kils kommun;2120001751;81;4,9;59,3;35,8;80;.;76,3;23,8;86;5,8;69,8;24,4;.;.;.;.;
Värgårdsskolan 7-9;75296593;Kinda;0513;Kommunal;Kinda kommun;2120000399;97;1,0;22,7;76,3;96;2,1;70,8;27,1;102;25,5;58,8;15,7;.;.;.;.;
Högalidskolan 7-9;80693905;Kiruna;2584;Kommunal;Kiruna kommun;2120002783;77;7,8;67,5;24,7;83;4,8;74,7;20,5;77;16,9;64,9;18,2;.;.;.;.;
Nya Raketskolan 7-9;43351950;Kiruna;2584;Kommunal;Kiruna kommun;2120002783;66;1,5;71,2;27,3;67;1,5;76,1;22,4;67;6,0;86,6;7,5;.;.;.;.;
Thoren Framtid Vargen;73281949;Kiruna;2584;Enskild;Thoren Framtid AB;5567497051;25;8,0;68,0;24,0;26;.;84,6;15,4;25;4,0;80,0;16,0;.;.;.;.;
Ljungbyhedsskolan;75091646;Klippan;1276;Kommunal;Klippans kommun;2120000928;29;.;41,4;58,6;35;5,7;82,9;11,4;35;34,3;62,9;2,9;.;.;.;.;
Snyggatorpsskolan;10822811;Klippan;1276;Kommunal;Klippans kommun;2120000928;87;3,4;29,9;66,7;120;2,5;75,8;21,7;120;8,3;80,8;10,8;31;3,2;22,6;74,2;
Adolfsbergsskolan;22335099;Knivsta;0330;Kommunal;Knivsta kommun;2120003013;121;4,1;78,5;17,4;122;0,8;63,1;36,1;125;20,8;74,4;4,8;.;.;.;.;
Margarethaskolan;51867275;Knivsta;0330;Enskild;Knivsta Friskola Ekonomisk Förening;7696042618;15;.;80,0;20,0;15;.;60,0;40,0;16;.;100,0;.;.;.;.;.;
Thunmanskolan;92364234;Knivsta;0330;Kommunal;Knivsta kommun;2120003013;96;4,2;66,7;29,2;103;6,8;81,6;11,7;103;31,1;65,0;3,9;.;.;.;.;
Gudmundråskolan;11159060;Kramfors;2282;Kommunal;Kramfors kommun;2120002429;94;5,3;66,0;28,7;106;2,8;66,0;31,1;108;13,9;83,3;2,8;.;.;.;.;
Högakustenskolan;75515918;Kramfors;2282;Kommunal;Kramfors kommun;2120002429;52;7,7;67,3;25,0;60;1,7;70,0;28,3;59;1,7;86,4;11,9;.;.;.;.;
Antonskolan Blekedamm;14555807;Kristianstad;1290;Enskild;Anton Utbildning AB;5566024906;31;3,2;87,1;9,7;43;4,7;72,1;23,3;42;2,4;97,6;.;.;.;.;.;
Antonskolan Österäng;57538739;Kristianstad;1290;Enskild;Anton Utbildning AB;5566024906;.;.;.;.;16;.;100,0;.;15;26,7;73,3;.;.;.;.;.;
Degebergaskolan MH;58419840;Kristianstad;1290;Kommunal;Kristianstads kommun;2120000951;36;2,8;77,8;19,4;40;2,5;77,5;20,0;37;45,9;51,4;2,7;.;.;.;.;
Fjälkinge skola MH;13867770;Kristianstad;1290;Kommunal;Kristianstads kommun;2120000951;61;14,8;50,8;34,4;64;3,1;75,0;21,9;65;27,7;64,6;7,7;.;.;.;.;
Fröknegårdskolan H1;80871896;Kristianstad;1290;Kommunal;Kristianstads kommun;2120000951;19;.;47,4;52,6;91;2,2;68,1;29,7;88;5,7;90,9;3,4;71;.;53,5;46,5;
Montessori Mondial Kristianstad;72491525;Kristianstad;1290;Enskild;Pysslingen Förskolor och Skolor AB;5560354309;26;15,4;50,0;34,6;31;.;71,0;29,0;33;3,0;75,8;21,2;.;.;.;.;
Norretullskolan;59782586;Kristianstad;1290;Kommunal;Kristianstads kommun;2120000951;31;16,1;58,1;25,8;73;.;74,0;26,0;77;7,8;77,9;14,3;40;7,5;65,0;27,5;
Nosabyskolan H;98284563;Kristianstad;1290;Kommunal;Kristianstads kommun;2120000951;115;7,0;63,5;29,6;132;3,0;75,0;22,0;134;11,9;83,6;4,5;17;.;100,0;.;
Rönnowskolan H2;13756290;Kristianstad;1290;Kommunal;Kristianstads kommun;2120000951;138;5,8;63,0;31,2;145;4,8;75,2;20,0;125;16,8;68,8;14,4;.;.;.;.;
Slättängsskolan H1;15401823;Kristianstad;1290;Kommunal;Kristianstads kommun;2120000951;36;11,1;63,9;25,0;74;1,4;85,1;13,5;57;12,3;82,5;5,3;29;6,9;62,1;31,0;
Slättängsskolan H2;15700323;Kristianstad;1290;Kommunal;Kristianstads kommun;2120000951;31;6,5;64,5;29,0;30;.;93,3;6,7;29;10,3;82,8;6,9;.;.;.;.;
Spängerskolan;45819321;Kristianstad;1290;Kommunal;Kristianstads kommun;2120000951;19;5,3;63,2;31,6;20;.;70,0;30,0;21;14,3;85,7;.;.;.;.;.;
Thoren Framtid Axona;81452013;Kristianstad;1290;Enskild;Axona Dendron AB;5565937868;17;5,9;70,6;23,5;17;.;94,1;5,9;17;.;100,0;.;.;.;.;.;
Tollarps skola MH;45430802;Kristianstad;1290;Kommunal;Kristianstads kommun;2120000951;35;11,4;65,7;22,9;29;.;31,0;69,0;42;28,6;64,3;7,1;.;.;.;.;
Väskolan H;53662534;Kristianstad;1290;Kommunal;Kristianstads kommun;2120000951;44;4,5;59,1;36,4;44;9,1;81,8;9,1;42;14,3;76,2;9,5;.;.;.;.;
Öllsjöskolan MH;46211392;Kristianstad;1290;Kommunal;Kristianstads kommun;2120000951;37;16,2;73,0;10,8;47;2,1;59,6;38,3;43;16,3;81,4;2,3;.;.;.;.;
Önnestads skola H;18636287;Kristianstad;1290;Kommunal;Kristianstads kommun;2120000951;45;6,7;66,7;26,7;44;.;45,5;54,5;42;11,9;81,0;7,1;.;.;.;.;
Djurgårdsskolan F-9;55509192;Kristinehamn;1781;Kommunal;Kristinehamns kommun;2120001868;73;2,7;60,3;37,0;77;3,9;66,2;29,9;83;12,0;78,3;9,6;.;.;.;.;
Stenstalidskolan F-9;14885908;Kristinehamn;1781;Kommunal;Kristinehamns kommun;2120001868;53;13,2;58,5;28,3;63;4,8;68,3;27,0;62;4,8;74,2;21,0;.;.;.;.;
Södermalmsskolan F-9;27777261;Kristinehamn;1781;Kommunal;Kristinehamns kommun;2120001868;50;12,0;46,0;42,0;78;3,8;65,4;30,8;72;20,8;75,0;4,2;26;7,7;50,0;42,3;
Cederbergsskolan F-9;64778601;Krokom;2309;Kommunal;Krokoms kommun;2120002478;.;.;.;.;15;.;93,3;6,7;.;.;.;.;.;.;.;.;
Nyhedens skola;40025257;Krokom;2309;Kommunal;Krokoms kommun;2120002478;59;11,9;71,2;16,9;52;5,8;76,9;17,3;55;41,8;58,2;.;.;.;.;.;
Ås skola 7-9;54952732;Krokom;2309;Kommunal;Krokoms kommun;2120002478;70;8,6;67,1;24,3;69;1,4;88,4;10,1;71;39,4;59,2;1,4;.;.;.;.;
Änge skola 7-9;25036714;Krokom;2309;Kommunal;Krokoms kommun;2120002478;39;12,8;71,8;15,4;37;.;81,1;18,9;39;12,8;79,5;7,7;.;.;.;.;
Kumlaby skola 7-9;75692870;Kumla;1881;Kommunal;Kumla kommun;2120001975;36;2,8;52,8;44,4;43;.;37,2;62,8;42;9,5;73,8;16,7;.;.;.;.;
Skogstorpsskolan 7-9;44243725;Kumla;1881;Kommunal;Kumla kommun;2120001975;89;6,7;83,1;10,1;96;.;67,7;32,3;101;13,9;84,2;2,0;.;.;.;.;
Vialundskolan;99992013;Kumla;1881;Kommunal;Kumla kommun;2120001975;96;2,1;41,7;56,3;99;3,0;84,8;12,1;105;10,5;84,8;4,8;.;.;.;.;
Frillesåsskolan 7-9;67578984;Kungsbacka;1384;Kommunal;Kungsbacka kommun;2120001256;60;3,3;63,3;33,3;64;.;81,3;18,8;62;30,6;67,7;1,6;.;.;.;.;
Fullriggaren Malevik 4-9;33170625;Kungsbacka;1384;Kommunal;Kungsbacka kommun;2120001256;26;3,8;61,5;34,6;26;.;61,5;38,5;26;7,7;80,8;11,5;.;.;.;.;
Gottskär Grundskola;90784555;Kungsbacka;1384;Enskild;Gottskär Grundskola Ekonomisk förening;7696013361;20;5,0;35,0;60,0;20;.;85,0;15,0;20;.;100,0;.;.;.;.;.;
Hedeskolan 7-9;27712268;Kungsbacka;1384;Kommunal;Kungsbacka kommun;2120001256;23;13,0;43,5;43,5;50;4,0;86,0;10,0;50;18,0;76,0;6,0;.;.;.;.;
Hålabäcksskolan B;77163912;Kungsbacka;1384;Kommunal;Kungsbacka kommun;2120001256;62;4,8;53,2;41,9;66;.;72,7;27,3;68;1,5;86,8;11,8;.;.;.;.;
Kapareskolan A-D;28803215;Kungsbacka;1384;Kommunal;Kungsbacka kommun;2120001256;62;12,9;64,5;22,6;66;3,0;72,7;24,2;64;51,6;46,9;1,6;.;.;.;.;
Kapareskolan E-H;84111198;Kungsbacka;1384;Kommunal;Kungsbacka kommun;2120001256;81;9,9;58,0;32,1;78;.;65,4;34,6;82;43,9;53,7;2,4;.;.;.;.;
KMS Kullaviks Montessoriskola;10902849;Kungsbacka;1384;Enskild;Kullaviks Montessoriskola Ekonomisk förening;7164422243;23;8,7;87,0;4,3;24;.;100,0;.;21;9,5;90,5;.;.;.;.;.;
Kollaskolan 7-9;47579620;Kungsbacka;1384;Kommunal;Kungsbacka kommun;2120001256;63;6,3;74,6;19,0;70;1,4;75,7;22,9;65;18,5;78,5;3,1;.;.;.;.;
Kullaviksskolan 7-9;75835202;Kungsbacka;1384;Kommunal;Kungsbacka kommun;2120001256;57;1,8;80,7;17,5;62;.;82,3;17,7;61;.;86,9;13,1;.;.;.;.;
Nova Montessoriskola åk 6-9;56655808;Kungsbacka;1384;Enskild;Montenova Montessoriskola Ekonomisk Förening;7696022248;27;.;63,0;37,0;25;.;76,0;24,0;28;3,6;92,9;3,6;.;.;.;.;
Smedingeskolan Söder;49555095;Kungsbacka;1384;Kommunal;Kungsbacka kommun;2120001256;77;11,7;53,2;35,1;76;.;23,7;76,3;81;28,4;61,7;9,9;.;.;.;.;
Särö skola 5-9;72090315;Kungsbacka;1384;Kommunal;Kungsbacka kommun;2120001256;68;10,3;60,3;29,4;60;.;55,0;45,0;63;.;92,1;7,9;.;.;.;.;
Varlaskolan Nord;28729598;Kungsbacka;1384;Kommunal;Kungsbacka kommun;2120001256;64;6,3;68,8;25,0;68;1,5;79,4;19,1;68;32,4;63,2;4,4;.;.;.;.;
Varlaskolan Syd;93339853;Kungsbacka;1384;Kommunal;Kungsbacka kommun;2120001256;79;16,5;57,0;26,6;80;.;80,0;20,0;83;15,7;83,1;1,2;.;.;.;.;
Varlaskolan Sydväst;84159690;Kungsbacka;1384;Kommunal;Kungsbacka kommun;2120001256;67;4,5;68,7;26,9;68;.;80,9;19,1;72;36,1;56,9;6,9;.;.;.;.;
Vittra Forsgläntan;42568760;Kungsbacka;1384;Enskild;Vittraskolorna AB;5564586716;52;3,8;69,2;26,9;53;.;84,9;15,1;53;7,5;84,9;7,5;.;.;.;.;
Åsa Gårdsskola 4-9;16824824;Kungsbacka;1384;Kommunal;Kungsbacka kommun;2120001256;24;.;87,5;12,5;23;.;95,7;4,3;25;.;100,0;.;.;.;.;.;
Åsaskolan 7-9;18035112;Kungsbacka;1384;Kommunal;Kungsbacka kommun;2120001256;69;2,9;49,3;47,8;71;.;40,8;59,2;72;4,2;69,4;26,4;.;.;.;.;
Älvsåkersskolan 7-9;74587667;Kungsbacka;1384;Kommunal;Kungsbacka kommun;2120001256;43;4,7;76,7;18,6;48;.;87,5;12,5;45;44,4;53,3;2,2;.;.;.;.;
Kung Karl 79;46834580;Kungsör;1960;Kommunal;Kungsörs kommun;2120002056;62;8,1;54,8;37,1;85;.;89,4;10,6;92;9,8;77,2;13,0;.;.;.;.;
Fredkullaskolan ,waldorfskola,;38353942;Kungälv;1482;Enskild;Föreningen för Waldorfpedagogik i Kungälv;8533007038;18;16,7;61,1;22,2;18;.;88,9;11,1;18;5,6;88,9;5,6;.;.;.;.;
Friskolan i Kärna;25790317;Kungälv;1482;Enskild;Mona Hurtig Skol AB;5565204129;38;13,2;63,2;23,7;38;2,6;86,8;10,5;37;16,2;81,1;2,7;.;.;.;.;
Munkegärdeskolan;51596946;Kungälv;1482;Kommunal;Kungälvs kommun;2120001371;112;6,3;84,8;8,9;122;6,6;85,2;8,2;125;11,2;80,8;8,0;.;.;.;.;
Strandskolan Montessoriföreningen i Kungälv;21917957;Kungälv;1482;Enskild;Strandskolan, Montessoriföreningen i Kungälv;8533007004;24;16,7;70,8;12,5;25;.;92,0;8,0;26;65,4;34,6;.;.;.;.;.;
Thorildskolan 1;73505986;Kungälv;1482;Kommunal;Kungälvs kommun;2120001371;123;4,9;69,9;25,2;125;.;80,0;20,0;130;17,7;78,5;3,8;.;.;.;.;
Ytterbyskolan 1;63621283;Kungälv;1482;Kommunal;Kungälvs kommun;2120001371;174;5,2;59,8;35,1;180;0,6;89,4;10,0;184;9,2;78,8;12,0;.;.;.;.;
Barsebäcks Montessoriskola;22957852;Kävlinge;1261;Enskild;Barsebäcks Montessori Ekonomisk Förening;7696006191;16;.;75,0;25,0;16;6,3;93,8;.;16;12,5;81,3;6,3;.;.;.;.;
Korsbackaskolan;46107605;Kävlinge;1261;Kommunal;Kävlinge kommun;2120001058;160;8,8;63,8;27,5;169;2,4;79,9;17,8;167;15,0;83,2;1,8;.;.;.;.;
Noblaskolan Löddeköpinge;19504051;Kävlinge;1261;Enskild;AcadeMedia fria grundskolor AB;5569320699;41;.;73,2;26,8;50;.;76,0;24,0;50;2,0;78,0;20,0;.;.;.;.;
Tolvåkerskolan;13578112;Kävlinge;1261;Kommunal;Kävlinge kommun;2120001058;161;12,4;70,8;16,8;160;1,3;72,5;26,3;165;13,9;71,5;14,5;.;.;.;.;
Karlbergsskolan;31319179;Köping;1983;Kommunal;Köpings kommun;2120002114;113;0,9;75,2;23,9;128;0,8;46,1;53,1;127;10,2;83,5;6,3;.;.;.;.;
Malmaskolan 4-9;49665496;Köping;1983;Kommunal;Köpings kommun;2120002114;46;2,2;78,3;19,6;47;2,1;95,7;2,1;49;34,7;61,2;4,1;.;.;.;.;
Scheeleskolan;24379201;Köping;1983;Kommunal;Köpings kommun;2120002114;71;2,8;53,5;43,7;86;1,2;54,7;44,2;76;9,2;72,4;18,4;18;.;55,6;44,4;
Lagaholmsskolan;50150550;Laholm;1381;Kommunal;Laholms kommun;2120001223;72;6,9;59,7;33,3;85;.;63,5;36,5;89;4,5;73,0;22,5;18;11,1;16,7;72,2;
Veingeskolan 7-9;95134514;Laholm;1381;Kommunal;Laholms kommun;2120001223;69;4,3;82,6;13,0;87;1,1;86,2;12,6;89;1,1;92,1;6,7;18;.;77,8;22,2;
Våxtorpsskolan 7-9;50172802;Laholm;1381;Kommunal;Laholms kommun;2120001223;57;5,3;52,6;42,1;66;7,6;65,2;27,3;67;6,0;85,1;9,0;.;.;.;.;
Asmundtorps skola;70803452;Landskrona;1282;Kommunal;Landskrona kommun;2120001140;37;5,4;86,5;8,1;40;.;77,5;22,5;37;8,1;91,9;.;.;.;.;.;
Glumslövs skola;30917121;Landskrona;1282;Kommunal;Landskrona kommun;2120001140;67;6,0;74,6;19,4;71;.;84,5;15,5;70;17,1;81,4;1,4;.;.;.;.;
Innovitaskolan Landskrona;94830241;Landskrona;1282;Enskild;Pysslingen Förskolor och Skolor AB;5560354309;.;.;.;.;15;.;80,0;20,0;.;.;.;.;.;.;.;.;
Internationella Engelska Skolan Landskrona;21085818;Landskrona;1282;Enskild;Internationella Engelska Skolan i Sverige AB;5564624368;48;2,1;64,6;33,3;60;8,3;80,0;11,7;60;6,7;73,3;20,0;.;.;.;.;
Kunskapsskolan Landskrona;60956248;Landskrona;1282;Enskild;Kunskapsskolan i Sverige Aktiebolag;5565661815;34;8,8;61,8;29,4;74;.;71,6;28,4;72;1,4;87,5;11,1;32;.;93,8;6,3;
Landskrona School of Sports AB;70072964;Landskrona;1282;Enskild;Landskrona School of Sports AB;5567206239;20;.;100,0;.;25;.;88,0;12,0;28;7,1;92,9;.;.;.;.;.;
Sandåkerskolan;77747055;Landskrona;1282;Kommunal;Landskrona kommun;2120001140;39;2,6;76,9;20,5;61;.;72,1;27,9;60;.;86,7;13,3;16;.;93,8;6,3;
Seminarieskolan;41641029;Landskrona;1282;Kommunal;Landskrona kommun;2120001140;21;9,5;71,4;19,0;56;.;53,6;46,4;53;.;67,9;32,1;33;.;69,7;30,3;
Säbyholms Montessoriskola;42908219;Landskrona;1282;Enskild;Landskrona Montessoriförening Ek.Förening;7696002794;24;8,3;70,8;20,8;25;.;84,0;16,0;24;12,5;79,2;8,3;.;.;.;.;
Västervångskolan;29541747;Landskrona;1282;Kommunal;Landskrona kommun;2120001140;53;.;34,0;66,0;86;.;72,1;27,9;82;3,7;73,2;23,2;34;2,9;47,1;50,0;
Centralskolan;24748604;Laxå;1860;Kommunal;Laxå kommun;2120001918;37;2,7;62,2;35,1;41;2,4;87,8;9,8;41;2,4;95,1;2,4;.;.;.;.;
Lekebergsskolan 7-9;97648883;Lekeberg;1814;Kommunal;Lekebergs kommun;2120002981;81;4,9;61,7;33,3;78;.;71,8;28,2;89;19,1;74,2;6,7;.;.;.;.;
Profilskolan Excel;38368827;Leksand;2029;Enskild;Profilfriskolan Excel AB (svb);5590306964;18;22,2;55,6;22,2;21;.;81,0;19,0;20;25,0;75,0;.;.;.;.;.;
Sammilsdalskolan F-9;61834375;Leksand;2029;Kommunal;Leksands kommun;2120002163;118;3,4;78,0;18,6;120;1,7;86,7;11,7;130;16,2;80,0;3,8;.;.;.;.;
Alléskolan skolenhet Ask;51403955;Lerum;1441;Kommunal;Lerums kommun;2120001447;48;4,2;79,2;16,7;45;.;71,1;28,9;52;26,9;61,5;11,5;.;.;.;.;
Alléskolan skolenhet Bok;57470446;Lerum;1441;Kommunal;Lerums kommun;2120001447;88;2,3;67,0;30,7;99;4,0;67,7;28,3;98;23,5;73,5;3,1;.;.;.;.;
Lekstorpsskolan B;13490988;Lerum;1441;Kommunal;Lerums kommun;2120001447;23;21,7;52,2;26,1;26;3,8;61,5;34,6;28;14,3;75,0;10,7;.;.;.;.;
Ljungviksskolan skolenhet B;31733366;Lerum;1441;Kommunal;Lerums kommun;2120001447;37;13,5;67,6;18,9;36;.;80,6;19,4;36;41,7;52,8;5,6;.;.;.;.;
Montessoriskolan Floda säteri;82651095;Lerum;1441;Enskild;Montessoriskolan Floda Säteri;8635006680;16;.;87,5;12,5;23;.;39,1;60,9;23;4,3;95,7;.;.;.;.;.;
Rydsbergsskolan Norr;24103764;Lerum;1441;Kommunal;Lerums kommun;2120001447;49;4,1;73,5;22,4;47;.;27,7;72,3;46;.;91,3;8,7;.;.;.;.;
Rydsbergsskolan Söder;53326735;Lerum;1441;Kommunal;Lerums kommun;2120001447;40;2,5;72,5;25,0;41;.;56,1;43,9;40;.;90,0;10,0;.;.;.;.;
Röselidsskolan skolenhet B;38539206;Lerum;1441;Kommunal;Lerums kommun;2120001447;40;5,0;85,0;10,0;45;6,7;53,3;40,0;46;28,3;67,4;4,3;.;.;.;.;
Stenkulan 4-9;49419497;Lerum;1441;Kommunal;Lerums kommun;2120001447;47;12,8;76,6;10,6;47;.;53,2;46,8;47;10,6;74,5;14,9;.;.;.;.;
Torpskolan skolenhet 1;21176313;Lerum;1441;Kommunal;Lerums kommun;2120001447;47;2,1;66,0;31,9;50;.;82,0;18,0;49;10,2;79,6;10,2;.;.;.;.;
Torpskolan skolenhet 2;20361674;Lerum;1441;Kommunal;Lerums kommun;2120001447;92;6,5;62,0;31,5;89;1,1;61,8;37,1;89;12,4;71,9;15,7;.;.;.;.;
Bikupan;74218950;Lessebo;0761;Kommunal;Lessebo kommun;2120000613;55;14,5;56,4;29,1;73;1,4;67,1;31,5;69;4,3;84,1;11,6;.;.;.;.;
Bodals skola;98780182;Lidingö;0186;Kommunal;Lidingö kommun;2120000191;.;.;.;.;15;.;66,7;33,3;17;.;58,8;41,2;.;.;.;.;
Christinaskolan;46097781;Lidingö;0186;Enskild;Lidingö Skola AB;5568681810;45;2,2;64,4;33,3;45;2,2;97,8;.;46;6,5;82,6;10,9;.;.;.;.;
Futuraskolan International Kottla;36276828;Lidingö;0186;Enskild;Futuraskolan AB;5566095047;78;3,8;41,0;55,1;82;12,2;52,4;35,4;84;1,2;84,5;14,3;.;.;.;.;
Högsätra skola;49631077;Lidingö;0186;Kommunal;Lidingö kommun;2120000191;77;6,5;62,3;31,2;78;10,3;85,9;3,8;80;10,0;78,8;11,3;.;.;.;.;
Källängens skola;69329486;Lidingö;0186;Kommunal;Lidingö kommun;2120000191;148;0,7;65,5;33,8;145;.;90,3;9,7;148;3,4;90,5;6,1;.;.;.;.;
Käppala skola;20137688;Lidingö;0186;Kommunal;Lidingö kommun;2120000191;78;3,8;79,5;16,7;82;4,9;67,1;28,0;80;10,0;78,8;11,3;.;.;.;.;
Torsviks skola;45104329;Lidingö;0186;Kommunal;Lidingö kommun;2120000191;116;.;67,2;32,8;116;4,3;69,8;25,9;115;7,0;84,3;8,7;.;.;.;.;
Broholmskolan;98083121;Lidköping;1494;Enskild;Broholmskolans ekonomiska förening;7696081319;37;2,7;62,2;35,1;37;.;91,9;8,1;37;8,1;86,5;5,4;.;.;.;.;
Dalängskolan;37707717;Lidköping;1494;Kommunal;Lidköpings kommun;2120001694;128;3,1;72,7;24,2;154;1,9;84,4;13,6;150;34,7;61,3;4,0;.;.;.;.;
Fredriksdalskolan;25486432;Lidköping;1494;Kommunal;Lidköpings kommun;2120001694;110;3,6;63,6;32,7;129;1,6;86,0;12,4;133;19,5;66,2;14,3;25;8,0;72,0;20,0;
Rudenschöldskolan;52152242;Lidköping;1494;Kommunal;Lidköpings kommun;2120001694;124;9,7;68,5;21,8;122;3,3;91,8;4,9;121;32,2;62,8;5,0;.;.;.;.;
Fuxernaskolan 7-9;22512947;Lilla Edet;1462;Kommunal;Lilla Edets kommun;2120001496;92;12,0;66,3;21,7;93;.;73,1;26,9;90;21,1;68,9;10,0;.;.;.;.;
Fröviskolan 7-9;96316535;Lindesberg;1885;Kommunal;Lindesbergs kommun;2120002015;44;4,5;72,7;22,7;60;.;91,7;8,3;61;18,0;78,7;3,3;.;.;.;.;
Lindbackaskolan;31015204;Lindesberg;1885;Kommunal;Lindesbergs kommun;2120002015;96;5,2;52,1;42,7;131;0,8;60,3;38,9;134;20,1;67,2;12,7;25;.;48,0;52,0;
Storåskolan;88486410;Lindesberg;1885;Kommunal;Lindesbergs kommun;2120002015;27;11,1;70,4;18,5;29;.;51,7;48,3;31;3,2;67,7;29,0;.;.;.;.;
Arenaskolan;46165416;Linköping;0580;Kommunal;Linköpings kommun;2120000449;153;5,2;66,7;28,1;146;4,1;79,5;16,4;163;15,3;66,9;17,8;.;.;.;.;
Berzeliusskolan 6;39169577;Linköping;0580;Kommunal;Linköpings kommun;2120000449;198;2,5;66,2;31,3;235;1,7;91,1;7,2;229;7,4;77,3;15,3;35;2,9;54,3;42,9;
Björkö friskola;78992223;Linköping;0580;Enskild;Stiftelsen Waldorfpedagogik i Vreta Kloster;8220027596;20;15,0;70,0;15,0;23;13,0;82,6;4,3;23;43,5;56,5;.;.;.;.;.;
Ekholmsskolan;96360048;Linköping;0580;Kommunal;Linköpings kommun;2120000449;93;4,3;74,2;21,5;97;3,1;76,3;20,6;97;10,3;63,9;25,8;.;.;.;.;
Elsa Brändströms skola;95720059;Linköping;0580;Kommunal;Linköpings kommun;2120000449;91;5,5;68,1;26,4;112;4,5;74,1;21,4;117;20,5;74,4;5,1;27;25,9;63,0;11,1;
Folkungaskolan 5;65857121;Linköping;0580;Kommunal;Linköpings kommun;2120000449;156;9,0;74,4;16,7;184;7,6;82,6;9,8;182;34,1;64,8;1,1;21;19,0;71,4;9,5;
Internationella Engelska Skolan Linköping;82086591;Linköping;0580;Enskild;Internationella Engelska Skolan i Sverige AB;5564624368;45;2,2;51,1;46,7;96;.;85,4;14,6;97;19,6;75,3;5,2;37;.;67,6;32,4;
JENSEN grundskola Linköping;40898556;Linköping;0580;Enskild;Jensen Education College AB;5566358759;19;10,5;68,4;21,1;23;4,3;78,3;17,4;20;.;75,0;25,0;.;.;.;.;
Kunskapsskolan Linköping;67505597;Linköping;0580;Enskild;Kunskapsskolan i Sverige Aktiebolag;5565661815;17;.;76,5;23,5;26;.;88,5;11,5;28;.;100,0;.;.;.;.;.;
Linghemsskolan;93274980;Linköping;0580;Kommunal;Linköpings kommun;2120000449;78;3,8;67,9;28,2;80;2,5;78,8;18,8;81;3,7;87,7;8,6;.;.;.;.;
Ljungsbro skola 7-9;42454305;Linköping;0580;Kommunal;Linköpings kommun;2120000449;65;3,1;67,7;29,2;74;.;86,5;13,5;78;17,9;62,8;19,2;.;.;.;.;
Nya Munken;76521863;Linköping;0580;Enskild;Nya Munken Aktiebolag;5563475028;158;14,6;55,1;30,4;173;1,7;77,5;20,8;172;18,0;77,3;4,7;17;5,9;47,1;47,1;
Tellusskolan Thea Linköping;31658010;Linköping;0580;Enskild;Theducation AB;5565697082;76;9,2;53,9;36,8;80;2,5;62,5;35,0;77;16,9;81,8;1,3;.;.;.;.;
Tokarpsskolan;68326694;Linköping;0580;Kommunal;Linköpings kommun;2120000449;89;.;41,6;58,4;116;8,6;75,9;15,5;114;7,9;83,3;8,8;20;.;45,0;55,0;
Tornhagsskolan;24291925;Linköping;0580;Kommunal;Linköpings kommun;2120000449;48;14,6;79,2;6,3;77;.;84,4;15,6;72;22,2;69,4;8,3;25;24,0;64,0;12,0;
Ånestadsskolan 7-9;85335004;Linköping;0580;Kommunal;Linköpings kommun;2120000449;55;9,1;67,3;23,6;82;4,9;72,0;23,2;77;6,5;87,0;6,5;21;9,5;71,4;19,0;
Astradskolan 2;90628474;Ljungby;0781;Kommunal;Ljungby kommun;2120000670;72;13,9;68,1;18,1;82;4,9;72,0;23,2;76;34,2;63,2;2,6;.;.;.;.;
Astradskolan 3;21157015;Ljungby;0781;Kommunal;Ljungby kommun;2120000670;40;5,0;77,5;17,5;45;.;88,9;11,1;40;15,0;85,0;.;.;.;.;.;
Kungshögsskolan 2;87262274;Ljungby;0781;Kommunal;Ljungby kommun;2120000670;18;33,3;50,0;16,7;20;.;80,0;20,0;21;42,9;52,4;4,8;.;.;.;.;
Kungshögsskolan 3;96958960;Ljungby;0781;Kommunal;Ljungby kommun;2120000670;89;6,7;71,9;21,3;93;10,8;78,5;10,8;92;19,6;68,5;12,0;.;.;.;.;
Thoren Framtid i Ljungby;59021648;Ljungby;0781;Enskild;Thoren Framtid AB;5567497051;24;12,5;50,0;37,5;24;8,3;70,8;20,8;24;25,0;62,5;12,5;.;.;.;.;
Åbyskolan 2;75853223;Ljungby;0781;Kommunal;Ljungby kommun;2120000670;33;9,1;69,7;21,2;47;4,3;80,9;14,9;49;16,3;79,6;4,1;.;.;.;.;
Friskolan Vintergatan;62270371;Ljusdal;2161;Enskild;Friskolan Vintergatan Ekonomisk Förening;7696065718;41;2,4;75,6;22,0;38;7,9;55,3;36,8;37;2,7;75,7;21,6;.;.;.;.;
Färila skola;36425969;Ljusdal;2161;Kommunal;Ljusdals kommun;2120002320;29;3,4;82,8;13,8;33;6,1;72,7;21,2;25;12,0;72,0;16,0;.;.;.;.;
Järvsö skola F-9;56759222;Ljusdal;2161;Kommunal;Ljusdals kommun;2120002320;44;20,5;59,1;20,5;39;2,6;43,6;53,8;42;2,4;85,7;11,9;.;.;.;.;
Stenhamreskolan 7-9;97659691;Ljusdal;2161;Kommunal;Ljusdals kommun;2120002320;77;3,9;49,4;46,8;100;.;51,0;49,0;98;3,1;73,5;23,5;.;.;.;.;
Kyrkbacksskolan 7-9;81333857;Ljusnarsberg;1864;Kommunal;Ljusnarsbergs kommun;2120001959;26;11,5;65,4;23,1;27;.;44,4;55,6;27;3,7;81,5;14,8;.;.;.;.;
Bjärehovskolan;41254600;Lomma;1262;Kommunal;Lomma kommun;2120001066;92;1,1;91,3;7,6;88;.;95,5;4,5;91;3,3;90,1;6,6;.;.;.;.;
Karstorpskolan Södra;92463760;Lomma;1262;Kommunal;Lomma kommun;2120001066;62;6,5;80,6;12,9;64;1,6;90,6;7,8;64;10,9;89,1;.;.;.;.;.;
Montessori Bjerred;52025747;Lomma;1262;Enskild;Montessori-Bjerred Ekonomisk Förening;7696026983;17;29,4;70,6;.;16;6,3;81,3;12,5;17;5,9;94,1;.;.;.;.;.;
Pilängskolan;15610637;Lomma;1262;Kommunal;Lomma kommun;2120001066;122;2,5;78,7;18,9;117;2,6;90,6;6,8;125;6,4;88,8;4,8;.;.;.;.;
Rutsborgskolan;19570704;Lomma;1262;Kommunal;Lomma kommun;2120001066;76;.;78,9;21,1;74;14,9;75,7;9,5;75;21,3;78,7;.;.;.;.;.;
Kyrkskolan 7-9;28230949;Ludvika;2085;Kommunal;Ludvika kommun;2120002270;114;16,7;65,8;17,5;167;1,8;70,1;28,1;155;34,2;59,4;6,5;46;10,9;60,9;28,3;
Lorensberga 7-9;47736072;Ludvika;2085;Kommunal;Ludvika kommun;2120002270;78;7,7;44,9;47,4;102;2,0;81,4;16,7;101;4,0;60,4;35,6;21;9,5;66,7;23,8;
Bergskolan 7-9;72942852;Luleå;2580;Kommunal;Luleå kommun;2120002742;101;13,9;74,3;11,9;105;1,9;76,2;21,9;102;29,4;67,6;2,9;.;.;.;.;
Björkskataskolan 7-9;89477984;Luleå;2580;Kommunal;Luleå kommun;2120002742;104;2,9;77,9;19,2;105;.;87,6;12,4;103;21,4;59,2;19,4;.;.;.;.;
Hertsöskolan 7-9;15579589;Luleå;2580;Kommunal;Luleå kommun;2120002742;48;6,3;43,8;50,0;66;.;95,5;4,5;62;11,3;71,0;17,7;.;.;.;.;
Kråkbergsskolan 7-9;46323920;Luleå;2580;Kommunal;Luleå kommun;2120002742;67;1,5;73,1;25,4;67;.;94,0;6,0;67;7,5;79,1;13,4;.;.;.;.;
Montessoriskolan F-9;35085794;Luleå;2580;Kommunal;Luleå kommun;2120002742;25;28,0;64,0;8,0;26;3,8;80,8;15,4;25;24,0;72,0;4,0;.;.;.;.;
Nya Läroverket;82183259;Luleå;2580;Enskild;Nya läroverket Luleå AB;5566677927;39;7,7;71,8;20,5;40;.;55,0;45,0;40;7,5;85,0;7,5;.;.;.;.;
Nya Läroverket Bergnäset;52734580;Luleå;2580;Enskild;Nya läroverket Luleå AB;5566677927;35;14,3;77,1;8,6;37;.;83,8;16,2;32;12,5;81,3;6,3;.;.;.;.;
Residensskolan 7-9;73462793;Luleå;2580;Kommunal;Luleå kommun;2120002742;58;10,3;82,8;6,9;64;.;85,9;14,1;64;34,4;62,5;3,1;.;.;.;.;
Råneskolan 7-9;22462490;Luleå;2580;Kommunal;Luleå kommun;2120002742;32;.;75,0;25,0;33;3,0;90,9;6,1;32;9,4;87,5;3,1;.;.;.;.;
Stadsöskolan 7-9;95536453;Luleå;2580;Kommunal;Luleå kommun;2120002742;73;4,1;74,0;21,9;92;.;82,6;17,4;93;12,9;79,6;7,5;.;.;.;.;
Tunaskolan 7-9;43539193;Luleå;2580;Kommunal;Luleå kommun;2120002742;38;7,9;71,1;21,1;43;4,7;72,1;23,3;45;11,1;77,8;11,1;.;.;.;.;
Örnässkolan 7-9;20104143;Luleå;2580;Kommunal;Luleå kommun;2120002742;84;9,5;63,1;27,4;91;2,2;78,0;19,8;92;15,2;70,7;14,1;.;.;.;.;
Freinetskolan i Lund;60492534;Lund;1281;Enskild;Freinetskolan i Lund,Ideell Förening;8450030203;15;6,7;86,7;6,7;18;.;50,0;50,0;16;6,3;50,0;43,8;.;.;.;.;
Fågelskolan;64936034;Lund;1281;Kommunal;Lunds kommun;2120001132;22;4,5;63,6;31,8;33;.;87,9;12,1;32;9,4;87,5;3,1;.;.;.;.;
Fäladsgården;54391347;Lund;1281;Kommunal;Lunds kommun;2120001132;111;5,4;67,6;27,0;141;0,7;85,8;13,5;155;31,0;63,9;5,2;22;9,1;81,8;9,1;
Genarps skola;83803124;Lund;1281;Kommunal;Lunds kommun;2120001132;40;2,5;70,0;27,5;42;2,4;95,2;2,4;40;12,5;82,5;5,0;.;.;.;.;
Gunnesboskolan;85762828;Lund;1281;Kommunal;Lunds kommun;2120001132;76;3,9;35,5;60,5;82;.;73,2;26,8;80;36,3;57,5;6,3;.;.;.;.;
Internationella Engelska Skolan Lund;63826797;Lund;1281;Enskild;Internationella Engelska Skolan i Sverige AB;5564624368;88;6,8;68,2;25,0;103;8,7;78,6;12,6;112;14,3;85,7;.;19;15,8;68,4;15,8;
Järnåkraskolan 4-9;39307298;Lund;1281;Kommunal;Lunds kommun;2120001132;106;5,7;79,2;15,1;86;3,5;86,0;10,5;112;3,6;90,2;6,3;.;.;.;.;
Killebäckskolan;42754004;Lund;1281;Kommunal;Lunds kommun;2120001132;115;7,0;63,5;29,6;120;.;79,2;20,8;120;20,0;68,3;11,7;.;.;.;.;
Kunskapsskolan Lund;52037312;Lund;1281;Enskild;Kunskapsskolan i Sverige Aktiebolag;5565661815;102;6,9;49,0;44,1;111;0,9;63,1;36,0;103;6,8;65,0;28,2;.;.;.;.;
Lerbäckskolan;90340546;Lund;1281;Kommunal;Lunds kommun;2120001132;83;.;79,5;20,5;82;3,7;73,2;23,2;86;.;96,5;3,5;.;.;.;.;
Lunds Montessorigrundskola;70044059;Lund;1281;Enskild;Föreningen Lunds Montessorigrundskola;8450021459;23;4,3;69,6;26,1;26;3,8;84,6;11,5;25;12,0;76,0;12,0;.;.;.;.;
Montessori Mondial Lund;40248457;Lund;1281;Enskild;Pysslingen Förskolor och Skolor AB;5560354309;21;.;90,5;9,5;23;.;100,0;.;23;8,7;91,3;.;.;.;.;.;
Nyvångskolan;70811599;Lund;1281;Kommunal;Lunds kommun;2120001132;103;7,8;66,0;26,2;110;4,5;84,5;10,9;111;26,1;66,7;7,2;.;.;.;.;
Sankt Thomas Skola;28753548;Lund;1281;Enskild;Stiftelsen S:T Thomas Skola;8450030435;17;23,5;58,8;17,6;19;.;68,4;31,6;22;.;95,5;4,5;.;.;.;.;
Stiftelsen BMSL;75154610;Lund;1281;Enskild;Stiftelsen Bmsl;8024781158;35;5,7;62,9;31,4;40;12,5;85,0;2,5;39;15,4;84,6;.;.;.;.;.;
Svaleboskolan;27508103;Lund;1281;Kommunal;Lunds kommun;2120001132;72;4,2;65,3;30,6;78;.;73,1;26,9;76;10,5;86,8;2,6;.;.;.;.;
Svaneskolan;67020135;Lund;1281;Kommunal;Lunds kommun;2120001132;101;5,9;58,4;35,6;104;1,9;75,0;23,1;105;6,7;84,8;8,6;.;.;.;.;
Tunaskolan;76684064;Lund;1281;Kommunal;Lunds kommun;2120001132;78;2,6;61,5;35,9;81;2,5;75,3;22,2;75;13,3;86,7;.;.;.;.;.;
Vikingaskolan;68201054;Lund;1281;Kommunal;Lunds kommun;2120001132;.;.;.;.;41;.;75,6;24,4;43;11,6;86,0;2,3;28;.;53,6;46,4;
Östratornskolan;58622330;Lund;1281;Kommunal;Lunds kommun;2120001132;93;6,5;78,5;15,1;97;1,0;90,7;8,2;98;11,2;85,7;3,1;.;.;.;.;
Finnbacksskolan 1;12853184;Lycksele;2481;Kommunal;Lycksele kommun;2120002635;59;8,5;59,3;32,2;66;.;43,9;56,1;70;17,1;52,9;30,0;.;.;.;.;
Finnbacksskolan 2;12717350;Lycksele;2481;Kommunal;Lycksele kommun;2120002635;60;13,3;36,7;50,0;64;1,6;40,6;57,8;67;11,9;73,1;14,9;.;.;.;.;
Gullmarsskolan 7-9;12247315;Lysekil;1484;Kommunal;Lysekils kommun;2120001389;139;15,8;53,2;30,9;148;0,7;69,6;29,7;146;16,4;80,1;3,4;.;.;.;.;
Al-Salamahskolan;75399786;Malmö;1280;Enskild;Kulturella Föreningen F Välgörande Ändamål;8460052155;.;.;.;.;34;.;38,2;61,8;32;.;53,1;46,9;36;58,3;36,1;5,6;
Apelgårdsskolan 7-9;87527002;Malmö;1280;Kommunal;Malmö kommun;2120001124;.;.;.;.;21;.;47,6;52,4;20;20,0;80,0;.;21;4,8;71,4;23,8;
Augustenborgsskolan;89876778;Malmö;1280;Kommunal;Malmö kommun;2120001124;22;.;86,4;13,6;64;.;98,4;1,6;65;.;90,8;9,2;41;4,9;92,7;2,4;
Backaskolan;55040455;Malmö;1280;Enskild;Föreningen Backaskolan;8465001777;20;5,0;85,0;10,0;26;.;61,5;38,5;27;.;88,9;11,1;.;.;.;.;
Bergaskolan;40035084;Malmö;1280;Kommunal;Malmö kommun;2120001124;158;4,4;75,9;19,6;170;.;82,4;17,6;185;9,2;79,5;11,4;26;11,5;76,9;11,5;
Bladins grundskola;57534630;Malmö;1280;Enskild;Bladins Skola, Stiftelsen;8460010948;46;6,5;82,6;10,9;50;.;98,0;2,0;49;24,5;75,5;.;.;.;.;.;
Boukefs Privatskola;62868982;Malmö;1280;Enskild;Boukefs Privatskola AB;5567155527;.;.;.;.;18;.;77,8;22,2;17;5,9;76,5;17,6;.;.;.;.;
Bäckagårdsskolan;12636945;Malmö;1280;Kommunal;Malmö kommun;2120001124;52;3,8;51,9;44,2;50;2,0;74,0;24,0;52;9,6;55,8;34,6;.;.;.;.;
Dammfriskolan;48874671;Malmö;1280;Kommunal;Malmö kommun;2120001124;47;8,5;63,8;27,7;77;.;90,9;9,1;77;16,9;79,2;3,9;23;8,7;60,9;30,4;
Europaportens grundskola;24339301;Malmö;1280;Enskild;Europaportens Skolor AB;5568350572;22;9,1;63,6;27,3;24;4,2;91,7;4,2;23;4,3;82,6;13,0;.;.;.;.;
Fågelbacksskolan;44459183;Malmö;1280;Kommunal;Malmö kommun;2120001124;155;2,6;44,5;52,9;182;2,7;82,4;14,8;178;7,9;74,2;18,0;20;.;90,0;10,0;
Gottorpskolan;56363473;Malmö;1280;Kommunal;Malmö kommun;2120001124;142;11,3;62,0;26,8;190;0,5;72,1;27,4;188;6,4;87,8;5,9;52;13,5;55,8;30,8;
Hermodsdalsskolan;56666435;Malmö;1280;Kommunal;Malmö kommun;2120001124;.;.;.;.;41;.;92,7;7,3;40;.;95,0;5,0;29;.;82,8;17,2;
Höjaskolan;99835038;Malmö;1280;Kommunal;Malmö kommun;2120001124;.;.;.;.;51;.;68,6;31,4;47;10,6;61,7;27,7;42;4,8;61,9;33,3;
JENSEN grundskola Malmö 2;61994062;Malmö;1280;Enskild;Jensen Education College AB;5566358759;91;.;72,5;27,5;108;.;82,4;17,6;110;.;93,6;6,4;15;.;86,7;13,3;
Johannesskolan;82797662;Malmö;1280;Kommunal;Malmö kommun;2120001124;.;.;.;.;37;.;62,2;37,8;38;13,2;81,6;5,3;32;9,4;84,4;6,3;
Kastanjeskolan;19024032;Malmö;1280;Enskild;Föreningen Kastanjeskolan;8465016791;16;.;56,3;43,8;22;.;72,7;27,3;23;4,3;73,9;21,7;.;.;.;.;
Klagshamnsskolan;21120076;Malmö;1280;Kommunal;Malmö kommun;2120001124;46;8,7;65,2;26,1;60;3,3;85,0;11,7;57;15,8;77,2;7,0;.;.;.;.;
Kroksbäcksskolan;98745015;Malmö;1280;Kommunal;Malmö kommun;2120001124;.;.;.;.;59;.;50,8;49,2;54;11,1;87,0;1,9;52;3,8;44,2;51,9;
Lindeborgsskolan;22509001;Malmö;1280;Kommunal;Malmö kommun;2120001124;107;3,7;43,0;53,3;123;3,3;34,1;62,6;123;16,3;72,4;11,4;17;11,8;76,5;11,8;
Lindängeskolan;75875503;Malmö;1280;Kommunal;Malmö kommun;2120001124;.;.;.;.;55;.;81,8;18,2;46;8,7;52,2;39,1;40;2,5;45,0;52,5;
Linnéskolan;63951601;Malmö;1280;Kommunal;Malmö kommun;2120001124;60;5,0;60,0;35,0;81;.;69,1;30,9;72;6,9;79,2;13,9;18;.;66,7;33,3;
Malmö Idrottsgrundskola;71454628;Malmö;1280;Kommunal;Malmö kommun;2120001124;78;9,0;59,0;32,1;82;.;72,0;28,0;78;21,8;69,2;9,0;.;.;.;.;
Malmö Montessoriskola;13299659;Malmö;1280;Enskild;Hemgårdar i Malmö, Föreningen;8460009460;30;20,0;80,0;.;31;.;100,0;.;32;37,5;62,5;.;.;.;.;.;
Mariaskolan;67272295;Malmö;1280;Enskild;Kristna Skolföreningen i Malmö;8460026654;.;.;.;.;24;.;95,8;4,2;25;36,0;64,0;.;.;.;.;.;
Mellersta Förstadsskolan;80830464;Malmö;1280;Kommunal;Malmö kommun;2120001124;102;18,6;68,6;12,7;146;0,7;91,1;8,2;146;8,2;89,0;2,7;43;23,3;74,4;2,3;
Montessorigrundskolan Maria;45776214;Malmö;1280;Enskild;MontessoriGrundskolan Maria AB;5565418455;17;.;94,1;5,9;17;.;94,1;5,9;15;6,7;86,7;6,7;.;.;.;.;
Munkhätteskolan;74972690;Malmö;1280;Kommunal;Malmö kommun;2120001124;.;.;.;.;55;1,8;47,3;50,9;53;.;41,5;58,5;45;4,4;42,2;53,3;
Möllevångsskolan;88590084;Malmö;1280;Kommunal;Malmö kommun;2120001124;17;.;58,8;41,2;65;.;47,7;52,3;62;8,1;75,8;16,1;48;2,1;58,3;39,6;
Neptuniskolan;92819736;Malmö;1280;Kommunal;Malmö kommun;2120001124;100;.;69,0;31,0;128;1,6;75,0;23,4;130;10,8;83,8;5,4;26;.;61,5;38,5;
Oxievångsskolan;64402572;Malmö;1280;Kommunal;Malmö kommun;2120001124;86;5,8;64,0;30,2;115;.;83,5;16,5;118;18,6;79,7;1,7;33;9,1;51,5;39,4;
Pilbäckskolan;85007077;Malmö;1280;Kommunal;Malmö kommun;2120001124;69;2,9;81,2;15,9;76;.;73,7;26,3;77;7,8;83,1;9,1;.;.;.;.;
Rosengårdsskolan 7-9;39124119;Malmö;1280;Kommunal;Malmö kommun;2120001124;.;.;.;.;21;.;95,2;4,8;21;4,8;85,7;9,5;19;.;73,7;26,3;
Runstyckets skola;57386343;Malmö;1280;Enskild;Runstyckets Förskola Aktiebolag;5564518081;19;15,8;63,2;21,1;16;.;93,8;6,3;17;17,6;82,4;.;.;.;.;.;
Rådmansvångens skola;87197902;Malmö;1280;Kommunal;Malmö kommun;2120001124;44;13,6;72,7;13,6;47;6,4;72,3;21,3;47;12,8;83,0;4,3;.;.;.;.;
Rönnenskolan;93599910;Malmö;1280;Kommunal;Malmö kommun;2120001124;26;.;42,3;57,7;73;1,4;47,9;50,7;70;2,9;85,7;11,4;39;2,6;46,2;51,3;
Sofielundsskolan;65836771;Malmö;1280;Kommunal;Malmö kommun;2120001124;.;.;.;.;43;.;79,1;20,9;42;.;90,5;9,5;30;6,7;66,7;26,7;
Sorgenfriskolan;67130748;Malmö;1280;Kommunal;Malmö kommun;2120001124;41;9,8;75,6;14,6;47;2,1;89,4;8,5;49;22,4;73,5;4,1;.;.;.;.;
Stenkulaskolan;85082785;Malmö;1280;Kommunal;Malmö kommun;2120001124;.;.;.;.;48;.;56,3;43,8;54;7,4;74,1;18,5;46;4,3;32,6;63,0;
Sveaskolan;54725950;Malmö;1280;Enskild;Sveaskolan AB;5567282859;93;.;97,8;2,2;92;.;91,3;8,7;91;8,8;87,9;3,3;.;.;.;.;
Söderkullaskolan;66656783;Malmö;1280;Kommunal;Malmö kommun;2120001124;44;9,1;43,2;47,7;101;1,0;52,5;46,5;69;14,5;72,5;13,0;52;1,9;50,0;48,1;
Toftanässkolan;98713812;Malmö;1280;Kommunal;Malmö kommun;2120001124;90;2,2;70,0;27,8;101;3,0;60,4;36,6;99;17,2;58,6;24,2;.;.;.;.;
Videdals privatskolor;31996111;Malmö;1280;Enskild;Aktiebolaget Videdals Privatskolor;5564518750;16;.;87,5;12,5;17;.;58,8;41,2;16;.;93,8;6,3;.;.;.;.;
Videdalsskolan;37324136;Malmö;1280;Kommunal;Malmö kommun;2120001124;38;5,3;42,1;52,6;85;.;51,8;48,2;78;2,6;52,6;44,9;46;8,7;58,7;32,6;
Vittra Västra hamnen;13495830;Malmö;1280;Enskild;Vittraskolorna AB;5564586716;.;.;.;.;25;.;88,0;12,0;24;4,2;66,7;29,2;.;.;.;.;
Värner Rydénskolan;65099615;Malmö;1280;Kommunal;Malmö kommun;2120001124;.;.;.;.;45;.;80,0;20,0;38;26,3;63,2;10,5;39;2,6;61,5;35,9;
Ängsdals skola AB;34314029;Malmö;1280;Enskild;Ängsdals skolor AB;5564800836;52;5,8;86,5;7,7;52;.;84,6;15,4;49;12,2;83,7;4,1;.;.;.;.;
Örtagårdsskolan 7-9;43697331;Malmö;1280;Kommunal;Malmö kommun;2120001124;15;20,0;53,3;26,7;24;8,3;79,2;12,5;22;13,6;77,3;9,1;.;.;.;.;
Östra Skolan;40470449;Malmö;1280;Enskild;Östra Skolan AB;5568250632;29;.;17,2;82,8;42;2,4;90,5;7,1;42;14,3;85,7;.;.;.;.;.;
Centralskolan;83084730;Malung-Sälen;2023;Kommunal;Malung-Sälens kommun;2120002148;53;13,2;75,5;11,3;68;.;55,9;44,1;62;8,1;87,1;4,8;.;.;.;.;
Ungärde skola;17208837;Malung-Sälen;2023;Kommunal;Malung-Sälens kommun;2120002148;31;6,5;61,3;32,3;32;.;90,6;9,4;31;.;74,2;25,8;.;.;.;.;
Nilaskolan 7-9;28454424;Malå;2418;Kommunal;Malå kommun;2120002866;23;4,3;87,0;8,7;28;.;71,4;28,6;25;16,0;80,0;4,0;.;.;.;.;
Ekhamraskolan;29289355;Mariestad;1493;Enskild;Friskolan i Mariestad AB;5568020852;59;27,1;55,9;16,9;65;3,1;67,7;29,2;61;36,1;62,3;1,6;.;.;.;.;
Högelidsskolan 7-9;62694008;Mariestad;1493;Kommunal;Mariestads kommun;2120001686;70;1,4;60,0;38,6;70;.;60,0;40,0;68;.;83,8;16,2;.;.;.;.;
Tunaholmsskolan;48016437;Mariestad;1493;Kommunal;Mariestads kommun;2120001686;76;17,1;61,8;21,1;86;.;69,8;30,2;88;11,4;63,6;25,0;.;.;.;.;
Fritslaskolan;33369644;Mark;1463;Kommunal;Marks kommun;2120001504;30;.;33,3;66,7;34;.;76,5;23,5;34;2,9;85,3;11,8;.;.;.;.;
Leteboskolan;79844557;Mark;1463;Enskild;Letebo Utbildning AB;5569175663;21;19,0;38,1;42,9;21;.;76,2;23,8;22;36,4;50,0;13,6;.;.;.;.;
Lyckeskolan;10428442;Mark;1463;Kommunal;Marks kommun;2120001504;177;5,1;69,5;25,4;188;3,2;84,0;12,8;183;12,0;80,3;7,7;.;.;.;.;
Sätilaskolan 7-9;34246393;Mark;1463;Kommunal;Marks kommun;2120001504;83;9,6;72,3;18,1;79;.;88,6;11,4;76;25,0;71,1;3,9;.;.;.;.;
Ängskolan;13666864;Mark;1463;Kommunal;Marks kommun;2120001504;73;1,4;64,4;34,2;91;2,2;50,5;47,3;86;12,8;82,6;4,7;18;11,1;55,6;33,3;
Markaryds skola 7-9;88784456;Markaryd;0767;Kommunal;Markaryds kommun;2120000654;51;3,9;90,2;5,9;56;1,8;83,9;14,3;55;21,8;70,9;7,3;.;.;.;.;
Strömsnässkolan 7-9;59001324;Markaryd;0767;Kommunal;Markaryds kommun;2120000654;22;.;59,1;40,9;28;.;96,4;3,6;32;.;50,0;50,0;.;.;.;.;
Rådaskolan;53764779;Mellerud;1461;Kommunal;Melleruds kommun;2120001488;59;10,2;57,6;32,2;90;.;58,9;41,1;88;2,3;93,2;4,5;23;4,3;52,2;43,5;
Blåklintskolan 7-9;27259736;Mjölby;0586;Kommunal;Mjölby kommun;2120000480;46;13,0;69,6;17,4;52;5,8;48,1;46,2;47;19,1;76,6;4,3;.;.;.;.;
Lagmansskolan Beta MH;10609045;Mjölby;0586;Kommunal;Mjölby kommun;2120000480;95;4,2;47,4;48,4;102;1,0;86,3;12,7;103;19,4;75,7;4,9;.;.;.;.;
Trojenborgsskolan MH;37310404;Mjölby;0586;Kommunal;Mjölby kommun;2120000480;47;6,4;70,2;23,4;46;6,5;56,5;37,0;47;14,9;83,0;2,1;.;.;.;.;
Vifolkaskolan 7-9;16727370;Mjölby;0586;Kommunal;Mjölby kommun;2120000480;75;9,3;46,7;44,0;75;.;50,7;49,3;76;17,1;78,9;3,9;.;.;.;.;
Morkarlbyhöjdens skola 7-9;95649680;Mora;2062;Kommunal;Mora kommun;2120002213;101;8,9;57,4;33,7;103;1,0;70,9;28,2;106;16,0;74,5;9,4;.;.;.;.;
Noretsskolan 7-9;68663553;Mora;2062;Kommunal;Mora kommun;2120002213;93;7,5;58,1;34,4;86;4,7;70,9;24,4;95;4,2;85,3;10,5;.;.;.;.;
Hällaskolan;87963970;Motala;0583;Kommunal;Motala kommun;2120002817;62;4,8;45,2;50,0;68;.;79,4;20,6;63;19,0;71,4;9,5;.;.;.;.;
Innovitaskolan Motalas Högstadium;11664326;Motala;0583;Enskild;AcadeMedia fria grundskolor AB;5569320699;65;4,6;80,0;15,4;62;.;93,5;6,5;66;25,8;72,7;1,5;.;.;.;.;
Mariebergsskolan 7-9;87531665;Motala;0583;Kommunal;Motala kommun;2120002817;58;5,2;77,6;17,2;69;1,4;52,2;46,4;70;28,6;70,0;1,4;.;.;.;.;
Skolgårda skola 7-9;82224915;Motala;0583;Kommunal;Motala kommun;2120002817;101;10,9;70,3;18,8;101;2,0;58,4;39,6;105;29,5;66,7;3,8;.;.;.;.;
Södra skolan 7-9;69769596;Motala;0583;Kommunal;Motala kommun;2120002817;57;8,8;49,1;42,1;67;.;52,2;47,8;66;21,2;72,7;6,1;.;.;.;.;
Zederslundsskolan;98031467;Motala;0583;Kommunal;Motala kommun;2120002817;60;6,7;56,7;36,7;87;2,3;82,8;14,9;80;18,8;76,3;5,0;24;.;50,0;50,0;
Trollehöjdskolan;28156767;Mullsjö;0642;Kommunal;Mullsjö kommun;2120001603;82;9,8;75,6;14,6;82;2,4;76,8;20,7;86;5,8;76,7;17,4;.;.;.;.;
Kungsmarksskolan;44650086;Munkedal;1430;Kommunal;Munkedals kommun;2120001330;83;4,8;65,1;30,1;96;2,1;50,0;47,9;86;14,0;72,1;14,0;.;.;.;.;
Forsnässkolan 4-9;73206377;Munkfors;1762;Kommunal;Munkfors kommun;2120001801;32;6,3;50,0;43,8;38;.;81,6;18,4;40;7,5;85,0;7,5;.;.;.;.;
Almåsskolan;40577779;Mölndal;1481;Kommunal;Mölndals kommun;2120001363;94;17,0;45,7;37,2;103;1,9;66,0;32,0;92;22,8;73,9;3,3;.;.;.;.;
Fässbergsskolan;72066259;Mölndal;1481;Kommunal;Mölndals kommun;2120001363;142;4,9;54,2;40,8;145;1,4;56,6;42,1;156;17,9;60,9;21,2;.;.;.;.;
Hallenskolan;32309720;Mölndal;1481;Kommunal;Mölndals kommun;2120001363;48;6,3;52,1;41,7;48;.;77,1;22,9;48;8,3;89,6;2,1;.;.;.;.;
Innovitaskolan Mölndal;42908622;Mölndal;1481;Enskild;AcadeMedia fria grundskolor AB;5569320699;49;6,1;71,4;22,4;40;.;65,0;35,0;43;18,6;81,4;.;.;.;.;.;
Kvarnbyskolan;67822057;Mölndal;1481;Kommunal;Mölndals kommun;2120001363;150;8,0;70,0;22,0;154;0,6;68,8;30,5;155;20,0;74,8;5,2;.;.;.;.;
Montessoriskolan Kvarnhjulet;64490264;Mölndal;1481;Enskild;Friskolan Kvarnhjulet, ekonomisk förening;7164452166;23;.;78,3;21,7;24;.;83,3;16,7;20;10,0;90,0;.;.;.;.;.;
Sinntorpsskolan 4-9;90949251;Mölndal;1481;Kommunal;Mölndals kommun;2120001363;68;1,5;70,6;27,9;69;.;63,8;36,2;64;15,6;73,4;10,9;.;.;.;.;
Streteredsskolan;54881559;Mölndal;1481;Kommunal;Mölndals kommun;2120001363;53;3,8;62,3;34,0;71;.;90,1;9,9;70;8,6;82,9;8,6;.;.;.;.;
Sörgårdsskolan;53442807;Mölndal;1481;Kommunal;Mölndals kommun;2120001363;90;25,6;66,7;7,8;95;4,2;87,4;8,4;92;31,5;66,3;2,2;.;.;.;.;
Krungårdsskolan;91778864;Mönsterås;0861;Kommunal;Mönsterås kommun;2120000720;28;10,7;64,3;25,0;30;3,3;83,3;13,3;32;31,3;62,5;6,3;.;.;.;.;
Parkskolan;84285512;Mönsterås;0861;Kommunal;Mönsterås kommun;2120000720;60;21,7;58,3;20,0;73;1,4;60,3;38,4;69;7,2;85,5;7,2;.;.;.;.;
Färjestadens högstadium;40648796;Mörbylånga;0840;Kommunal;Mörbylånga kommun;2120000704;48;6,3;56,3;37,5;55;1,8;87,3;10,9;54;5,6;79,6;14,8;.;.;.;.;
Skansenskolan;36651204;Mörbylånga;0840;Kommunal;Mörbylånga kommun;2120000704;.;.;.;.;16;.;93,8;6,3;16;18,8;81,3;.;.;.;.;.;
Ölands Friskola;28562125;Mörbylånga;0840;Enskild;Friskolan Öland AB;5590250949;48;4,2;45,8;50,0;44;.;61,4;38,6;48;16,7;75,0;8,3;.;.;.;.;
Östra skolan, Mörbylånga;50029898;Mörbylånga;0840;Enskild;CIS Kalmar AB;5565896213;41;9,8;63,4;26,8;44;.;50,0;50,0;43;27,9;62,8;9,3;.;.;.;.;
Björknässkolan;75834458;Nacka;0182;Kommunal;Nacka kommun;2120000167;100;2,0;75,0;23,0;106;.;78,3;21,7;118;2,5;94,9;2,5;.;.;.;.;
Ebba Braheskolan;91067048;Nacka;0182;Enskild;Ebba Braheskolan AB;5590468624;42;11,9;76,2;11,9;43;4,7;88,4;7,0;42;26,2;71,4;2,4;.;.;.;.;
Eklidens skola;47243834;Nacka;0182;Kommunal;Nacka kommun;2120000167;282;3,9;67,4;28,7;280;3,6;85,7;10,7;280;17,9;75,0;7,1;.;.;.;.;
Idunskolan Östra Stockholms Waldorfskola;44373961;Nacka;0182;Enskild;Idunstiftelsen för Waldorfpedagogik;8024782230;.;.;.;.;16;6,3;75,0;18,8;17;17,6;58,8;23,5;.;.;.;.;
Internationella Engelska Skolan Nacka;74358019;Nacka;0182;Enskild;Internationella Engelska Skolan i Sverige AB;5564624368;151;14,6;74,8;10,6;154;0,6;92,9;6,5;147;4,8;87,8;7,5;.;.;.;.;
Kunskapsskolan Nacka;87425546;Nacka;0182;Enskild;Kunskapsskolan i Sverige Aktiebolag;5565661815;106;8,5;81,1;10,4;101;.;99,0;1,0;114;8,8;89,5;1,8;.;.;.;.;
Kunskapsskolan Saltsjöbaden;11496096;Nacka;0182;Enskild;Kunskapsskolan i Sverige Aktiebolag;5565661815;60;8,3;68,3;23,3;60;.;83,3;16,7;59;6,8;79,7;13,6;.;.;.;.;
Montessori Mondial Nacka;34135484;Nacka;0182;Enskild;Pysslingen Förskolor och Skolor AB;5560354309;49;.;91,8;8,2;51;.;86,3;13,7;49;.;77,6;22,4;.;.;.;.;
Myrsjöskolan;84884375;Nacka;0182;Kommunal;Nacka kommun;2120000167;197;8,1;67,5;24,4;203;.;80,3;19,7;196;15,3;80,1;4,6;.;.;.;.;
Noblaskolan Saltsjö-Boo;32965692;Nacka;0182;Enskild;Pysslingen Förskolor och Skolor AB;5560354309;134;.;88,8;11,2;139;0,7;62,6;36,7;140;7,9;89,3;2,9;.;.;.;.;
Saltsjöbadens samskola;11777750;Nacka;0182;Kommunal;Nacka kommun;2120000167;118;15,3;52,5;32,2;126;0,8;89,7;9,5;120;3,3;85,0;11,7;.;.;.;.;
Skuru skola;85321366;Nacka;0182;Kommunal;Nacka kommun;2120000167;20;5,0;90,0;5,0;30;13,3;50,0;36,7;30;33,3;60,0;6,7;.;.;.;.;
Stavsborgsskolan;14040970;Nacka;0182;Kommunal;Nacka kommun;2120000167;137;2,2;65,7;32,1;142;2,8;74,6;22,5;141;10,6;88,7;0,7;.;.;.;.;
Karlsängskolan;40684137;Nora;1884;Kommunal;Nora kommun;2120002007;91;3,3;51,6;45,1;116;.;51,7;48,3;107;15,9;72,9;11,2;.;.;.;.;
Centralskolan;22347371;Norberg;1962;Kommunal;Norbergs kommun;2120002072;41;.;48,8;51,2;48;.;60,4;39,6;48;6,3;85,4;8,3;.;.;.;.;
Bergsjö skola;11892057;Nordanstig;2132;Kommunal;Nordanstigs kommun;2120002312;53;9,4;47,2;43,4;65;.;46,2;53,8;63;1,6;68,3;30,2;.;.;.;.;
Artediskolan åk 7-9;58185455;Nordmaling;2401;Kommunal;Nordmalings kommun;2120002536;31;25,8;48,4;25,8;62;.;54,8;45,2;60;5,0;86,7;8,3;.;.;.;.;
Borgsmoskolan 1;26387738;Norrköping;0581;Kommunal;Norrköpings kommun;2120000456;21;.;66,7;33,3;39;.;35,9;64,1;36;.;91,7;8,3;.;.;.;.;
Djäkneparksskolan 1;59526276;Norrköping;0581;Kommunal;Norrköpings kommun;2120000456;96;5,2;62,5;32,3;119;0,8;38,7;60,5;117;14,5;65,8;19,7;30;30,0;40,0;30,0;
Ektorpsskolan 1;12079022;Norrköping;0581;Kommunal;Norrköpings kommun;2120000456;54;5,6;66,7;27,8;83;3,6;59,0;37,3;73;17,8;71,2;11,0;28;3,6;67,9;28,6;
Enebyskolan 1;24625357;Norrköping;0581;Kommunal;Norrköpings kommun;2120000456;44;18,2;50,0;31,8;49;.;93,9;6,1;48;10,4;68,8;20,8;.;.;.;.;
Enebyskolan 2;35609364;Norrköping;0581;Kommunal;Norrköpings kommun;2120000456;52;5,8;65,4;28,8;51;7,8;88,2;3,9;52;11,5;78,8;9,6;.;.;.;.;
Hagaskolan 1;17315625;Norrköping;0581;Kommunal;Norrköpings kommun;2120000456;60;8,3;36,7;55,0;77;.;87,0;13,0;82;12,2;79,3;8,5;22;13,6;68,2;18,2;
Hultdalsskolan;40393888;Norrköping;0581;Kommunal;Norrköpings kommun;2120000456;90;3,3;76,7;20,0;89;.;83,1;16,9;92;35,9;62,0;2,2;.;.;.;.;
JENSEN grundskola Norrköping;10435966;Norrköping;0581;Enskild;Jensen Education College AB;5566358759;59;1,7;52,5;45,8;56;.;76,8;23,2;56;7,1;78,6;14,3;.;.;.;.;
Jönsbergska Idrottsskolan Norrköping;61454000;Norrköping;0581;Enskild;Jönsbergska Idrottsskolan Norrköping AB;5566765920;52;.;57,7;42,3;52;1,9;84,6;13,5;52;7,7;51,9;40,4;.;.;.;.;
Klingsborgsskolan 2;52875693;Norrköping;0581;Kommunal;Norrköpings kommun;2120000456;31;.;83,9;16,1;104;.;74,0;26,0;104;17,3;67,3;15,4;70;.;65,7;34,3;
Kunskapsskolan Norrköping;77437748;Norrköping;0581;Enskild;Kunskapsskolan i Sverige Aktiebolag;5565661815;124;8,9;81,5;9,7;128;7,8;89,1;3,1;126;13,5;86,5;.;.;.;.;.;
Lärande Grundskola Södra;72526185;Norrköping;0581;Enskild;Lärande i Sverige AB;5565715892;41;14,6;70,7;14,6;48;4,2;58,3;37,5;47;14,9;74,5;10,6;.;.;.;.;
Lärande Grundskola Östra;90838156;Norrköping;0581;Enskild;Lärande i Sverige AB;5565715892;61;19,7;55,7;24,6;61;.;39,3;60,7;67;9,0;71,6;19,4;.;.;.;.;
Mosstorpsskolan 2;67224193;Norrköping;0581;Kommunal;Norrköpings kommun;2120000456;55;7,3;30,9;61,8;60;.;20,0;80,0;58;19,0;60,3;20,7;.;.;.;.;
Navestadsskolan 3;41960783;Norrköping;0581;Kommunal;Norrköpings kommun;2120000456;40;.;67,5;32,5;69;1,4;71,0;27,5;66;27,3;65,2;7,6;19;5,3;42,1;52,6;
Nordic International School Norrköping;67542970;Norrköping;0581;Enskild;Nordic International School AB;5566102033;31;.;93,5;6,5;46;.;58,7;41,3;51;37,3;62,7;.;.;.;.;.;
Prolympia, Norrköping;16013826;Norrköping;0581;Enskild;Prolympia AB;5567026454;99;9,1;62,6;28,3;106;.;78,3;21,7;102;24,5;69,6;5,9;.;.;.;.;
Råsslaskolan 1;80621158;Norrköping;0581;Kommunal;Norrköpings kommun;2120000456;77;16,9;61,0;22,1;81;2,5;76,5;21,0;78;35,9;55,1;9,0;.;.;.;.;
Sandbyhovsskolan;64558930;Norrköping;0581;Kommunal;Norrköpings kommun;2120000456;81;11,1;70,4;18,5;92;5,4;63,0;31,5;92;.;78,3;21,7;.;.;.;.;
Vikbolandsskolan 1;86323840;Norrköping;0581;Kommunal;Norrköpings kommun;2120000456;55;5,5;60,0;34,5;55;1,8;65,5;32,7;47;14,9;57,4;27,7;.;.;.;.;
Vittra Röda stan;38936292;Norrköping;0581;Enskild;Vittraskolorna AB;5564586716;22;.;77,3;22,7;26;.;100,0;.;27;.;81,5;18,5;.;.;.;.;
Ekebyholmsskolan, gr;98239828;Norrtälje;0188;Enskild;Ekebyholmsskolan Aktiebolag;5562512425;22;.;90,9;9,1;22;.;90,9;9,1;23;8,7;87,0;4,3;.;.;.;.;
Freinetskolan Hugin;89692072;Norrtälje;0188;Enskild;Freinetskolan Hugin Ekonomisk förening;7696188189;25;8,0;92,0;.;26;.;76,9;23,1;25;.;84,0;16,0;.;.;.;.;
Freinetskolan Mimer Tingshuset;57467562;Norrtälje;0188;Enskild;Freinetskolan Mimer ekonomisk förening;7696021117;24;4,2;50,0;45,8;22;.;86,4;13,6;21;.;71,4;28,6;.;.;.;.;
Hallsta skola;24146389;Norrtälje;0188;Kommunal;Norrtälje kommun;2120000217;50;4,0;64,0;32,0;60;.;48,3;51,7;59;8,5;78,0;13,6;.;.;.;.;
Långsjöskolan;99749462;Norrtälje;0188;Kommunal;Norrtälje kommun;2120000217;77;7,8;76,6;15,6;74;.;74,3;25,7;80;23,8;57,5;18,8;.;.;.;.;
Länna skola;72471883;Norrtälje;0188;Kommunal;Norrtälje kommun;2120000217;26;23,1;42,3;34,6;28;.;96,4;3,6;26;3,8;96,2;.;.;.;.;.;
Montessoriskolan - Gustafslund;26281697;Norrtälje;0188;Enskild;Montessori i Norrtälje AB;5562855410;25;.;84,0;16,0;25;.;76,0;24,0;25;.;88,0;12,0;.;.;.;.;
Norrsundsskolan;39351914;Norrtälje;0188;Kommunal;Norrtälje kommun;2120000217;15;20,0;40,0;40,0;20;.;70,0;30,0;22;13,6;63,6;22,7;.;.;.;.;
Roslagsskolan;31851256;Norrtälje;0188;Kommunal;Norrtälje kommun;2120000217;172;7,6;43,0;49,4;171;.;78,9;21,1;164;31,7;61,6;6,7;.;.;.;.;
Svanbergaskolan;59975651;Norrtälje;0188;Kommunal;Norrtälje kommun;2120000217;46;2,2;56,5;41,3;44;.;59,1;40,9;42;40,5;57,1;2,4;.;.;.;.;
Viby friskola;54806839;Norrtälje;0188;Enskild;Ogenholts Friskola AB;5565533873;15;.;73,3;26,7;17;.;100,0;.;15;6,7;93,3;.;.;.;.;.;
Wigulfskolan;15312030;Norrtälje;0188;Kommunal;Norrtälje kommun;2120000217;30;10,0;63,3;26,7;36;.;72,2;27,8;29;3,4;96,6;.;.;.;.;.;
Norsjöskolan F-9;10421130;Norsjö;2417;Kommunal;Norsjö kommun;2120002858;45;2,2;53,3;44,4;46;.;65,2;34,8;48;2,1;89,6;8,3;.;.;.;.;
Madesjöskolan Ma02;38198417;Nybro;0881;Kommunal;Nybro kommun;2120000753;86;14,0;51,2;34,9;90;10,0;70,0;20,0;87;5,7;88,5;5,7;.;.;.;.;
Paradisskolan Pa02;79650118;Nybro;0881;Kommunal;Nybro kommun;2120000753;79;6,3;65,8;27,8;111;.;53,2;46,8;108;6,5;84,3;9,3;30;10,0;46,7;43,3;
Lillhagaskolan;99640618;Nykvarn;0140;Kommunal;Nykvarns kommun;2120002999;147;1,4;62,6;36,1;143;2,1;67,8;30,1;137;9,5;67,2;23,4;.;.;.;.;
Fokusskolan;18915192;Nyköping;0480;Enskild;Nyfo AB;5567812291;18;27,8;50,0;22,2;19;.;89,5;10,5;21;42,9;57,1;.;.;.;.;.;
Innovitaskolan Nyköping 2;90949432;Nyköping;0480;Enskild;Pysslingen Förskolor och Skolor AB;5560354309;25;4,0;88,0;8,0;26;.;96,2;3,8;27;22,2;74,1;3,7;.;.;.;.;
Kunskapsskolan Nyköping;88046003;Nyköping;0480;Enskild;Kunskapsskolan i Sverige Aktiebolag;5565661815;97;8,2;75,3;16,5;102;1,0;78,4;20,6;102;23,5;66,7;9,8;.;.;.;.;
Nyköpings Enskilda Grundskola;91013126;Nyköping;0480;Enskild;Skolarum Sverige AB;5590689559;95;3,2;63,2;33,7;101;6,9;84,2;8,9;98;29,6;62,2;8,2;.;.;.;.;
Nyköpings högstadium;99757444;Nyköping;0480;Kommunal;Nyköpings kommun;2120002940;249;4,0;54,2;41,8;300;0,7;67,3;32,0;294;22,4;70,4;7,1;64;1,6;53,1;45,3;
Vittra Kungshagen;50698424;Nyköping;0480;Enskild;Vittraskolorna AB;5564586716;51;2,0;60,8;37,3;52;5,8;55,8;38,5;54;9,3;77,8;13,0;.;.;.;.;
Gröndalsskolan F-9;65717061;Nynäshamn;0192;Kommunal;Nynäshamns kommun;2120000233;89;6,7;51,7;41,6;89;.;32,6;67,4;96;7,3;72,9;19,8;.;.;.;.;
Vanstaskolan 7-9;73184416;Nynäshamn;0192;Kommunal;Nynäshamns kommun;2120000233;66;7,6;37,9;54,5;78;.;44,9;55,1;77;2,6;59,7;37,7;.;.;.;.;
Viaskolan F-9;34814578;Nynäshamn;0192;Kommunal;Nynäshamns kommun;2120000233;45;8,9;75,6;15,6;56;1,8;67,9;30,4;61;13,1;70,5;16,4;.;.;.;.;
Brinells högstadium;27489659;Nässjö;0682;Kommunal;Nässjö kommun;2120000548;65;7,7;58,5;33,8;103;.;60,2;39,8;93;8,6;80,6;10,8;32;9,4;71,9;18,8;
Norråsaskolan;19118399;Nässjö;0682;Kommunal;Nässjö kommun;2120000548;120;6,7;56,7;36,7;141;3,5;68,1;28,4;146;33,6;58,9;7,5;33;.;69,7;30,3;
Parkskolan;97882848;Nässjö;0682;Kommunal;Nässjö kommun;2120000548;57;5,3;52,6;42,1;63;3,2;90,5;6,3;64;15,6;78,1;6,3;.;.;.;.;
Rosenholmsskolan;66394964;Nässjö;0682;Kommunal;Nässjö kommun;2120000548;23;21,7;43,5;34,8;25;.;76,0;24,0;25;24,0;52,0;24,0;.;.;.;.;
Perslundaskolan;40000547;Ockelbo;2101;Kommunal;Ockelbo kommun;2120002288;41;4,9;68,3;26,8;41;.;63,4;36,6;41;12,2;80,5;7,3;.;.;.;.;
Högavångsskolan;53603984;Olofström;1060;Kommunal;Olofströms kommun;2120000811;94;4,3;56,4;39,4;103;1,9;56,3;41,7;110;9,1;73,6;17,3;.;.;.;.;
Orsaskolan;19694910;Orsa;2034;Kommunal;Orsa kommun;2120002189;59;5,1;79,7;15,3;73;5,5;76,7;17,8;70;1,4;68,6;30,0;.;.;.;.;
Henåns skola 7-9;76943513;Orust;1421;Kommunal;Orust kommun;2120001314;64;9,4;40,6;50,0;67;3,0;52,2;44,8;70;20,0;75,7;4,3;.;.;.;.;
Ängås skola 7-9;34557677;Orust;1421;Kommunal;Orust kommun;2120001314;53;5,7;56,6;37,7;54;1,9;61,1;37,0;53;32,1;58,5;9,4;.;.;.;.;
Hasslarödsskolan 7-9;13184976;Osby;1273;Kommunal;Osby kommun;2120000902;64;4,7;75,0;20,3;70;2,9;68,6;28,6;69;26,1;65,2;8,7;.;.;.;.;
Parkskolan 7-9;61939706;Osby;1273;Kommunal;Osby kommun;2120000902;31;9,7;71,0;19,4;40;.;97,5;2,5;37;21,6;78,4;.;.;.;.;.;
Örkenedskolan F-9;21002578;Osby;1273;Kommunal;Osby kommun;2120000902;28;3,6;75,0;21,4;33;.;81,8;18,2;33;9,1;63,6;27,3;.;.;.;.;
Kristinebergskolan F-9;38052846;Oskarshamn;0882;Kommunal;Oskarshamns kommun;2120000761;75;24,0;65,3;10,7;93;.;87,1;12,9;85;37,6;60,0;2,4;.;.;.;.;
Rödsleskolan F-9;55569663;Oskarshamn;0882;Kommunal;Oskarshamns kommun;2120000761;106;7,5;77,4;15,1;108;5,6;81,5;13,0;107;24,3;71,0;4,7;.;.;.;.;
Vallhallaskolan F-9;65582914;Oskarshamn;0882;Kommunal;Oskarshamns kommun;2120000761;70;11,4;71,4;17,1;78;2,6;88,5;9,0;78;10,3;88,5;1,3;.;.;.;.;
Alftaskolan 7-9;92304123;Ovanåker;2121;Kommunal;Ovanåkers kommun;2120002304;30;.;53,3;46,7;34;2,9;88,2;8,8;36;13,9;80,6;5,6;.;.;.;.;
Celsiusskolan 7-9;43362307;Ovanåker;2121;Kommunal;Ovanåkers kommun;2120002304;72;5,6;59,7;34,7;79;1,3;54,4;44,3;80;.;91,3;8,8;.;.;.;.;
Oxelöskolan;12053461;Oxelösund;0481;Kommunal;Oxelösunds kommun;2120000324;23;.;52,2;47,8;45;2,2;60,0;37,8;43;14,0;51,2;34,9;20;.;40,0;60,0;
Ramdalsskolan;98215830;Oxelösund;0481;Kommunal;Oxelösunds kommun;2120000324;61;4,9;55,7;39,3;52;1,9;55,8;42,3;60;30,0;63,3;6,7;.;.;.;.;
Pajala Centralskola;12443258;Pajala;2521;Kommunal;Pajala kommun;2120002718;36;2,8;47,2;50,0;33;.;63,6;36,4;40;2,5;92,5;5,0;.;.;.;.;
Casa Montessori;68358072;Partille;1402;Enskild;Montessoristiftelsen i Partille;8572054610;17;47,1;29,4;23,5;19;5,3;52,6;42,1;18;11,1;83,3;5,6;.;.;.;.;
Lexby skola 6-9;51610240;Partille;1402;Kommunal;Partille kommun;2120001272;87;2,3;72,4;25,3;104;6,7;60,6;32,7;104;5,8;85,6;8,7;16;.;75,0;25,0;
Stadsparksskolan;57412559;Partille;1402;Kommunal;Partille kommun;2120001272;72;5,6;76,4;18,1;95;1,1;91,6;7,4;93;23,7;73,1;3,2;19;10,5;52,6;36,8;
Ugglums skola 5-9;78100490;Partille;1402;Kommunal;Partille kommun;2120001272;45;4,4;66,7;28,9;49;.;85,7;14,3;50;16,0;84,0;.;.;.;.;.;
Vallhamra skola 7-9;92848832;Partille;1402;Kommunal;Partille kommun;2120001272;107;14,0;61,7;24,3;116;.;84,5;15,5;117;12,0;82,9;5,1;.;.;.;.;
Öjersjö Storegård skola 5-9;19873115;Partille;1402;Kommunal;Partille kommun;2120001272;77;.;76,6;23,4;76;2,6;93,4;3,9;75;.;98,7;1,3;.;.;.;.;
Centralskolan 7-9;45023939;Perstorp;1275;Kommunal;Perstorps kommun;2120000910;57;10,5;61,4;28,1;74;4,1;67,6;28,4;73;1,4;79,5;19,2;16;.;18,8;81,3;
Christinaskolan;94591900;Piteå;2581;Kommunal;Piteå kommun;2120002759;107;6,5;71,0;22,4;113;8,0;79,6;12,4;117;21,4;76,1;2,6;.;.;.;.;
Hortlax skola;10185533;Piteå;2581;Kommunal;Piteå kommun;2120002759;83;6,0;73,5;20,5;91;3,3;76,9;19,8;90;21,1;77,8;1,1;.;.;.;.;
Pitholmsskolan 7-9;18339846;Piteå;2581;Kommunal;Piteå kommun;2120002759;71;11,3;74,6;14,1;70;.;87,1;12,9;70;11,4;84,3;4,3;.;.;.;.;
Porsnässkolan;18748381;Piteå;2581;Kommunal;Piteå kommun;2120002759;58;5,2;70,7;24,1;58;1,7;65,5;32,8;59;23,7;72,9;3,4;.;.;.;.;
Sjulnässkolan;42296356;Piteå;2581;Kommunal;Piteå kommun;2120002759;37;8,1;70,3;21,6;36;2,8;91,7;5,6;36;11,1;83,3;5,6;.;.;.;.;
Solanderskolan;69993304;Piteå;2581;Kommunal;Piteå kommun;2120002759;28;21,4;35,7;42,9;36;5,6;88,9;5,6;37;5,4;81,1;13,5;.;.;.;.;
Anders-Olofskolan;78545687;Ragunda;2303;Kommunal;Ragunda kommun;2120002452;29;10,3;82,8;6,9;33;3,0;66,7;30,3;34;5,9;88,2;5,9;.;.;.;.;
Tundalsskolan åk 7-9;74131494;Robertsfors;2409;Kommunal;Robertsfors kommun;2120002551;71;14,1;67,6;18,3;73;5,5;79,5;15,1;74;35,1;63,5;1,4;.;.;.;.;
Kallingeskolan 7-9;53155267;Ronneby;1081;Kommunal;Ronneby kommun;2120000837;94;6,4;57,4;36,2;113;.;54,0;46,0;108;9,3;68,5;22,2;21;.;81,0;19,0;
Parkdalaskolan 7-9;10175276;Ronneby;1081;Kommunal;Ronneby kommun;2120000837;100;13,0;47,0;40,0;116;1,7;69,8;28,4;115;20,0;67,0;13,0;25;8,0;68,0;24,0;
Thoren Framtid i Ronneby;38449858;Ronneby;1081;Enskild;Thoren Framtid AB;5567497051;40;17,5;65,0;17,5;55;.;69,1;30,9;57;19,3;64,9;15,8;21;14,3;57,1;28,6;
Rättviksskolan;73451967;Rättvik;2031;Kommunal;Rättviks kommun;2120002171;83;9,6;78,3;12,0;85;.;64,7;35,3;88;9,1;77,3;13,6;.;.;.;.;
Ekebyskolan;62812509;Sala;1981;Kommunal;Sala kommun;2120002098;105;6,7;48,6;44,8;110;.;70,9;29,1;115;17,4;73,0;9,6;.;.;.;.;
Vallaskolan 7-9;62995298;Sala;1981;Kommunal;Sala kommun;2120002098;108;10,2;75,9;13,9;127;.;59,1;40,9;129;3,1;87,6;9,3;19;21,1;31,6;47,4;
Nytorpsskolan;36262199;Salem;0128;Kommunal;Salems kommun;2120002874;26;15,4;69,2;15,4;29;6,9;89,7;3,4;27;22,2;77,8;.;.;.;.;.;
Rönninge skola;71677992;Salem;0128;Kommunal;Salems kommun;2120002874;57;7,0;82,5;10,5;54;.;75,9;24,1;57;56,1;40,4;3,5;.;.;.;.;
Skogsängsskolan;58385274;Salem;0128;Kommunal;Salems kommun;2120002874;50;2,0;76,0;22,0;57;.;54,4;45,6;55;1,8;94,5;3,6;.;.;.;.;
Säbyskolan;92406445;Salem;0128;Kommunal;Salems kommun;2120002874;20;10,0;65,0;25,0;32;15,6;68,8;15,6;35;5,7;68,6;25,7;15;.;86,7;13,3;
Söderby friskola;56858061;Salem;0128;Enskild;Söderby Friskola Ekonomisk Förening;7696016117;26;3,8;88,5;7,7;26;3,8;65,4;30,8;26;3,8;96,2;.;.;.;.;.;
Björksätraskolan F-9;53803818;Sandviken;2181;Kommunal;Sandvikens kommun;2120002346;80;5,0;63,8;31,3;98;1,0;80,6;18,4;100;2,0;93,0;5,0;19;.;84,2;15,8;
Hedängskolan 7-9;23876630;Sandviken;2181;Kommunal;Sandvikens kommun;2120002346;63;3,2;77,8;19,0;67;.;73,1;26,9;65;7,7;69,2;23,1;.;.;.;.;
Murgårdsskolan;78907748;Sandviken;2181;Kommunal;Sandvikens kommun;2120002346;94;5,3;68,1;26,6;122;0,8;78,7;20,5;125;10,4;76,0;13,6;26;.;57,7;42,3;
Norrsätraskolan;80131736;Sandviken;2181;Kommunal;Sandvikens kommun;2120002346;56;7,1;78,6;14,3;88;.;68,2;31,8;89;25,8;69,7;4,5;32;.;71,9;28,1;
Sandvikens Internationella Montessoriskola;17233525;Sandviken;2181;Enskild;Sandvikens Friskola AB;5590474481;17;5,9;88,2;5,9;21;4,8;85,7;9,5;20;.;95,0;5,0;.;.;.;.;
Centralskolan;61056172;Sigtuna;0191;Kommunal;Sigtuna kommun;2120000225;42;11,9;54,8;33,3;46;.;89,1;10,9;29;13,8;86,2;.;.;.;.;.;
Ekillaskolan;14261356;Sigtuna;0191;Kommunal;Sigtuna kommun;2120000225;51;11,8;60,8;27,5;125;.;60,0;40,0;124;31,5;64,5;4,0;70;2,9;57,1;40,0;
Internationella Engelska Skolan Sigtuna;63592981;Sigtuna;0191;Enskild;Internationella Engelska Skolan i Sverige AB;5564624368;24;4,2;58,3;37,5;27;.;77,8;22,2;26;3,8;84,6;11,5;.;.;.;.;
Josefinaskolan, grundskola;55508705;Sigtuna;0191;Enskild;Stiftelsen Josefinaskolan;8148007258;23;.;78,3;21,7;25;.;52,0;48,0;23;.;87,0;13,0;.;.;.;.;
Sigtunaskolan hum. läroverket, gr;70883860;Sigtuna;0191;Enskild;Sigtuna Skolstiftelse;8148002879;53;.;24,5;75,5;50;14,0;86,0;.;55;20,0;76,4;3,6;.;.;.;.;
Skolan Bergius;35008423;Sigtuna;0191;Enskild;Sigtuna Friskola AB;5567482707;51;.;62,7;37,3;64;.;95,3;4,7;63;3,2;87,3;9,5;.;.;.;.;
S:t Olofs skola;13579948;Sigtuna;0191;Kommunal;Sigtuna kommun;2120000225;92;3,3;46,7;50,0;102;.;49,0;51,0;109;0,9;86,2;12,8;17;.;52,9;47,1;
Steningehöjdens skola;38854084;Sigtuna;0191;Kommunal;Sigtuna kommun;2120000225;38;10,5;52,6;36,8;72;.;72,2;27,8;67;17,9;64,2;17,9;34;.;61,8;38,2;
Korsavadsskolan 2;23701416;Simrishamn;1291;Kommunal;Simrishamns kommun;2120000969;98;3,1;78,6;18,4;122;.;51,6;48,4;123;16,3;75,6;8,1;27;.;66,7;33,3;
Nils Holgerssonskolan;24445412;Simrishamn;1291;Enskild;Föräldrakooperativet Nils Holgerssonskolan Ek Fö;7696014666;25;.;84,0;16,0;26;.;88,5;11,5;26;7,7;80,8;11,5;.;.;.;.;
Sophiaskolan;59958745;Simrishamn;1291;Enskild;Stift Sophiaskolan, Österlens Waldorfskola;8388005517;22;.;86,4;13,6;23;.;95,7;4,3;19;.;100,0;.;.;.;.;.;
Färsingaskolan;17176734;Sjöbo;1265;Kommunal;Sjöbo kommun;2120001090;93;7,5;68,8;23,7;130;.;77,7;22,3;130;12,3;80,8;6,9;15;6,7;66,7;26,7;
Friskolan Metis;46013569;Skara;1495;Enskild;Lärocentrum i Skara Ekonomisk Förening;7696068381;30;16,7;46,7;36,7;27;.;77,8;22,2;27;25,9;74,1;.;.;.;.;.;
Viktoriaskolan 1;14808086;Skara;1495;Kommunal;Skara kommun;2120001702;55;3,6;74,5;21,8;69;.;88,4;11,6;66;6,1;78,8;15,2;.;.;.;.;
Viktoriaskolan 2;15007645;Skara;1495;Kommunal;Skara kommun;2120001702;72;5,6;79,2;15,3;90;2,2;82,2;15,6;90;13,3;76,7;10,0;21;9,5;76,2;14,3;
Björkskolan;65417636;Skellefteå;2482;Enskild;Skolföreningen Växa;8947021443;23;8,7;78,3;13,0;21;.;76,2;23,8;24;8,3;91,7;.;.;.;.;.;
Björnåkersskolan;15720147;Skellefteå;2482;Kommunal;Skellefteå kommun;2120002643;29;3,4;62,1;34,5;32;.;43,8;56,3;29;20,7;69,0;10,3;.;.;.;.;
Bolidenskolan;39160736;Skellefteå;2482;Kommunal;Skellefteå kommun;2120002643;18;5,6;72,2;22,2;28;.;82,1;17,9;28;7,1;82,1;10,7;.;.;.;.;
Bureskolan;97784361;Skellefteå;2482;Kommunal;Skellefteå kommun;2120002643;37;13,5;67,6;18,9;42;19,0;57,1;23,8;45;22,2;75,6;2,2;.;.;.;.;
Byskeskolan;23992844;Skellefteå;2482;Kommunal;Skellefteå kommun;2120002643;40;7,5;57,5;35,0;38;.;86,8;13,2;43;2,3;60,5;37,2;.;.;.;.;
Floraskolan;81992480;Skellefteå;2482;Kommunal;Skellefteå kommun;2120002643;81;3,7;72,8;23,5;81;7,4;87,7;4,9;81;32,1;65,4;2,5;.;.;.;.;
Internationella Engelska Skolan Skellefteå;92621428;Skellefteå;2482;Enskild;Internationella Engelska Skolan i Sverige AB;5564624368;25;8,0;88,0;4,0;27;.;96,3;3,7;26;.;96,2;3,8;.;.;.;.;
Kågeskolan;67809657;Skellefteå;2482;Kommunal;Skellefteå kommun;2120002643;54;.;55,6;44,4;58;3,4;58,6;37,9;58;3,4;82,8;13,8;.;.;.;.;
Lejonströmsskolan;53655678;Skellefteå;2482;Kommunal;Skellefteå kommun;2120002643;73;1,4;61,6;37,0;78;2,6;82,1;15,4;72;25,0;66,7;8,3;.;.;.;.;
Lövångersskolan;87194036;Skellefteå;2482;Kommunal;Skellefteå kommun;2120002643;15;.;93,3;6,7;17;.;88,2;11,8;17;5,9;94,1;.;.;.;.;.;
Morö backe skola;48983548;Skellefteå;2482;Kommunal;Skellefteå kommun;2120002643;53;15,1;71,7;13,2;59;1,7;84,7;13,6;57;28,1;71,9;.;.;.;.;.;
Norrhammarskolan;20566987;Skellefteå;2482;Kommunal;Skellefteå kommun;2120002643;36;.;63,9;36,1;61;4,9;72,1;23,0;62;32,3;64,5;3,2;.;.;.;.;
Sörböleskolan;89661489;Skellefteå;2482;Kommunal;Skellefteå kommun;2120002643;90;12,2;65,6;22,2;85;2,4;60,0;37,6;95;32,6;65,3;2,1;.;.;.;.;
Ursviksskolan;15716434;Skellefteå;2482;Kommunal;Skellefteå kommun;2120002643;49;2,0;59,2;38,8;47;4,3;44,7;51,1;48;2,1;85,4;12,5;.;.;.;.;
Örjanskolan;42247223;Skellefteå;2482;Kommunal;Skellefteå kommun;2120002643;.;.;.;.;42;2,4;76,2;21,4;42;47,6;50,0;2,4;.;.;.;.;
Klockarbergsskolan;62958817;Skinnskatteberg;1904;Kommunal;Skinnskattebergs kommun;2120002023;22;13,6;50,0;36,4;27;.;66,7;33,3;26;7,7;80,8;11,5;.;.;.;.;
Alléskolan;60217642;Skurup;1264;Kommunal;Skurups kommun;2120001082;22;9,1;68,2;22,7;23;.;69,6;30,4;23;21,7;73,9;4,3;.;.;.;.;
Prästamosseskolan;31975018;Skurup;1264;Kommunal;Skurups kommun;2120001082;131;6,9;59,5;33,6;149;1,3;53,0;45,6;148;12,8;78,4;8,8;19;10,5;47,4;42,1;
Eriksdalskolan 863;97361837;Skövde;1496;Kommunal;Skövde kommun;2120001710;51;7,8;80,4;11,8;61;4,9;77,0;18,0;53;24,5;73,6;1,9;.;.;.;.;
Helenaskolan 858;18790096;Skövde;1496;Kommunal;Skövde kommun;2120001710;107;10,3;61,7;28,0;140;0,7;81,4;17,9;147;18,4;70,1;11,6;39;2,6;76,9;20,5;
Raoul Wallenbergskolan Skövde;90728703;Skövde;1496;Enskild;Raoul Wallenbergskolorna Skaraborg AB;5591438618;110;12,7;79,1;8,2;116;.;69,0;31,0;110;9,1;87,3;3,6;.;.;.;.;
Stöpenskolan;89477299;Skövde;1496;Kommunal;Skövde kommun;2120001710;84;6,0;78,6;15,5;86;2,3;91,9;5,8;90;28,9;70,0;1,1;.;.;.;.;
Vasaskolan 859;16057411;Skövde;1496;Kommunal;Skövde kommun;2120001710;53;15,1;60,4;24,5;67;1,5;73,1;25,4;71;33,8;62,0;4,2;19;10,5;89,5;.;
Vasaskolan 869;83894630;Skövde;1496;Kommunal;Skövde kommun;2120001710;57;5,3;64,9;29,8;74;2,7;87,8;9,5;73;13,7;74,0;12,3;.;.;.;.;
Bergaskolan;81136807;Smedjebacken;2061;Kommunal;Smedjebackens kommun;2120002205;52;3,8;69,2;26,9;61;3,3;83,6;13,1;52;11,5;82,7;5,8;.;.;.;.;
Kyrkskolan;68814096;Smedjebacken;2061;Kommunal;Smedjebackens kommun;2120002205;27;11,1;63,0;25,9;27;.;51,9;48,1;29;6,9;82,8;10,3;.;.;.;.;
Junsele skola;49748045;Sollefteå;2283;Kommunal;Sollefteå kommun;2120002437;20;15,0;75,0;10,0;21;4,8;66,7;28,6;22;18,2;77,3;4,5;.;.;.;.;
Nipanskolan F-9;46660811;Sollefteå;2283;Kommunal;Sollefteå kommun;2120002437;50;4,0;84,0;12,0;54;.;77,8;22,2;55;12,7;56,4;30,9;.;.;.;.;
Vallaskolan 4-9;41865593;Sollefteå;2283;Kommunal;Sollefteå kommun;2120002437;64;10,9;73,4;15,6;76;.;86,8;13,2;78;21,8;60,3;17,9;.;.;.;.;
Dibber International School Sollentuna;47462120;Sollentuna;0163;Enskild;Dibber Norrviken Skola AB;5567289391;25;.;68,0;32,0;30;.;80,0;20,0;30;30,0;70,0;.;.;.;.;.;
Edsbergsskolan;18595907;Sollentuna;0163;Kommunal;Sollentuna kommun;2120000134;73;11,0;54,8;34,2;88;.;84,1;15,9;82;41,5;57,3;1,2;.;.;.;.;
Futuraskolan International Hertig Karl;40467992;Sollentuna;0163;Enskild;Futuraskolan AB;5566095047;.;.;.;.;19;.;36,8;63,2;19;10,5;68,4;21,1;.;.;.;.;
Futuraskolan International Rådan;47986219;Sollentuna;0163;Enskild;Futuraskolan AB;5566095047;32;.;87,5;12,5;38;.;89,5;10,5;37;.;97,3;2,7;.;.;.;.;
Gillbo-Gröndalsskolan;73629371;Sollentuna;0163;Kommunal;Sollentuna kommun;2120000134;47;4,3;59,6;36,2;51;.;76,5;23,5;49;12,2;75,5;12,2;.;.;.;.;
Gärdesskolan;70201551;Sollentuna;0163;Kommunal;Sollentuna kommun;2120000134;52;1,9;73,1;25,0;59;3,4;79,7;16,9;59;25,4;67,8;6,8;.;.;.;.;
Helenelundsskolan;62862066;Sollentuna;0163;Kommunal;Sollentuna kommun;2120000134;108;10,2;56,5;33,3;116;2,6;89,7;7,8;120;10,8;86,7;2,5;.;.;.;.;
Häggvik- Skälbyskolan;85440729;Sollentuna;0163;Kommunal;Sollentuna kommun;2120000134;49;.;89,8;10,2;51;3,9;84,3;11,8;52;13,5;76,9;9,6;.;.;.;.;
Mikaelskolan;85777315;Sollentuna;0163;Enskild;Föreningen Mikaelskolan;8148008330;.;.;.;.;15;.;86,7;13,3;.;.;.;.;.;.;.;.;
Norra Strand Dibber;21997077;Sollentuna;0163;Enskild;Dibber Norra Strand Skola AB;5568884240;17;.;58,8;41,2;22;.;63,6;36,4;22;22,7;68,2;9,1;.;.;.;.;
Runbackaskolan;15339442;Sollentuna;0163;Kommunal;Sollentuna kommun;2120000134;54;3,7;53,7;42,6;56;5,4;71,4;23,2;56;21,4;73,2;5,4;.;.;.;.;
Rälsen AB åk 4-9;43375546;Sollentuna;0163;Enskild;Rälsen Aktiebolag;5564524220;26;19,2;69,2;11,5;26;.;100,0;.;26;19,2;80,8;.;.;.;.;.;
Silverbäcken Dibber;56867397;Sollentuna;0163;Enskild;Dibber Inspira AB;5566096516;40;2,5;40,0;57,5;41;.;80,5;19,5;45;8,9;77,8;13,3;.;.;.;.;
Silverdalsskolan;69195602;Sollentuna;0163;Kommunal;Sollentuna kommun;2120000134;65;4,6;66,2;29,2;64;1,6;64,1;34,4;66;1,5;81,8;16,7;.;.;.;.;
Sofielundsskolan;39907811;Sollentuna;0163;Kommunal;Sollentuna kommun;2120000134;33;3,0;87,9;9,1;58;1,7;81,0;17,2;55;16,4;81,8;1,8;22;9,1;86,4;4,5;
Sollentuna musikklasser;21871265;Sollentuna;0163;Kommunal;Sollentuna kommun;2120000134;59;1,7;74,6;23,7;59;5,1;88,1;6,8;58;.;96,6;3,4;.;.;.;.;
Stockholm International Academy Häggvik;83735665;Sollentuna;0163;Enskild;Mubarak Utbildning AB;5568571748;18;5,6;72,2;22,2;26;.;92,3;7,7;26;3,8;92,3;3,8;.;.;.;.;
Tegelhagens skola;20253736;Sollentuna;0163;Kommunal;Sollentuna kommun;2120000134;82;1,2;78,0;20,7;83;2,4;83,1;14,5;85;2,4;94,1;3,5;.;.;.;.;
Turebergsskolan;75401552;Sollentuna;0163;Kommunal;Sollentuna kommun;2120000134;.;.;.;.;18;.;38,9;61,1;19;.;73,7;26,3;17;5,9;76,5;17,6;
Töjnaskolan;45882318;Sollentuna;0163;Kommunal;Sollentuna kommun;2120000134;44;9,1;63,6;27,3;51;7,8;92,2;.;52;13,5;82,7;3,8;.;.;.;.;
Vibyskolan;15547680;Sollentuna;0163;Enskild;Vibyskolan Ekonomisk Förening;7696034201;38;2,6;34,2;63,2;41;.;82,9;17,1;38;21,1;73,7;5,3;.;.;.;.;
Hagaskolan;84585645;Solna;0184;Enskild;Djurgårdens Waldorfskoleförening;8024222641;19;5,3;47,4;47,4;17;.;64,7;35,3;18;16,7;55,6;27,8;.;.;.;.;
Internationella Engelska Skolan Solna;12259212;Solna;0184;Enskild;Internationella Engelska Skolan i Sverige AB;5564624368;55;5,5;63,6;30,9;82;4,9;70,7;24,4;84;8,3;86,9;4,8;21;9,5;57,1;33,3;
Noblaskolan Solna;27323097;Solna;0184;Enskild;Pysslingen Förskolor och Skolor AB;5560354309;53;.;62,3;37,7;51;.;72,5;27,5;54;1,9;98,1;.;.;.;.;.;
Raoul Wallenbergskolan Bagartorp;13384795;Solna;0184;Enskild;Raoul Wallenbergskolorna AB;5566740113;53;3,8;73,6;22,6;54;.;61,1;38,9;57;12,3;86,0;1,8;.;.;.;.;
Råsunda skola;40618486;Solna;0184;Kommunal;Solna kommun;2120000183;126;4,8;60,3;34,9;134;3,0;64,9;32,1;129;3,9;82,2;14,0;.;.;.;.;
Tallbackaskolan;73581523;Solna;0184;Kommunal;Solna kommun;2120000183;57;1,8;43,9;54,4;73;.;64,4;35,6;67;6,0;64,2;29,9;.;.;.;.;
Ulriksdalsskolan;46706680;Solna;0184;Kommunal;Solna kommun;2120000183;86;2,3;69,8;27,9;95;8,4;78,9;12,6;93;.;93,5;6,5;.;.;.;.;
Vittra Frösunda;48760074;Solna;0184;Enskild;Vittraskolorna AB;5564586716;34;.;94,1;5,9;36;11,1;50,0;38,9;37;21,6;64,9;13,5;.;.;.;.;
Ängkärrskolan i Solna;98515782;Solna;0184;Enskild;Stiftelsen Nya Ängkärrsskolan;8020174069;18;11,1;83,3;5,6;19;15,8;73,7;10,5;18;44,4;44,4;11,1;.;.;.;.;
Vindelälvsskolan 4-9;94589976;Sorsele;2422;Kommunal;Sorsele kommun;2120002585;21;4,8;47,6;47,6;24;.;83,3;16,7;21;4,8;71,4;23,8;.;.;.;.;
Sotenässkolan;78294346;Sotenäs;1427;Kommunal;Sotenäs kommun;2120001322;76;21,1;60,5;18,4;77;7,8;46,8;45,5;82;13,4;65,9;20,7;.;.;.;.;
Baldersskolan 7-9;86546038;Staffanstorp;1230;Kommunal;Staffanstorps kommun;2120001017;55;16,4;63,6;20,0;59;.;71,2;28,8;64;43,8;54,7;1,6;.;.;.;.;
Hagalidskolan;28784410;Staffanstorp;1230;Kommunal;Staffanstorps kommun;2120001017;145;7,6;55,2;37,2;156;.;69,2;30,8;155;11,6;72,9;15,5;.;.;.;.;
Hjärupslundsskolan;46191968;Staffanstorp;1230;Kommunal;Staffanstorps kommun;2120001017;109;11,9;70,6;17,4;112;2,7;69,6;27,7;110;35,5;62,7;1,8;.;.;.;.;
Kristinedalskolan 7-9;18275028;Stenungsund;1415;Kommunal;Stenungsunds kommun;2120001298;59;5,1;61,0;33,9;74;.;74,3;25,7;77;5,2;93,5;1,3;19;5,3;73,7;21,1;
Stenungskolan;30707344;Stenungsund;1415;Kommunal;Stenungsunds kommun;2120001298;142;1,4;36,6;62,0;142;.;63,4;36,6;144;8,3;77,1;14,6;.;.;.;.;
Stenungsunds Montessoriskola;38786895;Stenungsund;1415;Enskild;Stenungsunds Montessori Ekonomiska Förening;7696038103;16;6,3;81,3;12,5;16;.;75,0;25,0;16;12,5;87,5;.;.;.;.;.;
Stora Högaskolan 7-9;21617136;Stenungsund;1415;Kommunal;Stenungsunds kommun;2120001298;113;2,7;72,6;24,8;108;1,9;88,9;9,3;110;5,5;83,6;10,9;.;.;.;.;
Abrahamsbergsskolan;44673074;Stockholm;0180;Kommunal;Stockholms kommun;2120000142;98;5,1;69,4;25,5;96;.;59,4;40,6;105;6,7;90,5;2,9;.;.;.;.;
Adolf Fredriks musikklasser;99648792;Stockholm;0180;Kommunal;Stockholms kommun;2120000142;177;1,1;62,7;36,2;176;6,3;84,1;9,7;180;5,6;93,3;1,1;.;.;.;.;
Akalla grundskola F-9;37796564;Stockholm;0180;Kommunal;Stockholms kommun;2120000142;22;.;59,1;40,9;47;8,5;70,2;21,3;42;52,4;47,6;.;25;4,0;72,0;24,0;
Almaskolan;14945659;Stockholm;0180;Enskild;Almaskolan AB;5569224610;48;10,4;77,1;12,5;48;.;56,3;43,8;47;21,3;74,5;4,3;.;.;.;.;
Alviksskolan;72627865;Stockholm;0180;Kommunal;Stockholms kommun;2120000142;72;8,3;68,1;23,6;85;2,4;75,3;22,4;87;10,3;75,9;13,8;.;.;.;.;
Aspuddens skola;72672270;Stockholm;0180;Kommunal;Stockholms kommun;2120000142;127;15,7;42,5;41,7;129;0,8;89,1;10,1;125;2,4;89,6;8,0;.;.;.;.;
Bagarmossens skola;13679897;Stockholm;0180;Kommunal;Stockholms kommun;2120000142;83;7,2;77,1;15,7;91;9,9;74,7;15,4;98;19,4;78,6;2,0;.;.;.;.;
Björkhagens skola;43088454;Stockholm;0180;Kommunal;Stockholms kommun;2120000142;97;6,2;58,8;35,1;100;11,0;84,0;5,0;98;10,2;75,5;14,3;.;.;.;.;
Bredängsskolan;14121892;Stockholm;0180;Kommunal;Stockholms kommun;2120000142;.;.;.;.;45;.;80,0;20,0;43;2,3;76,7;20,9;38;5,3;63,2;31,6;
Bäckahagens skola;20683111;Stockholm;0180;Kommunal;Stockholms kommun;2120000142;52;7,7;55,8;36,5;70;.;90,0;10,0;81;24,7;74,1;1,2;22;4,5;59,1;36,4;
Campus Manilla;29371242;Stockholm;0180;Enskild;Campus Manilla Utbildning AB;5568834765;47;8,5;89,4;2,1;46;.;95,7;4,3;44;11,4;88,6;.;.;.;.;.;
Carlssons skola;35547286;Stockholm;0180;Enskild;Föreningen för Carlssons Skola;8020058270;59;8,5;76,3;15,3;55;.;81,8;18,2;57;22,8;75,4;1,8;.;.;.;.;
Cordoba International School;43134105;Stockholm;0180;Enskild;ALM Education AB;5566344270;15;.;73,3;26,7;34;.;76,5;23,5;33;.;97,0;3,0;19;.;78,9;21,1;
Ekens skola;13301127;Stockholm;0180;Kommunal;Stockholms kommun;2120000142;136;5,1;56,6;38,2;138;5,1;79,0;15,9;140;18,6;79,3;2,1;.;.;.;.;
Ellen Key skolan;16394249;Stockholm;0180;Enskild;Stiftelsen Ellen Key Skolan;8152007970;20;.;90,0;10,0;19;.;84,2;15,8;23;8,7;82,6;8,7;.;.;.;.;
Enbacksskolan;43632318;Stockholm;0180;Kommunal;Stockholms kommun;2120000142;19;.;57,9;42,1;38;.;26,3;73,7;38;.;76,3;23,7;15;.;60,0;40,0;
Engelbrektsskolan;87521048;Stockholm;0180;Kommunal;Stockholms kommun;2120000142;160;0,6;53,1;46,3;132;.;66,7;33,3;164;2,4;87,8;9,8;.;.;.;.;
Engelska Skolan Norr;29725531;Stockholm;0180;Enskild;Engelska Skolor och Förskolor i Sverige AB;5565699302;25;4,0;80,0;16,0;46;15,2;82,6;2,2;46;17,4;78,3;4,3;21;4,8;85,7;9,5;
Engelska Skolan Novia;66455663;Stockholm;0180;Enskild;Engelska Skolor och Förskolor i Sverige AB;5565699302;20;5,0;20,0;75,0;25;.;64,0;36,0;26;.;53,8;46,2;.;.;.;.;
Enskede skola;72248694;Stockholm;0180;Kommunal;Stockholms kommun;2120000142;109;6,4;69,7;23,9;103;.;58,3;41,7;108;11,1;81,5;7,4;.;.;.;.;
Enskilda gymnasiet, gr;92750123;Stockholm;0180;Enskild;Enskilda Gymnasiet;8020126531;56;16,1;67,9;16,1;57;.;87,7;12,3;59;23,7;72,9;3,4;.;.;.;.;
Entréskolan Stockholm;54847211;Stockholm;0180;Enskild;AmiSgo AB;5568148117;43;14,0;72,1;14,0;46;2,2;78,3;19,6;46;.;80,4;19,6;.;.;.;.;
Eriksdalsskolan;59249600;Stockholm;0180;Kommunal;Stockholms kommun;2120000142;111;9,0;74,8;16,2;136;0,7;63,2;36,0;139;9,4;84,9;5,8;18;16,7;66,7;16,7;
Estniska Skolan i Stockholm;34540901;Stockholm;0180;Enskild;Estniska Skolan i Stockholm;8020058908;.;.;.;.;19;.;42,1;57,9;20;35,0;65,0;.;.;.;.;.;
Europaskolan;79969356;Stockholm;0180;Enskild;AB Parts & Paomees;5567025696;35;.;100,0;.;39;.;61,5;38,5;40;5,0;95,0;.;.;.;.;.;
Farsta grundskola;38758770;Stockholm;0180;Kommunal;Stockholms kommun;2120000142;98;4,1;70,4;25,5;109;0,9;69,7;29,4;115;27,0;67,8;5,2;.;.;.;.;
Franska Skolan/Ecole francaise;42328518;Stockholm;0180;Enskild;Stiftelsen Franska Skolan;8020061530;89;.;65,2;34,8;93;.;92,5;7,5;88;3,4;90,9;5,7;.;.;.;.;
Fredrikshovs slotts skola;64065082;Stockholm;0180;Enskild;Stiftelsen Carpe Diem;8020178060;30;13,3;70,0;16,7;30;.;93,3;6,7;30;16,7;83,3;.;.;.;.;.;
Fruängens skola;19353396;Stockholm;0180;Kommunal;Stockholms kommun;2120000142;40;2,5;60,0;37,5;42;2,4;81,0;16,7;48;20,8;77,1;2,1;.;.;.;.;
Fryshuset Grundskola Västra;69004747;Stockholm;0180;Enskild;Stiftelsen Fryshuset;8020111582;.;.;.;.;22;.;36,4;63,6;23;8,7;87,0;4,3;.;.;.;.;
Fryshusets grundskola, Sthlm;19657993;Stockholm;0180;Enskild;Stiftelsen Fryshuset;8020111582;101;10,9;80,2;8,9;95;.;97,9;2,1;96;5,2;80,2;14,6;.;.;.;.;
Grimstaskolan;51341279;Stockholm;0180;Kommunal;Stockholms kommun;2120000142;26;7,7;88,5;3,8;61;1,6;88,5;9,8;36;13,9;72,2;13,9;33;6,1;84,8;9,1;
Grundskolan Metapontum;90850620;Stockholm;0180;Enskild;Metapontum AB;5566641691;30;10,0;66,7;23,3;42;2,4;95,2;2,4;40;30,0;65,0;5,0;.;.;.;.;
Gubbängsskolan;93412255;Stockholm;0180;Kommunal;Stockholms kommun;2120000142;68;4,4;73,5;22,1;77;2,6;76,6;20,8;78;28,2;67,9;3,8;.;.;.;.;
Gärdesskolan;41176931;Stockholm;0180;Kommunal;Stockholms kommun;2120000142;141;.;28,4;71,6;147;1,4;61,9;36,7;146;11,0;81,5;7,5;.;.;.;.;
Hagsätraskolan;82110758;Stockholm;0180;Kommunal;Stockholms kommun;2120000142;33;18,2;69,7;12,1;56;.;50,0;50,0;51;7,8;72,5;19,6;20;15,0;80,0;5,0;
Hammarbyskolan Södra;68602166;Stockholm;0180;Kommunal;Stockholms kommun;2120000142;57;3,5;50,9;45,6;63;3,2;84,1;12,7;64;15,6;82,8;1,6;.;.;.;.;
Hjulsta grundskola F-9;69266159;Stockholm;0180;Kommunal;Stockholms kommun;2120000142;35;14,3;51,4;34,3;48;.;100,0;.;48;4,2;75,0;20,8;.;.;.;.;
Husbygårdsskolan F-9;42149666;Stockholm;0180;Kommunal;Stockholms kommun;2120000142;31;6,5;64,5;29,0;49;.;95,9;4,1;46;15,2;73,9;10,9;17;5,9;70,6;23,5;
Hässelby Villastads skola;86597125;Stockholm;0180;Kommunal;Stockholms kommun;2120000142;110;.;48,2;51,8;113;.;39,8;60,2;114;5,3;74,6;20,2;.;.;.;.;
Hässelbygårdsskolan;87838841;Stockholm;0180;Kommunal;Stockholms kommun;2120000142;.;.;.;.;45;6,7;77,8;15,6;41;2,4;85,4;12,2;30;.;66,7;33,3;
Högalidsskolan;24716970;Stockholm;0180;Kommunal;Stockholms kommun;2120000142;78;3,8;69,2;26,9;85;.;72,9;27,1;84;6,0;89,3;4,8;.;.;.;.;
Höglandsskolan;36281817;Stockholm;0180;Kommunal;Stockholms kommun;2120000142;53;.;83,0;17,0;56;.;69,6;30,4;53;.;90,6;9,4;.;.;.;.;
Hökarängsskolan;57184925;Stockholm;0180;Kommunal;Stockholms kommun;2120000142;97;.;61,9;38,1;112;0,9;66,1;33,0;109;0,9;76,1;22,9;15;.;80,0;20,0;
Innovitaskolan Södermalms Högstadium;26568390;Stockholm;0180;Enskild;Primaskolan i Sverige AB;5565570958;15;6,7;60,0;33,3;17;.;64,7;35,3;19;5,3;84,2;10,5;.;.;.;.;
Internationella Engelska Skolan Bromma;90732940;Stockholm;0180;Enskild;Internationella Engelska Skolan i Sverige AB;5564624368;134;21,6;72,4;6,0;144;2,1;91,0;6,9;147;16,3;74,1;9,5;.;.;.;.;
Internationella Engelska Skolan Enskede;38935587;Stockholm;0180;Enskild;Internationella Engelska Skolan i Sverige AB;5564624368;125;14,4;63,2;22,4;118;2,5;55,9;41,5;121;10,7;81,0;8,3;.;.;.;.;
Internationella Engelska skolan Hässelby;74482611;Stockholm;0180;Enskild;Internationella Engelska Skolan i Sverige AB;5564624368;72;1,4;72,2;26,4;88;.;90,9;9,1;91;4,4;89,0;6,6;18;.;61,1;38,9;
Internationella Engelska Skolan Kista;82982309;Stockholm;0180;Enskild;Internationella Engelska Skolan i Sverige AB;5564624368;74;2,7;55,4;41,9;121;0,8;73,6;25,6;115;11,3;78,3;10,4;48;6,3;62,5;31,3;
Internationella Engelska Skolan Liljeholmen;72624886;Stockholm;0180;Enskild;Internationella Engelska Skolan i Sverige AB;5564624368;104;10,6;69,2;20,2;135;.;97,0;3,0;136;33,8;64,7;1,5;35;8,6;54,3;37,1;
Internationella Engelska Skolan Skärholmen;72066571;Stockholm;0180;Enskild;Internationella Engelska Skolan i Sverige AB;5564624368;68;7,4;80,9;11,8;87;1,1;85,1;13,8;88;20,5;71,6;8,0;15;6,7;86,7;6,7;
Internationella Engelska Skolan Årsta;35129114;Stockholm;0180;Enskild;Internationella Engelska Skolan i Sverige AB;5564624368;113;.;82,3;17,7;125;1,6;65,6;32,8;121;5,8;67,8;26,4;.;.;.;.;
Internationella Engelska Skolan Älvsjö;83584296;Stockholm;0180;Enskild;Internationella Engelska Skolan i Sverige AB;5564624368;81;6,2;75,3;18,5;116;2,6;86,2;11,2;113;11,5;66,4;22,1;19;15,8;63,2;21,1;
JENSEN grundskola Långholmen;57317316;Stockholm;0180;Enskild;Jensen Education College AB;5566358759;31;9,7;74,2;16,1;30;.;86,7;13,3;31;.;100,0;.;.;.;.;.;
Johan Skytteskolan;97683561;Stockholm;0180;Kommunal;Stockholms kommun;2120000142;169;3,0;40,2;56,8;172;0,6;76,2;23,3;174;11,5;85,6;2,9;.;.;.;.;
Järvaskolan;13582062;Stockholm;0180;Enskild;Järvaskolan AB;5569572315;32;15,6;65,6;18,8;74;8,1;86,5;5,4;71;21,1;76,1;2,8;38;5,3;73,7;21,1;
Katarina Norra skola;23617768;Stockholm;0180;Kommunal;Stockholms kommun;2120000142;69;.;85,5;14,5;74;.;64,9;35,1;75;.;97,3;2,7;.;.;.;.;
Kista grundskola;22513261;Stockholm;0180;Kommunal;Stockholms kommun;2120000142;31;3,2;45,2;51,6;83;.;86,7;13,3;79;16,5;81,0;2,5;54;1,9;66,7;31,5;
Kista International School;37556682;Stockholm;0180;Enskild;Al-Kowneyn Utbildning Centrum;8024097555;.;.;.;.;36;5,6;91,7;2,8;35;17,1;74,3;8,6;29;13,8;79,3;6,9;
Konradsbergsskolan;57329777;Stockholm;0180;Kommunal;Stockholms kommun;2120000142;66;7,6;45,5;47,0;63;.;61,9;38,1;66;21,2;68,2;10,6;.;.;.;.;
Kristna skolan;14472068;Stockholm;0180;Enskild;We Are One Church;8020033687;26;3,8;50,0;46,2;27;.;66,7;33,3;28;.;85,7;14,3;.;.;.;.;
Kristofferskolan, gr;98760751;Stockholm;0180;Enskild;Stiftelsen Kristofferskolan;8020018720;53;.;75,5;24,5;64;.;71,9;28,1;62;6,5;80,6;12,9;.;.;.;.;
Kulturama gr. Hammarby Sjöstad;23066257;Stockholm;0180;Enskild;Medborgarskolan Stockholmsregionen;8020060524;109;0,9;26,6;72,5;107;.;56,1;43,9;109;5,5;80,7;13,8;.;.;.;.;
Kulturskolan Raketen;24172067;Stockholm;0180;Enskild;Kulturskolan Raketen AB;5565484796;23;4,3;91,3;4,3;22;9,1;77,3;13,6;22;4,5;95,5;.;.;.;.;.;
Kungsholmens grundskola;29410344;Stockholm;0180;Kommunal;Stockholms kommun;2120000142;60;1,7;68,3;30,0;68;.;83,8;16,2;67;22,4;73,1;4,5;.;.;.;.;
Kunskapsskolan Enskede;16426165;Stockholm;0180;Enskild;Kunskapsskolan i Sverige Aktiebolag;5565661815;123;1,6;91,9;6,5;125;.;84,0;16,0;125;0,8;96,0;3,2;.;.;.;.;
Kunskapsskolan Fruängen;63954028;Stockholm;0180;Enskild;Kunskapsskolan i Sverige Aktiebolag;5565661815;104;.;85,6;14,4;116;12,1;81,0;6,9;114;.;90,4;9,6;.;.;.;.;
Kunskapsskolan Spånga;46796995;Stockholm;0180;Enskild;Kunskapsskolan i Sverige Aktiebolag;5565661815;111;0,9;77,5;21,6;116;2,6;85,3;12,1;114;29,8;66,7;3,5;.;.;.;.;
Kunskapsskolan Tyresö;81266343;Stockholm;0180;Enskild;Kunskapsskolan i Sverige Aktiebolag;5565661815;125;.;88,8;11,2;132;1,5;87,9;10,6;123;8,9;77,2;13,8;.;.;.;.;
Kämpetorpsskolan;70398560;Stockholm;0180;Kommunal;Stockholms kommun;2120000142;78;2,6;57,7;39,7;79;1,3;87,3;11,4;82;8,5;85,4;6,1;.;.;.;.;
Lillholmsskolan;46581319;Stockholm;0180;Kommunal;Stockholms kommun;2120000142;56;3,6;71,4;25,0;66;.;51,5;48,5;64;14,1;71,9;14,1;.;.;.;.;
Lunaskolan Bromma;72509254;Stockholm;0180;Enskild;Utvecklingspedagogik Sverige Aktiebolag;5564715729;19;15,8;63,2;21,1;19;.;68,4;31,6;21;52,4;42,9;4,8;.;.;.;.;
Lunaskolan Södra;67731691;Stockholm;0180;Enskild;Utvecklingspedagogik Sverige Aktiebolag;5564715729;16;18,8;56,3;25,0;.;.;.;.;.;.;.;.;.;.;.;.;
Maria Elementarskola;73893187;Stockholm;0180;Enskild;Märta Fransons Stiftelse;8020060458;26;.;96,2;3,8;27;.;100,0;.;27;37,0;63,0;.;.;.;.;.;
Mariaskolan;69895255;Stockholm;0180;Kommunal;Stockholms kommun;2120000142;87;20,7;57,5;21,8;86;1,2;64,0;34,9;89;4,5;86,5;9,0;.;.;.;.;
Martinskolan Söders waldorfskola;82854505;Stockholm;0180;Enskild;Stiftelsen Martinskolan Söders Waldorfskola;8020072644;25;4,0;72,0;24,0;21;.;90,5;9,5;27;3,7;92,6;3,7;.;.;.;.;
Matteusskolan;16348406;Stockholm;0180;Kommunal;Stockholms kommun;2120000142;64;3,1;84,4;12,5;68;.;86,8;13,2;69;15,9;72,5;11,6;.;.;.;.;
Montessori Mondial Kungsholmen;45553352;Stockholm;0180;Enskild;International Montessori School Sweden AB;5567640205;58;5,2;77,6;17,2;56;.;73,2;26,8;59;1,7;86,4;11,9;.;.;.;.;
Musikskolan Lilla Akademien;36066067;Stockholm;0180;Enskild;Musikskolan Lilla Akademien AB;5565510756;29;.;93,1;6,9;31;.;77,4;22,6;29;.;96,6;3,4;.;.;.;.;
Mälarhöjdens skola;46165232;Stockholm;0180;Kommunal;Stockholms kommun;2120000142;118;8,5;60,2;31,4;121;4,1;87,6;8,3;120;17,5;77,5;5,0;.;.;.;.;
Norrbyskolan;92127007;Stockholm;0180;Enskild;Stockholm Lära Aktiebolag;5567240659;.;.;.;.;19;.;68,4;31,6;19;10,5;73,7;15,8;.;.;.;.;
Nya Elementar;83828066;Stockholm;0180;Kommunal;Stockholms kommun;2120000142;157;4,5;73,9;21,7;159;3,8;88,7;7,5;161;7,5;89,4;3,1;.;.;.;.;
Observatorielundens skola;29158808;Stockholm;0180;Kommunal;Stockholms kommun;2120000142;44;4,5;84,1;11,4;49;.;87,8;12,2;49;2,0;87,8;10,2;.;.;.;.;
Pops Academy Östermalm;11018018;Stockholm;0180;Enskild;Pops Academy AB;5569583197;55;.;89,1;10,9;54;.;75,9;24,1;57;.;98,2;1,8;.;.;.;.;
Profilskolan;10360193;Stockholm;0180;Enskild;Profilskolan AB;5569247264;23;4,3;56,5;39,1;20;.;75,0;25,0;21;23,8;66,7;9,5;.;.;.;.;
Raoul Wallenbergskolan Bromma;50848996;Stockholm;0180;Enskild;Raoul Wallenbergskolorna AB;5566740113;41;.;82,9;17,1;.;.;.;.;42;.;85,7;14,3;.;.;.;.;
Rinkebyskolan;37416253;Stockholm;0180;Kommunal;Stockholms kommun;2120000142;.;.;.;.;48;.;66,7;33,3;48;2,1;70,8;27,1;45;6,7;64,4;28,9;
Rosholmen Education Academy AB;77656740;Stockholm;0180;Enskild;Rosholmen Education Academy AB;5565536678;.;.;.;.;19;5,3;89,5;5,3;19;15,8;52,6;31,6;16;6,3;81,3;12,5;
Rålambshovsskolan;61686233;Stockholm;0180;Kommunal;Stockholms kommun;2120000142;148;4,1;77,0;18,9;157;1,3;44,6;54,1;149;9,4;79,9;10,7;.;.;.;.;
Rödabergsskolan;97686250;Stockholm;0180;Kommunal;Stockholms kommun;2120000142;48;6,3;62,5;31,3;80;.;76,3;23,8;82;20,7;79,3;.;31;12,9;87,1;.;
Sjöstadsskolan;15331669;Stockholm;0180;Kommunal;Stockholms kommun;2120000142;68;11,8;85,3;2,9;77;1,3;93,5;5,2;78;16,7;79,5;3,8;.;.;.;.;
Sjöviksskolan;70592143;Stockholm;0180;Kommunal;Stockholms kommun;2120000142;83;4,8;80,7;14,5;83;.;77,1;22,9;87;12,6;80,5;6,9;.;.;.;.;
Sjöängsskolan;13124830;Stockholm;0180;Kommunal;Stockholms kommun;2120000142;49;10,2;61,2;28,6;72;2,8;77,8;19,4;72;38,9;61,1;.;23;8,7;78,3;13,0;
Skarpatorpsskolan;82075850;Stockholm;0180;Kommunal;Stockholms kommun;2120000142;22;18,2;72,7;9,1;28;.;89,3;10,7;26;23,1;73,1;3,8;.;.;.;.;
Skarpnäcks skola;53075005;Stockholm;0180;Kommunal;Stockholms kommun;2120000142;93;6,5;75,3;18,3;93;1,1;71,0;28,0;96;4,2;84,4;11,5;.;.;.;.;
Slättgårdsskolan;59468219;Stockholm;0180;Kommunal;Stockholms kommun;2120000142;23;8,7;47,8;43,5;34;8,8;88,2;2,9;34;5,9;76,5;17,6;.;.;.;.;
Smedshagsskolan;50060022;Stockholm;0180;Kommunal;Stockholms kommun;2120000142;17;17,6;52,9;29,4;33;6,1;75,8;18,2;36;11,1;83,3;5,6;17;23,5;58,8;17,6;
Snitz Grundskola Odenplan;57510246;Stockholm;0180;Enskild;Swedish Education Group AB;5565042255;27;11,1;70,4;18,5;26;.;38,5;61,5;26;11,5;65,4;23,1;.;.;.;.;
Sofia skola;45436515;Stockholm;0180;Kommunal;Stockholms kommun;2120000142;99;2,0;29,3;68,7;102;8,8;72,5;18,6;101;5,9;85,1;8,9;.;.;.;.;
Spånga grundskola;17640364;Stockholm;0180;Kommunal;Stockholms kommun;2120000142;137;2,2;60,6;37,2;139;0,7;76,3;23,0;112;11,6;74,1;14,3;.;.;.;.;
S:t Eriks Katolska Skola;94943347;Stockholm;0180;Enskild;Stiftelsen S:T Eriks Katolska Skola;8572015595;.;.;.;.;17;5,9;64,7;29,4;17;17,6;82,4;.;.;.;.;.;
Stockholm International Academy Hägersten;11442396;Stockholm;0180;Enskild;Mubarak Utbildning AB;5568571748;.;.;.;.;15;.;100,0;.;15;13,3;53,3;33,3;.;.;.;.;
Studemaskolan;91352227;Stockholm;0180;Enskild;Föreningen Aktiva Studier /Fas/;8020096403;.;.;.;.;19;.;89,5;10,5;19;21,1;52,6;26,3;.;.;.;.;
Sturebyskolan;91816093;Stockholm;0180;Kommunal;Stockholms kommun;2120000142;112;9,8;65,2;25,0;112;.;62,5;37,5;113;15,9;77,9;6,2;.;.;.;.;
Sundbyskolan;44046131;Stockholm;0180;Kommunal;Stockholms kommun;2120000142;103;3,9;68,0;28,2;100;.;70,0;30,0;103;19,4;68,9;11,7;.;.;.;.;
Sverigefinska skolan Sthlm;78508835;Stockholm;0180;Enskild;Sverigefinska skolan i Stockholm AB;5564823937;26;3,8;69,2;26,9;31;.;61,3;38,7;35;22,9;74,3;2,9;.;.;.;.;
Sätraskolan;21724208;Stockholm;0180;Kommunal;Stockholms kommun;2120000142;34;.;44,1;55,9;36;.;38,9;61,1;37;2,7;73,0;24,3;.;.;.;.;
Södermalmsskolan;75614609;Stockholm;0180;Kommunal;Stockholms kommun;2120000142;79;.;92,4;7,6;81;6,2;85,2;8,6;81;29,6;70,4;.;.;.;.;.;
Södra Ängby skola;88795871;Stockholm;0180;Kommunal;Stockholms kommun;2120000142;110;1,8;76,4;21,8;111;0,9;86,5;12,6;116;14,7;81,0;4,3;.;.;.;.;
Tellusborgsskolan;58294404;Stockholm;0180;Kommunal;Stockholms kommun;2120000142;179;2,2;81,6;16,2;188;2,1;87,8;10,1;189;5,3;85,2;9,5;.;.;.;.;
Tellusskolan Thea Bromma;87999453;Stockholm;0180;Enskild;Theducation AB;5565697082;32;.;53,1;46,9;36;2,8;80,6;16,7;35;25,7;74,3;.;.;.;.;.;
Tornadoskolan AB;29796042;Stockholm;0180;Enskild;Tornadoskolan AB;5567620223;15;.;66,7;33,3;16;6,3;87,5;6,3;18;5,6;88,9;5,6;.;.;.;.;
Trollbodaskolan;89605548;Stockholm;0180;Kommunal;Stockholms kommun;2120000142;41;2,4;73,2;24,4;72;1,4;83,3;15,3;72;11,1;76,4;12,5;.;.;.;.;
Vasa International School of Stockholm;52965560;Stockholm;0180;Enskild;AB Parts & Paomees;5567025696;19;.;63,2;36,8;22;.;100,0;.;20;.;85,0;15,0;.;.;.;.;
Vasa Real;52863414;Stockholm;0180;Kommunal;Stockholms kommun;2120000142;183;5,5;76,0;18,6;191;.;69,1;30,9;196;6,1;85,7;8,2;.;.;.;.;
Vasastans Montessoriskola;75656508;Stockholm;0180;Enskild;Vasastans Montessoriförskola;8020120971;.;.;.;.;16;.;31,3;68,8;16;6,3;81,3;12,5;.;.;.;.;
Viktor Rydbergs skola Vasastan;86758230;Stockholm;0180;Enskild;Stiftelsen Viktor Rydbergs Skolor;8120005650;116;5,2;76,7;18,1;116;.;88,8;11,2;111;3,6;91,9;4,5;.;.;.;.;
Vinsta grundskola västra;97400863;Stockholm;0180;Kommunal;Stockholms kommun;2120000142;82;4,9;36,6;58,5;111;1,8;50,5;47,7;126;10,3;73,0;16,7;48;8,3;66,7;25,0;
Vittra Södermalm;59900714;Stockholm;0180;Enskild;Vittraskolorna AB;5564586716;70;10,0;74,3;15,7;66;.;84,8;15,2;70;18,6;60,0;21,4;.;.;.;.;
Vittra Telefonplan;67662754;Stockholm;0180;Enskild;Vittraskolorna AB;5564586716;25;.;32,0;68,0;26;.;46,2;53,8;25;.;84,0;16,0;.;.;.;.;
Vällingbyskolan;36031993;Stockholm;0180;Kommunal;Stockholms kommun;2120000142;53;5,7;58,5;35,8;73;.;61,6;38,4;72;23,6;68,1;8,3;17;29,4;64,7;5,9;
Västbergaskolan;64736967;Stockholm;0180;Enskild;Västbergaskolan AB;5565977609;68;2,9;67,6;29,4;68;.;97,1;2,9;70;14,3;81,4;4,3;.;.;.;.;
Västerholms friskola;35890890;Stockholm;0180;Enskild;Västerholms Friskola AB;5565672812;24;.;66,7;33,3;72;.;37,5;62,5;74;.;47,3;52,7;48;.;60,4;39,6;
Årstaskolan;48328583;Stockholm;0180;Kommunal;Stockholms kommun;2120000142;74;9,5;58,1;32,4;90;.;88,9;11,1;87;27,6;64,4;8,0;.;.;.;.;
Åsö grundskola;94864296;Stockholm;0180;Kommunal;Stockholms kommun;2120000142;151;1,3;60,3;38,4;153;0,7;68,6;30,7;148;2,7;80,4;16,9;.;.;.;.;
Äppelviksskolan;15594566;Stockholm;0180;Kommunal;Stockholms kommun;2120000142;153;3,9;74,5;21,6;159;.;80,5;19,5;159;4,4;91,8;3,8;.;.;.;.;
Örbyskolan;39171821;Stockholm;0180;Kommunal;Stockholms kommun;2120000142;29;3,4;48,3;48,3;49;8,2;81,6;10,2;45;8,9;80,0;11,1;18;.;38,9;61,1;
Lundsbergs grundskola;26377128;Storfors;1760;Enskild;Stiftelsen Lundsbergs Skola;8740019362;33;3,0;66,7;30,3;32;.;84,4;15,6;33;.;90,9;9,1;.;.;.;.;
Vargbroskolan;24306424;Storfors;1760;Kommunal;Storfors kommun;2120001785;37;2,7;64,9;32,4;39;2,6;76,9;20,5;36;5,6;80,6;13,9;.;.;.;.;
Vallnässkolan;97480702;Storuman;2421;Kommunal;Storumans kommun;2120002577;42;9,5;54,8;35,7;46;2,2;63,0;34,8;47;10,6;80,9;8,5;.;.;.;.;
Europaskolan Rogge;31980822;Strängnäs;0486;Enskild;Europaskolan Utbildning AB;5567478416;82;13,4;54,9;31,7;82;.;75,6;24,4;78;21,8;76,9;1,3;.;.;.;.;
Friskolan Asken;63423770;Strängnäs;0486;Enskild;Friskolan Asken Aktiebolag;5567481071;54;.;37,0;63,0;51;2,0;72,5;25,5;50;6,0;52,0;42,0;.;.;.;.;
Gripsholmsskolan;65507647;Strängnäs;0486;Enskild;Gripsholmsskolan AB;5567335616;47;2,1;36,2;61,7;47;.;66,0;34,0;46;23,9;76,1;.;.;.;.;.;
Mariefreds skola;64620570;Strängnäs;0486;Kommunal;Strängnäs kommun;2120000365;64;10,9;43,8;45,3;67;.;92,5;7,5;62;21,0;74,2;4,8;.;.;.;.;
Paulinska skolan;21086074;Strängnäs;0486;Kommunal;Strängnäs kommun;2120000365;68;5,9;61,8;32,4;88;.;53,4;46,6;86;1,2;80,2;18,6;20;.;25,0;75,0;
Strängnäs Montessoriskola;30181143;Strängnäs;0486;Enskild;Strängnäs Montessoriskola Ekonomisk förening;7696027619;40;.;75,0;25,0;39;2,6;71,8;25,6;38;13,2;44,7;42,1;.;.;.;.;
Åkerskolan;74265915;Strängnäs;0486;Kommunal;Strängnäs kommun;2120000365;36;.;75,0;25,0;47;.;27,7;72,3;46;15,2;65,2;19,6;.;.;.;.;
Strömstiernaskolan 1;19292128;Strömstad;1486;Kommunal;Strömstads kommun;2120001405;38;5,3;60,5;34,2;49;.;32,7;67,3;49;.;79,6;20,4;.;.;.;.;
Strömstiernaskolan 2;19188156;Strömstad;1486;Kommunal;Strömstads kommun;2120001405;48;.;8,3;91,7;61;1,6;39,3;59,0;60;.;95,0;5,0;.;.;.;.;
Grevåkerskolan Hammerdal;54719506;Strömsund;2313;Kommunal;Strömsunds kommun;2120002486;21;4,8;90,5;4,8;19;.;73,7;26,3;19;5,3;94,7;.;.;.;.;.;
Vattudalsskolan;71396086;Strömsund;2313;Kommunal;Strömsunds kommun;2120002486;36;11,1;36,1;52,8;38;.;78,9;21,1;41;9,8;73,2;17,1;.;.;.;.;
Grönkullaskolan;93968806;Sundbyberg;0183;Kommunal;Sundbybergs kommun;2120000175;16;.;75,0;25,0;45;.;71,1;28,9;45;6,7;86,7;6,7;30;3,3;90,0;6,7;
Internationella Engelska Skolan Sundbyberg;98753011;Sundbyberg;0183;Enskild;Internationella Engelska Skolan i Sverige AB;5564624368;101;8,9;34,7;56,4;115;5,2;73,0;21,7;118;16,9;76,3;6,8;.;.;.;.;
Kulturama Grundsk. Sundbyberg;37112288;Sundbyberg;0183;Enskild;Medborgarskolan Stockholmsregionen;8020060524;73;8,2;67,1;24,7;76;.;63,2;36,8;70;24,3;67,1;8,6;.;.;.;.;
Noblaskolan Sundbyberg;67788311;Sundbyberg;0183;Enskild;Pysslingen Förskolor och Skolor AB;5560354309;19;.;78,9;21,1;30;3,3;86,7;10,0;29;3,4;75,9;20,7;.;.;.;.;
Viktor Rydbergs skola Sundbyberg;79708334;Sundbyberg;0183;Enskild;Stiftelsen Viktor Rydbergs Skolor;8120005650;148;3,4;68,9;27,7;149;8,7;81,2;10,1;148;19,6;74,3;6,1;.;.;.;.;
Vittra Brotorp;43138370;Sundbyberg;0183;Enskild;Vittraskolorna AB;5564586716;21;9,5;71,4;19,0;26;11,5;50,0;38,5;25;.;68,0;32,0;.;.;.;.;
Ängskolan 7-9;65775192;Sundbyberg;0183;Kommunal;Sundbybergs kommun;2120000175;82;8,5;72,0;19,5;100;2,0;78,0;20,0;99;21,2;77,8;1,0;16;6,3;93,8;.;
Bergsåkers skola;90847895;Sundsvall;2281;Kommunal;Sundsvalls kommun;2120002411;118;5,9;66,1;28,0;121;10,7;75,2;14,0;130;23,8;67,7;8,5;.;.;.;.;
Hagaskolan;55343483;Sundsvall;2281;Kommunal;Sundsvalls kommun;2120002411;71;22,5;52,1;25,4;87;3,4;70,1;26,4;78;28,2;69,2;2,6;.;.;.;.;
Höglundaskolan;51877656;Sundsvall;2281;Kommunal;Sundsvalls kommun;2120002411;84;4,8;38,1;57,1;98;4,1;72,4;23,5;97;15,5;78,4;6,2;.;.;.;.;
Internationella Engelska Skolan Sundsvall;54802332;Sundsvall;2281;Enskild;Internationella Engelska Skolan i Sverige AB;5564624368;137;10,2;73,7;16,1;144;11,1;83,3;5,6;145;16,6;73,8;9,7;.;.;.;.;
Lidens skola;64029211;Sundsvall;2281;Kommunal;Sundsvalls kommun;2120002411;15;.;93,3;6,7;15;.;100,0;.;15;6,7;93,3;.;.;.;.;.;
Matfors skola;37299127;Sundsvall;2281;Kommunal;Sundsvalls kommun;2120002411;70;5,7;42,9;51,4;70;1,4;78,6;20,0;64;3,1;92,2;4,7;.;.;.;.;
Mimerskolan;10023937;Sundsvall;2281;Enskild;Föreningen Mimers Brunn;8892027965;57;1,8;59,6;38,6;52;.;78,8;21,2;56;12,5;75,0;12,5;.;.;.;.;
Nivrenaskolan;55740795;Sundsvall;2281;Kommunal;Sundsvalls kommun;2120002411;80;2,5;73,8;23,8;96;.;90,6;9,4;89;20,2;76,4;3,4;.;.;.;.;
Njurunda Friskola;65125762;Sundsvall;2281;Enskild;Njurunda friskola AB;5568542210;17;.;82,4;17,6;18;5,6;72,2;22,2;18;16,7;83,3;.;.;.;.;.;
Prolympia, Sundsvall;18952472;Sundsvall;2281;Enskild;Ulno AB;5566577705;81;7,4;69,1;23,5;79;.;79,7;20,3;80;30,0;67,5;2,5;.;.;.;.;
Sidsjö Fristående Grundskola;21250086;Sundsvall;2281;Enskild;Sundsvalls Förberedande Grundskola AB;5567314595;22;4,5;68,2;27,3;25;.;56,0;44,0;20;.;85,0;15,0;.;.;.;.;
St Olofsskolan;69147256;Sundsvall;2281;Kommunal;Sundsvalls kommun;2120002411;26;.;88,5;11,5;39;2,6;87,2;10,3;36;.;86,1;13,9;.;.;.;.;
Stöde skola;11181258;Sundsvall;2281;Kommunal;Sundsvalls kommun;2120002411;26;7,7;69,2;23,1;27;22,2;74,1;3,7;23;13,0;73,9;13,0;.;.;.;.;
Sundsvalls Montessoriskola;78495763;Sundsvall;2281;Kommunal;Sundsvalls kommun;2120002411;27;7,4;77,8;14,8;26;19,2;76,9;3,8;28;14,3;82,1;3,6;.;.;.;.;
Thoren Framtid Kunskapsakademin;57722644;Sundsvall;2281;Enskild;Thoren Framtid AB;5567497051;48;8,3;75,0;16,7;46;6,5;78,3;15,2;46;39,1;58,7;2,2;.;.;.;.;
Vibackeskolan;10170655;Sundsvall;2281;Kommunal;Sundsvalls kommun;2120002411;105;4,8;61,0;34,3;108;3,7;83,3;13,0;115;28,7;69,6;1,7;.;.;.;.;
Fryxellska skolan;25636648;Sunne;1766;Kommunal;Sunne kommun;2120001843;108;6,5;46,3;47,2;113;.;69,0;31,0;117;13,7;76,9;9,4;.;.;.;.;
Hammarskolan;74582871;Surahammar;1907;Kommunal;Surahammars kommun;2120002031;85;3,5;62,4;34,1;91;.;69,2;30,8;93;16,1;65,6;18,3;.;.;.;.;
Linåkerskolan;44263951;Svalöv;1214;Kommunal;Svalövs kommun;2120000993;90;5,6;78,9;15,6;112;3,6;74,1;22,3;121;6,6;77,7;15,7;22;.;100,0;.;
Svalövs Montessoriskola;58981647;Svalöv;1214;Enskild;Svalövs Montessori Ekonomisk förening;7696009328;28;.;82,1;17,9;32;.;78,1;21,9;27;.;100,0;.;.;.;.;.;
Aggarpsskolan 4-9;60641880;Svedala;1263;Kommunal;Svedala kommun;2120001074;95;7,4;48,4;44,2;110;.;66,4;33,6;109;26,6;67,9;5,5;.;.;.;.;
Klågerupskolan F-9;51392146;Svedala;1263;Kommunal;Svedala kommun;2120001074;45;15,6;77,8;6,7;49;6,1;77,6;16,3;48;10,4;87,5;2,1;.;.;.;.;
Naverlönnskolan 4-9;65569784;Svedala;1263;Kommunal;Svedala kommun;2120001074;70;8,6;70,0;21,4;72;.;80,6;19,4;71;26,8;64,8;8,5;.;.;.;.;
Spångholmsskolan 4-9;83516023;Svedala;1263;Kommunal;Svedala kommun;2120001074;64;4,7;70,3;25,0;57;.;47,4;52,6;66;6,1;62,1;31,8;.;.;.;.;
Mogaskolan 7-9;71724902;Svenljunga;1465;Kommunal;Svenljunga kommun;2120001512;86;7,0;79,1;14,0;98;.;72,4;27,6;97;14,4;75,3;10,3;.;.;.;.;
Tegnérskolan;40517936;Säffle;1785;Kommunal;Säffle kommun;2120001900;111;8,1;65,8;26,1;129;2,3;65,1;32,6;131;8,4;80,9;10,7;18;22,2;55,6;22,2;
Klockarskolan;60111640;Säter;2082;Kommunal;Säters kommun;2120002247;74;1,4;93,2;5,4;80;.;78,8;21,3;74;27,0;67,6;5,4;.;.;.;.;
Hofgårdsskolan;59983229;Sävsjö;0684;Kommunal;Sävsjö kommun;2120000563;72;5,6;80,6;13,9;100;7,0;64,0;29,0;96;12,5;75,0;12,5;28;3,6;78,6;17,9;
Rörviks skola;74170440;Sävsjö;0684;Kommunal;Sävsjö kommun;2120000563;25;.;72,0;28,0;33;3,0;90,9;6,1;33;3,0;84,8;12,1;.;.;.;.;
Sävsjö kristna skola;28504550;Sävsjö;0684;Enskild;Stiftelsen Guds Kraft;8275007857;.;.;.;.;18;.;66,7;33,3;15;.;93,3;6,7;.;.;.;.;
Bergviksskolan åk 4-9;32721673;Söderhamn;2182;Kommunal;Söderhamns kommun;2120002353;46;4,3;52,2;43,5;52;5,8;82,7;11,5;49;18,4;73,5;8,2;.;.;.;.;
Norrtullskolan åk 7-9;35139330;Söderhamn;2182;Kommunal;Söderhamns kommun;2120002353;69;15,9;59,4;24,6;99;.;79,8;20,2;94;23,4;67,0;9,6;29;6,9;55,2;37,9;
Stenbergaskolan åk 4-9;46399291;Söderhamn;2182;Kommunal;Söderhamns kommun;2120002353;25;12,0;64,0;24,0;37;2,7;70,3;27,0;33;18,2;75,8;6,1;.;.;.;.;
Vågbroskolan åk 4-9;42162288;Söderhamn;2182;Kommunal;Söderhamns kommun;2120002353;51;3,9;49,0;47,1;48;6,3;77,1;16,7;50;26,0;72,0;2,0;.;.;.;.;
Ramunderskolan;99361107;Söderköping;0582;Kommunal;Söderköpings kommun;2120000464;130;5,4;61,5;33,1;141;0,7;53,9;45,4;139;25,2;71,9;2,9;.;.;.;.;
Söderköpings Waldorfskola;70789823;Söderköping;0582;Enskild;Stiftelsen Söderköpings Waldorfskola;8250017939;17;.;82,4;17,6;18;.;100,0;.;18;16,7;83,3;.;.;.;.;.;
Blombackaskolan;34148887;Södertälje;0181;Kommunal;Södertälje kommun;2120000159;30;3,3;56,7;40,0;43;.;74,4;25,6;42;4,8;90,5;4,8;.;.;.;.;
Brunnsängskolan;60570294;Södertälje;0181;Kommunal;Södertälje kommun;2120000159;64;1,6;64,1;34,4;75;1,3;69,3;29,3;69;2,9;85,5;11,6;.;.;.;.;
Eneskolan;97655739;Södertälje;0181;Kommunal;Södertälje kommun;2120000159;99;4,0;51,5;44,4;100;1,0;82,0;17,0;107;2,8;84,1;13,1;.;.;.;.;
Hovsjöskolan;82137009;Södertälje;0181;Kommunal;Södertälje kommun;2120000159;.;.;.;.;45;4,4;48,9;46,7;45;.;55,6;44,4;42;.;73,8;26,2;
Hölöskolan;79466321;Södertälje;0181;Kommunal;Södertälje kommun;2120000159;34;14,7;67,6;17,6;43;.;53,5;46,5;42;2,4;90,5;7,1;.;.;.;.;
Igelsta grundskola;75505688;Södertälje;0181;Kommunal;Södertälje kommun;2120000159;25;.;52,0;48,0;49;.;79,6;20,4;49;20,4;71,4;8,2;26;3,8;73,1;23,1;
Innovitaskolan Södertälje;74489639;Södertälje;0181;Enskild;Kringlaskolan AB;5567734065;26;42,3;42,3;15,4;52;.;46,2;53,8;50;14,0;76,0;10,0;.;.;.;.;
Internationella Engelska Skolan Södertälje;29497099;Södertälje;0181;Enskild;Internationella Engelska Skolan i Sverige AB;5564624368;77;3,9;57,1;39,0;82;.;91,5;8,5;87;.;83,9;16,1;.;.;.;.;
Järna friskola;41584790;Södertälje;0181;Enskild;Montessori Förskolor och Skolor i Sverige AB;5591658975;22;4,5;72,7;22,7;25;.;84,0;16,0;23;4,3;69,6;26,1;.;.;.;.;
Lina grundskola;62288230;Södertälje;0181;Kommunal;Södertälje kommun;2120000159;.;.;.;.;46;.;69,6;30,4;46;4,3;87,0;8,7;36;2,8;50,0;47,2;
Mariekällskolan;43403496;Södertälje;0181;Kommunal;Södertälje kommun;2120000159;64;9,4;59,4;31,3;69;.;68,1;31,9;76;23,7;63,2;13,2;.;.;.;.;
Nyckelskolan;16068461;Södertälje;0181;Enskild;Nyckelknippan Förskole Aktiebolag;5564787397;29;20,7;69,0;10,3;28;.;82,1;17,9;29;55,2;34,5;10,3;.;.;.;.;
Pershagenskolan;38653015;Södertälje;0181;Kommunal;Södertälje kommun;2120000159;49;6,1;73,5;20,4;51;3,9;92,2;3,9;51;3,9;88,2;7,8;.;.;.;.;
Ronnaskolan;51210001;Södertälje;0181;Kommunal;Södertälje kommun;2120000159;25;20,0;60,0;20,0;55;.;65,5;34,5;52;.;94,2;5,8;.;.;.;.;
Rosenborgskolan;11914814;Södertälje;0181;Kommunal;Södertälje kommun;2120000159;93;2,2;69,9;28,0;97;.;56,7;43,3;99;5,1;89,9;5,1;.;.;.;.;
Soldalaskolan;40175889;Södertälje;0181;Kommunal;Södertälje kommun;2120000159;28;7,1;82,1;10,7;52;.;38,5;61,5;55;9,1;74,5;16,4;24;4,2;83,3;12,5;
Södertälje friskola;38394561;Södertälje;0181;Enskild;Södertälje Friskola Aktiebolag;5565570149;29;3,4;93,1;3,4;44;.;97,7;2,3;45;4,4;88,9;6,7;16;6,3;93,8;.;
Vittra Östertälje;12757193;Södertälje;0181;Enskild;Vittraskolorna AB;5564586716;35;17,1;57,1;25,7;36;.;83,3;16,7;38;15,8;60,5;23,7;.;.;.;.;
Wasaskolan;56568612;Södertälje;0181;Kommunal;Södertälje kommun;2120000159;44;2,3;77,3;20,5;52;.;75,0;25,0;54;11,1;77,8;11,1;.;.;.;.;
Örjanskolan grund;10661388;Södertälje;0181;Enskild;Föreningen Örjanskolan;8156005103;15;.;73,3;26,7;16;.;18,8;81,3;16;6,3;87,5;6,3;.;.;.;.;
Bokelundsskolan H;94309839;Sölvesborg;1083;Kommunal;Sölvesborgs kommun;2120000852;74;4,1;74,3;21,6;83;3,6;66,3;30,1;87;3,4;89,7;6,9;.;.;.;.;
Mjällby skola;88104795;Sölvesborg;1083;Kommunal;Sölvesborgs kommun;2120000852;62;1,6;71,0;27,4;63;1,6;69,8;28,6;67;14,9;76,1;9,0;.;.;.;.;
Hamburgsundskolan F-9;81072495;Tanum;1435;Kommunal;Tanums kommun;2120001348;33;9,1;48,5;42,4;36;.;91,7;8,3;34;20,6;67,6;11,8;.;.;.;.;
Tanumskolan 7-9;74079446;Tanum;1435;Kommunal;Tanums kommun;2120001348;55;18,2;58,2;23,6;66;.;65,2;34,8;64;3,1;81,3;15,6;.;.;.;.;
Fågelvikskolan;97306690;Tibro;1472;Kommunal;Tibro kommun;2120001660;100;8,0;68,0;24,0;113;1,8;66,4;31,9;112;3,6;82,1;14,3;.;.;.;.;
Hellids grundskola 7-9;12872502;Tidaholm;1498;Kommunal;Tidaholms kommun;2120001736;108;0,9;88,0;11,1;112;3,6;85,7;10,7;112;14,3;79,5;6,3;.;.;.;.;
Aspenskolan;15416514;Tierp;0360;Kommunal;Tierps kommun;2120000266;48;8,3;75,0;16,7;59;.;33,9;66,1;58;32,8;62,1;5,2;.;.;.;.;
Centralskolan;17240817;Tierp;0360;Kommunal;Tierps kommun;2120000266;41;9,8;58,5;31,7;47;2,1;91,5;6,4;46;8,7;80,4;10,9;.;.;.;.;
Ol Andersskolan;65153737;Tierp;0360;Kommunal;Tierps kommun;2120000266;.;.;.;.;17;.;64,7;35,3;16;6,3;87,5;6,3;.;.;.;.;
Örbyhus skola 7-9;69241995;Tierp;0360;Kommunal;Tierps kommun;2120000266;45;6,7;68,9;24,4;55;1,8;47,3;50,9;54;31,5;57,4;11,1;.;.;.;.;
Ala skola;59092675;Timrå;2262;Kommunal;Timrå kommun;2120002395;46;4,3;80,4;15,2;52;1,9;80,8;17,3;51;11,8;72,5;15,7;.;.;.;.;
Arenaskolan grundskola;81784662;Timrå;2262;Kommunal;Timrå kommun;2120002395;103;9,7;55,3;35,0;109;.;69,7;30,3;103;8,7;77,7;13,6;.;.;.;.;
Dackeskolan 7-9;56361478;Tingsryd;0763;Kommunal;Tingsryds kommun;2120000621;68;10,3;73,5;16,2;83;.;77,1;22,9;80;10,0;82,5;7,5;.;.;.;.;
Idekulla skola;66342347;Tingsryd;0763;Enskild;Idekulla Skola Handelsbolag;9696416842;29;6,9;69,0;24,1;35;5,7;71,4;22,9;34;2,9;94,1;2,9;.;.;.;.;
Bleketskolan;16656370;Tjörn;1419;Kommunal;Tjörns kommun;2120001306;80;1,3;37,5;61,3;80;.;82,5;17,5;82;3,7;78,0;18,3;.;.;.;.;
Häggvallskolan;23228302;Tjörn;1419;Kommunal;Tjörns kommun;2120001306;70;10,0;50,0;40,0;77;5,2;67,5;27,3;81;6,2;75,3;18,5;.;.;.;.;
Kastanjeskolan;90360196;Tomelilla;1270;Kommunal;Tomelilla kommun;2120000886;87;3,4;46,0;50,6;113;0,9;67,3;31,9;118;6,8;91,5;1,7;.;.;.;.;
Frykenskolan;21568934;Torsby;1737;Kommunal;Torsby kommun;2120001777;77;1,3;40,3;58,4;86;5,8;83,7;10,5;82;7,3;78,0;14,6;.;.;.;.;
Torskolan H;99636909;Torsås;0834;Kommunal;Torsås kommun;2120000696;58;8,6;72,4;19,0;60;.;78,3;21,7;66;9,1;81,8;9,1;.;.;.;.;
Tranängskolan 7-9;33759766;Tranemo;1452;Kommunal;Tranemo kommun;2120001462;105;19,0;65,7;15,2;113;2,7;77,9;19,5;120;21,7;70,8;7,5;.;.;.;.;
Junkaremålsskolan 7-9;18476537;Tranås;0687;Kommunal;Tranås kommun;2120000597;110;5,5;58,2;36,4;122;0,8;67,2;32,0;124;4,8;71,8;23,4;.;.;.;.;
Ängarydsskolan;10155751;Tranås;0687;Kommunal;Tranås kommun;2120000597;63;4,8;60,3;34,9;74;.;74,3;25,7;76;2,6;67,1;30,3;.;.;.;.;
Kunskapsskolan Trelleborg;65892623;Trelleborg;1287;Enskild;Kunskapsskolan i Sverige Aktiebolag;5565661815;50;6,0;72,0;22,0;51;.;94,1;5,9;48;.;95,8;4,2;.;.;.;.;
Liljeskolan;72668294;Trelleborg;1287;Kommunal;Trelleborgs kommun;2120001199;76;6,6;52,6;40,8;149;2,0;83,9;14,1;152;14,5;70,4;15,1;24;.;79,2;20,8;
Pilevallskolan;24947938;Trelleborg;1287;Kommunal;Trelleborgs kommun;2120001199;17;.;35,3;64,7;35;.;62,9;37,1;40;7,5;77,5;15,0;20;5,0;45,0;50,0;
Sjöviksskolan;32492959;Trelleborg;1287;Kommunal;Trelleborgs kommun;2120001199;42;2,4;81,0;16,7;53;.;50,9;49,1;53;7,5;84,9;7,5;.;.;.;.;
Västervångskolan;38375490;Trelleborg;1287;Kommunal;Trelleborgs kommun;2120001199;99;4,0;77,8;18,2;102;.;53,9;46,1;98;12,2;65,3;22,4;.;.;.;.;
Väståkraskolan;16081769;Trelleborg;1287;Kommunal;Trelleborgs kommun;2120001199;71;8,5;59,2;32,4;72;2,8;63,9;33,3;73;30,1;57,5;12,3;.;.;.;.;
Fridaskolan, Trollhättan;56884611;Trollhättan;1488;Enskild;Fridaskolorna AB;5564515988;68;2,9;72,1;25,0;68;.;50,0;50,0;64;7,8;84,4;7,8;.;.;.;.;
Lyrfågelskolan 7-9;81052393;Trollhättan;1488;Kommunal;Trollhättans kommun;2120001546;122;8,2;61,5;30,3;127;1,6;76,4;22,0;129;10,1;83,7;6,2;.;.;.;.;
Nordic International School Trollhättan;45769922;Trollhättan;1488;Enskild;Nordic International School AB;5566102033;25;8,0;64,0;28,0;54;7,4;72,2;20,4;53;20,8;71,7;7,5;20;.;15,0;85,0;
Nya Skolan, Trollhättan, Pettersberg;11588924;Trollhättan;1488;Enskild;Nya Skolan Trollhättan Aktiebolag;5566127600;.;.;.;.;26;23,1;61,5;15,4;27;14,8;48,1;37,0;.;.;.;.;
Paradisskolan 4-9;38786603;Trollhättan;1488;Kommunal;Trollhättans kommun;2120001546;61;4,9;54,1;41,0;67;3,0;76,1;20,9;69;10,1;85,5;4,3;.;.;.;.;
Sjuntorpskolan 4-9;39396701;Trollhättan;1488;Kommunal;Trollhättans kommun;2120001546;43;7,0;53,5;39,5;47;.;80,9;19,1;46;.;91,3;8,7;.;.;.;.;
Skogshöjdens skola 6-9;17106266;Trollhättan;1488;Kommunal;Trollhättans kommun;2120001546;40;7,5;60,0;32,5;47;4,3;95,7;.;45;28,9;64,4;6,7;.;.;.;.;
Slättbergsskolan 7-9;84590859;Trollhättan;1488;Kommunal;Trollhättans kommun;2120001546;30;3,3;56,7;40,0;48;2,1;68,8;29,2;44;2,3;84,1;13,6;18;5,6;33,3;61,1;
Stavreskolan 6-9;49525819;Trollhättan;1488;Kommunal;Trollhättans kommun;2120001546;36;8,3;50,0;41,7;47;.;78,7;21,3;45;2,2;93,3;4,4;.;.;.;.;
Strömslundsskolan 7-9;96091081;Trollhättan;1488;Kommunal;Trollhättans kommun;2120001546;60;5,0;71,7;23,3;68;.;95,6;4,4;69;2,9;94,2;2,9;.;.;.;.;
Sylteskolan 7-9;66414430;Trollhättan;1488;Kommunal;Trollhättans kommun;2120001546;51;2,0;74,5;23,5;80;1,3;77,5;21,3;77;.;88,3;11,7;28;7,1;82,1;10,7;
Hedebyskolan;45500152;Trosa;0488;Kommunal;Trosa kommun;2120002957;66;13,6;66,7;19,7;63;.;77,8;22,2;72;13,9;83,3;2,8;.;.;.;.;
Tomtaklintskolan;51044218;Trosa;0488;Kommunal;Trosa kommun;2120002957;90;11,1;68,9;20,0;88;.;47,7;52,3;89;3,4;89,9;6,7;.;.;.;.;
Dalskolan;56130729;Tyresö;0138;Kommunal;Tyresö kommun;2120000092;86;5,8;76,7;17,4;91;.;79,1;20,9;90;8,9;85,6;5,6;.;.;.;.;
Internationella Engelska Skolan Tyresö;60904587;Tyresö;0138;Enskild;Internationella Engelska Skolan i Sverige AB;5564624368;128;13,3;73,4;13,3;149;8,7;56,4;34,9;150;12,7;81,3;6,0;18;5,6;77,8;16,7;
Kumla skola;37147254;Tyresö;0138;Kommunal;Tyresö kommun;2120000092;130;3,1;62,3;34,6;131;2,3;35,9;61,8;127;8,7;70,1;21,3;.;.;.;.;
Nyboda skola;31281674;Tyresö;0138;Kommunal;Tyresö kommun;2120000092;72;5,6;61,1;33,3;82;.;73,2;26,8;86;8,1;64,0;27,9;18;5,6;50,0;44,4;
Strandskolan;87665835;Tyresö;0138;Kommunal;Tyresö kommun;2120000092;72;.;84,7;15,3;71;.;97,2;2,8;67;3,0;77,6;19,4;.;.;.;.;
Tyresö skola;83020784;Tyresö;0138;Kommunal;Tyresö kommun;2120000092;90;16,7;60,0;23,3;89;.;70,8;29,2;95;22,1;71,6;6,3;.;.;.;.;
Byängsskolan;65839656;Täby;0160;Enskild;Byängsskolan AB;5567563316;71;1,4;77,5;21,1;77;3,9;79,2;16,9;77;36,4;62,3;1,3;.;.;.;.;
Futuraskolan International Bergtorp;24142153;Täby;0160;Enskild;Futuraskolan AB;5566095047;127;10,2;57,5;32,3;136;5,9;73,5;20,6;138;16,7;76,8;6,5;.;.;.;.;
Helleborusskolan Täby AB;45984740;Täby;0160;Enskild;Helleborusskolan Täby AB;5567508386;40;7,5;37,5;55,0;50;.;30,0;70,0;42;16,7;59,5;23,8;.;.;.;.;
Internationella Engelska Skolan Täby;12332278;Täby;0160;Enskild;Internationella Engelska Skolan i Sverige AB;5564624368;186;10,8;67,2;22,0;207;.;86,5;13,5;199;10,6;85,4;4,0;18;.;72,2;27,8;
Kunskapsskolan Täby;25309669;Täby;0160;Enskild;Kunskapsskolan i Sverige Aktiebolag;5565661815;66;1,5;75,8;22,7;69;2,9;85,5;11,6;66;.;95,5;4,5;.;.;.;.;
Mellansjö skola;54332921;Täby;0160;Enskild;Nytida Enigma AB;5564870771;.;.;.;.;15;33,3;40,0;26,7;17;17,6;52,9;29,4;.;.;.;.;
Noblaskolan Täby;23312767;Täby;0160;Enskild;Pysslingen Förskolor och Skolor AB;5560354309;22;4,5;95,5;.;26;.;100,0;.;25;.;92,0;8,0;.;.;.;.;
Näsbydalskolan;22807677;Täby;0160;Kommunal;Täby kommun;2120000118;79;1,3;94,9;3,8;91;5,5;79,1;15,4;97;6,2;90,7;3,1;.;.;.;.;
Näsbyparksskolan;96330648;Täby;0160;Kommunal;Täby kommun;2120000118;100;2,0;52,0;46,0;109;.;81,7;18,3;108;2,8;86,1;11,1;.;.;.;.;
Skarpängsskolan;83454509;Täby;0160;Kommunal;Täby kommun;2120000118;155;2,6;74,2;23,2;155;5,2;87,7;7,1;161;8,7;84,5;6,8;.;.;.;.;
Skolhagenskolan;69088221;Täby;0160;Kommunal;Täby kommun;2120000118;129;.;67,4;32,6;132;2,3;74,2;23,5;132;6,8;83,3;9,8;.;.;.;.;
Spirande lärande i Täby AB;89424201;Täby;0160;Enskild;Spirande lärande i Täby AB;5565917993;26;.;96,2;3,8;27;.;92,6;7,4;30;.;93,3;6,7;.;.;.;.;
Täby Friskola-Enhagen;32231541;Täby;0160;Enskild;Täby Friskola Aktiebolag;5565998860;112;6,3;62,5;31,3;108;4,6;85,2;10,2;111;17,1;71,2;11,7;.;.;.;.;
Vallatorpsskolan;57206066;Täby;0160;Kommunal;Täby kommun;2120000118;26;7,7;50,0;42,3;28;.;89,3;10,7;28;17,9;78,6;3,6;.;.;.;.;
Töreboda Centralskola;94707451;Töreboda;1473;Kommunal;Töreboda kommun;2120001678;77;10,4;49,4;40,3;83;.;66,3;33,7;90;24,4;73,3;2,2;.;.;.;.;
Fridaskolan, Uddevalla;27489448;Uddevalla;1485;Enskild;Fridaskolorna AB;5564515988;64;3,1;90,6;6,3;69;7,2;72,5;20,3;64;18,8;70,3;10,9;.;.;.;.;
Linnéaskolan;92086024;Uddevalla;1485;Kommunal;Uddevalla kommun;2120001397;78;5,1;56,4;38,5;93;3,2;82,8;14,0;94;11,7;81,9;6,4;.;.;.;.;
Norgårdenskolan 7-9;10405686;Uddevalla;1485;Kommunal;Uddevalla kommun;2120001397;154;3,9;31,2;64,9;161;0,6;70,8;28,6;157;20,4;70,7;8,9;.;.;.;.;
Ramnerödsskolan;83416307;Uddevalla;1485;Kommunal;Uddevalla kommun;2120001397;44;13,6;59,1;27,3;68;.;80,9;19,1;63;4,8;85,7;9,5;29;.;65,5;34,5;
Sommarhemsskolan 7-9;45535775;Uddevalla;1485;Kommunal;Uddevalla kommun;2120001397;90;7,8;50,0;42,2;110;9,1;60,0;30,9;100;25,0;58,0;17,0;.;.;.;.;
Stenbackeskolan;77005811;Uddevalla;1485;Enskild;Stiftelsen Uddevalla Kristna Skola;8585011904;19;15,8;84,2;.;22;.;86,4;13,6;22;18,2;81,8;.;.;.;.;.;
Västerskolan 7-9;62222568;Uddevalla;1485;Kommunal;Uddevalla kommun;2120001397;79;8,9;64,6;26,6;108;1,9;62,0;36,1;105;26,7;66,7;6,7;18;5,6;72,2;22,2;
Stenbocksskolan;39517088;Ulricehamn;1491;Kommunal;Ulricehamns kommun;2120001579;190;5,3;58,4;36,3;208;2,9;66,3;30,8;203;5,4;74,9;19,7;.;.;.;.;
Ätradalsskolan;28080863;Ulricehamn;1491;Kommunal;Ulricehamns kommun;2120001579;75;17,3;45,3;37,3;72;11,1;73,6;15,3;77;23,4;58,4;18,2;.;.;.;.;
Bräntbergsskolan;51175885;Umeå;2480;Kommunal;Umeå kommun;2120002627;27;11,1;70,4;18,5;31;9,7;74,2;16,1;31;9,7;67,7;22,6;.;.;.;.;
Carlshöjdsskolan;16095592;Umeå;2480;Kommunal;Umeå kommun;2120002627;43;4,7;76,7;18,6;41;.;82,9;17,1;41;41,5;56,1;2,4;.;.;.;.;
Ersängsskolan 7-9;96783420;Umeå;2480;Kommunal;Umeå kommun;2120002627;28;7,1;82,1;10,7;38;.;60,5;39,5;39;.;100,0;.;.;.;.;.;
Grubbeskolan 1;21768043;Umeå;2480;Kommunal;Umeå kommun;2120002627;46;.;69,6;30,4;46;4,3;89,1;6,5;46;23,9;73,9;2,2;.;.;.;.;
Grubbeskolan 2;89248713;Umeå;2480;Kommunal;Umeå kommun;2120002627;43;9,3;65,1;25,6;45;2,2;62,2;35,6;36;19,4;80,6;.;.;.;.;.;
Hagaskolan F-9;84622889;Umeå;2480;Kommunal;Umeå kommun;2120002627;52;15,4;67,3;17,3;53;1,9;66,0;32,1;53;41,5;56,6;1,9;.;.;.;.;
Hörnefors Centralskola 7-9;85438284;Umeå;2480;Kommunal;Umeå kommun;2120002627;32;.;87,5;12,5;32;.;84,4;15,6;33;3,0;97,0;.;.;.;.;.;
Internationella Engelska Skolan Umeå;53993567;Umeå;2480;Enskild;Internationella Engelska Skolan i Sverige AB;5564624368;49;4,1;91,8;4,1;55;.;100,0;.;56;30,4;62,5;7,1;.;.;.;.;
Linneaskolan;39117429;Umeå;2480;Kommunal;Umeå kommun;2120002627;37;10,8;51,4;37,8;34;.;64,7;35,3;36;11,1;72,2;16,7;.;.;.;.;
Maja Beskowskolan;84461484;Umeå;2480;Kommunal;Umeå kommun;2120002627;145;12,4;68,3;19,3;151;2,6;72,8;24,5;142;13,4;82,4;4,2;.;.;.;.;
Minervaskolan;75713343;Umeå;2480;Enskild;Minervaskolan i Umeå AB;5565735049;76;2,6;84,2;13,2;75;4,0;93,3;2,7;76;1,3;98,7;.;.;.;.;.;
Obbola skola;96298476;Umeå;2480;Kommunal;Umeå kommun;2120002627;22;13,6;68,2;18,2;21;4,8;76,2;19,0;24;12,5;75,0;12,5;.;.;.;.;
Pops Academy Umeå;41363340;Umeå;2480;Enskild;Primaskolan i Sverige AB;5565570958;24;12,5;50,0;37,5;25;8,0;84,0;8,0;25;.;100,0;.;.;.;.;.;
Prolympia, Umeå;28958120;Umeå;2480;Enskild;Ulno AB;5566577705;80;6,3;71,3;22,5;79;2,5;92,4;5,1;80;20,0;76,3;3,8;.;.;.;.;
Sjöfruskolan 3;76392400;Umeå;2480;Kommunal;Umeå kommun;2120002627;75;10,7;68,0;21,3;74;.;94,6;5,4;77;9,1;90,9;.;.;.;.;.;
Språkskolan;55815397;Umeå;2480;Enskild;Språkskolan i Umeå Ek. För.;7696004535;18;27,8;33,3;38,9;21;.;47,6;52,4;19;15,8;84,2;.;.;.;.;.;
Storsjöskolan 2;10954341;Umeå;2480;Kommunal;Umeå kommun;2120002627;59;6,8;72,9;20,3;63;6,3;92,1;1,6;63;27,0;71,4;1,6;.;.;.;.;
Sävar skola;90639590;Umeå;2480;Kommunal;Umeå kommun;2120002627;70;7,1;64,3;28,6;72;12,5;80,6;6,9;71;45,1;49,3;5,6;.;.;.;.;
Södra Ålidhemsskolan 6-9;42752416;Umeå;2480;Kommunal;Umeå kommun;2120002627;62;8,1;71,0;21,0;72;.;88,9;11,1;72;2,8;95,8;1,4;.;.;.;.;
Tegs centralskola;49975985;Umeå;2480;Kommunal;Umeå kommun;2120002627;73;4,1;52,1;43,8;75;2,7;85,3;12,0;74;1,4;91,9;6,8;.;.;.;.;
Västangårds skola 7-9;36171517;Umeå;2480;Kommunal;Umeå kommun;2120002627;52;11,5;67,3;21,2;61;1,6;90,2;8,2;55;5,5;78,2;16,4;.;.;.;.;
Engelska skolan Upplands Väsby;80509560;Upplands Väsby;0114;Enskild;Stiftelsen Språkskolan i Upplands Väsby;8160005966;16;6,3;68,8;25,0;.;.;.;.;21;19,0;57,1;23,8;.;.;.;.;
Grimstaskolan;44227469;Upplands Väsby;0114;Kommunal;Upplands Väsby kommun;2120000019;81;9,9;66,7;23,5;87;.;80,5;19,5;90;8,9;77,8;13,3;.;.;.;.;
Internationella Engelska Skolan Upplands Väsby;24402537;Upplands Väsby;0114;Enskild;Internationella Engelska Skolan i Sverige AB;5564624368;53;9,4;39,6;50,9;57;1,8;98,2;.;58;17,2;72,4;10,3;.;.;.;.;
Runby skola;77624936;Upplands Väsby;0114;Kommunal;Upplands Väsby kommun;2120000019;61;23,0;68,9;8,2;72;.;69,4;30,6;72;27,8;72,2;.;.;.;.;.;
Södervikskolan;49021135;Upplands Väsby;0114;Enskild;Södervikskolan AB;5567220347;116;6,9;68,1;25,0;110;.;50,9;49,1;113;19,5;73,5;7,1;.;.;.;.;
Thoren Framtid Sandbergska;97762139;Upplands Väsby;0114;Enskild;Thoren Framtid AB;5567497051;46;.;76,1;23,9;47;.;72,3;27,7;46;2,2;89,1;8,7;.;.;.;.;
Vittra Väsby;24374886;Upplands Väsby;0114;Enskild;Vittraskolorna AB;5564586716;.;.;.;.;24;.;83,3;16,7;24;25,0;66,7;8,3;.;.;.;.;
Väsby skola;31018677;Upplands Väsby;0114;Kommunal;Upplands Väsby kommun;2120000019;40;12,5;45,0;42,5;63;4,8;79,4;15,9;63;39,7;55,6;4,8;22;.;45,5;54,5;
Broskolan;16983719;Upplands-Bro;0139;Kommunal;Upplands-Bro kommun;2120000100;79;.;70,9;29,1;100;1,0;47,0;52,0;105;2,9;92,4;4,8;21;.;66,7;33,3;
Ekhammarskolan;92284588;Upplands-Bro;0139;Kommunal;Upplands-Bro kommun;2120000100;100;3,0;82,0;15,0;98;.;64,3;35,7;98;9,2;90,8;.;.;.;.;.;
Hagnässkolan;16969143;Upplands-Bro;0139;Kommunal;Upplands-Bro kommun;2120000100;60;5,0;60,0;35,0;76;1,3;67,1;31,6;80;15,0;73,8;11,3;16;6,3;37,5;56,3;
Källskolan 6-9;85796724;Upplands-Bro;0139;Enskild;Föreningen för Kristen Skola i Upplands-Bro;8132004659;15;.;73,3;26,7;18;.;77,8;22,2;19;21,1;57,9;21,1;.;.;.;.;
Almunge skola;99056007;Uppsala;0380;Kommunal;Uppsala kommun;2120003005;54;5,6;50,0;44,4;57;.;42,1;57,9;56;19,6;76,8;3,6;.;.;.;.;
Ansgarskolorna                  Kyrkskolan 7-9;35561766;Uppsala;0380;Enskild;Ansgarskolorna AB;5565835146;63;6,3;82,5;11,1;71;8,5;71,8;19,7;72;8,3;86,1;5,6;.;.;.;.;
Björkvallsskolan;89112467;Uppsala;0380;Kommunal;Uppsala kommun;2120003005;98;2,0;42,9;55,1;104;.;76,0;24,0;98;9,2;80,6;10,2;.;.;.;.;
Eriksbergsskolan;18733789;Uppsala;0380;Kommunal;Uppsala kommun;2120003005;96;4,2;49,0;46,9;109;0,9;82,6;16,5;106;15,1;82,1;2,8;.;.;.;.;
Gluntens Montessoriskola;57484572;Uppsala;0380;Enskild;Gluntens Montessoriskola AB;5592659667;40;12,5;80,0;7,5;43;2,3;81,4;16,3;45;22,2;71,1;6,7;.;.;.;.;
Gottsundaskolan;93042073;Uppsala;0380;Kommunal;Uppsala kommun;2120003005;81;.;58,0;42,0;122;1,6;82,8;15,6;124;18,5;77,4;4,0;49;6,1;77,6;16,3;
Gränbyskolan;60782519;Uppsala;0380;Kommunal;Uppsala kommun;2120003005;54;1,9;57,4;40,7;95;1,1;72,6;26,3;93;11,8;84,9;3,2;39;.;41,0;59,0;
Gåvsta skola;12275851;Uppsala;0380;Kommunal;Uppsala kommun;2120003005;35;.;88,6;11,4;35;.;65,7;34,3;38;.;92,1;7,9;.;.;.;.;
Internationella Engelska Skolan Uppsala;83401016;Uppsala;0380;Enskild;Internationella Engelska Skolan i Sverige AB;5564624368;113;8,8;77,9;13,3;119;0,8;96,6;2,5;119;5,0;89,1;5,9;.;.;.;.;
JENSEN grundskola Uppsala 2;97879425;Uppsala;0380;Enskild;Jensen Education College AB;5566358759;20;.;70,0;30,0;23;.;43,5;56,5;23;13,0;47,8;39,1;.;.;.;.;
Katarinaskolan;71951060;Uppsala;0380;Enskild;Heliga Katarinas Skolstiftelse;8176030867;93;6,5;51,6;41,9;92;.;75,0;25,0;95;2,1;83,2;14,7;.;.;.;.;
Kunskapsskolan Uppsala;73947432;Uppsala;0380;Enskild;Kunskapsskolan i Sverige Aktiebolag;5565661815;111;.;77,5;22,5;117;.;86,3;13,7;114;16,7;77,2;6,1;.;.;.;.;
Kunskapsskolan Uppsala Norra;73806643;Uppsala;0380;Enskild;Kunskapsskolan i Sverige Aktiebolag;5565661815;82;3,7;85,4;11,0;80;.;90,0;10,0;79;2,5;86,1;11,4;.;.;.;.;
Kvarngärdesskolan;61003071;Uppsala;0380;Kommunal;Uppsala kommun;2120003005;.;.;.;.;28;.;85,7;14,3;16;6,3;81,3;12,5;15;.;73,3;26,7;
Nannaskolan;29677535;Uppsala;0380;Kommunal;Uppsala kommun;2120003005;96;5,2;64,6;30,2;104;1,0;67,3;31,7;105;7,6;80,0;12,4;.;.;.;.;
Palmbladsskolan;40275917;Uppsala;0380;Kommunal;Uppsala kommun;2120003005;125;4,0;68,8;27,2;132;1,5;73,5;25,0;118;18,6;71,2;10,2;.;.;.;.;
Raoul Wallenbergskolan Uppsala;56867001;Uppsala;0380;Enskild;Raoul Wallenbergskolorna AB;5566740113;59;13,6;57,6;28,8;56;1,8;62,5;35,7;53;7,5;71,7;20,8;.;.;.;.;
Stordammens skola;95132430;Uppsala;0380;Kommunal;Uppsala kommun;2120003005;83;6,0;50,6;43,4;90;.;87,8;12,2;92;22,8;70,7;6,5;.;.;.;.;
Sverkerskolan;21969379;Uppsala;0380;Kommunal;Uppsala kommun;2120003005;65;.;46,2;53,8;85;1,2;40,0;58,8;84;4,8;78,6;16,7;15;6,7;33,3;60,0;
Tiundaskolan;53847396;Uppsala;0380;Kommunal;Uppsala kommun;2120003005;121;0,8;49,6;49,6;137;2,2;77,4;20,4;130;3,1;73,1;23,8;.;.;.;.;
Tunabergsskolan;54742485;Uppsala;0380;Kommunal;Uppsala kommun;2120003005;133;8,3;60,2;31,6;136;.;68,4;31,6;126;14,3;82,5;3,2;.;.;.;.;
Uppsala Musikklasser;89387408;Uppsala;0380;Enskild;Stiftelsen Uppsala Musikklasser;8176054917;78;5,1;61,5;33,3;85;2,4;77,6;20,0;80;17,5;80,0;2,5;.;.;.;.;
Uppsala waldorfskola;69405762;Uppsala;0380;Enskild;Stiftelsen Uppsala Waldorfskola;8176031154;17;.;52,9;47,1;16;.;56,3;43,8;17;11,8;41,2;47,1;.;.;.;.;
Vaksalaskolan;28006480;Uppsala;0380;Kommunal;Uppsala kommun;2120003005;43;2,3;62,8;34,9;54;.;87,0;13,0;53;3,8;94,3;1,9;.;.;.;.;
Valsätraskolan;56446888;Uppsala;0380;Kommunal;Uppsala kommun;2120003005;97;13,4;69,1;17,5;110;1,8;81,8;16,4;110;41,8;56,4;1,8;.;.;.;.;
von Bahrs skola;17250578;Uppsala;0380;Kommunal;Uppsala kommun;2120003005;42;7,1;66,7;26,2;57;.;63,2;36,8;58;29,3;62,1;8,6;.;.;.;.;
Västra Stenhagenskolan;48134074;Uppsala;0380;Kommunal;Uppsala kommun;2120003005;69;1,4;78,3;20,3;79;2,5;60,8;36,7;76;15,8;77,6;6,6;.;.;.;.;
Ärentunaskolan;64800741;Uppsala;0380;Kommunal;Uppsala kommun;2120003005;145;6,2;64,8;29,0;150;2,7;89,3;8,0;145;6,2;88,3;5,5;.;.;.;.;
Åsedaskolan 7-9;75658239;Uppvidinge;0760;Kommunal;Uppvidinge kommun;2120000605;32;3,1;68,8;28,1;56;.;85,7;14,3;56;8,9;83,9;7,1;24;12,5;58,3;29,2;
Älghultskolan;73077490;Uppvidinge;0760;Kommunal;Uppvidinge kommun;2120000605;38;5,3;76,3;18,4;43;4,7;93,0;2,3;43;7,0;81,4;11,6;.;.;.;.;
Petrus Magni skola;21550555;Vadstena;0584;Kommunal;Vadstena kommun;2120002825;60;8,3;53,3;38,3;64;1,6;84,4;14,1;62;17,7;74,2;8,1;.;.;.;.;
Fågelforsskolan 7-9;38944084;Vaggeryd;0665;Kommunal;Vaggeryds kommun;2120000522;73;4,1;80,8;15,1;90;3,3;88,9;7,8;88;11,4;83,0;5,7;18;5,6;88,9;5,6;
Hjortsjöskolan 7-9;95197505;Vaggeryd;0665;Kommunal;Vaggeryds kommun;2120000522;82;9,8;78,0;12,2;102;4,9;78,4;16,7;99;7,1;90,9;2,0;15;13,3;80,0;6,7;
Vammarskolan 4-9;53620708;Valdemarsvik;0563;Kommunal;Valdemarsviks kommun;2120000431;72;12,5;73,6;13,9;75;.;76,0;24,0;73;6,8;82,2;11,0;.;.;.;.;
Aktiviaskolan;48184058;Vallentuna;0115;Enskild;Aktivia AB;5567812069;.;.;.;.;16;.;100,0;.;16;6,3;93,8;.;.;.;.;.;
Bällstabergsskolan;52293921;Vallentuna;0115;Kommunal;Vallentuna kommun;2120000027;23;8,7;73,9;17,4;25;.;80,0;20,0;25;40,0;60,0;.;.;.;.;.;
Hagaskolan;84520303;Vallentuna;0115;Kommunal;Vallentuna kommun;2120000027;60;6,7;70,0;23,3;71;.;76,1;23,9;72;5,6;75,0;19,4;.;.;.;.;
Karlslundsskolan;11193969;Vallentuna;0115;Kommunal;Vallentuna kommun;2120000027;28;3,6;67,9;28,6;25;4,0;60,0;36,0;27;22,2;74,1;3,7;.;.;.;.;
Lovisedalsskolan;29278599;Vallentuna;0115;Kommunal;Vallentuna kommun;2120000027;64;6,3;62,5;31,3;71;7,0;69,0;23,9;69;30,4;66,7;2,9;.;.;.;.;
Rosendalsskolan;63742407;Vallentuna;0115;Kommunal;Vallentuna kommun;2120000027;49;8,2;46,9;44,9;52;1,9;88,5;9,6;53;18,9;73,6;7,5;.;.;.;.;
Vallentuna Friskola;72378947;Vallentuna;0115;Enskild;Vallentuna Friskola AB;5565736187;64;7,8;60,9;31,3;65;.;80,0;20,0;70;24,3;67,1;8,6;.;.;.;.;
Vittra Vallentuna;46206050;Vallentuna;0115;Enskild;Vittraskolorna AB;5564586716;41;.;78,0;22,0;41;.;48,8;51,2;41;22,0;78,0;.;.;.;.;.;
Smedbergsskolan 4-9;20545871;Vansbro;2021;Kommunal;Vansbro kommun;2120002130;63;11,1;66,7;22,2;66;6,1;66,7;27,3;68;4,4;83,8;11,8;.;.;.;.;
Alléskolan;45270097;Vara;1470;Kommunal;Vara kommun;2120002924;103;3,9;43,7;52,4;107;.;63,6;36,4;106;17,0;52,8;30,2;.;.;.;.;
Nästegårdsskolan åk7-åk9;30499176;Vara;1470;Kommunal;Vara kommun;2120002924;38;5,3;42,1;52,6;46;6,5;82,6;10,9;48;33,3;62,5;4,2;.;.;.;.;
Almers skola 4-9 och fritidshem;39690579;Varberg;1383;Kommunal;Varbergs kommun;2120001249;43;2,3;53,5;44,2;43;2,3;69,8;27,9;40;12,5;80,0;7,5;.;.;.;.;
Ankarskolan 4-9;68653982;Varberg;1383;Kommunal;Varbergs kommun;2120001249;63;7,9;79,4;12,7;65;.;66,2;33,8;64;28,1;64,1;7,8;.;.;.;.;
Bosgårdsskolan 7-9;55285514;Varberg;1383;Kommunal;Varbergs kommun;2120001249;45;.;40,0;60,0;51;.;76,5;23,5;51;47,1;51,0;2,0;.;.;.;.;
Hagaskolan 4-9;26579492;Varberg;1383;Kommunal;Varbergs kommun;2120001249;34;5,9;61,8;32,4;40;.;50,0;50,0;44;34,1;63,6;2,3;.;.;.;.;
Håstensskolan 8-9;44306555;Varberg;1383;Kommunal;Varbergs kommun;2120001249;70;2,9;85,7;11,4;73;2,7;61,6;35,6;70;15,7;81,4;2,9;.;.;.;.;
Kunskapsskolan Varberg;52846430;Varberg;1383;Enskild;Kunskapsskolan i Sverige Aktiebolag;5565661815;72;25,0;66,7;8,3;70;.;91,4;8,6;66;12,1;75,8;12,1;.;.;.;.;
Lindbergs skola 4-9;23521056;Varberg;1383;Kommunal;Varbergs kommun;2120001249;27;.;66,7;33,3;25;.;92,0;8,0;27;7,4;81,5;11,1;.;.;.;.;
Påskbergsskolan 4-9;50675351;Varberg;1383;Kommunal;Varbergs kommun;2120001249;51;.;86,3;13,7;52;.;80,8;19,2;50;.;98,0;2,0;.;.;.;.;
Rolfstorps skola 4-9;18002855;Varberg;1383;Kommunal;Varbergs kommun;2120001249;38;5,3;57,9;36,8;37;13,5;81,1;5,4;39;20,5;66,7;12,8;.;.;.;.;
Trönninge skola 4-9;71449540;Varberg;1383;Kommunal;Varbergs kommun;2120001249;67;.;74,6;25,4;63;.;77,8;22,2;68;20,6;73,5;5,9;.;.;.;.;
Vidhögeskolan 4-9;70460569;Varberg;1383;Kommunal;Varbergs kommun;2120001249;63;4,8;82,5;12,7;61;1,6;59,0;39,3;63;34,9;60,3;4,8;.;.;.;.;
Väröbackaskolan 4-9;68613823;Varberg;1383;Kommunal;Varbergs kommun;2120001249;45;.;84,4;15,6;49;4,1;71,4;24,5;49;.;95,9;4,1;.;.;.;.;
Kronängsskolan;48724676;Vaxholm;0187;Kommunal;Vaxholms kommun;2120002908;164;12,2;61,0;26,8;154;0,6;64,9;34,4;161;16,8;71,4;11,8;.;.;.;.;
Framtidskomp. V Ingelstad sk;44979671;Vellinge;1233;Enskild;Framtidskompassen AB;5567865943;41;4,9;78,0;17,1;42;.;81,0;19,0;43;44,2;53,5;2,3;.;.;.;.;
Framtidskompassen i Vellinge;15068529;Vellinge;1233;Enskild;Framtidskompassen AB;5567865943;38;7,9;68,4;23,7;34;.;76,5;23,5;36;2,8;83,3;13,9;.;.;.;.;
Herrestorpskolan;16650439;Vellinge;1233;Kommunal;Vellinge kommun;2120001033;34;8,8;61,8;29,4;41;.;82,9;17,1;41;22,0;73,2;4,9;.;.;.;.;
Ljungenskolan;41197162;Vellinge;1233;Kommunal;Vellinge kommun;2120001033;60;5,0;58,3;36,7;60;6,7;83,3;10,0;63;7,9;76,2;15,9;.;.;.;.;
Sandeplanskolan;71367825;Vellinge;1233;Kommunal;Vellinge kommun;2120001033;46;8,7;67,4;23,9;46;2,2;82,6;15,2;48;4,2;93,8;2,1;.;.;.;.;
Skanör Falsterbo Montessorisk.;46725455;Vellinge;1233;Enskild;Skanör Falsterbo Montessoriskola AB;5566270095;21;4,8;71,4;23,8;24;8,3;79,2;12,5;25;.;88,0;12,0;.;.;.;.;
Skanörs skola;46945514;Vellinge;1233;Kommunal;Vellinge kommun;2120001033;26;.;88,5;11,5;27;.;96,3;3,7;27;18,5;81,5;.;.;.;.;.;
Stora Hammars skola;24181728;Vellinge;1233;Kommunal;Vellinge kommun;2120001033;42;.;71,4;28,6;41;4,9;82,9;12,2;41;12,2;78,0;9,8;.;.;.;.;
Södervångskolan;28023150;Vellinge;1233;Kommunal;Vellinge kommun;2120001033;60;10,0;68,3;21,7;56;10,7;75,0;14,3;56;16,1;78,6;5,4;.;.;.;.;
Tångvallaskolan;58994715;Vellinge;1233;Kommunal;Vellinge kommun;2120001033;44;4,5;61,4;34,1;42;2,4;54,8;42,9;43;11,6;86,0;2,3;.;.;.;.;
Ängdalaskolan;11885832;Vellinge;1233;Enskild;Ängdala Skolor AB;5565279931;59;1,7;83,1;15,3;58;.;72,4;27,6;58;1,7;69,0;29,3;.;.;.;.;
Landsbro skola 7-9;69564434;Vetlanda;0685;Kommunal;Vetlanda kommun;2120000571;64;12,5;62,5;25,0;84;3,6;77,4;19,0;80;17,5;71,3;11,3;.;.;.;.;
Withalaskolan 1;98508777;Vetlanda;0685;Kommunal;Vetlanda kommun;2120000571;101;6,9;63,4;29,7;132;7,6;72,0;20,5;128;30,5;68,0;1,6;28;7,1;67,9;25,0;
Withalaskolan 2;37915996;Vetlanda;0685;Kommunal;Vetlanda kommun;2120000571;44;.;79,5;20,5;61;11,5;83,6;4,9;61;6,6;83,6;9,8;19;10,5;78,9;10,5;
Hembergsskolan 7-9;59758107;Vilhelmina;2462;Kommunal;Vilhelmina kommun;2120002601;55;7,3;67,3;25,5;60;1,7;68,3;30,0;59;16,9;71,2;11,9;.;.;.;.;
Astrid Lindgrens skola 7-9;92620495;Vimmerby;0884;Kommunal;Vimmerby kommun;2120000787;50;6,0;74,0;20,0;55;.;43,6;56,4;57;17,5;61,4;21,1;.;.;.;.;
Vimarskolan 7-9;39345593;Vimmerby;0884;Kommunal;Vimmerby kommun;2120000787;84;15,5;63,1;21,4;91;3,3;79,1;17,6;89;1,1;96,6;2,2;.;.;.;.;
Renforsskolan;74352559;Vindeln;2404;Kommunal;Vindelns kommun;2120002544;59;5,1;47,5;47,5;54;.;53,7;46,3;62;17,7;62,9;19,4;.;.;.;.;
Slottsskolan 7-9;52426554;Vingåker;0428;Kommunal;Vingåkers kommun;2120000308;49;8,2;42,9;49,0;72;.;75,0;25,0;69;5,8;58,0;36,2;23;4,3;52,2;43,5;
Gullhögskolan;84179524;Vårgårda;1442;Kommunal;Vårgårda kommun;2120001454;97;7,2;43,3;49,5;115;.;67,0;33,0;117;7,7;76,9;15,4;.;.;.;.;
Dalboskolan;93140467;Vänersborg;1487;Kommunal;Vänersborgs kommun;2120001538;53;7,5;45,3;47,2;55;1,8;78,2;20,0;49;26,5;51,0;22,4;.;.;.;.;
Fridaskolan, Vänersborg;10982633;Vänersborg;1487;Enskild;Fridaskolorna AB;5564515988;66;10,6;75,8;13,6;66;3,0;62,1;34,8;67;7,5;76,1;16,4;.;.;.;.;
Silvertärnan Väster;77794757;Vänersborg;1487;Kommunal;Vänersborgs kommun;2120001538;43;2,3;90,7;7,0;49;2,0;53,1;44,9;50;22,0;70,0;8,0;.;.;.;.;
Silvertärnan Öster;32017880;Vänersborg;1487;Kommunal;Vänersborgs kommun;2120001538;62;4,8;56,5;38,7;65;.;81,5;18,5;80;16,3;70,0;13,8;.;.;.;.;
Torpaskolan Norr;58654483;Vänersborg;1487;Kommunal;Vänersborgs kommun;2120001538;86;3,5;59,3;37,2;103;3,9;57,3;38,8;108;10,2;67,6;22,2;19;.;57,9;42,1;
Vänerparkens skola;59193729;Vänersborg;1487;Kommunal;Vänersborgs kommun;2120001538;54;9,3;72,2;18,5;70;.;84,3;15,7;67;16,4;79,1;4,5;.;.;.;.;
Hammarskolan AB;94348319;Vännäs;2460;Kommunal;Vännäs kommun;2120002841;47;6,4;55,3;38,3;51;.;66,7;33,3;48;18,8;70,8;10,4;.;.;.;.;
Hammarskolan CD;90298777;Vännäs;2460;Kommunal;Vännäs kommun;2120002841;27;3,7;59,3;37,0;26;.;46,2;53,8;24;4,2;79,2;16,7;.;.;.;.;
Brunns skola;42434583;Värmdö;0120;Kommunal;Värmdö kommun;2120000035;52;13,5;50,0;36,5;59;.;71,2;28,8;57;12,3;66,7;21,1;.;.;.;.;
Djurö skola;18053776;Värmdö;0120;Kommunal;Värmdö kommun;2120000035;29;6,9;58,6;34,5;29;3,4;89,7;6,9;30;20,0;56,7;23,3;.;.;.;.;
Hemmestaskolan;24561769;Värmdö;0120;Kommunal;Värmdö kommun;2120000035;108;12,0;78,7;9,3;120;8,3;80,8;10,8;120;7,5;73,3;19,2;.;.;.;.;
Kvarnbergsskolan;97402564;Värmdö;0120;Kommunal;Värmdö kommun;2120000035;126;0,8;84,9;14,3;134;0,7;89,6;9,7;134;14,2;75,4;10,4;.;.;.;.;
Lemshagastiftelsen;11364996;Värmdö;0120;Enskild;Lemshagastiftelsen;8024007075;45;15,6;73,3;11,1;49;2,0;73,5;24,5;48;12,5;83,3;4,2;.;.;.;.;
Ösbyskolan;88283203;Värmdö;0120;Kommunal;Värmdö kommun;2120000035;73;6,8;53,4;39,7;77;.;58,4;41,6;81;6,2;69,1;24,7;.;.;.;.;
Apladalsskolan;40576389;Värnamo;0683;Kommunal;Värnamo kommun;2120000555;76;10,5;61,8;27,6;118;.;89,8;10,2;115;28,7;67,8;3,5;36;11,1;72,2;16,7;
Bors skola;68702432;Värnamo;0683;Kommunal;Värnamo kommun;2120000555;43;4,7;67,4;27,9;52;.;67,3;32,7;51;9,8;88,2;2,0;.;.;.;.;
Forshedaskolan;23192281;Värnamo;0683;Kommunal;Värnamo kommun;2120000555;58;17,2;67,2;15,5;66;6,1;80,3;13,6;67;17,9;76,1;6,0;.;.;.;.;
Gröndalsskolan;41729877;Värnamo;0683;Kommunal;Värnamo kommun;2120000555;97;10,3;58,8;30,9;133;1,5;82,7;15,8;130;13,1;81,5;5,4;39;2,6;28,2;69,2;
Alphaskolan;25749057;Västervik;0883;Enskild;Kunskapsnavet AB;5565121570;50;6,0;68,0;26,0;50;2,0;86,0;12,0;50;14,0;74,0;12,0;.;.;.;.;
Ankarsrums skola 7-9;72904597;Västervik;0883;Kommunal;Västerviks kommun;2120000779;36;5,6;47,2;47,2;40;.;37,5;62,5;44;9,1;70,5;20,5;.;.;.;.;
Ellen Keyskolan;27459423;Västervik;0883;Kommunal;Västerviks kommun;2120000779;120;10,0;67,5;22,5;121;.;68,6;31,4;117;26,5;66,7;6,8;.;.;.;.;
Ludvigsborgsskolan;16547623;Västervik;0883;Kommunal;Västerviks kommun;2120000779;69;20,3;55,1;24,6;77;7,8;77,9;14,3;79;21,5;75,9;2,5;.;.;.;.;
Östra Ringskolan;18058977;Västervik;0883;Kommunal;Västerviks kommun;2120000779;60;6,7;60,0;33,3;61;3,3;77,0;19,7;64;7,8;81,3;10,9;.;.;.;.;
Centuriaskolan;83896681;Västerås;1980;Enskild;021 Skol AB;5568373228;40;37,5;57,5;5,0;39;.;48,7;51,3;38;21,1;76,3;2,6;.;.;.;.;
Entréskolan Västerås;77743622;Västerås;1980;Enskild;AmiSgo AB;5568148117;33;.;66,7;33,3;32;.;78,1;21,9;33;6,1;75,8;18,2;.;.;.;.;
Fryxellska skolan;73093445;Västerås;1980;Enskild;Stiftelsen Fryx;8780016211;133;3,8;60,2;36,1;131;0,8;58,0;41,2;127;6,3;84,3;9,4;.;.;.;.;
Grundskolan Äventyret;57243353;Västerås;1980;Enskild;Stiftelsen Äventyret;8024262159;16;.;93,8;6,3;15;.;20,0;80,0;15;.;100,0;.;.;.;.;.;
Internationella Engelska Skolan Västerås;46042136;Västerås;1980;Enskild;Internationella Engelska Skolan i Sverige AB;5564624368;100;16,0;65,0;19,0;119;.;63,9;36,1;119;18,5;61,3;20,2;15;.;53,3;46,7;
Irstaskolan;61002601;Västerås;1980;Kommunal;Västerås kommun;2120002080;92;3,3;63,0;33,7;98;2,0;59,2;38,8;93;9,7;78,5;11,8;.;.;.;.;
JENSEN grundskola Västerås;44284183;Västerås;1980;Enskild;Jensen Education College AB;5566358759;86;1,2;66,3;32,6;86;16,3;73,3;10,5;82;7,3;80,5;12,2;.;.;.;.;
Kristiansborgsskolan;65736810;Västerås;1980;Kommunal;Västerås kommun;2120002080;86;5,8;48,8;45,3;104;.;70,2;29,8;118;10,2;82,2;7,6;29;3,4;34,5;62,1;
Kunskapsskolan Västerås;30576881;Västerås;1980;Enskild;Kunskapsskolan i Sverige Aktiebolag;5565661815;110;18,2;73,6;8,2;111;1,8;86,5;11,7;113;15,9;73,5;10,6;.;.;.;.;
Noblaskolan Hagaberg;30313010;Västerås;1980;Enskild;Pysslingen Förskolor och Skolor AB;5560354309;26;.;96,2;3,8;26;.;92,3;7,7;26;3,8;96,2;.;.;.;.;.;
Noblaskolan Hemdal;80009811;Västerås;1980;Enskild;Pysslingen Förskolor och Skolor AB;5560354309;40;.;70,0;30,0;37;.;64,9;35,1;43;.;79,1;20,9;.;.;.;.;
Nybyggeskolan;69664897;Västerås;1980;Kommunal;Västerås kommun;2120002080;107;1,9;34,6;63,6;149;4,0;66,4;29,5;155;11,0;81,3;7,7;40;2,5;60,0;37,5;
Persboskolan;10453232;Västerås;1980;Kommunal;Västerås kommun;2120002080;28;.;7,1;92,9;27;3,7;66,7;29,6;30;3,3;76,7;20,0;.;.;.;.;
Pettersbergsskolan;66142210;Västerås;1980;Kommunal;Västerås kommun;2120002080;28;14,3;46,4;39,3;49;4,1;89,8;6,1;42;19,0;73,8;7,1;23;4,3;73,9;21,7;
Pilträdsskolan;81265119;Västerås;1980;Enskild;Stiftelsen Källan;8780019090;.;.;.;.;20;.;65,0;35,0;21;.;100,0;.;16;12,5;68,8;18,8;
Rönnbyskolan;99408329;Västerås;1980;Kommunal;Västerås kommun;2120002080;48;4,2;60,4;35,4;43;4,7;62,8;32,6;49;20,4;79,6;.;.;.;.;.;
Skiljeboskolan;77449846;Västerås;1980;Kommunal;Västerås kommun;2120002080;71;1,4;66,2;32,4;102;.;56,9;43,1;102;3,9;87,3;8,8;25;4,0;60,0;36,0;
Skälbyskolan;50095535;Västerås;1980;Enskild;CK Utbildning AB;5569081150;28;14,3;46,4;39,3;36;.;30,6;69,4;40;40,0;55,0;5,0;.;.;.;.;
Tillbergaskolan;33439128;Västerås;1980;Kommunal;Västerås kommun;2120002080;92;10,9;51,1;38,0;96;1,0;65,6;33,3;93;20,4;75,3;4,3;.;.;.;.;
Viksängsskolan;35110948;Västerås;1980;Kommunal;Västerås kommun;2120002080;168;0,6;67,3;32,1;195;.;92,3;7,7;187;15,0;72,2;12,8;21;.;23,8;76,2;
Önstaskolan;84998800;Västerås;1980;Kommunal;Västerås kommun;2120002080;128;7,0;47,7;45,3;152;2,0;66,4;31,6;157;14,6;70,7;14,6;26;.;73,1;26,9;
Braås skola 4-9;86616046;Växjö;0780;Kommunal;Växjö kommun;2120000662;27;11,1;55,6;33,3;44;.;97,7;2,3;38;10,5;86,8;2,6;.;.;.;.;
Elin Wägnerskolan 1;49233138;Växjö;0780;Kommunal;Växjö kommun;2120000662;25;8,0;68,0;24,0;39;.;66,7;33,3;45;11,1;82,2;6,7;20;5,0;80,0;15,0;
Elin Wägnerskolan 2;17024808;Växjö;0780;Kommunal;Växjö kommun;2120000662;41;4,9;51,2;43,9;51;.;88,2;11,8;60;13,3;83,3;3,3;.;.;.;.;
Fagrabäckskolan;29751275;Växjö;0780;Kommunal;Växjö kommun;2120000662;83;7,2;72,3;20,5;114;.;55,3;44,7;116;3,4;81,0;15,5;16;12,5;81,3;6,3;
Hagavikskolans natur- och teknikinriktning;81662991;Växjö;0780;Kommunal;Växjö kommun;2120000662;41;7,3;61,0;31,7;46;.;87,0;13,0;45;35,6;62,2;2,2;.;.;.;.;
Kronoberg Skola;44785862;Växjö;0780;Enskild;Nordic International School AB;5566102033;95;8,4;60,0;31,6;102;.;93,1;6,9;94;24,5;75,5;.;.;.;.;.;
Lammhults skola 4-9;10428911;Växjö;0780;Kommunal;Växjö kommun;2120000662;23;.;78,3;21,7;27;.;63,0;37,0;26;11,5;57,7;30,8;.;.;.;.;
Norregårdskolan;12286029;Växjö;0780;Kommunal;Växjö kommun;2120000662;180;7,8;69,4;22,8;190;3,7;89,5;6,8;186;25,8;64,5;9,7;15;33,3;66,7;.;
Pär Lagerkvistskolan 7-9;18116804;Växjö;0780;Kommunal;Växjö kommun;2120000662;130;1,5;50,8;47,7;142;1,4;69,0;29,6;137;14,6;69,3;16,1;.;.;.;.;
Ringsbergskolan;65161034;Växjö;0780;Kommunal;Växjö kommun;2120000662;21;14,3;66,7;19,0;21;4,8;85,7;9,5;21;23,8;71,4;4,8;.;.;.;.;
Teleborg Centrum;72833305;Växjö;0780;Kommunal;Växjö kommun;2120000662;86;14,0;57,0;29,1;100;3,0;78,0;19,0;102;21,6;72,5;5,9;.;.;.;.;
Thoren Framtid i Växjö;69600902;Växjö;0780;Enskild;Thoren Framtid AB;5567497051;109;10,1;44,0;45,9;118;11,9;72,0;16,1;116;20,7;73,3;6,0;.;.;.;.;
Växjö Internationella Grundskola 7-9;20002379;Växjö;0780;Enskild;Lacko Internationella Grundskola AB;5568111123;17;11,8;64,7;23,5;25;.;64,0;36,0;25;.;96,0;4,0;.;.;.;.;
Ydreskolan 2;61662490;Ydre;0512;Kommunal;Ydre kommun;2120000381;42;2,4;69,0;28,6;42;7,1;71,4;21,4;42;.;97,6;2,4;.;.;.;.;
Kunskapsskolan Ystad;58980145;Ystad;1286;Enskild;Kunskapsskolan i Sverige Aktiebolag;5565661815;89;4,5;65,2;30,3;101;.;75,2;24,8;86;12,8;83,7;3,5;.;.;.;.;
Norreportskolan;89680009;Ystad;1286;Kommunal;Ystad kommun;2120001181;146;6,8;81,5;11,6;156;0,6;66,0;33,3;163;3,7;78,5;17,8;.;.;.;.;
Västerportskolan;54436997;Ystad;1286;Kommunal;Ystad kommun;2120001181;124;4,8;57,3;37,9;130;.;84,6;15,4;131;22,9;61,8;15,3;.;.;.;.;
Kristinebergskolan;36724390;Åmål;1492;Kommunal;Åmåls kommun;2120001587;102;4,9;73,5;21,6;137;1,5;77,4;21,2;133;8,3;65,4;26,3;30;10,0;60,0;30,0;
Fränstaskolan;17514337;Ånge;2260;Kommunal;Ånge kommun;2120002387;40;5,0;42,5;52,5;48;.;62,5;37,5;47;14,9;61,7;23,4;.;.;.;.;
Minervaskolan;43954518;Ånge;2260;Kommunal;Ånge kommun;2120002387;39;2,6;59,0;38,5;37;8,1;45,9;45,9;43;2,3;95,3;2,3;.;.;.;.;
Duveds skola F-9;53536862;Åre;2321;Kommunal;Åre kommun;2120002494;53;3,8;77,4;18,9;55;3,6;78,2;18,2;49;46,9;53,1;.;.;.;.;.;
Mörsil F-9;50126333;Åre;2321;Kommunal;Åre kommun;2120002494;50;6,0;54,0;40,0;48;4,2;75,0;20,8;51;2,0;78,4;19,6;.;.;.;.;
Nordmarkens skola H;55304171;Årjäng;1765;Kommunal;Årjängs kommun;2120001835;87;12,6;57,5;29,9;100;.;62,0;38,0;99;3,0;88,9;8,1;.;.;.;.;
Åsele Centralskola åk 1 - 9;43833784;Åsele;2463;Kommunal;Åsele kommun;2120002791;22;9,1;81,8;9,1;26;7,7;84,6;7,7;25;20,0;68,0;12,0;.;.;.;.;
Björnekullaskolan;97128428;Åstorp;1277;Kommunal;Åstorps kommun;2120000936;118;10,2;72,9;16,9;147;.;78,2;21,8;143;20,3;78,3;1,4;20;5,0;80,0;15,0;
Hyllinge skola;11662899;Åstorp;1277;Kommunal;Åstorps kommun;2120000936;43;16,3;60,5;23,3;53;1,9;83,0;15,1;54;29,6;59,3;11,1;.;.;.;.;
Alléskolan  7-9;56528690;Åtvidaberg;0561;Kommunal;Åtvidabergs kommun;2120000415;89;12,4;61,8;25,8;103;2,9;92,2;4,9;100;5,0;93,0;2,0;.;.;.;.;
Linnéskolan 1;53191534;Älmhult;0765;Kommunal;Älmhults kommun;2120000647;53;1,9;47,2;50,9;74;1,4;68,9;29,7;67;22,4;71,6;6,0;18;5,6;44,4;50,0;
Linnéskolan 2;66184918;Älmhult;0765;Kommunal;Älmhults kommun;2120000647;69;4,3;66,7;29,0;90;1,1;65,6;33,3;85;21,2;77,6;1,2;21;.;81,0;19,0;
Älvdalsskolan;88747700;Älvdalen;2039;Kommunal;Älvdalens kommun;2120002197;52;5,8;59,6;34,6;56;.;75,0;25,0;55;1,8;83,6;14,5;.;.;.;.;
Rotskärsskolan 7-9;96982474;Älvkarleby;0319;Kommunal;Älvkarleby kommun;2120000258;71;15,5;67,6;16,9;73;4,1;71,2;24,7;69;44,9;46,4;8,7;.;.;.;.;
Älvboda friskola;74070812;Älvkarleby;0319;Enskild;Friskolan i Skutskär Ekonomisk Förening;7696039135;23;13,0;78,3;8,7;29;.;79,3;20,7;30;13,3;76,7;10,0;.;.;.;.;
Älvåkraskolan;32970785;Älvsbyn;2560;Kommunal;Älvsbyns kommun;2120002734;58;6,9;50,0;43,1;69;.;52,2;47,8;69;10,1;79,7;10,1;.;.;.;.;
Kungsgårdsskolan SO 1;51900988;Ängelholm;1292;Kommunal;Ängelholms kommun;2120000977;65;24,6;61,5;13,8;66;1,5;90,9;7,6;68;19,1;73,5;7,4;.;.;.;.;
Kungsgårdsskolan SO 2;49648821;Ängelholm;1292;Kommunal;Ängelholms kommun;2120000977;82;11,0;70,7;18,3;94;1,1;95,7;3,2;89;23,6;69,7;6,7;.;.;.;.;
Magnarps skola SO 1;49455969;Ängelholm;1292;Kommunal;Ängelholms kommun;2120000977;29;6,9;86,2;6,9;35;.;54,3;45,7;35;11,4;80,0;8,6;.;.;.;.;
Nyhemsskolan SO 1;49730992;Ängelholm;1292;Kommunal;Ängelholms kommun;2120000977;59;1,7;66,1;32,2;63;1,6;87,3;11,1;60;36,7;61,7;1,7;.;.;.;.;
Nyhemsskolan SO 2;49786332;Ängelholm;1292;Kommunal;Ängelholms kommun;2120000977;88;1,1;71,6;27,3;92;6,5;77,2;16,3;95;16,8;83,2;.;.;.;.;.;
Strövelstorps skola SO 1;34909954;Ängelholm;1292;Kommunal;Ängelholms kommun;2120000977;32;.;71,9;28,1;30;3,3;93,3;3,3;34;11,8;82,4;5,9;.;.;.;.;
Söndrebalgs skola SO 2;62301442;Ängelholm;1292;Kommunal;Ängelholms kommun;2120000977;30;.;70,0;30,0;28;.;53,6;46,4;30;.;90,0;10,0;.;.;.;.;
Toftaskolan SO 3;45031033;Ängelholm;1292;Kommunal;Ängelholms kommun;2120000977;72;6,9;59,7;33,3;85;3,5;67,1;29,4;85;16,5;78,8;4,7;.;.;.;.;
Betelskolan;65677988;Öckerö;1407;Enskild;Betelförsamlingens Skolstiftelse;8024250972;17;.;82,4;17,6;17;11,8;52,9;35,3;.;.;.;.;.;.;.;.;
Brattebergsskolan 7-9;85862849;Öckerö;1407;Kommunal;Öckerö kommun;2120001280;66;.;84,8;15,2;72;8,3;84,7;6,9;66;.;87,9;12,1;.;.;.;.;
Hedens skola 7-9;92940771;Öckerö;1407;Kommunal;Öckerö kommun;2120001280;57;5,3;61,4;33,3;55;.;81,8;18,2;55;7,3;76,4;16,4;.;.;.;.;
Lysingskolan;34255565;Ödeshög;0509;Kommunal;Ödeshögs kommun;2120000373;31;16,1;51,6;32,3;43;4,7;83,7;11,6;45;26,7;68,9;4,4;.;.;.;.;
Adolfsbergsskolan 7-9;47684564;Örebro;1880;Kommunal;Örebro kommun;2120001967;148;16,9;54,1;29,1;150;1,3;54,0;44,7;152;28,3;67,8;3,9;.;.;.;.;
Almby skola F-9;22049573;Örebro;1880;Kommunal;Örebro kommun;2120001967;99;10,1;53,5;36,4;128;2,3;71,9;25,8;122;9,8;76,2;13,9;23;21,7;65,2;13,0;
Engelbrektsskolan;82807694;Örebro;1880;Kommunal;Örebro kommun;2120001967;123;4,9;69,1;26,0;134;3,0;65,7;31,3;139;15,8;73,4;10,8;22;13,6;68,2;18,2;
Grenadjärskolan;36409468;Örebro;1880;Enskild;Stiftelsen Grenadjärskolan;8750024062;17;.;47,1;52,9;19;.;84,2;15,8;19;5,3;94,7;.;.;.;.;.;
Gumaeliusskolan;74902204;Örebro;1880;Kommunal;Örebro kommun;2120001967;180;7,8;71,1;21,1;208;4,8;84,1;11,1;212;17,0;76,9;6,1;29;10,3;75,9;13,8;
Hannaskolan;13390547;Örebro;1880;Enskild;Stiftelsen Hannaskolan;8750023650;29;.;55,2;44,8;29;3,4;48,3;48,3;28;.;89,3;10,7;.;.;.;.;
Internationella Engelska Skolan Örebro;23908629;Örebro;1880;Enskild;Internationella Engelska Skolan i Sverige AB;5564624368;88;9,1;73,9;17,0;113;2,7;85,0;12,4;100;2,0;87,0;11,0;.;.;.;.;
JENSEN grundskola Örebro;94248837;Örebro;1880;Enskild;Jensen Education College AB;5566358759;58;1,7;70,7;27,6;59;.;78,0;22,0;55;.;69,1;30,9;.;.;.;.;
Johannaskolan Örebro Waldorfskola;11909268;Örebro;1880;Enskild;Stiftelsen Johannaskolan: Örebro Waldorfskola;8750013859;22;9,1;63,6;27,3;19;10,5;73,7;15,8;23;8,7;82,6;8,7;.;.;.;.;
Kunskapsskolan Örebro;76018506;Örebro;1880;Enskild;Kunskapsskolan i Sverige Aktiebolag;5565661815;80;1,3;83,8;15,0;90;1,1;92,2;6,7;88;6,8;92,0;1,1;.;.;.;.;
Lillåns skola 7-9;84774734;Örebro;1880;Kommunal;Örebro kommun;2120001967;134;12,7;56,0;31,3;147;7,5;85,0;7,5;147;21,1;75,5;3,4;.;.;.;.;
Mellringeskolan 7-9;26290434;Örebro;1880;Kommunal;Örebro kommun;2120001967;66;10,6;62,1;27,3;100;.;58,0;42,0;102;20,6;66,7;12,7;25;12,0;68,0;20,0;
Navet;12248380;Örebro;1880;Kommunal;Örebro kommun;2120001967;100;7,0;57,0;36,0;114;0,9;62,3;36,8;113;10,6;82,3;7,1;18;11,1;66,7;22,2;
Odenskolan;66382532;Örebro;1880;Kommunal;Örebro kommun;2120001967;46;34,8;65,2;.;44;.;68,2;31,8;47;51,1;44,7;4,3;.;.;.;.;
Olaus Petriskolan 7-9;94395043;Örebro;1880;Kommunal;Örebro kommun;2120001967;134;6,0;64,2;29,9;168;5,4;62,5;32,1;172;12,8;80,2;7,0;42;9,5;71,4;19,0;
Pops Academy Karl Johan;28067210;Örebro;1880;Enskild;Pysslingen Förskolor och Skolor AB;5560354309;91;4,4;76,9;18,7;87;1,1;58,6;40,2;88;6,8;79,5;13,6;.;.;.;.;
Viktoriaskolan;19742982;Örebro;1880;Enskild;Brickebergskyrkans Skolstiftelse;8750034491;21;9,5;57,1;33,3;23;.;65,2;34,8;23;13,0;87,0;.;.;.;.;.;
Västra Engelbrektsskolan;57966953;Örebro;1880;Kommunal;Örebro kommun;2120001967;22;9,1;50,0;40,9;46;.;69,6;30,4;43;9,3;69,8;20,9;22;18,2;68,2;13,6;
Kungsskolan;45558673;Örkelljunga;1257;Kommunal;Örkelljunga kommun;2120000878;74;6,8;55,4;37,8;83;1,2;74,7;24,1;80;11,3;60,0;28,8;.;.;.;.;
Solängskolan;10757780;Örkelljunga;1257;Enskild;Kristna Skolföreningen i Örkelljunga;8376003672;19;5,3;52,6;42,1;19;.;78,9;21,1;18;5,6;88,9;5,6;.;.;.;.;
Alneskolan 5-9;38278821;Örnsköldsvik;2284;Kommunal;Örnsköldsviks kommun;2120002445;51;2,0;80,4;17,6;52;.;80,8;19,2;52;5,8;88,5;5,8;.;.;.;.;
Anundsjöskolan;51597705;Örnsköldsvik;2284;Kommunal;Örnsköldsviks kommun;2120002445;56;16,1;66,1;17,9;58;1,7;82,8;15,5;60;43,3;55,0;1,7;.;.;.;.;
Bjästaskolan 7-9;56331671;Örnsköldsvik;2284;Kommunal;Örnsköldsviks kommun;2120002445;65;18,5;56,9;24,6;64;3,1;90,6;6,3;64;9,4;76,6;14,1;.;.;.;.;
Björnaskolan;24396451;Örnsköldsvik;2284;Kommunal;Örnsköldsviks kommun;2120002445;25;.;72,0;28,0;27;3,7;74,1;22,2;27;3,7;96,3;.;.;.;.;.;
Geneskolan;87606101;Örnsköldsvik;2284;Kommunal;Örnsköldsviks kommun;2120002445;113;6,2;54,0;39,8;118;1,7;92,4;5,9;119;20,2;72,3;7,6;.;.;.;.;
Husumskolan;33732345;Örnsköldsvik;2284;Kommunal;Örnsköldsviks kommun;2120002445;39;5,1;69,2;25,6;39;5,1;61,5;33,3;41;17,1;58,5;24,4;.;.;.;.;
Höglidenskolan;29574820;Örnsköldsvik;2284;Kommunal;Örnsköldsviks kommun;2120002445;61;6,6;57,4;36,1;82;.;73,2;26,8;82;15,9;78,0;6,1;22;13,6;54,5;31,8;
Själevadskolan 7-9;49933363;Örnsköldsvik;2284;Kommunal;Örnsköldsviks kommun;2120002445;78;5,1;62,8;32,1;73;4,1;83,6;12,3;77;18,2;75,3;6,5;.;.;.;.;
Ängetskolan 5-9;82726493;Örnsköldsvik;2284;Kommunal;Örnsköldsviks kommun;2120002445;52;25,0;61,5;13,5;52;9,6;76,9;13,5;51;5,9;90,2;3,9;.;.;.;.;
Innovitaskolan Östersund;58922041;Östersund;2380;Enskild;Pysslingen Förskolor och Skolor AB;5560354309;47;2,1;95,7;2,1;45;2,2;80,0;17,8;42;19,0;78,6;2,4;.;.;.;.;
Internationella Engelska Skolan Östersund;61128264;Östersund;2380;Enskild;Internationella Engelska Skolan i Sverige AB;5564624368;49;6,1;51,0;42,9;47;2,1;78,7;19,1;47;14,9;63,8;21,3;.;.;.;.;
Kastalskolan;22091017;Östersund;2380;Kommunal;Östersunds kommun;2120002528;76;.;53,9;46,1;80;.;25,0;75,0;77;24,7;57,1;18,2;.;.;.;.;
Lugnviksskolan;42641767;Östersund;2380;Kommunal;Östersunds kommun;2120002528;39;.;71,8;28,2;40;2,5;97,5;.;42;4,8;85,7;9,5;.;.;.;.;
Odensalaskolans grundskola;92218121;Östersund;2380;Kommunal;Östersunds kommun;2120002528;73;5,5;71,2;23,3;74;.;79,7;20,3;73;.;95,9;4,1;.;.;.;.;
Parkskolan;65831760;Östersund;2380;Kommunal;Östersunds kommun;2120002528;42;11,9;64,3;23,8;62;.;50,0;50,0;68;29,4;67,6;2,9;16;12,5;68,8;18,8;
Prolympia, Östersund;16858929;Östersund;2380;Enskild;Ulno AB;5566577705;73;11,0;60,3;28,8;71;4,2;64,8;31,0;72;27,8;70,8;1,4;.;.;.;.;
Torvallaskolan;56710032;Östersund;2380;Kommunal;Östersunds kommun;2120002528;45;2,2;44,4;53,3;68;2,9;95,6;1,5;65;7,7;86,2;6,2;15;.;40,0;60,0;
Treälvsskolan;77460055;Östersund;2380;Kommunal;Östersunds kommun;2120002528;40;7,5;50,0;42,5;46;.;37,0;63,0;41;9,8;90,2;.;.;.;.;.;
Vallaskolan;90874950;Östersund;2380;Kommunal;Östersunds kommun;2120002528;62;8,1;64,5;27,4;70;.;78,6;21,4;63;11,1;87,3;1,6;.;.;.;.;
Östbergsskolan;81045260;Östersund;2380;Kommunal;Östersunds kommun;2120002528;76;18,4;64,5;17,1;66;3,0;66,7;30,3;87;17,2;75,9;6,9;.;.;.;.;
Akers Friskola;10715898;Österåker;0117;Enskild;Österåkers Friskola AB;5565895777;24;.;100,0;.;23;17,4;73,9;8,7;24;16,7;83,3;.;.;.;.;.;
Fredsborgskolan;43869172;Österåker;0117;Enskild;Lära i Österåker AB;5567317416;107;9,3;73,8;16,8;109;7,3;80,7;11,9;108;31,5;59,3;9,3;.;.;.;.;
Helleborusskolan Österåker;59457803;Österåker;0117;Enskild;Helleborusskolan Österåker AB;5591023261;.;.;.;.;.;.;.;.;18;33,3;55,6;11,1;.;.;.;.;
Skärgårdsstadsskolan;73272488;Österåker;0117;Kommunal;Österåkers kommun;2120002890;41;29,3;56,1;14,6;42;.;88,1;11,9;43;4,7;83,7;11,6;.;.;.;.;
Solskiftesskolan;82624830;Österåker;0117;Kommunal;Österåkers kommun;2120002890;73;6,8;47,9;45,2;83;2,4;79,5;18,1;86;12,8;80,2;7,0;.;.;.;.;
Söraskolan;88712672;Österåker;0117;Kommunal;Österåkers kommun;2120002890;50;12,0;76,0;12,0;55;.;94,5;5,5;52;5,8;73,1;21,2;.;.;.;.;
Tråsättraskolan;51305351;Österåker;0117;Kommunal;Österåkers kommun;2120002890;118;2,5;82,2;15,3;119;.;81,5;18,5;123;.;95,9;4,1;.;.;.;.;
Frösåkersskolan;98029852;Östhammar;0382;Kommunal;Östhammars kommun;2120000290;76;1,3;67,1;31,6;79;1,3;73,4;25,3;82;32,9;63,4;3,7;.;.;.;.;
Olandsskolan;90876801;Östhammar;0382;Kommunal;Östhammars kommun;2120000290;52;3,8;63,5;32,7;53;1,9;50,9;47,2;49;22,4;63,3;14,3;.;.;.;.;
Vallonskolan;95523275;Östhammar;0382;Kommunal;Östhammars kommun;2120000290;23;4,3;69,6;26,1;31;3,2;80,6;16,1;30;6,7;83,3;10,0;.;.;.;.;
Österbyskolan;57548666;Östhammar;0382;Kommunal;Östhammars kommun;2120000290;37;8,1;78,4;13,5;38;5,3;34,2;60,5;38;.;92,1;7,9;.;.;.;.;
Göingeskolan;84902434;Östra Göinge;1256;Kommunal;Östra Göinge kommun;2120000860;52;7,7;88,5;3,8;73;1,4;83,6;15,1;75;.;100,0;.;.;.;.;.;
Snapphaneskolan;81683738;Östra Göinge;1256;Kommunal;Östra Göinge kommun;2120000860;60;21,7;51,7;26,7;67;.;58,2;41,8;72;11,1;66,7;22,2;.;.;.;.;
Svarträvens skola 4-9;18991431;Övertorneå;2518;Kommunal;Övertorneå kommun;2120002700;16;12,5;81,3;6,3;17;.;82,4;17,6;18;.;94,4;5,6;.;.;.;.;

Rapportbeskrivning och definitioner etc.  

Samtliga uppgifter avser elever i årskurs 9.

Svenska, antal elever med provbetyg och slutbetyg;Antal elever som har både provbetyg och slutbetyg i åk 9.;
Svenska, andel (%) elever med lägre slutbetyg jämfört med provbetyget;Andel elever som har fått lika eller avvikande slutbetyg jämfört med provbetyget. För varje elev har avvikelsen mellan slutbetyg och provbetyg beräknats. ;
;Lika, dvs. ingen avvikelse, betyder att eleven har fått samma slutbetyg som provbetyg. ;
;Högre betyder att slutbetyget är ett eller flera betygssteg över provbetyget.;
;Lägre betyder att slutbetyget är ett eller flera betygssteg under provbetyget.;
; ;

För att få ett provbetyg i respektive ämnen ska eleven ha deltagit i samtliga delprov i ämnet.
Det är enbart elever med betygsvärdena A-F i både slutbetyg och provbetyg som ingår i sammanställningen.
 
För att avvikelsen mellan slutbetyg och provbetyg ska kunna jämföras på ett rättvisande sätt mellan exempelvis skolor eller huvudmän krävs 
att de har samma, eller nästan samma, provresultat. Om så inte är fallet riskerar jämförelsen att påverkas av den s.k. takeffekten. 
Takeffekten innebär att en hög andel elever med provbetyg A i regel leder till lägre betygsavvikelse eftersom dessa elever inte kan få 
ett högre slutbetyg än provbetyg. Samtidigt tenderar en hög andel elever med provbetyg F att ge en högre betygsavvikelse, eftersom det är 
relativt vanligt att elever får provbetyg F men slutbetyg E.


