Statistik från Skolverket, https://www.skolverket.se

Gymnasieskola - Relationen mellan betyg och nationella prov
Vald termin: VT24


Skola;Skol-enhetskod;Skolkommun;Kommun-kod;Typ av huvudman;Huvudman;Huvudman orgnr;Prov;Antal elever;Andel lägre;Andel lika;Andel högre;Antal kvinnor;Andel lägre kvinnor;Andel lika kvinnor;Andel högre kvinnor;Antal män;Andel lägre män;Andel lika män;Andel högre män;
Yrkesgymnasiet Ale;93221031;Ale;1440;Enskild;Lärlingsgymnasiet i Sverige AB;5567628176;Engelska 5;53;11,3;81,1;7,5;11;9,1;90,9;.;42;11,9;78,6;9,5;
Yrkesgymnasiet Ale;93221031;Ale;1440;Enskild;Lärlingsgymnasiet i Sverige AB;5567628176;Matematik 1A;58;.;70,7;29,3;13;.;53,8;46,2;45;.;75,6;24,4;
Yrkesgymnasiet Ale;93221031;Ale;1440;Enskild;Lärlingsgymnasiet i Sverige AB;5567628176;Svenska 1;56;3,6;73,2;23,2;13;7,7;61,5;30,8;43;2,3;76,7;20,9;
Alingsås Yrkesgymnasium;17474377;Alingsås;1489;Enskild;Alingsås Yrkesgymnasium AB;5567290548;Engelska 5;24;4,2;83,3;12,5;8;..;..;..;16;..;..;..;
Alingsås Yrkesgymnasium;17474377;Alingsås;1489;Enskild;Alingsås Yrkesgymnasium AB;5567290548;Matematik 1A;46;.;65,2;34,8;17;.;64,7;35,3;29;.;65,5;34,5;
Alingsås Yrkesgymnasium;17474377;Alingsås;1489;Enskild;Alingsås Yrkesgymnasium AB;5567290548;Svenska 1;29;6,9;79,3;13,8;9;..;..;..;20;..;..;..;
Alströmergymnasiet sektor 2;18345915;Alingsås;1489;Kommunal;Alingsås kommun;2120001553;Engelska 5;17;47,1;52,9;.;1;..;..;..;16;..;..;..;
Alströmergymnasiet sektor 2;18345915;Alingsås;1489;Kommunal;Alingsås kommun;2120001553;Engelska 6;102;2,9;91,2;5,9;26;3,8;96,2;.;76;2,6;89,5;7,9;
Alströmergymnasiet sektor 2;18345915;Alingsås;1489;Kommunal;Alingsås kommun;2120001553;Matematik 1A;17;.;94,1;5,9;2;..;..;..;15;..;..;..;
Alströmergymnasiet sektor 2;18345915;Alingsås;1489;Kommunal;Alingsås kommun;2120001553;Matematik 4;41;.;75,6;24,4;12;.;83,3;16,7;29;.;72,4;27,6;
Alströmergymnasiet sektor 2;18345915;Alingsås;1489;Kommunal;Alingsås kommun;2120001553;Svenska 1;15;.;73,3;26,7;1;..;..;..;14;..;..;..;
Alströmergymnasiet sektor 2;18345915;Alingsås;1489;Kommunal;Alingsås kommun;2120001553;Svenska 3;72;2,8;61,1;36,1;22;4,5;72,7;22,7;50;2,0;56,0;42,0;
Alströmergymnasiet sektor 2;18345915;Alingsås;1489;Kommunal;Alingsås kommun;2120001553;Svenska som andraspråk 3;8;..;..;..;4;..;..;..;4;..;..;..;
Alströmergymnasiet sektor 3;68229719;Alingsås;1489;Kommunal;Alingsås kommun;2120001553;Engelska 5;15;6,7;80,0;13,3;11;..;..;..;4;..;..;..;
Alströmergymnasiet sektor 3;68229719;Alingsås;1489;Kommunal;Alingsås kommun;2120001553;Engelska 6;77;13,0;80,5;6,5;52;15,4;75,0;9,6;25;8,0;92,0;.;
Alströmergymnasiet sektor 3;68229719;Alingsås;1489;Kommunal;Alingsås kommun;2120001553;Matematik 1A;15;.;86,7;13,3;11;..;..;..;4;..;..;..;
Alströmergymnasiet sektor 3;68229719;Alingsås;1489;Kommunal;Alingsås kommun;2120001553;Matematik 2B;63;.;71,4;28,6;41;.;68,3;31,7;22;.;77,3;22,7;
Alströmergymnasiet sektor 3;68229719;Alingsås;1489;Kommunal;Alingsås kommun;2120001553;Svenska 1;12;33,3;33,3;33,3;9;..;..;..;3;..;..;..;
Alströmergymnasiet sektor 3;68229719;Alingsås;1489;Kommunal;Alingsås kommun;2120001553;Svenska 3;60;16,7;58,3;25,0;37;21,6;45,9;32,4;23;8,7;78,3;13,0;
Alströmergymnasiet sektor 3;68229719;Alingsås;1489;Kommunal;Alingsås kommun;2120001553;Svenska som andraspråk 1;3;..;..;..;3;..;..;..;.;.;.;.;
Alströmergymnasiet sektor 4;61004230;Alingsås;1489;Kommunal;Alingsås kommun;2120001553;Engelska 5;57;10,5;78,9;10,5;13;7,7;84,6;7,7;44;11,4;77,3;11,4;
Alströmergymnasiet sektor 4;61004230;Alingsås;1489;Kommunal;Alingsås kommun;2120001553;Engelska 6;104;14,4;76,9;8,7;55;14,5;76,4;9,1;49;14,3;77,6;8,2;
Alströmergymnasiet sektor 4;61004230;Alingsås;1489;Kommunal;Alingsås kommun;2120001553;Matematik 1A;60;.;73,3;26,7;14;.;71,4;28,6;46;.;73,9;26,1;
Alströmergymnasiet sektor 4;61004230;Alingsås;1489;Kommunal;Alingsås kommun;2120001553;Matematik 1B;10;.;80,0;20,0;9;..;..;..;1;..;..;..;
Alströmergymnasiet sektor 4;61004230;Alingsås;1489;Kommunal;Alingsås kommun;2120001553;Matematik 2B;32;.;65,6;34,4;18;.;66,7;33,3;14;.;64,3;35,7;
Alströmergymnasiet sektor 4;61004230;Alingsås;1489;Kommunal;Alingsås kommun;2120001553;Matematik 3B;50;.;80,0;20,0;23;.;69,6;30,4;27;.;88,9;11,1;
Alströmergymnasiet sektor 4;61004230;Alingsås;1489;Kommunal;Alingsås kommun;2120001553;Svenska 1;47;2,1;59,6;38,3;10;.;50,0;50,0;37;2,7;62,2;35,1;
Alströmergymnasiet sektor 4;61004230;Alingsås;1489;Kommunal;Alingsås kommun;2120001553;Svenska 3;91;6,6;56,0;37,4;54;5,6;51,9;42,6;37;8,1;62,2;29,7;
Alströmergymnasiet sektor 4;61004230;Alingsås;1489;Kommunal;Alingsås kommun;2120001553;Svenska som andraspråk 1;8;..;..;..;1;..;..;..;7;..;..;..;
Alströmergymnasiet sektor 4;61004230;Alingsås;1489;Kommunal;Alingsås kommun;2120001553;Svenska som andraspråk 3;2;..;..;..;.;.;.;.;2;..;..;..;
Alströmergymnasiet sektor 5;67768292;Alingsås;1489;Kommunal;Alingsås kommun;2120001553;Engelska 5;14;7,1;92,9;.;6;..;..;..;8;..;..;..;
Alströmergymnasiet sektor 5;67768292;Alingsås;1489;Kommunal;Alingsås kommun;2120001553;Matematik 1A;1;..;..;..;1;..;..;..;.;.;.;.;
Alströmergymnasiet sektor 5;67768292;Alingsås;1489;Kommunal;Alingsås kommun;2120001553;Svenska 1;12;16,7;58,3;25,0;4;..;..;..;8;..;..;..;
Alströmergymnasiet sektor 5;67768292;Alingsås;1489;Kommunal;Alingsås kommun;2120001553;Svenska som andraspråk 1;1;..;..;..;1;..;..;..;.;.;.;.;
Alvesta Gymnasieskola;75459583;Alvesta;0764;Kommunal;Alvesta kommun;2120000639;Engelska 5;2;..;..;..;2;..;..;..;.;.;.;.;
Sandbackaskolan;84947634;Arvidsjaur;2505;Kommunal;Arvidsjaurs kommun;2120002650;Engelska 5;29;6,9;79,3;13,8;8;..;..;..;21;..;..;..;
Sandbackaskolan;84947634;Arvidsjaur;2505;Kommunal;Arvidsjaurs kommun;2120002650;Engelska 6;15;6,7;66,7;26,7;8;..;..;..;7;..;..;..;
Sandbackaskolan;84947634;Arvidsjaur;2505;Kommunal;Arvidsjaurs kommun;2120002650;Matematik 1A;40;5,0;85,0;10,0;10;.;90,0;10,0;30;6,7;83,3;10,0;
Sandbackaskolan;84947634;Arvidsjaur;2505;Kommunal;Arvidsjaurs kommun;2120002650;Matematik 3B;10;.;70,0;30,0;8;..;..;..;2;..;..;..;
Sandbackaskolan;84947634;Arvidsjaur;2505;Kommunal;Arvidsjaurs kommun;2120002650;Matematik 4;3;..;..;..;1;..;..;..;2;..;..;..;
Sandbackaskolan;84947634;Arvidsjaur;2505;Kommunal;Arvidsjaurs kommun;2120002650;Svenska 1;39;5,1;59,0;35,9;11;9,1;63,6;27,3;28;3,6;57,1;39,3;
Sandbackaskolan;84947634;Arvidsjaur;2505;Kommunal;Arvidsjaurs kommun;2120002650;Svenska 3;23;.;69,6;30,4;16;..;..;..;7;..;..;..;
Sandbackaskolan;84947634;Arvidsjaur;2505;Kommunal;Arvidsjaurs kommun;2120002650;Svenska som andraspråk 1;1;..;..;..;.;.;.;.;1;..;..;..;
Estetiska skolan, gymnasiet;23517336;Arvika;1784;Enskild;Estetiska Skolan Arvika;8740020212;Engelska 6;9;..;..;..;6;..;..;..;3;..;..;..;
Estetiska skolan, gymnasiet;23517336;Arvika;1784;Enskild;Estetiska Skolan Arvika;8740020212;Matematik 1B;13;.;100,0;.;10;..;..;..;3;..;..;..;
Estetiska skolan, gymnasiet;23517336;Arvika;1784;Enskild;Estetiska Skolan Arvika;8740020212;Svenska 3;13;.;76,9;23,1;10;..;..;..;3;..;..;..;
Solbergagymnasiet;48009865;Arvika;1784;Kommunal;Arvika kommun;2120001892;Engelska 6;73;5,5;72,6;21,9;39;2,6;76,9;20,5;34;8,8;67,6;23,5;
Solbergagymnasiet;48009865;Arvika;1784;Kommunal;Arvika kommun;2120001892;Matematik 2B;41;.;73,2;26,8;32;..;..;..;9;..;..;..;
Solbergagymnasiet;48009865;Arvika;1784;Kommunal;Arvika kommun;2120001892;Matematik 3B;17;.;82,4;17,6;12;..;..;..;5;..;..;..;
Solbergagymnasiet;48009865;Arvika;1784;Kommunal;Arvika kommun;2120001892;Matematik 3C;7;..;..;..;1;..;..;..;6;..;..;..;
Solbergagymnasiet;48009865;Arvika;1784;Kommunal;Arvika kommun;2120001892;Svenska 3;68;7,4;61,8;30,9;47;10,6;61,7;27,7;21;.;61,9;38,1;
Solbergagymnasiet;48009865;Arvika;1784;Kommunal;Arvika kommun;2120001892;Svenska som andraspråk 3;9;..;..;..;6;..;..;..;3;..;..;..;
Taserudsgymnasiet;68518617;Arvika;1784;Kommunal;Arvika kommun;2120001892;Engelska 5;66;7,6;75,8;16,7;31;9,7;67,7;22,6;35;5,7;82,9;11,4;
Taserudsgymnasiet;68518617;Arvika;1784;Kommunal;Arvika kommun;2120001892;Matematik 1A;36;.;66,7;33,3;21;.;76,2;23,8;15;.;53,3;46,7;
Taserudsgymnasiet;68518617;Arvika;1784;Kommunal;Arvika kommun;2120001892;Svenska 1;51;.;37,3;62,7;21;.;38,1;61,9;30;.;36,7;63,3;
Taserudsgymnasiet;68518617;Arvika;1784;Kommunal;Arvika kommun;2120001892;Svenska som andraspråk 1;5;..;..;..;2;..;..;..;3;..;..;..;
Karlfeldtgymnasiet;30376472;Avesta;2084;Kommunal;Avesta kommun;2120002262;Engelska 5;124;.;88,7;11,3;41;.;82,9;17,1;83;.;91,6;8,4;
Karlfeldtgymnasiet;30376472;Avesta;2084;Kommunal;Avesta kommun;2120002262;Engelska 6;92;5,4;73,9;20,7;57;3,5;68,4;28,1;35;8,6;82,9;8,6;
Karlfeldtgymnasiet;30376472;Avesta;2084;Kommunal;Avesta kommun;2120002262;Matematik 1A;108;.;91,7;8,3;37;.;91,9;8,1;71;.;91,5;8,5;
Karlfeldtgymnasiet;30376472;Avesta;2084;Kommunal;Avesta kommun;2120002262;Matematik 1B;6;..;..;..;6;..;..;..;.;.;.;.;
Karlfeldtgymnasiet;30376472;Avesta;2084;Kommunal;Avesta kommun;2120002262;Matematik 2B;37;.;56,8;43,2;24;.;50,0;50,0;13;.;69,2;30,8;
Karlfeldtgymnasiet;30376472;Avesta;2084;Kommunal;Avesta kommun;2120002262;Matematik 3B;10;.;80,0;20,0;6;..;..;..;4;..;..;..;
Karlfeldtgymnasiet;30376472;Avesta;2084;Kommunal;Avesta kommun;2120002262;Matematik 3C;8;..;..;..;3;..;..;..;5;..;..;..;
Karlfeldtgymnasiet;30376472;Avesta;2084;Kommunal;Avesta kommun;2120002262;Matematik 4;9;..;..;..;6;..;..;..;3;..;..;..;
Karlfeldtgymnasiet;30376472;Avesta;2084;Kommunal;Avesta kommun;2120002262;Svenska 1;106;1,9;61,3;36,8;39;2,6;69,2;28,2;67;1,5;56,7;41,8;
Karlfeldtgymnasiet;30376472;Avesta;2084;Kommunal;Avesta kommun;2120002262;Svenska 3;83;3,6;45,8;50,6;56;3,6;44,6;51,8;27;3,7;48,1;48,1;
Karlfeldtgymnasiet;30376472;Avesta;2084;Kommunal;Avesta kommun;2120002262;Svenska som andraspråk 1;4;..;..;..;.;.;.;.;4;..;..;..;
Karlfeldtgymnasiet;30376472;Avesta;2084;Kommunal;Avesta kommun;2120002262;Svenska som andraspråk 3;12;.;50,0;50,0;6;..;..;..;6;..;..;..;
Strömkullegymnasiet;19464342;Bengtsfors;1460;Kommunal;Bengtsfors kommun;2120001470;Svenska 3;5;..;..;..;3;..;..;..;2;..;..;..;
Fjällgymnasiet;60743463;Berg;2326;Kommunal;Bergs kommun;2120002502;Engelska 6;21;.;42,9;57,1;6;..;..;..;15;..;..;..;
Fjällgymnasiet;60743463;Berg;2326;Kommunal;Bergs kommun;2120002502;Matematik 2B;3;..;..;..;1;..;..;..;2;..;..;..;
Fjällgymnasiet;60743463;Berg;2326;Kommunal;Bergs kommun;2120002502;Matematik 3B;8;..;..;..;2;..;..;..;6;..;..;..;
Fjällgymnasiet;60743463;Berg;2326;Kommunal;Bergs kommun;2120002502;Svenska 3;20;10,0;40,0;50,0;10;10,0;50,0;40,0;10;10,0;30,0;60,0;
Fjällgymnasiet;60743463;Berg;2326;Kommunal;Bergs kommun;2120002502;Svenska som andraspråk 3;1;..;..;..;1;..;..;..;.;.;.;.;
Björknäsgymnasiet Enhet 1;32960825;Boden;2582;Kommunal;Bodens kommun;2120002767;Engelska 5;24;16,7;79,2;4,2;14;14,3;78,6;7,1;10;20,0;80,0;.;
Björknäsgymnasiet Enhet 1;32960825;Boden;2582;Kommunal;Bodens kommun;2120002767;Matematik 1A;13;7,7;76,9;15,4;11;..;..;..;2;..;..;..;
Björknäsgymnasiet Enhet 1;32960825;Boden;2582;Kommunal;Bodens kommun;2120002767;Svenska 1;23;4,3;60,9;34,8;14;..;..;..;9;..;..;..;
Björknäsgymnasiet Enhet 2;43609520;Boden;2582;Kommunal;Bodens kommun;2120002767;Engelska 6;78;10,3;79,5;10,3;48;4,2;81,3;14,6;30;20,0;76,7;3,3;
Björknäsgymnasiet Enhet 2;43609520;Boden;2582;Kommunal;Bodens kommun;2120002767;Matematik 1B;15;.;93,3;6,7;3;..;..;..;12;..;..;..;
Björknäsgymnasiet Enhet 2;43609520;Boden;2582;Kommunal;Bodens kommun;2120002767;Matematik 2B;18;.;83,3;16,7;9;..;..;..;9;..;..;..;
Björknäsgymnasiet Enhet 2;43609520;Boden;2582;Kommunal;Bodens kommun;2120002767;Matematik 3B;16;.;12,5;87,5;11;..;..;..;5;..;..;..;
Björknäsgymnasiet Enhet 2;43609520;Boden;2582;Kommunal;Bodens kommun;2120002767;Matematik 4;2;..;..;..;.;.;.;.;2;..;..;..;
Björknäsgymnasiet Enhet 2;43609520;Boden;2582;Kommunal;Bodens kommun;2120002767;Svenska 3;57;10,5;36,8;52,6;31;3,2;35,5;61,3;26;19,2;38,5;42,3;
Björknäsgymnasiet Enhet 2;43609520;Boden;2582;Kommunal;Bodens kommun;2120002767;Svenska som andraspråk 3;6;..;..;..;5;..;..;..;1;..;..;..;
Björknäsgymnasiet Enhet 3;41416934;Boden;2582;Kommunal;Bodens kommun;2120002767;Engelska 5;63;7,9;54,0;38,1;18;5,6;44,4;50,0;45;8,9;57,8;33,3;
Björknäsgymnasiet Enhet 3;41416934;Boden;2582;Kommunal;Bodens kommun;2120002767;Engelska 6;11;36,4;27,3;36,4;4;..;..;..;7;..;..;..;
Björknäsgymnasiet Enhet 3;41416934;Boden;2582;Kommunal;Bodens kommun;2120002767;Matematik 1A;88;11,4;67,0;21,6;20;10,0;50,0;40,0;68;11,8;72,1;16,2;
Björknäsgymnasiet Enhet 3;41416934;Boden;2582;Kommunal;Bodens kommun;2120002767;Matematik 3C;12;.;16,7;83,3;6;..;..;..;6;..;..;..;
Björknäsgymnasiet Enhet 3;41416934;Boden;2582;Kommunal;Bodens kommun;2120002767;Svenska 1;87;1,1;63,2;35,6;19;.;63,2;36,8;68;1,5;63,2;35,3;
Björknäsgymnasiet Enhet 3;41416934;Boden;2582;Kommunal;Bodens kommun;2120002767;Svenska 3;17;11,8;70,6;17,6;4;..;..;..;13;..;..;..;
Björknäsgymnasiet Enhet 3;41416934;Boden;2582;Kommunal;Bodens kommun;2120002767;Svenska som andraspråk 1;1;..;..;..;.;.;.;.;1;..;..;..;
Friskolan Nytorp;21567982;Bollnäs;2183;Enskild;Friskolan Nytorp AB;5568813561;Engelska 5;32;15,6;59,4;25,0;11;18,2;45,5;36,4;21;14,3;66,7;19,0;
Friskolan Nytorp;21567982;Bollnäs;2183;Enskild;Friskolan Nytorp AB;5568813561;Matematik 1A;32;.;81,3;18,8;11;.;81,8;18,2;21;.;81,0;19,0;
Friskolan Nytorp;21567982;Bollnäs;2183;Enskild;Friskolan Nytorp AB;5568813561;Svenska 1;31;.;77,4;22,6;12;.;58,3;41,7;19;.;89,5;10,5;
Naturlära i Hälsingland;49379603;Bollnäs;2183;Enskild;NaturLära i Hälsingland AB;5568554314;Engelska 5;8;..;..;..;8;..;..;..;.;.;.;.;
Naturlära i Hälsingland;49379603;Bollnäs;2183;Enskild;NaturLära i Hälsingland AB;5568554314;Matematik 1A;8;..;..;..;8;..;..;..;.;.;.;.;
Naturlära i Hälsingland;49379603;Bollnäs;2183;Enskild;NaturLära i Hälsingland AB;5568554314;Svenska 1;10;10,0;80,0;10,0;10;..;..;..;.;.;.;.;
Torsbergsgymnasiet RO4;73171934;Bollnäs;2183;Kommunal;Hälsinglands Utbildningsförbund;2220003111;Engelska 5;1;..;..;..;1;..;..;..;.;.;.;.;
Torsbergsgymnasiet RO4;73171934;Bollnäs;2183;Kommunal;Hälsinglands Utbildningsförbund;2220003111;Engelska 6;53;7,5;77,4;15,1;42;4,8;78,6;16,7;11;18,2;72,7;9,1;
Torsbergsgymnasiet RO4;73171934;Bollnäs;2183;Kommunal;Hälsinglands Utbildningsförbund;2220003111;Matematik 1A;1;..;..;..;1;..;..;..;.;.;.;.;
Torsbergsgymnasiet RO4;73171934;Bollnäs;2183;Kommunal;Hälsinglands Utbildningsförbund;2220003111;Matematik 1B;29;.;93,1;6,9;21;..;..;..;8;..;..;..;
Torsbergsgymnasiet RO4;73171934;Bollnäs;2183;Kommunal;Hälsinglands Utbildningsförbund;2220003111;Matematik 2B;24;.;70,8;29,2;20;..;..;..;4;..;..;..;
Torsbergsgymnasiet RO4;73171934;Bollnäs;2183;Kommunal;Hälsinglands Utbildningsförbund;2220003111;Svenska 3;57;3,5;36,8;59,6;40;2,5;35,0;62,5;17;5,9;41,2;52,9;
Torsbergsgymnasiet RO4;73171934;Bollnäs;2183;Kommunal;Hälsinglands Utbildningsförbund;2220003111;Svenska som andraspråk 1;1;..;..;..;1;..;..;..;.;.;.;.;
Torsbergsgymnasiet RO4;73171934;Bollnäs;2183;Kommunal;Hälsinglands Utbildningsförbund;2220003111;Svenska som andraspråk 3;6;..;..;..;2;..;..;..;4;..;..;..;
Torsbergsgymnasiet RO5;83474173;Bollnäs;2183;Kommunal;Hälsinglands Utbildningsförbund;2220003111;Engelska 5;106;11,3;80,2;8,5;52;9,6;80,8;9,6;54;13,0;79,6;7,4;
Torsbergsgymnasiet RO5;83474173;Bollnäs;2183;Kommunal;Hälsinglands Utbildningsförbund;2220003111;Engelska 6;3;..;..;..;3;..;..;..;.;.;.;.;
Torsbergsgymnasiet RO5;83474173;Bollnäs;2183;Kommunal;Hälsinglands Utbildningsförbund;2220003111;Matematik 1A;107;.;93,5;6,5;50;.;94,0;6,0;57;.;93,0;7,0;
Torsbergsgymnasiet RO5;83474173;Bollnäs;2183;Kommunal;Hälsinglands Utbildningsförbund;2220003111;Svenska 1;86;1,2;70,9;27,9;39;2,6;71,8;25,6;47;.;70,2;29,8;
Torsbergsgymnasiet RO5;83474173;Bollnäs;2183;Kommunal;Hälsinglands Utbildningsförbund;2220003111;Svenska 3;1;..;..;..;1;..;..;..;.;.;.;.;
Torsbergsgymnasiet RO5;83474173;Bollnäs;2183;Kommunal;Hälsinglands Utbildningsförbund;2220003111;Svenska som andraspråk 1;24;.;66,7;33,3;16;..;..;..;8;..;..;..;
Hagagymnasiet;74434644;Borlänge;2081;Kommunal;Borlänge kommun;2120002239;Engelska 5;49;8,2;79,6;12,2;31;9,7;77,4;12,9;18;5,6;83,3;11,1;
Hagagymnasiet;74434644;Borlänge;2081;Kommunal;Borlänge kommun;2120002239;Engelska 6;86;3,5;50,0;46,5;48;.;45,8;54,2;38;7,9;55,3;36,8;
Hagagymnasiet;74434644;Borlänge;2081;Kommunal;Borlänge kommun;2120002239;Matematik 1A;55;.;81,8;18,2;37;.;81,1;18,9;18;.;83,3;16,7;
Hagagymnasiet;74434644;Borlänge;2081;Kommunal;Borlänge kommun;2120002239;Matematik 2B;66;.;66,7;33,3;43;.;60,5;39,5;23;.;78,3;21,7;
Hagagymnasiet;74434644;Borlänge;2081;Kommunal;Borlänge kommun;2120002239;Matematik 3B;40;.;37,5;62,5;16;.;25,0;75,0;24;.;45,8;54,2;
Hagagymnasiet;74434644;Borlänge;2081;Kommunal;Borlänge kommun;2120002239;Svenska 1;45;8,9;46,7;44,4;30;10,0;40,0;50,0;15;6,7;60,0;33,3;
Hagagymnasiet;74434644;Borlänge;2081;Kommunal;Borlänge kommun;2120002239;Svenska 3;84;.;79,8;20,2;44;.;72,7;27,3;40;.;87,5;12,5;
Hagagymnasiet;74434644;Borlänge;2081;Kommunal;Borlänge kommun;2120002239;Svenska som andraspråk 1;7;..;..;..;4;..;..;..;3;..;..;..;
Hagagymnasiet;74434644;Borlänge;2081;Kommunal;Borlänge kommun;2120002239;Svenska som andraspråk 3;15;.;40,0;60,0;11;..;..;..;4;..;..;..;
Hushagsgymnasiet;68769650;Borlänge;2081;Kommunal;Borlänge kommun;2120002239;Engelska 5;144;5,6;62,5;31,9;23;.;56,5;43,5;121;6,6;63,6;29,8;
Hushagsgymnasiet;68769650;Borlänge;2081;Kommunal;Borlänge kommun;2120002239;Matematik 1A;176;.;79,5;20,5;34;.;76,5;23,5;142;.;80,3;19,7;
Hushagsgymnasiet;68769650;Borlänge;2081;Kommunal;Borlänge kommun;2120002239;Svenska 1;152;3,9;62,5;33,6;30;6,7;63,3;30,0;122;3,3;62,3;34,4;
Hushagsgymnasiet;68769650;Borlänge;2081;Kommunal;Borlänge kommun;2120002239;Svenska som andraspråk 1;4;..;..;..;.;.;.;.;4;..;..;..;
NTI Gymnasiet Borlänge;42022406;Borlänge;2081;Enskild;NTI Gymnasiet Helix AB;5566747290;Engelska 5;11;.;63,6;36,4;1;..;..;..;10;..;..;..;
NTI Gymnasiet Borlänge;42022406;Borlänge;2081;Enskild;NTI Gymnasiet Helix AB;5566747290;Engelska 6;15;.;60,0;40,0;2;..;..;..;13;..;..;..;
NTI Gymnasiet Borlänge;42022406;Borlänge;2081;Enskild;NTI Gymnasiet Helix AB;5566747290;Matematik 1A;11;.;100,0;.;1;..;..;..;10;..;..;..;
NTI Gymnasiet Borlänge;42022406;Borlänge;2081;Enskild;NTI Gymnasiet Helix AB;5566747290;Matematik 1B;19;.;78,9;21,1;13;..;..;..;6;..;..;..;
NTI Gymnasiet Borlänge;42022406;Borlänge;2081;Enskild;NTI Gymnasiet Helix AB;5566747290;Matematik 3C;8;..;..;..;.;.;.;.;8;..;..;..;
NTI Gymnasiet Borlänge;42022406;Borlänge;2081;Enskild;NTI Gymnasiet Helix AB;5566747290;Svenska 1;10;10,0;40,0;50,0;1;..;..;..;9;..;..;..;
NTI Gymnasiet Borlänge;42022406;Borlänge;2081;Enskild;NTI Gymnasiet Helix AB;5566747290;Svenska 3;11;18,2;36,4;45,5;2;..;..;..;9;..;..;..;
NTI Gymnasiet Borlänge;42022406;Borlänge;2081;Enskild;NTI Gymnasiet Helix AB;5566747290;Svenska som andraspråk 1;1;..;..;..;.;.;.;.;1;..;..;..;
NTI Gymnasiet Borlänge;42022406;Borlänge;2081;Enskild;NTI Gymnasiet Helix AB;5566747290;Svenska som andraspråk 3;1;..;..;..;1;..;..;..;.;.;.;.;
Realgymnasiet i Borlänge;11858071;Borlänge;2081;Enskild;Lärande i Sverige AB;5565715892;Matematik 1A;1;..;..;..;1;..;..;..;.;.;.;.;
Rytmus Borlänge;31322470;Borlänge;2081;Enskild;Rytmus AB;5564648979;Engelska 6;32;.;90,6;9,4;18;.;88,9;11,1;14;.;92,9;7,1;
Rytmus Borlänge;31322470;Borlänge;2081;Enskild;Rytmus AB;5564648979;Matematik 1B;40;.;75,0;25,0;22;.;59,1;40,9;18;.;94,4;5,6;
Rytmus Borlänge;31322470;Borlänge;2081;Enskild;Rytmus AB;5564648979;Svenska 3;38;10,5;71,1;18,4;14;14,3;50,0;35,7;24;8,3;83,3;8,3;
Rytmus Borlänge;31322470;Borlänge;2081;Enskild;Rytmus AB;5564648979;Svenska som andraspråk 3;1;..;..;..;.;.;.;.;1;..;..;..;
Soltorgsgymnasiet;65192707;Borlänge;2081;Kommunal;Borlänge kommun;2120002239;Engelska 6;153;2,0;83,7;14,4;67;1,5;82,1;16,4;86;2,3;84,9;12,8;
Soltorgsgymnasiet;65192707;Borlänge;2081;Kommunal;Borlänge kommun;2120002239;Matematik 1B;24;.;75,0;25,0;19;..;..;..;5;..;..;..;
Soltorgsgymnasiet;65192707;Borlänge;2081;Kommunal;Borlänge kommun;2120002239;Matematik 3C;46;.;80,4;19,6;14;.;71,4;28,6;32;.;84,4;15,6;
Soltorgsgymnasiet;65192707;Borlänge;2081;Kommunal;Borlänge kommun;2120002239;Matematik 4;68;.;70,6;29,4;27;.;63,0;37,0;41;.;75,6;24,4;
Soltorgsgymnasiet;65192707;Borlänge;2081;Kommunal;Borlänge kommun;2120002239;Svenska 3;115;4,3;57,4;38,3;61;.;59,0;41,0;54;9,3;55,6;35,2;
Soltorgsgymnasiet;65192707;Borlänge;2081;Kommunal;Borlänge kommun;2120002239;Svenska som andraspråk 3;8;..;..;..;4;..;..;..;4;..;..;..;
Almåsgymnasiet A;18425335;Borås;1490;Kommunal;Borås kommun;2120001561;Engelska 5;68;8,8;85,3;5,9;40;7,5;85,0;7,5;28;10,7;85,7;3,6;
Almåsgymnasiet A;18425335;Borås;1490;Kommunal;Borås kommun;2120001561;Matematik 1A;89;2,2;51,7;46,1;60;.;43,3;56,7;29;6,9;69,0;24,1;
Almåsgymnasiet B;93281974;Borås;1490;Kommunal;Borås kommun;2120001561;Engelska 5;68;13,2;67,6;19,1;45;15,6;73,3;11,1;23;8,7;56,5;34,8;
Almåsgymnasiet B;93281974;Borås;1490;Kommunal;Borås kommun;2120001561;Matematik 1A;67;.;37,3;62,7;43;.;39,5;60,5;24;.;33,3;66,7;
Almåsgymnasiet B;93281974;Borås;1490;Kommunal;Borås kommun;2120001561;Svenska 1;26;.;65,4;34,6;16;.;56,3;43,8;10;.;80,0;20,0;
Almåsgymnasiet B;93281974;Borås;1490;Kommunal;Borås kommun;2120001561;Svenska som andraspråk 1;10;.;60,0;40,0;6;..;..;..;4;..;..;..;
Almåsgymnasiet C;23424275;Borås;1490;Kommunal;Borås kommun;2120001561;Engelska 5;55;5,5;76,4;18,2;38;2,6;73,7;23,7;17;11,8;82,4;5,9;
Almåsgymnasiet C;23424275;Borås;1490;Kommunal;Borås kommun;2120001561;Matematik 1A;70;.;34,3;65,7;54;.;38,9;61,1;16;.;18,8;81,3;
Almåsgymnasiet C;23424275;Borås;1490;Kommunal;Borås kommun;2120001561;Svenska 1;24;8,3;45,8;45,8;15;..;..;..;9;..;..;..;
Bäckängsgymnasiet A;43634528;Borås;1490;Kommunal;Borås kommun;2120001561;Engelska 6;108;30,6;59,3;10,2;60;23,3;65,0;11,7;48;39,6;52,1;8,3;
Bäckängsgymnasiet A;43634528;Borås;1490;Kommunal;Borås kommun;2120001561;Matematik 4;64;.;85,9;14,1;32;.;75,0;25,0;32;.;96,9;3,1;
Bäckängsgymnasiet A;43634528;Borås;1490;Kommunal;Borås kommun;2120001561;Svenska 3;72;9,7;58,3;31,9;35;.;62,9;37,1;37;18,9;54,1;27,0;
Bäckängsgymnasiet A;43634528;Borås;1490;Kommunal;Borås kommun;2120001561;Svenska som andraspråk 3;63;1,6;71,4;27,0;38;.;63,2;36,8;25;4,0;84,0;12,0;
Bäckängsgymnasiet B;36263479;Borås;1490;Kommunal;Borås kommun;2120001561;Engelska 6;135;16,3;77,8;5,9;108;13,0;79,6;7,4;27;29,6;70,4;.;
Bäckängsgymnasiet B;36263479;Borås;1490;Kommunal;Borås kommun;2120001561;Matematik 2B;121;.;76,9;23,1;100;.;78,0;22,0;21;.;71,4;28,6;
Bäckängsgymnasiet B;36263479;Borås;1490;Kommunal;Borås kommun;2120001561;Svenska 3;103;10,7;53,4;35,9;75;5,3;49,3;45,3;28;25,0;64,3;10,7;
Bäckängsgymnasiet C;56679384;Borås;1490;Kommunal;Borås kommun;2120001561;Engelska 6;65;15,4;72,3;12,3;59;..;..;..;6;..;..;..;
Bäckängsgymnasiet C;56679384;Borås;1490;Kommunal;Borås kommun;2120001561;Matematik 1B;94;.;78,7;21,3;85;..;..;..;9;..;..;..;
Bäckängsgymnasiet C;56679384;Borås;1490;Kommunal;Borås kommun;2120001561;Svenska 3;57;3,5;45,6;50,9;49;..;..;..;8;..;..;..;
Bäckängsgymnasiet D;30538202;Borås;1490;Kommunal;Borås kommun;2120001561;Engelska 6;19;15,8;68,4;15,8;16;..;..;..;3;..;..;..;
Bäckängsgymnasiet D;30538202;Borås;1490;Kommunal;Borås kommun;2120001561;Svenska 3;14;21,4;42,9;35,7;12;..;..;..;2;..;..;..;
Bäckängsgymnasiet E;11138440;Borås;1490;Kommunal;Borås kommun;2120001561;Engelska 6;98;20,4;72,4;7,1;61;16,4;72,1;11,5;37;27,0;73,0;.;
Bäckängsgymnasiet E;11138440;Borås;1490;Kommunal;Borås kommun;2120001561;Matematik 2B;51;.;70,6;29,4;26;.;76,9;23,1;25;.;64,0;36,0;
Bäckängsgymnasiet E;11138440;Borås;1490;Kommunal;Borås kommun;2120001561;Matematik 3C;39;.;87,2;12,8;29;.;89,7;10,3;10;.;80,0;20,0;
Bäckängsgymnasiet E;11138440;Borås;1490;Kommunal;Borås kommun;2120001561;Svenska 3;99;3,0;46,5;50,5;61;3,3;50,8;45,9;38;2,6;39,5;57,9;
Drottning Blankas Gymnasieskola Borås;19150273;Borås;1490;Enskild;DBGY Kronan AB;5565668794;Engelska 5;24;.;62,5;37,5;23;..;..;..;1;..;..;..;
Drottning Blankas Gymnasieskola Borås;19150273;Borås;1490;Enskild;DBGY Kronan AB;5565668794;Engelska 6;27;.;85,2;14,8;23;..;..;..;4;..;..;..;
Drottning Blankas Gymnasieskola Borås;19150273;Borås;1490;Enskild;DBGY Kronan AB;5565668794;Matematik 1A;27;.;70,4;29,6;26;..;..;..;1;..;..;..;
Drottning Blankas Gymnasieskola Borås;19150273;Borås;1490;Enskild;DBGY Kronan AB;5565668794;Matematik 2B;28;.;71,4;28,6;24;..;..;..;4;..;..;..;
Drottning Blankas Gymnasieskola Borås;19150273;Borås;1490;Enskild;DBGY Kronan AB;5565668794;Matematik 3B;6;..;..;..;5;..;..;..;1;..;..;..;
Drottning Blankas Gymnasieskola Borås;19150273;Borås;1490;Enskild;DBGY Kronan AB;5565668794;Svenska 1;27;.;85,2;14,8;26;..;..;..;1;..;..;..;
Drottning Blankas Gymnasieskola Borås;19150273;Borås;1490;Enskild;DBGY Kronan AB;5565668794;Svenska 3;16;.;81,3;18,8;13;..;..;..;3;..;..;..;
Drottning Blankas Gymnasieskola Borås;19150273;Borås;1490;Enskild;DBGY Kronan AB;5565668794;Svenska som andraspråk 1;3;..;..;..;3;..;..;..;.;.;.;.;
Drottning Blankas Gymnasieskola Borås;19150273;Borås;1490;Enskild;DBGY Kronan AB;5565668794;Svenska som andraspråk 3;18;11,1;44,4;44,4;13;..;..;..;5;..;..;..;
LBS Kreativa Gymnasiet Borås;69018222;Borås;1490;Enskild;Ljud & Bildskolan LBS AB;5564851649;Engelska 6;50;30,0;58,0;12,0;14;21,4;57,1;21,4;36;33,3;58,3;8,3;
LBS Kreativa Gymnasiet Borås;69018222;Borås;1490;Enskild;Ljud & Bildskolan LBS AB;5564851649;Matematik 1B;18;.;77,8;22,2;12;..;..;..;6;..;..;..;
LBS Kreativa Gymnasiet Borås;69018222;Borås;1490;Enskild;Ljud & Bildskolan LBS AB;5564851649;Matematik 3C;27;.;44,4;55,6;3;..;..;..;24;..;..;..;
LBS Kreativa Gymnasiet Borås;69018222;Borås;1490;Enskild;Ljud & Bildskolan LBS AB;5564851649;Svenska 3;53;1,9;66,0;32,1;18;.;72,2;27,8;35;2,9;62,9;34,3;
LBS Kreativa Gymnasiet Borås;69018222;Borås;1490;Enskild;Ljud & Bildskolan LBS AB;5564851649;Svenska som andraspråk 3;4;..;..;..;2;..;..;..;2;..;..;..;
Praktiska Gymnasiet Borås;25624692;Borås;1490;Enskild;Praktiska Sverige AB;5562575786;Engelska 5;20;.;100,0;.;2;..;..;..;18;..;..;..;
Praktiska Gymnasiet Borås;25624692;Borås;1490;Enskild;Praktiska Sverige AB;5562575786;Matematik 1A;18;.;88,9;11,1;2;..;..;..;16;..;..;..;
Praktiska Gymnasiet Borås;25624692;Borås;1490;Enskild;Praktiska Sverige AB;5562575786;Svenska 1;12;.;91,7;8,3;2;..;..;..;10;..;..;..;
Praktiska Gymnasiet Borås;25624692;Borås;1490;Enskild;Praktiska Sverige AB;5562575786;Svenska som andraspråk 1;5;..;..;..;.;.;.;.;5;..;..;..;
Sven Eriksonsgymnasiet A;12889940;Borås;1490;Kommunal;Borås kommun;2120001561;Engelska 6;107;47,7;50,5;1,9;24;45,8;50,0;4,2;83;48,2;50,6;1,2;
Sven Eriksonsgymnasiet A;12889940;Borås;1490;Kommunal;Borås kommun;2120001561;Matematik 3C;62;.;96,8;3,2;11;.;90,9;9,1;51;.;98,0;2,0;
Sven Eriksonsgymnasiet A;12889940;Borås;1490;Kommunal;Borås kommun;2120001561;Matematik 4;17;.;100,0;.;3;..;..;..;14;..;..;..;
Sven Eriksonsgymnasiet A;12889940;Borås;1490;Kommunal;Borås kommun;2120001561;Svenska 3;106;18,9;67,0;14,2;24;4,2;83,3;12,5;82;23,2;62,2;14,6;
Sven Eriksonsgymnasiet B;16554575;Borås;1490;Kommunal;Borås kommun;2120001561;Matematik 1A;27;.;96,3;3,7;11;.;90,9;9,1;16;.;100,0;.;
Sven Eriksonsgymnasiet B;16554575;Borås;1490;Kommunal;Borås kommun;2120001561;Svenska 1;28;.;64,3;35,7;12;.;75,0;25,0;16;.;56,3;43,8;
Sven Eriksonsgymnasiet C;34076477;Borås;1490;Kommunal;Borås kommun;2120001561;Engelska 6;28;14,3;75,0;10,7;5;..;..;..;23;..;..;..;
Sven Eriksonsgymnasiet C;34076477;Borås;1490;Kommunal;Borås kommun;2120001561;Matematik 3B;72;.;86,1;13,9;20;.;80,0;20,0;52;.;88,5;11,5;
Sven Eriksonsgymnasiet C;34076477;Borås;1490;Kommunal;Borås kommun;2120001561;Svenska 3;69;2,9;71,0;26,1;18;.;77,8;22,2;51;3,9;68,6;27,5;
Sven Eriksonsgymnasiet D;54450836;Borås;1490;Kommunal;Borås kommun;2120001561;Engelska 6;72;20,8;76,4;2,8;45;13,3;82,2;4,4;27;33,3;66,7;.;
Sven Eriksonsgymnasiet D;54450836;Borås;1490;Kommunal;Borås kommun;2120001561;Matematik 2B;68;.;86,8;13,2;44;.;86,4;13,6;24;.;87,5;12,5;
Sven Eriksonsgymnasiet D;54450836;Borås;1490;Kommunal;Borås kommun;2120001561;Svenska 3;71;8,5;66,2;25,4;45;6,7;64,4;28,9;26;11,5;69,2;19,2;
Viskastrandsgymnasiet A;25356960;Borås;1490;Kommunal;Borås kommun;2120001561;Engelska 5;61;21,3;73,8;4,9;14;14,3;78,6;7,1;47;23,4;72,3;4,3;
Viskastrandsgymnasiet A;25356960;Borås;1490;Kommunal;Borås kommun;2120001561;Matematik 1A;56;.;73,2;26,8;14;.;71,4;28,6;42;.;73,8;26,2;
Viskastrandsgymnasiet A;25356960;Borås;1490;Kommunal;Borås kommun;2120001561;Svenska 1;16;18,8;50,0;31,3;4;..;..;..;12;..;..;..;
Viskastrandsgymnasiet B;64284020;Borås;1490;Kommunal;Borås kommun;2120001561;Engelska 6;1;..;..;..;1;..;..;..;.;.;.;.;
Viskastrandsgymnasiet B;64284020;Borås;1490;Kommunal;Borås kommun;2120001561;Matematik 1A;6;..;..;..;1;..;..;..;5;..;..;..;
Viskastrandsgymnasiet B;64284020;Borås;1490;Kommunal;Borås kommun;2120001561;Matematik 2B;34;.;67,6;32,4;20;.;60,0;40,0;14;.;78,6;21,4;
Viskastrandsgymnasiet B;64284020;Borås;1490;Kommunal;Borås kommun;2120001561;Svenska 1;4;..;..;..;1;..;..;..;3;..;..;..;
Viskastrandsgymnasiet B;64284020;Borås;1490;Kommunal;Borås kommun;2120001561;Svenska 3;18;.;5,6;94,4;8;..;..;..;10;..;..;..;
Viskastrandsgymnasiet C;98132436;Borås;1490;Kommunal;Borås kommun;2120001561;Engelska 5;58;12,1;70,7;17,2;5;..;..;..;53;..;..;..;
Viskastrandsgymnasiet C;98132436;Borås;1490;Kommunal;Borås kommun;2120001561;Matematik 1A;84;3,6;63,1;33,3;7;..;..;..;77;..;..;..;
Viskastrandsgymnasiet C;98132436;Borås;1490;Kommunal;Borås kommun;2120001561;Svenska 1;30;.;46,7;53,3;4;..;..;..;26;..;..;..;
Skyttbrinks gymnasium;60096875;Botkyrka;0127;Kommunal;Botkyrka kommun;2120002882;Engelska 5;20;25,0;75,0;.;6;..;..;..;14;..;..;..;
Skyttbrinks gymnasium;60096875;Botkyrka;0127;Kommunal;Botkyrka kommun;2120002882;Matematik 1A;18;.;94,4;5,6;2;..;..;..;16;..;..;..;
Skyttbrinks gymnasium;60096875;Botkyrka;0127;Kommunal;Botkyrka kommun;2120002882;Svenska 1;15;6,7;60,0;33,3;3;..;..;..;12;..;..;..;
Skyttbrinks gymnasium;60096875;Botkyrka;0127;Kommunal;Botkyrka kommun;2120002882;Svenska som andraspråk 1;5;..;..;..;3;..;..;..;2;..;..;..;
S:t Botvids gymnasium;97758137;Botkyrka;0127;Kommunal;Botkyrka kommun;2120002882;Engelska 5;5;..;..;..;2;..;..;..;3;..;..;..;
S:t Botvids gymnasium;97758137;Botkyrka;0127;Kommunal;Botkyrka kommun;2120002882;Engelska 6;40;2,5;80,0;17,5;25;.;84,0;16,0;15;6,7;73,3;20,0;
S:t Botvids gymnasium;97758137;Botkyrka;0127;Kommunal;Botkyrka kommun;2120002882;Matematik 1A;5;..;..;..;3;..;..;..;2;..;..;..;
S:t Botvids gymnasium;97758137;Botkyrka;0127;Kommunal;Botkyrka kommun;2120002882;Matematik 1B;7;..;..;..;4;..;..;..;3;..;..;..;
S:t Botvids gymnasium;97758137;Botkyrka;0127;Kommunal;Botkyrka kommun;2120002882;Matematik 2B;18;.;100,0;.;13;..;..;..;5;..;..;..;
S:t Botvids gymnasium;97758137;Botkyrka;0127;Kommunal;Botkyrka kommun;2120002882;Matematik 3B;10;.;70,0;30,0;3;..;..;..;7;..;..;..;
S:t Botvids gymnasium;97758137;Botkyrka;0127;Kommunal;Botkyrka kommun;2120002882;Matematik 3C;1;..;..;..;1;..;..;..;.;.;.;.;
S:t Botvids gymnasium;97758137;Botkyrka;0127;Kommunal;Botkyrka kommun;2120002882;Matematik 4;15;.;73,3;26,7;9;..;..;..;6;..;..;..;
S:t Botvids gymnasium;97758137;Botkyrka;0127;Kommunal;Botkyrka kommun;2120002882;Svenska 3;26;7,7;50,0;42,3;19;..;..;..;7;..;..;..;
S:t Botvids gymnasium;97758137;Botkyrka;0127;Kommunal;Botkyrka kommun;2120002882;Svenska som andraspråk 1;6;..;..;..;3;..;..;..;3;..;..;..;
S:t Botvids gymnasium;97758137;Botkyrka;0127;Kommunal;Botkyrka kommun;2120002882;Svenska som andraspråk 3;9;..;..;..;7;..;..;..;2;..;..;..;
Södertörns Gymnasium;53400472;Botkyrka;0127;Enskild;STEG för framtiden Aktiebolag;5567538383;Engelska 6;31;19,4;51,6;29,0;17;23,5;58,8;17,6;14;14,3;42,9;42,9;
Södertörns Gymnasium;53400472;Botkyrka;0127;Enskild;STEG för framtiden Aktiebolag;5567538383;Matematik 2B;24;.;75,0;25,0;14;.;92,9;7,1;10;.;50,0;50,0;
Södertörns Gymnasium;53400472;Botkyrka;0127;Enskild;STEG för framtiden Aktiebolag;5567538383;Matematik 4;13;.;69,2;30,8;9;..;..;..;4;..;..;..;
Södertörns Gymnasium;53400472;Botkyrka;0127;Enskild;STEG för framtiden Aktiebolag;5567538383;Svenska 3;17;.;41,2;58,8;6;..;..;..;11;..;..;..;
Södertörns Gymnasium;53400472;Botkyrka;0127;Enskild;STEG för framtiden Aktiebolag;5567538383;Svenska som andraspråk 3;11;.;45,5;54,5;8;..;..;..;3;..;..;..;
Tullinge gymnasium;26334561;Botkyrka;0127;Kommunal;Botkyrka kommun;2120002882;Engelska 5;21;19,0;61,9;19,0;15;..;..;..;6;..;..;..;
Tullinge gymnasium;26334561;Botkyrka;0127;Kommunal;Botkyrka kommun;2120002882;Engelska 6;190;8,4;80,5;11,1;88;6,8;80,7;12,5;102;9,8;80,4;9,8;
Tullinge gymnasium;26334561;Botkyrka;0127;Kommunal;Botkyrka kommun;2120002882;Matematik 1A;22;.;86,4;13,6;15;..;..;..;7;..;..;..;
Tullinge gymnasium;26334561;Botkyrka;0127;Kommunal;Botkyrka kommun;2120002882;Matematik 2B;71;.;81,7;18,3;49;.;83,7;16,3;22;.;77,3;22,7;
Tullinge gymnasium;26334561;Botkyrka;0127;Kommunal;Botkyrka kommun;2120002882;Matematik 3B;38;.;81,6;18,4;18;.;77,8;22,2;20;.;85,0;15,0;
Tullinge gymnasium;26334561;Botkyrka;0127;Kommunal;Botkyrka kommun;2120002882;Matematik 4;68;.;95,6;4,4;20;.;95,0;5,0;48;.;95,8;4,2;
Tullinge gymnasium;26334561;Botkyrka;0127;Kommunal;Botkyrka kommun;2120002882;Svenska 1;14;.;85,7;14,3;10;..;..;..;4;..;..;..;
Tullinge gymnasium;26334561;Botkyrka;0127;Kommunal;Botkyrka kommun;2120002882;Svenska 3;171;4,7;65,5;29,8;82;6,1;58,5;35,4;89;3,4;71,9;24,7;
Tullinge gymnasium;26334561;Botkyrka;0127;Kommunal;Botkyrka kommun;2120002882;Svenska som andraspråk 1;8;..;..;..;6;..;..;..;2;..;..;..;
Tullinge gymnasium;26334561;Botkyrka;0127;Kommunal;Botkyrka kommun;2120002882;Svenska som andraspråk 3;20;.;85,0;15,0;13;..;..;..;7;..;..;..;
Tumba gymnasium;40386043;Botkyrka;0127;Kommunal;Botkyrka kommun;2120002882;Engelska 5;70;20,0;77,1;2,9;2;..;..;..;68;..;..;..;
Tumba gymnasium;40386043;Botkyrka;0127;Kommunal;Botkyrka kommun;2120002882;Engelska 6;303;11,9;79,2;8,9;161;13,7;76,4;9,9;142;9,9;82,4;7,7;
Tumba gymnasium;40386043;Botkyrka;0127;Kommunal;Botkyrka kommun;2120002882;Matematik 1A;81;.;45,7;54,3;4;..;..;..;77;..;..;..;
Tumba gymnasium;40386043;Botkyrka;0127;Kommunal;Botkyrka kommun;2120002882;Matematik 1B;49;.;85,7;14,3;41;..;..;..;8;..;..;..;
Tumba gymnasium;40386043;Botkyrka;0127;Kommunal;Botkyrka kommun;2120002882;Matematik 2B;32;.;40,6;59,4;19;.;26,3;73,7;13;.;61,5;38,5;
Tumba gymnasium;40386043;Botkyrka;0127;Kommunal;Botkyrka kommun;2120002882;Matematik 3B;17;.;23,5;76,5;7;..;..;..;10;..;..;..;
Tumba gymnasium;40386043;Botkyrka;0127;Kommunal;Botkyrka kommun;2120002882;Matematik 3C;58;12,1;75,9;12,1;13;.;84,6;15,4;45;15,6;73,3;11,1;
Tumba gymnasium;40386043;Botkyrka;0127;Kommunal;Botkyrka kommun;2120002882;Matematik 4;54;.;94,4;5,6;29;.;93,1;6,9;25;.;96,0;4,0;
Tumba gymnasium;40386043;Botkyrka;0127;Kommunal;Botkyrka kommun;2120002882;Svenska 1;66;10,6;57,6;31,8;4;..;..;..;62;..;..;..;
Tumba gymnasium;40386043;Botkyrka;0127;Kommunal;Botkyrka kommun;2120002882;Svenska 3;238;4,2;61,8;34,0;140;4,3;57,1;38,6;98;4,1;68,4;27,6;
Tumba gymnasium;40386043;Botkyrka;0127;Kommunal;Botkyrka kommun;2120002882;Svenska som andraspråk 1;13;7,7;69,2;23,1;.;.;.;.;13;..;..;..;
Tumba gymnasium;40386043;Botkyrka;0127;Kommunal;Botkyrka kommun;2120002882;Svenska som andraspråk 3;70;.;77,1;22,9;40;.;77,5;22,5;30;.;76,7;23,3;
Jämtlands Gymn, Bräcke;26864271;Bräcke;2305;Kommunal;Jämtlands Gymnasieförbund;2220001636;Engelska 5;29;.;96,6;3,4;2;..;..;..;27;..;..;..;
Jämtlands Gymn, Bräcke;26864271;Bräcke;2305;Kommunal;Jämtlands Gymnasieförbund;2220001636;Matematik 1A;29;3,4;27,6;69,0;2;..;..;..;27;..;..;..;
Jämtlands Gymn, Bräcke;26864271;Bräcke;2305;Kommunal;Jämtlands Gymnasieförbund;2220001636;Svenska 1;28;.;67,9;32,1;2;..;..;..;26;..;..;..;
Akademi Båstad Gymnasium;59483268;Båstad;1278;Kommunal;Båstads kommun;2120000944;Engelska 6;22;4,5;68,2;27,3;13;..;..;..;9;..;..;..;
Akademi Båstad Gymnasium;59483268;Båstad;1278;Kommunal;Båstads kommun;2120000944;Matematik 1A;12;.;75,0;25,0;8;..;..;..;4;..;..;..;
Akademi Båstad Gymnasium;59483268;Båstad;1278;Kommunal;Båstads kommun;2120000944;Matematik 2B;4;..;..;..;2;..;..;..;2;..;..;..;
Akademi Båstad Gymnasium;59483268;Båstad;1278;Kommunal;Båstads kommun;2120000944;Matematik 3B;15;.;53,3;46,7;4;..;..;..;11;..;..;..;
Akademi Båstad Gymnasium;59483268;Båstad;1278;Kommunal;Båstads kommun;2120000944;Matematik 3C;2;..;..;..;2;..;..;..;.;.;.;.;
Akademi Båstad Gymnasium;59483268;Båstad;1278;Kommunal;Båstads kommun;2120000944;Svenska 1;11;.;54,5;45,5;8;..;..;..;3;..;..;..;
Akademi Båstad Gymnasium;59483268;Båstad;1278;Kommunal;Båstads kommun;2120000944;Svenska 3;38;7,9;47,4;44,7;19;.;47,4;52,6;19;15,8;47,4;36,8;
Akademi Båstad Gymnasium;59483268;Båstad;1278;Kommunal;Båstads kommun;2120000944;Svenska som andraspråk 1;1;..;..;..;.;.;.;.;1;..;..;..;
Akademi Båstad Gymnasium;59483268;Båstad;1278;Kommunal;Båstads kommun;2120000944;Svenska som andraspråk 3;4;..;..;..;3;..;..;..;1;..;..;..;
Apelrydsskolan i Båstad;32879845;Båstad;1278;Enskild;Stiftelsen Apelryd International;8024778402;Engelska 6;25;16,0;72,0;12,0;15;13,3;66,7;20,0;10;20,0;80,0;.;
Apelrydsskolan i Båstad;32879845;Båstad;1278;Enskild;Stiftelsen Apelryd International;8024778402;Matematik 1A;22;.;77,3;22,7;10;.;60,0;40,0;12;.;91,7;8,3;
Apelrydsskolan i Båstad;32879845;Båstad;1278;Enskild;Stiftelsen Apelryd International;8024778402;Matematik 1B;26;.;57,7;42,3;24;..;..;..;2;..;..;..;
Apelrydsskolan i Båstad;32879845;Båstad;1278;Enskild;Stiftelsen Apelryd International;8024778402;Matematik 2B;26;.;76,9;23,1;16;.;62,5;37,5;10;.;100,0;.;
Apelrydsskolan i Båstad;32879845;Båstad;1278;Enskild;Stiftelsen Apelryd International;8024778402;Svenska 1;19;5,3;89,5;5,3;10;..;..;..;9;..;..;..;
Apelrydsskolan i Båstad;32879845;Båstad;1278;Enskild;Stiftelsen Apelryd International;8024778402;Svenska 3;40;7,5;82,5;10,0;26;7,7;76,9;15,4;14;7,1;92,9;.;
Apelrydsskolan i Båstad;32879845;Båstad;1278;Enskild;Stiftelsen Apelryd International;8024778402;Svenska som andraspråk 1;1;..;..;..;.;.;.;.;1;..;..;..;
Apelrydsskolan i Båstad;32879845;Båstad;1278;Enskild;Stiftelsen Apelryd International;8024778402;Svenska som andraspråk 3;2;..;..;..;2;..;..;..;.;.;.;.;
Utsikten, Dals-Eds gymnasium;88573795;Dals-Ed;1438;Kommunal;Dals-Eds kommun;2120001413;Engelska 5;5;..;..;..;2;..;..;..;3;..;..;..;
Utsikten, Dals-Eds gymnasium;88573795;Dals-Ed;1438;Kommunal;Dals-Eds kommun;2120001413;Matematik 1A;4;..;..;..;1;..;..;..;3;..;..;..;
Utsikten, Dals-Eds gymnasium;88573795;Dals-Ed;1438;Kommunal;Dals-Eds kommun;2120001413;Svenska 1;7;..;..;..;3;..;..;..;4;..;..;..;
Danderyds Gymnasium;30866364;Danderyd;0162;Kommunal;Danderyds kommun;2120000126;Engelska 6;237;8,9;81,9;9,3;78;6,4;83,3;10,3;159;10,1;81,1;8,8;
Danderyds Gymnasium;30866364;Danderyd;0162;Kommunal;Danderyds kommun;2120000126;Matematik 2B;111;.;87,4;12,6;57;.;87,7;12,3;54;.;87,0;13,0;
Danderyds Gymnasium;30866364;Danderyd;0162;Kommunal;Danderyds kommun;2120000126;Matematik 3B;114;0,9;59,6;39,5;48;2,1;60,4;37,5;66;.;59,1;40,9;
Danderyds Gymnasium;30866364;Danderyd;0162;Kommunal;Danderyds kommun;2120000126;Matematik 3C;61;.;90,2;9,8;14;.;85,7;14,3;47;.;91,5;8,5;
Danderyds Gymnasium;30866364;Danderyd;0162;Kommunal;Danderyds kommun;2120000126;Matematik 4;15;.;80,0;20,0;4;..;..;..;11;..;..;..;
Danderyds Gymnasium;30866364;Danderyd;0162;Kommunal;Danderyds kommun;2120000126;Svenska 3;255;6,7;57,3;36,1;100;8,0;57,0;35,0;155;5,8;57,4;36,8;
Marina läroverket i Danderyd;82814120;Danderyd;0162;Enskild;Klart Skepp Marinteknik AB;5565160669;Engelska 5;26;11,5;80,8;7,7;1;..;..;..;25;..;..;..;
Marina läroverket i Danderyd;82814120;Danderyd;0162;Enskild;Klart Skepp Marinteknik AB;5565160669;Engelska 6;128;3,1;82,8;14,1;73;2,7;80,8;16,4;55;3,6;85,5;10,9;
Marina läroverket i Danderyd;82814120;Danderyd;0162;Enskild;Klart Skepp Marinteknik AB;5565160669;Matematik 1A;27;.;100,0;.;2;..;..;..;25;..;..;..;
Marina läroverket i Danderyd;82814120;Danderyd;0162;Enskild;Klart Skepp Marinteknik AB;5565160669;Matematik 2B;28;.;78,6;21,4;18;.;77,8;22,2;10;.;80,0;20,0;
Marina läroverket i Danderyd;82814120;Danderyd;0162;Enskild;Klart Skepp Marinteknik AB;5565160669;Matematik 3B;27;.;48,1;51,9;16;.;43,8;56,3;11;.;54,5;45,5;
Marina läroverket i Danderyd;82814120;Danderyd;0162;Enskild;Klart Skepp Marinteknik AB;5565160669;Svenska 1;101;2,0;51,5;46,5;46;2,2;52,2;45,7;55;1,8;50,9;47,3;
Marina läroverket i Danderyd;82814120;Danderyd;0162;Enskild;Klart Skepp Marinteknik AB;5565160669;Svenska 3;59;.;45,8;54,2;42;.;35,7;64,3;17;.;70,6;29,4;
Viktor Rydberg gy. Djursholm;45164827;Danderyd;0162;Enskild;Stiftelsen Viktor Rydbergs Skolor;8120005650;Engelska 6;93;3,2;72,0;24,7;58;1,7;65,5;32,8;35;5,7;82,9;11,4;
Viktor Rydberg gy. Djursholm;45164827;Danderyd;0162;Enskild;Stiftelsen Viktor Rydbergs Skolor;8120005650;Matematik 2B;26;.;61,5;38,5;16;.;81,3;18,8;10;.;30,0;70,0;
Viktor Rydberg gy. Djursholm;45164827;Danderyd;0162;Enskild;Stiftelsen Viktor Rydbergs Skolor;8120005650;Matematik 3B;56;.;66,1;33,9;36;.;63,9;36,1;20;.;70,0;30,0;
Viktor Rydberg gy. Djursholm;45164827;Danderyd;0162;Enskild;Stiftelsen Viktor Rydbergs Skolor;8120005650;Matematik 4;5;..;..;..;2;..;..;..;3;..;..;..;
Viktor Rydberg gy. Djursholm;45164827;Danderyd;0162;Enskild;Stiftelsen Viktor Rydbergs Skolor;8120005650;Svenska 3;81;17,3;69,1;13,6;42;11,9;71,4;16,7;39;23,1;66,7;10,3;
Degerforsgymnasiet;10924758;Degerfors;1862;Kommunal;Degerfors kommun;2120001934;Engelska 5;28;.;89,3;10,7;12;.;75,0;25,0;16;.;100,0;.;
Degerforsgymnasiet;10924758;Degerfors;1862;Kommunal;Degerfors kommun;2120001934;Engelska 6;33;3,0;81,8;15,2;6;..;..;..;27;..;..;..;
Degerforsgymnasiet;10924758;Degerfors;1862;Kommunal;Degerfors kommun;2120001934;Matematik 1A;27;.;96,3;3,7;11;.;100,0;.;16;.;93,8;6,3;
Degerforsgymnasiet;10924758;Degerfors;1862;Kommunal;Degerfors kommun;2120001934;Matematik 2B;18;.;83,3;16,7;2;..;..;..;16;..;..;..;
Degerforsgymnasiet;10924758;Degerfors;1862;Kommunal;Degerfors kommun;2120001934;Matematik 3B;4;..;..;..;1;..;..;..;3;..;..;..;
Degerforsgymnasiet;10924758;Degerfors;1862;Kommunal;Degerfors kommun;2120001934;Svenska 1;26;.;61,5;38,5;10;.;70,0;30,0;16;.;56,3;43,8;
Degerforsgymnasiet;10924758;Degerfors;1862;Kommunal;Degerfors kommun;2120001934;Svenska 3;31;3,2;74,2;22,6;18;5,6;66,7;27,8;13;.;84,6;15,4;
Degerforsgymnasiet;10924758;Degerfors;1862;Kommunal;Degerfors kommun;2120001934;Svenska som andraspråk 1;3;..;..;..;2;..;..;..;1;..;..;..;
Eksjö Gymnasium 1;34153869;Eksjö;0686;Kommunal;Eksjö kommun;2120000589;Engelska 5;10;.;80,0;20,0;2;..;..;..;8;..;..;..;
Eksjö Gymnasium 1;34153869;Eksjö;0686;Kommunal;Eksjö kommun;2120000589;Engelska 6;61;6,6;50,8;42,6;23;8,7;47,8;43,5;38;5,3;52,6;42,1;
Eksjö Gymnasium 1;34153869;Eksjö;0686;Kommunal;Eksjö kommun;2120000589;Matematik 1A;10;20,0;60,0;20,0;2;..;..;..;8;..;..;..;
Eksjö Gymnasium 1;34153869;Eksjö;0686;Kommunal;Eksjö kommun;2120000589;Matematik 3C;22;18,2;63,6;18,2;3;..;..;..;19;..;..;..;
Eksjö Gymnasium 1;34153869;Eksjö;0686;Kommunal;Eksjö kommun;2120000589;Matematik 4;4;..;..;..;1;..;..;..;3;..;..;..;
Eksjö Gymnasium 1;34153869;Eksjö;0686;Kommunal;Eksjö kommun;2120000589;Svenska 1;9;..;..;..;2;..;..;..;7;..;..;..;
Eksjö Gymnasium 1;34153869;Eksjö;0686;Kommunal;Eksjö kommun;2120000589;Svenska 3;39;5,1;59,0;35,9;14;.;71,4;28,6;25;8,0;52,0;40,0;
Eksjö Gymnasium 1;34153869;Eksjö;0686;Kommunal;Eksjö kommun;2120000589;Svenska som andraspråk 3;4;..;..;..;1;..;..;..;3;..;..;..;
Eksjö Gymnasium 2;88259298;Eksjö;0686;Kommunal;Eksjö kommun;2120000589;Engelska 5;13;15,4;69,2;15,4;11;..;..;..;2;..;..;..;
Eksjö Gymnasium 2;88259298;Eksjö;0686;Kommunal;Eksjö kommun;2120000589;Engelska 6;69;5,8;56,5;37,7;43;2,3;53,5;44,2;26;11,5;61,5;26,9;
Eksjö Gymnasium 2;88259298;Eksjö;0686;Kommunal;Eksjö kommun;2120000589;Matematik 1A;17;17,6;47,1;35,3;14;..;..;..;3;..;..;..;
Eksjö Gymnasium 2;88259298;Eksjö;0686;Kommunal;Eksjö kommun;2120000589;Matematik 1B;13;.;84,6;15,4;9;..;..;..;4;..;..;..;
Eksjö Gymnasium 2;88259298;Eksjö;0686;Kommunal;Eksjö kommun;2120000589;Matematik 2B;40;2,5;55,0;42,5;29;.;51,7;48,3;11;9,1;63,6;27,3;
Eksjö Gymnasium 2;88259298;Eksjö;0686;Kommunal;Eksjö kommun;2120000589;Matematik 3B;17;.;76,5;23,5;10;..;..;..;7;..;..;..;
Eksjö Gymnasium 2;88259298;Eksjö;0686;Kommunal;Eksjö kommun;2120000589;Svenska 1;8;..;..;..;8;..;..;..;.;.;.;.;
Eksjö Gymnasium 2;88259298;Eksjö;0686;Kommunal;Eksjö kommun;2120000589;Svenska 3;53;9,4;54,7;35,8;41;9,8;58,5;31,7;12;8,3;41,7;50,0;
Eksjö Gymnasium 2;88259298;Eksjö;0686;Kommunal;Eksjö kommun;2120000589;Svenska som andraspråk 1;7;..;..;..;5;..;..;..;2;..;..;..;
Eksjö Gymnasium 2;88259298;Eksjö;0686;Kommunal;Eksjö kommun;2120000589;Svenska som andraspråk 3;4;..;..;..;4;..;..;..;.;.;.;.;
Nifsarpsskolan fri;44240250;Eksjö;0686;Enskild;Eksjö Fordonsutbildning AB;5565848537;Engelska 5;61;6,6;86,9;6,6;16;6,3;87,5;6,3;45;6,7;86,7;6,7;
Nifsarpsskolan fri;44240250;Eksjö;0686;Enskild;Eksjö Fordonsutbildning AB;5565848537;Matematik 1A;29;.;93,1;6,9;13;.;92,3;7,7;16;.;93,8;6,3;
Nifsarpsskolan fri;44240250;Eksjö;0686;Enskild;Eksjö Fordonsutbildning AB;5565848537;Svenska 1;49;2,0;51,0;46,9;6;..;..;..;43;..;..;..;
Vilhelm Mobergsgymnasiet;17846181;Emmaboda;0862;Kommunal;Emmaboda kommun;2120000738;Engelska 5;20;.;90,0;10,0;6;..;..;..;14;..;..;..;
Vilhelm Mobergsgymnasiet;17846181;Emmaboda;0862;Kommunal;Emmaboda kommun;2120000738;Engelska 6;21;.;76,2;23,8;11;.;63,6;36,4;10;.;90,0;10,0;
Vilhelm Mobergsgymnasiet;17846181;Emmaboda;0862;Kommunal;Emmaboda kommun;2120000738;Matematik 1A;20;5,0;65,0;30,0;6;..;..;..;14;..;..;..;
Vilhelm Mobergsgymnasiet;17846181;Emmaboda;0862;Kommunal;Emmaboda kommun;2120000738;Matematik 2B;13;.;46,2;53,8;8;..;..;..;5;..;..;..;
Vilhelm Mobergsgymnasiet;17846181;Emmaboda;0862;Kommunal;Emmaboda kommun;2120000738;Matematik 3B;4;..;..;..;1;..;..;..;3;..;..;..;
Vilhelm Mobergsgymnasiet;17846181;Emmaboda;0862;Kommunal;Emmaboda kommun;2120000738;Matematik 4;5;..;..;..;2;..;..;..;3;..;..;..;
Vilhelm Mobergsgymnasiet;17846181;Emmaboda;0862;Kommunal;Emmaboda kommun;2120000738;Svenska 1;13;.;53,8;46,2;3;..;..;..;10;..;..;..;
Vilhelm Mobergsgymnasiet;17846181;Emmaboda;0862;Kommunal;Emmaboda kommun;2120000738;Svenska 3;10;.;80,0;20,0;2;..;..;..;8;..;..;..;
Vilhelm Mobergsgymnasiet;17846181;Emmaboda;0862;Kommunal;Emmaboda kommun;2120000738;Svenska som andraspråk 1;7;..;..;..;3;..;..;..;4;..;..;..;
Vilhelm Mobergsgymnasiet;17846181;Emmaboda;0862;Kommunal;Emmaboda kommun;2120000738;Svenska som andraspråk 3;5;..;..;..;.;.;.;.;5;..;..;..;
Westerlundska gymnasiet;75082798;Enköping;0381;Kommunal;Enköpings kommun;2120000282;Engelska 5;120;6,7;85,0;8,3;37;10,8;83,8;5,4;83;4,8;85,5;9,6;
Westerlundska gymnasiet;75082798;Enköping;0381;Kommunal;Enköpings kommun;2120000282;Engelska 6;252;11,1;74,6;14,3;138;8,7;72,5;18,8;114;14,0;77,2;8,8;
Westerlundska gymnasiet;75082798;Enköping;0381;Kommunal;Enköpings kommun;2120000282;Matematik 1A;129;2,3;66,7;31,0;41;2,4;65,9;31,7;88;2,3;67,0;30,7;
Westerlundska gymnasiet;75082798;Enköping;0381;Kommunal;Enköpings kommun;2120000282;Matematik 1B;7;..;..;..;5;..;..;..;2;..;..;..;
Westerlundska gymnasiet;75082798;Enköping;0381;Kommunal;Enköpings kommun;2120000282;Matematik 2B;49;.;71,4;28,6;34;.;67,6;32,4;15;.;80,0;20,0;
Westerlundska gymnasiet;75082798;Enköping;0381;Kommunal;Enköpings kommun;2120000282;Matematik 3B;21;.;71,4;28,6;10;.;60,0;40,0;11;.;81,8;18,2;
Westerlundska gymnasiet;75082798;Enköping;0381;Kommunal;Enköpings kommun;2120000282;Matematik 4;38;.;73,7;26,3;19;.;78,9;21,1;19;.;68,4;31,6;
Westerlundska gymnasiet;75082798;Enköping;0381;Kommunal;Enköpings kommun;2120000282;Svenska 1;97;1,0;45,4;53,6;31;.;41,9;58,1;66;1,5;47,0;51,5;
Westerlundska gymnasiet;75082798;Enköping;0381;Kommunal;Enköpings kommun;2120000282;Svenska 3;162;3,7;49,4;46,9;82;1,2;45,1;53,7;80;6,3;53,8;40,0;
Westerlundska gymnasiet;75082798;Enköping;0381;Kommunal;Enköpings kommun;2120000282;Svenska som andraspråk 1;20;.;65,0;35,0;6;..;..;..;14;..;..;..;
Westerlundska gymnasiet;75082798;Enköping;0381;Kommunal;Enköpings kommun;2120000282;Svenska som andraspråk 3;14;.;71,4;28,6;6;..;..;..;8;..;..;..;
Grillska Gymnasiet Eskilstuna;23555409;Eskilstuna;0484;Enskild;Stadsmissionens Skolstiftelse;8020170794;Engelska 5;47;4,3;91,5;4,3;29;3,4;96,6;.;18;5,6;83,3;11,1;
Grillska Gymnasiet Eskilstuna;23555409;Eskilstuna;0484;Enskild;Stadsmissionens Skolstiftelse;8020170794;Engelska 6;150;1,3;81,3;17,3;82;.;80,5;19,5;68;2,9;82,4;14,7;
Grillska Gymnasiet Eskilstuna;23555409;Eskilstuna;0484;Enskild;Stadsmissionens Skolstiftelse;8020170794;Matematik 1A;45;.;55,6;44,4;29;.;44,8;55,2;16;.;75,0;25,0;
Grillska Gymnasiet Eskilstuna;23555409;Eskilstuna;0484;Enskild;Stadsmissionens Skolstiftelse;8020170794;Matematik 1B;12;.;83,3;16,7;8;..;..;..;4;..;..;..;
Grillska Gymnasiet Eskilstuna;23555409;Eskilstuna;0484;Enskild;Stadsmissionens Skolstiftelse;8020170794;Matematik 2B;50;.;88,0;12,0;40;.;85,0;15,0;10;.;100,0;.;
Grillska Gymnasiet Eskilstuna;23555409;Eskilstuna;0484;Enskild;Stadsmissionens Skolstiftelse;8020170794;Matematik 3B;32;.;68,8;31,3;11;.;63,6;36,4;21;.;71,4;28,6;
Grillska Gymnasiet Eskilstuna;23555409;Eskilstuna;0484;Enskild;Stadsmissionens Skolstiftelse;8020170794;Matematik 3C;26;.;76,9;23,1;4;..;..;..;22;..;..;..;
Grillska Gymnasiet Eskilstuna;23555409;Eskilstuna;0484;Enskild;Stadsmissionens Skolstiftelse;8020170794;Svenska 1;36;11,1;55,6;33,3;22;9,1;45,5;45,5;14;14,3;71,4;14,3;
Grillska Gymnasiet Eskilstuna;23555409;Eskilstuna;0484;Enskild;Stadsmissionens Skolstiftelse;8020170794;Svenska 3;148;17,6;61,5;20,9;83;13,3;77,1;9,6;65;23,1;41,5;35,4;
Grillska Gymnasiet Eskilstuna;23555409;Eskilstuna;0484;Enskild;Stadsmissionens Skolstiftelse;8020170794;Svenska som andraspråk 1;3;..;..;..;1;..;..;..;2;..;..;..;
Grillska Gymnasiet Eskilstuna;23555409;Eskilstuna;0484;Enskild;Stadsmissionens Skolstiftelse;8020170794;Svenska som andraspråk 3;14;.;50,0;50,0;1;..;..;..;13;..;..;..;
JENSEN Gymnasium Eskilstuna;88986563;Eskilstuna;0484;Enskild;Jensen Education College AB;5566358759;Engelska 6;90;1,1;75,6;23,3;58;.;72,4;27,6;32;3,1;81,3;15,6;
JENSEN Gymnasium Eskilstuna;88986563;Eskilstuna;0484;Enskild;Jensen Education College AB;5566358759;Matematik 2B;30;.;36,7;63,3;23;..;..;..;7;..;..;..;
JENSEN Gymnasium Eskilstuna;88986563;Eskilstuna;0484;Enskild;Jensen Education College AB;5566358759;Matematik 3B;11;.;72,7;27,3;1;..;..;..;10;..;..;..;
JENSEN Gymnasium Eskilstuna;88986563;Eskilstuna;0484;Enskild;Jensen Education College AB;5566358759;Svenska 3;28;3,6;75,0;21,4;23;..;..;..;5;..;..;..;
JENSEN Gymnasium Eskilstuna;88986563;Eskilstuna;0484;Enskild;Jensen Education College AB;5566358759;Svenska som andraspråk 3;48;.;66,7;33,3;26;.;69,2;30,8;22;.;63,6;36,4;
Kunskapscompaniets Gymnasium i Eskilstuna;91333138;Eskilstuna;0484;Enskild;Kunskapscompaniet Gymnasium KCGY AB;5561383885;Engelska 5;44;29,5;68,2;2,3;13;30,8;69,2;.;31;29,0;67,7;3,2;
Kunskapscompaniets Gymnasium i Eskilstuna;91333138;Eskilstuna;0484;Enskild;Kunskapscompaniet Gymnasium KCGY AB;5561383885;Matematik 1A;45;.;80,0;20,0;13;.;76,9;23,1;32;.;81,3;18,8;
Kunskapscompaniets Gymnasium i Eskilstuna;91333138;Eskilstuna;0484;Enskild;Kunskapscompaniet Gymnasium KCGY AB;5561383885;Svenska 1;40;.;57,5;42,5;12;.;75,0;25,0;28;.;50,0;50,0;
NTI Gymnasiet Eskilstuna;30341162;Eskilstuna;0484;Enskild;NTI Gymnasiet Macro AB;5561203679;Engelska 5;18;22,2;77,8;.;.;.;.;.;18;..;..;..;
NTI Gymnasiet Eskilstuna;30341162;Eskilstuna;0484;Enskild;NTI Gymnasiet Macro AB;5561203679;Engelska 6;45;13,3;68,9;17,8;14;14,3;64,3;21,4;31;12,9;71,0;16,1;
NTI Gymnasiet Eskilstuna;30341162;Eskilstuna;0484;Enskild;NTI Gymnasiet Macro AB;5561203679;Matematik 1A;18;.;83,3;16,7;.;.;.;.;18;..;..;..;
NTI Gymnasiet Eskilstuna;30341162;Eskilstuna;0484;Enskild;NTI Gymnasiet Macro AB;5561203679;Matematik 1B;20;.;70,0;30,0;11;..;..;..;9;..;..;..;
NTI Gymnasiet Eskilstuna;30341162;Eskilstuna;0484;Enskild;NTI Gymnasiet Macro AB;5561203679;Matematik 3C;28;.;50,0;50,0;8;..;..;..;20;..;..;..;
NTI Gymnasiet Eskilstuna;30341162;Eskilstuna;0484;Enskild;NTI Gymnasiet Macro AB;5561203679;Svenska 1;9;..;..;..;.;.;.;.;9;..;..;..;
NTI Gymnasiet Eskilstuna;30341162;Eskilstuna;0484;Enskild;NTI Gymnasiet Macro AB;5561203679;Svenska 3;25;8,0;56,0;36,0;8;..;..;..;17;..;..;..;
NTI Gymnasiet Eskilstuna;30341162;Eskilstuna;0484;Enskild;NTI Gymnasiet Macro AB;5561203679;Svenska som andraspråk 1;8;..;..;..;.;.;.;.;8;..;..;..;
NTI Gymnasiet Eskilstuna;30341162;Eskilstuna;0484;Enskild;NTI Gymnasiet Macro AB;5561203679;Svenska som andraspråk 3;7;..;..;..;2;..;..;..;5;..;..;..;
Realgymnasiet Eskilstuna;39936461;Eskilstuna;0484;Enskild;Lärande i Sverige AB;5565715892;Engelska 5;40;.;97,5;2,5;35;..;..;..;5;..;..;..;
Realgymnasiet Eskilstuna;39936461;Eskilstuna;0484;Enskild;Lärande i Sverige AB;5565715892;Matematik 1A;46;.;78,3;21,7;41;..;..;..;5;..;..;..;
Realgymnasiet Eskilstuna;39936461;Eskilstuna;0484;Enskild;Lärande i Sverige AB;5565715892;Svenska 1;43;.;88,4;11,6;40;..;..;..;3;..;..;..;
Realgymnasiet Eskilstuna;39936461;Eskilstuna;0484;Enskild;Lärande i Sverige AB;5565715892;Svenska som andraspråk 1;2;..;..;..;.;.;.;.;2;..;..;..;
Rekarnegymnasiet 1;72266906;Eskilstuna;0484;Kommunal;Eskilstuna kommun;2120000357;Engelska 5;84;13,1;78,6;8,3;4;..;..;..;80;..;..;..;
Rekarnegymnasiet 1;72266906;Eskilstuna;0484;Kommunal;Eskilstuna kommun;2120000357;Engelska 6;67;7,5;35,8;56,7;44;4,5;27,3;68,2;23;13,0;52,2;34,8;
Rekarnegymnasiet 1;72266906;Eskilstuna;0484;Kommunal;Eskilstuna kommun;2120000357;Matematik 1A;93;3,2;77,4;19,4;8;..;..;..;85;..;..;..;
Rekarnegymnasiet 1;72266906;Eskilstuna;0484;Kommunal;Eskilstuna kommun;2120000357;Matematik 2B;59;.;49,2;50,8;40;.;37,5;62,5;19;.;73,7;26,3;
Rekarnegymnasiet 1;72266906;Eskilstuna;0484;Kommunal;Eskilstuna kommun;2120000357;Svenska 1;77;9,1;61,0;29,9;6;..;..;..;71;..;..;..;
Rekarnegymnasiet 1;72266906;Eskilstuna;0484;Kommunal;Eskilstuna kommun;2120000357;Svenska 3;49;16,3;24,5;59,2;33;21,2;27,3;51,5;16;6,3;18,8;75,0;
Rekarnegymnasiet 1;72266906;Eskilstuna;0484;Kommunal;Eskilstuna kommun;2120000357;Svenska som andraspråk 1;2;..;..;..;.;.;.;.;2;..;..;..;
Rekarnegymnasiet 1;72266906;Eskilstuna;0484;Kommunal;Eskilstuna kommun;2120000357;Svenska som andraspråk 3;14;57,1;35,7;7,1;5;..;..;..;9;..;..;..;
Rekarnegymnasiet 2;27030026;Eskilstuna;0484;Kommunal;Eskilstuna kommun;2120000357;Engelska 5;61;57,4;42,6;.;12;25,0;75,0;.;49;65,3;34,7;.;
Rekarnegymnasiet 2;27030026;Eskilstuna;0484;Kommunal;Eskilstuna kommun;2120000357;Engelska 6;67;9,0;74,6;16,4;41;4,9;75,6;19,5;26;15,4;73,1;11,5;
Rekarnegymnasiet 2;27030026;Eskilstuna;0484;Kommunal;Eskilstuna kommun;2120000357;Matematik 1A;70;5,7;78,6;15,7;21;.;90,5;9,5;49;8,2;73,5;18,4;
Rekarnegymnasiet 2;27030026;Eskilstuna;0484;Kommunal;Eskilstuna kommun;2120000357;Matematik 2B;25;.;36,0;64,0;22;..;..;..;3;..;..;..;
Rekarnegymnasiet 2;27030026;Eskilstuna;0484;Kommunal;Eskilstuna kommun;2120000357;Matematik 3B;21;.;47,6;52,4;7;..;..;..;14;..;..;..;
Rekarnegymnasiet 2;27030026;Eskilstuna;0484;Kommunal;Eskilstuna kommun;2120000357;Matematik 3C;6;..;..;..;2;..;..;..;4;..;..;..;
Rekarnegymnasiet 2;27030026;Eskilstuna;0484;Kommunal;Eskilstuna kommun;2120000357;Svenska 1;63;11,1;61,9;27,0;23;4,3;60,9;34,8;40;15,0;62,5;22,5;
Rekarnegymnasiet 2;27030026;Eskilstuna;0484;Kommunal;Eskilstuna kommun;2120000357;Svenska 3;48;.;29,2;70,8;27;.;40,7;59,3;21;.;14,3;85,7;
Rekarnegymnasiet 2;27030026;Eskilstuna;0484;Kommunal;Eskilstuna kommun;2120000357;Svenska som andraspråk 1;6;..;..;..;1;..;..;..;5;..;..;..;
Rekarnegymnasiet 2;27030026;Eskilstuna;0484;Kommunal;Eskilstuna kommun;2120000357;Svenska som andraspråk 3;3;..;..;..;1;..;..;..;2;..;..;..;
Rinmangymnasiet RI 1N;16950252;Eskilstuna;0484;Kommunal;Eskilstuna kommun;2120000357;Engelska 5;27;14,8;74,1;11,1;11;18,2;63,6;18,2;16;12,5;81,3;6,3;
Rinmangymnasiet RI 1N;16950252;Eskilstuna;0484;Kommunal;Eskilstuna kommun;2120000357;Engelska 6;73;4,1;72,6;23,3;18;5,6;61,1;33,3;55;3,6;76,4;20,0;
Rinmangymnasiet RI 1N;16950252;Eskilstuna;0484;Kommunal;Eskilstuna kommun;2120000357;Matematik 1A;30;.;66,7;33,3;12;.;66,7;33,3;18;.;66,7;33,3;
Rinmangymnasiet RI 1N;16950252;Eskilstuna;0484;Kommunal;Eskilstuna kommun;2120000357;Matematik 3C;60;.;76,7;23,3;16;.;68,8;31,3;44;.;79,5;20,5;
Rinmangymnasiet RI 1N;16950252;Eskilstuna;0484;Kommunal;Eskilstuna kommun;2120000357;Matematik 4;16;.;68,8;31,3;2;..;..;..;14;..;..;..;
Rinmangymnasiet RI 1N;16950252;Eskilstuna;0484;Kommunal;Eskilstuna kommun;2120000357;Svenska 1;18;.;55,6;44,4;11;..;..;..;7;..;..;..;
Rinmangymnasiet RI 1N;16950252;Eskilstuna;0484;Kommunal;Eskilstuna kommun;2120000357;Svenska 3;59;.;76,3;23,7;17;.;52,9;47,1;42;.;85,7;14,3;
Rinmangymnasiet RI 1N;16950252;Eskilstuna;0484;Kommunal;Eskilstuna kommun;2120000357;Svenska som andraspråk 1;5;..;..;..;.;.;.;.;5;..;..;..;
Rinmangymnasiet RI 1N;16950252;Eskilstuna;0484;Kommunal;Eskilstuna kommun;2120000357;Svenska som andraspråk 3;25;.;16,0;84,0;6;..;..;..;19;..;..;..;
Rinmangymnasiet RI 2N;34637764;Eskilstuna;0484;Kommunal;Eskilstuna kommun;2120000357;Engelska 5;31;9,7;74,2;16,1;27;..;..;..;4;..;..;..;
Rinmangymnasiet RI 2N;34637764;Eskilstuna;0484;Kommunal;Eskilstuna kommun;2120000357;Engelska 6;72;5,6;54,2;40,3;41;4,9;48,8;46,3;31;6,5;61,3;32,3;
Rinmangymnasiet RI 2N;34637764;Eskilstuna;0484;Kommunal;Eskilstuna kommun;2120000357;Matematik 1A;36;.;47,2;52,8;33;..;..;..;3;..;..;..;
Rinmangymnasiet RI 2N;34637764;Eskilstuna;0484;Kommunal;Eskilstuna kommun;2120000357;Matematik 3C;16;.;81,3;18,8;10;..;..;..;6;..;..;..;
Rinmangymnasiet RI 2N;34637764;Eskilstuna;0484;Kommunal;Eskilstuna kommun;2120000357;Matematik 4;63;.;71,4;28,6;39;.;76,9;23,1;24;.;62,5;37,5;
Rinmangymnasiet RI 2N;34637764;Eskilstuna;0484;Kommunal;Eskilstuna kommun;2120000357;Svenska 1;22;9,1;45,5;45,5;21;..;..;..;1;..;..;..;
Rinmangymnasiet RI 2N;34637764;Eskilstuna;0484;Kommunal;Eskilstuna kommun;2120000357;Svenska 3;40;.;62,5;37,5;23;.;65,2;34,8;17;.;58,8;41,2;
Rinmangymnasiet RI 2N;34637764;Eskilstuna;0484;Kommunal;Eskilstuna kommun;2120000357;Svenska som andraspråk 1;11;9,1;63,6;27,3;8;..;..;..;3;..;..;..;
Rinmangymnasiet RI 2N;34637764;Eskilstuna;0484;Kommunal;Eskilstuna kommun;2120000357;Svenska som andraspråk 3;63;3,2;36,5;60,3;39;2,6;38,5;59,0;24;4,2;33,3;62,5;
Rinmangymnasiet RI3N;44957557;Eskilstuna;0484;Kommunal;Eskilstuna kommun;2120000357;Engelska 6;3;..;..;..;1;..;..;..;2;..;..;..;
Rinmangymnasiet RI3N;44957557;Eskilstuna;0484;Kommunal;Eskilstuna kommun;2120000357;Matematik 2B;1;..;..;..;.;.;.;.;1;..;..;..;
Rinmangymnasiet RI3N;44957557;Eskilstuna;0484;Kommunal;Eskilstuna kommun;2120000357;Svenska 3;2;..;..;..;.;.;.;.;2;..;..;..;
S:t Eskils gymnasium;19912478;Eskilstuna;0484;Kommunal;Eskilstuna kommun;2120000357;Engelska 6;176;10,2;56,8;33,0;122;10,7;54,9;34,4;54;9,3;61,1;29,6;
S:t Eskils gymnasium;19912478;Eskilstuna;0484;Kommunal;Eskilstuna kommun;2120000357;Matematik 1B;44;.;56,8;43,2;35;..;..;..;9;..;..;..;
S:t Eskils gymnasium;19912478;Eskilstuna;0484;Kommunal;Eskilstuna kommun;2120000357;Matematik 2B;77;1,3;54,5;44,2;51;2,0;56,9;41,2;26;.;50,0;50,0;
S:t Eskils gymnasium;19912478;Eskilstuna;0484;Kommunal;Eskilstuna kommun;2120000357;Matematik 3B;9;..;..;..;5;..;..;..;4;..;..;..;
S:t Eskils gymnasium;19912478;Eskilstuna;0484;Kommunal;Eskilstuna kommun;2120000357;Matematik 4;8;..;..;..;3;..;..;..;5;..;..;..;
S:t Eskils gymnasium;19912478;Eskilstuna;0484;Kommunal;Eskilstuna kommun;2120000357;Svenska 3;118;5,1;73,7;21,2;94;3,2;78,7;18,1;24;12,5;54,2;33,3;
S:t Eskils gymnasium;19912478;Eskilstuna;0484;Kommunal;Eskilstuna kommun;2120000357;Svenska som andraspråk 3;27;18,5;48,1;33,3;15;13,3;60,0;26,7;12;25,0;33,3;41,7;
Zetterbergsgymnasiet;69396818;Eskilstuna;0484;Kommunal;Eskilstuna kommun;2120000357;Engelska 5;19;21,1;73,7;5,3;11;..;..;..;8;..;..;..;
Zetterbergsgymnasiet;69396818;Eskilstuna;0484;Kommunal;Eskilstuna kommun;2120000357;Engelska 6;42;21,4;66,7;11,9;31;22,6;61,3;16,1;11;18,2;81,8;.;
Zetterbergsgymnasiet;69396818;Eskilstuna;0484;Kommunal;Eskilstuna kommun;2120000357;Matematik 1A;42;7,1;85,7;7,1;35;..;..;..;7;..;..;..;
Zetterbergsgymnasiet;69396818;Eskilstuna;0484;Kommunal;Eskilstuna kommun;2120000357;Matematik 3B;24;.;50,0;50,0;16;..;..;..;8;..;..;..;
Zetterbergsgymnasiet;69396818;Eskilstuna;0484;Kommunal;Eskilstuna kommun;2120000357;Svenska 1;33;6,1;24,2;69,7;30;..;..;..;3;..;..;..;
Zetterbergsgymnasiet;69396818;Eskilstuna;0484;Kommunal;Eskilstuna kommun;2120000357;Svenska 3;20;5,0;20,0;75,0;15;..;..;..;5;..;..;..;
Zetterbergsgymnasiet;69396818;Eskilstuna;0484;Kommunal;Eskilstuna kommun;2120000357;Svenska som andraspråk 1;5;..;..;..;3;..;..;..;2;..;..;..;
Zetterbergsgymnasiet;69396818;Eskilstuna;0484;Kommunal;Eskilstuna kommun;2120000357;Svenska som andraspråk 3;6;..;..;..;3;..;..;..;3;..;..;..;
Carl Engströmgymnasiet;15077883;Eslöv;1285;Kommunal;Eslövs kommun;2120001173;Engelska 5;117;9,4;82,1;8,5;44;2,3;84,1;13,6;73;13,7;80,8;5,5;
Carl Engströmgymnasiet;15077883;Eslöv;1285;Kommunal;Eslövs kommun;2120001173;Engelska 6;66;.;74,2;25,8;29;.;69,0;31,0;37;.;78,4;21,6;
Carl Engströmgymnasiet;15077883;Eslöv;1285;Kommunal;Eslövs kommun;2120001173;Matematik 1A;125;0,8;88,0;11,2;47;2,1;89,4;8,5;78;.;87,2;12,8;
Carl Engströmgymnasiet;15077883;Eslöv;1285;Kommunal;Eslövs kommun;2120001173;Matematik 2B;40;.;77,5;22,5;24;.;75,0;25,0;16;.;81,3;18,8;
Carl Engströmgymnasiet;15077883;Eslöv;1285;Kommunal;Eslövs kommun;2120001173;Matematik 3B;9;..;..;..;.;.;.;.;9;..;..;..;
Carl Engströmgymnasiet;15077883;Eslöv;1285;Kommunal;Eslövs kommun;2120001173;Svenska 1;100;3,0;60,0;37,0;36;5,6;61,1;33,3;64;1,6;59,4;39,1;
Carl Engströmgymnasiet;15077883;Eslöv;1285;Kommunal;Eslövs kommun;2120001173;Svenska 3;54;9,3;63,0;27,8;19;5,3;47,4;47,4;35;11,4;71,4;17,1;
Carl Engströmgymnasiet;15077883;Eslöv;1285;Kommunal;Eslövs kommun;2120001173;Svenska som andraspråk 1;13;.;38,5;61,5;7;..;..;..;6;..;..;..;
Carl Engströmgymnasiet;15077883;Eslöv;1285;Kommunal;Eslövs kommun;2120001173;Svenska som andraspråk 3;10;.;100,0;.;3;..;..;..;7;..;..;..;
Brinellskolan 1;32420077;Fagersta;1982;Kommunal;Fagersta kommun;2120002106;Matematik 1A;8;..;..;..;.;.;.;.;8;..;..;..;
Brinellskolan 1;32420077;Fagersta;1982;Kommunal;Fagersta kommun;2120002106;Svenska 1;18;5,6;27,8;66,7;10;..;..;..;8;..;..;..;
Brinellskolan 2;48434184;Fagersta;1982;Kommunal;Fagersta kommun;2120002106;Matematik 1A;7;..;..;..;2;..;..;..;5;..;..;..;
Brinellskolan 2;48434184;Fagersta;1982;Kommunal;Fagersta kommun;2120002106;Matematik 2B;9;..;..;..;6;..;..;..;3;..;..;..;
Brinellskolan 2;48434184;Fagersta;1982;Kommunal;Fagersta kommun;2120002106;Matematik 3B;6;..;..;..;4;..;..;..;2;..;..;..;
Brinellskolan 2;48434184;Fagersta;1982;Kommunal;Fagersta kommun;2120002106;Matematik 3C;4;..;..;..;1;..;..;..;3;..;..;..;
Brinellskolan 2;48434184;Fagersta;1982;Kommunal;Fagersta kommun;2120002106;Svenska 1;17;.;76,5;23,5;2;..;..;..;15;..;..;..;
Brinellskolan 2;48434184;Fagersta;1982;Kommunal;Fagersta kommun;2120002106;Svenska 3;22;.;40,9;59,1;13;..;..;..;9;..;..;..;
Brinellskolan 2;48434184;Fagersta;1982;Kommunal;Fagersta kommun;2120002106;Svenska som andraspråk 3;8;..;..;..;6;..;..;..;2;..;..;..;
Brinellskolan 3;25167262;Fagersta;1982;Kommunal;Fagersta kommun;2120002106;Matematik 2B;19;.;78,9;21,1;14;..;..;..;5;..;..;..;
Brinellskolan 3;25167262;Fagersta;1982;Kommunal;Fagersta kommun;2120002106;Svenska 3;15;13,3;13,3;73,3;12;..;..;..;3;..;..;..;
Brinellskolan 3;25167262;Fagersta;1982;Kommunal;Fagersta kommun;2120002106;Svenska som andraspråk 3;1;..;..;..;1;..;..;..;.;.;.;.;
Drottning Blankas Gymnasieskola Falkenberg;58724424;Falkenberg;1382;Enskild;DBGY Kronan AB;5565668794;Engelska 5;10;.;60,0;40,0;10;..;..;..;.;.;.;.;
Drottning Blankas Gymnasieskola Falkenberg;58724424;Falkenberg;1382;Enskild;DBGY Kronan AB;5565668794;Engelska 6;24;4,2;83,3;12,5;17;..;..;..;7;..;..;..;
Drottning Blankas Gymnasieskola Falkenberg;58724424;Falkenberg;1382;Enskild;DBGY Kronan AB;5565668794;Matematik 1A;10;.;80,0;20,0;10;..;..;..;.;.;.;.;
Drottning Blankas Gymnasieskola Falkenberg;58724424;Falkenberg;1382;Enskild;DBGY Kronan AB;5565668794;Matematik 1B;12;.;83,3;16,7;12;..;..;..;.;.;.;.;
Drottning Blankas Gymnasieskola Falkenberg;58724424;Falkenberg;1382;Enskild;DBGY Kronan AB;5565668794;Matematik 2B;9;..;..;..;6;..;..;..;3;..;..;..;
Drottning Blankas Gymnasieskola Falkenberg;58724424;Falkenberg;1382;Enskild;DBGY Kronan AB;5565668794;Svenska 1;10;.;40,0;60,0;10;..;..;..;.;.;.;.;
Drottning Blankas Gymnasieskola Falkenberg;58724424;Falkenberg;1382;Enskild;DBGY Kronan AB;5565668794;Svenska 3;18;.;61,1;38,9;14;..;..;..;4;..;..;..;
Drottning Blankas Gymnasieskola Falkenberg;58724424;Falkenberg;1382;Enskild;DBGY Kronan AB;5565668794;Svenska som andraspråk 3;5;..;..;..;4;..;..;..;1;..;..;..;
Falkenbergs Gymnasieskola 2;51138448;Falkenberg;1382;Kommunal;Falkenbergs kommun;2120001231;Engelska 6;225;8,0;77,8;14,2;113;8,8;75,2;15,9;112;7,1;80,4;12,5;
Falkenbergs Gymnasieskola 2;51138448;Falkenberg;1382;Kommunal;Falkenbergs kommun;2120001231;Matematik 1B;25;.;100,0;.;19;..;..;..;6;..;..;..;
Falkenbergs Gymnasieskola 2;51138448;Falkenberg;1382;Kommunal;Falkenbergs kommun;2120001231;Matematik 2B;108;.;85,2;14,8;69;.;84,1;15,9;39;.;87,2;12,8;
Falkenbergs Gymnasieskola 2;51138448;Falkenberg;1382;Kommunal;Falkenbergs kommun;2120001231;Matematik 3B;46;.;93,5;6,5;28;.;89,3;10,7;18;.;100,0;.;
Falkenbergs Gymnasieskola 2;51138448;Falkenberg;1382;Kommunal;Falkenbergs kommun;2120001231;Matematik 3C;24;.;62,5;37,5;13;.;38,5;61,5;11;.;90,9;9,1;
Falkenbergs Gymnasieskola 2;51138448;Falkenberg;1382;Kommunal;Falkenbergs kommun;2120001231;Svenska 3;182;4,9;57,7;37,4;94;5,3;55,3;39,4;88;4,5;60,2;35,2;
Falkenbergs Gymnasieskola 2;51138448;Falkenberg;1382;Kommunal;Falkenbergs kommun;2120001231;Svenska som andraspråk 3;17;5,9;70,6;23,5;10;..;..;..;7;..;..;..;
Falkenbergs Gymnasieskola 3;19647256;Falkenberg;1382;Kommunal;Falkenbergs kommun;2120001231;Engelska 5;128;14,1;80,5;5,5;57;12,3;77,2;10,5;71;15,5;83,1;1,4;
Falkenbergs Gymnasieskola 3;19647256;Falkenberg;1382;Kommunal;Falkenbergs kommun;2120001231;Matematik 1A;117;.;79,5;20,5;56;.;83,9;16,1;61;.;75,4;24,6;
Falkenbergs Gymnasieskola 3;19647256;Falkenberg;1382;Kommunal;Falkenbergs kommun;2120001231;Svenska 1;124;1,6;61,3;37,1;54;.;46,3;53,7;70;2,9;72,9;24,3;
Falkenbergs Gymnasieskola 3;19647256;Falkenberg;1382;Kommunal;Falkenbergs kommun;2120001231;Svenska som andraspråk 1;5;..;..;..;2;..;..;..;3;..;..;..;
Ållebergsgymnasiet A;17008320;Falköping;1499;Kommunal;Falköpings kommun;2120001744;Engelska 5;13;15,4;76,9;7,7;2;..;..;..;11;..;..;..;
Ållebergsgymnasiet A;17008320;Falköping;1499;Kommunal;Falköpings kommun;2120001744;Engelska 6;64;9,4;65,6;25,0;27;7,4;55,6;37,0;37;10,8;73,0;16,2;
Ållebergsgymnasiet A;17008320;Falköping;1499;Kommunal;Falköpings kommun;2120001744;Matematik 1A;4;..;..;..;2;..;..;..;2;..;..;..;
Ållebergsgymnasiet A;17008320;Falköping;1499;Kommunal;Falköpings kommun;2120001744;Matematik 3C;43;.;69,8;30,2;8;..;..;..;35;..;..;..;
Ållebergsgymnasiet A;17008320;Falköping;1499;Kommunal;Falköpings kommun;2120001744;Svenska 1;11;.;45,5;54,5;.;.;.;.;11;..;..;..;
Ållebergsgymnasiet A;17008320;Falköping;1499;Kommunal;Falköpings kommun;2120001744;Svenska 3;39;.;48,7;51,3;16;.;37,5;62,5;23;.;56,5;43,5;
Ållebergsgymnasiet A;17008320;Falköping;1499;Kommunal;Falköpings kommun;2120001744;Svenska som andraspråk 1;3;..;..;..;2;..;..;..;1;..;..;..;
Ållebergsgymnasiet A;17008320;Falköping;1499;Kommunal;Falköpings kommun;2120001744;Svenska som andraspråk 3;11;.;72,7;27,3;6;..;..;..;5;..;..;..;
Ållebergsgymnasiet B;56737496;Falköping;1499;Kommunal;Falköpings kommun;2120001744;Engelska 5;40;7,5;70,0;22,5;10;10,0;70,0;20,0;30;6,7;70,0;23,3;
Ållebergsgymnasiet B;56737496;Falköping;1499;Kommunal;Falköpings kommun;2120001744;Engelska 6;43;2,3;69,8;27,9;22;.;81,8;18,2;21;4,8;57,1;38,1;
Ållebergsgymnasiet B;56737496;Falköping;1499;Kommunal;Falköpings kommun;2120001744;Matematik 1A;46;.;78,3;21,7;9;..;..;..;37;..;..;..;
Ållebergsgymnasiet B;56737496;Falköping;1499;Kommunal;Falköpings kommun;2120001744;Matematik 2B;19;.;42,1;57,9;11;..;..;..;8;..;..;..;
Ållebergsgymnasiet B;56737496;Falköping;1499;Kommunal;Falköpings kommun;2120001744;Matematik 3B;31;.;61,3;38,7;14;.;57,1;42,9;17;.;64,7;35,3;
Ållebergsgymnasiet B;56737496;Falköping;1499;Kommunal;Falköpings kommun;2120001744;Svenska 1;37;.;62,2;37,8;6;..;..;..;31;..;..;..;
Ållebergsgymnasiet B;56737496;Falköping;1499;Kommunal;Falköpings kommun;2120001744;Svenska 3;49;.;42,9;57,1;25;.;24,0;76,0;24;.;62,5;37,5;
Ållebergsgymnasiet B;56737496;Falköping;1499;Kommunal;Falköpings kommun;2120001744;Svenska som andraspråk 1;6;..;..;..;3;..;..;..;3;..;..;..;
Ållebergsgymnasiet B;56737496;Falköping;1499;Kommunal;Falköpings kommun;2120001744;Svenska som andraspråk 3;3;..;..;..;1;..;..;..;2;..;..;..;
Ållebergsgymnasiet E;93939982;Falköping;1499;Kommunal;Falköpings kommun;2120001744;Engelska 5;24;4,2;87,5;8,3;11;.;81,8;18,2;13;7,7;92,3;.;
Ållebergsgymnasiet E;93939982;Falköping;1499;Kommunal;Falköpings kommun;2120001744;Engelska 6;58;1,7;77,6;20,7;45;2,2;77,8;20,0;13;.;76,9;23,1;
Ållebergsgymnasiet E;93939982;Falköping;1499;Kommunal;Falköpings kommun;2120001744;Matematik 1A;14;.;78,6;21,4;1;..;..;..;13;..;..;..;
Ållebergsgymnasiet E;93939982;Falköping;1499;Kommunal;Falköpings kommun;2120001744;Matematik 1B;6;..;..;..;4;..;..;..;2;..;..;..;
Ållebergsgymnasiet E;93939982;Falköping;1499;Kommunal;Falköpings kommun;2120001744;Matematik 2B;28;.;46,4;53,6;16;.;37,5;62,5;12;.;58,3;41,7;
Ållebergsgymnasiet E;93939982;Falköping;1499;Kommunal;Falköpings kommun;2120001744;Svenska 1;30;6,7;50,0;43,3;11;9,1;54,5;36,4;19;5,3;47,4;47,4;
Ållebergsgymnasiet E;93939982;Falköping;1499;Kommunal;Falköpings kommun;2120001744;Svenska 3;52;5,8;30,8;63,5;36;2,8;25,0;72,2;16;12,5;43,8;43,8;
Ållebergsgymnasiet E;93939982;Falköping;1499;Kommunal;Falköpings kommun;2120001744;Svenska som andraspråk 1;2;..;..;..;1;..;..;..;1;..;..;..;
Ållebergsgymnasiet E;93939982;Falköping;1499;Kommunal;Falköpings kommun;2120001744;Svenska som andraspråk 3;2;..;..;..;2;..;..;..;.;.;.;.;
Drottning Blankas Gymnasieskola Falun;34253318;Falun;2080;Enskild;DBGY Kronan AB;5565668794;Engelska 5;19;10,5;78,9;10,5;17;..;..;..;2;..;..;..;
Drottning Blankas Gymnasieskola Falun;34253318;Falun;2080;Enskild;DBGY Kronan AB;5565668794;Engelska 6;15;6,7;66,7;26,7;10;..;..;..;5;..;..;..;
Drottning Blankas Gymnasieskola Falun;34253318;Falun;2080;Enskild;DBGY Kronan AB;5565668794;Matematik 1A;18;.;83,3;16,7;17;..;..;..;1;..;..;..;
Drottning Blankas Gymnasieskola Falun;34253318;Falun;2080;Enskild;DBGY Kronan AB;5565668794;Matematik 2B;10;.;100,0;.;6;..;..;..;4;..;..;..;
Drottning Blankas Gymnasieskola Falun;34253318;Falun;2080;Enskild;DBGY Kronan AB;5565668794;Matematik 3B;8;..;..;..;4;..;..;..;4;..;..;..;
Drottning Blankas Gymnasieskola Falun;34253318;Falun;2080;Enskild;DBGY Kronan AB;5565668794;Svenska 1;15;26,7;40,0;33,3;14;..;..;..;1;..;..;..;
Drottning Blankas Gymnasieskola Falun;34253318;Falun;2080;Enskild;DBGY Kronan AB;5565668794;Svenska 3;13;30,8;61,5;7,7;11;..;..;..;2;..;..;..;
Drottning Blankas Gymnasieskola Falun;34253318;Falun;2080;Enskild;DBGY Kronan AB;5565668794;Svenska som andraspråk 1;3;..;..;..;2;..;..;..;1;..;..;..;
Drottning Blankas Gymnasieskola Falun;34253318;Falun;2080;Enskild;DBGY Kronan AB;5565668794;Svenska som andraspråk 3;23;8,7;43,5;47,8;14;..;..;..;9;..;..;..;
Falu Frigymnasium;25720752;Falun;2080;Enskild;Falu Frigymnasium Aktiebolag;5566112834;Engelska 5;13;15,4;69,2;15,4;11;..;..;..;2;..;..;..;
Falu Frigymnasium;25720752;Falun;2080;Enskild;Falu Frigymnasium Aktiebolag;5566112834;Engelska 6;85;4,7;57,6;37,6;49;.;53,1;46,9;36;11,1;63,9;25,0;
Falu Frigymnasium;25720752;Falun;2080;Enskild;Falu Frigymnasium Aktiebolag;5566112834;Matematik 1A;23;.;60,9;39,1;21;..;..;..;2;..;..;..;
Falu Frigymnasium;25720752;Falun;2080;Enskild;Falu Frigymnasium Aktiebolag;5566112834;Matematik 1B;12;.;66,7;33,3;8;..;..;..;4;..;..;..;
Falu Frigymnasium;25720752;Falun;2080;Enskild;Falu Frigymnasium Aktiebolag;5566112834;Matematik 2B;43;2,3;53,5;44,2;32;3,1;50,0;46,9;11;.;63,6;36,4;
Falu Frigymnasium;25720752;Falun;2080;Enskild;Falu Frigymnasium Aktiebolag;5566112834;Matematik 3B;6;..;..;..;4;..;..;..;2;..;..;..;
Falu Frigymnasium;25720752;Falun;2080;Enskild;Falu Frigymnasium Aktiebolag;5566112834;Matematik 4;16;.;81,3;18,8;6;..;..;..;10;..;..;..;
Falu Frigymnasium;25720752;Falun;2080;Enskild;Falu Frigymnasium Aktiebolag;5566112834;Svenska 1;6;..;..;..;4;..;..;..;2;..;..;..;
Falu Frigymnasium;25720752;Falun;2080;Enskild;Falu Frigymnasium Aktiebolag;5566112834;Svenska 3;77;9,1;44,2;46,8;52;5,8;53,8;40,4;25;16,0;24,0;60,0;
Falu Frigymnasium;25720752;Falun;2080;Enskild;Falu Frigymnasium Aktiebolag;5566112834;Svenska som andraspråk 1;4;..;..;..;4;..;..;..;.;.;.;.;
Falu Frigymnasium;25720752;Falun;2080;Enskild;Falu Frigymnasium Aktiebolag;5566112834;Svenska som andraspråk 3;27;.;55,6;44,4;18;..;..;..;9;..;..;..;
Hagströmska gymnasiet Falun;55155562;Falun;2080;Enskild;Hagströmska Gymnasiet AB;5567550461;Engelska 5;97;8,2;71,1;20,6;18;11,1;66,7;22,2;79;7,6;72,2;20,3;
Hagströmska gymnasiet Falun;55155562;Falun;2080;Enskild;Hagströmska Gymnasiet AB;5567550461;Engelska 6;93;3,2;68,8;28,0;38;.;65,8;34,2;55;5,5;70,9;23,6;
Hagströmska gymnasiet Falun;55155562;Falun;2080;Enskild;Hagströmska Gymnasiet AB;5567550461;Matematik 1A;104;.;75,0;25,0;20;.;60,0;40,0;84;.;78,6;21,4;
Hagströmska gymnasiet Falun;55155562;Falun;2080;Enskild;Hagströmska Gymnasiet AB;5567550461;Matematik 2B;40;.;57,5;42,5;21;.;57,1;42,9;19;.;57,9;42,1;
Hagströmska gymnasiet Falun;55155562;Falun;2080;Enskild;Hagströmska Gymnasiet AB;5567550461;Matematik 3B;20;.;60,0;40,0;11;..;..;..;9;..;..;..;
Hagströmska gymnasiet Falun;55155562;Falun;2080;Enskild;Hagströmska Gymnasiet AB;5567550461;Matematik 3C;13;.;23,1;76,9;2;..;..;..;11;..;..;..;
Hagströmska gymnasiet Falun;55155562;Falun;2080;Enskild;Hagströmska Gymnasiet AB;5567550461;Matematik 4;15;.;73,3;26,7;9;..;..;..;6;..;..;..;
Hagströmska gymnasiet Falun;55155562;Falun;2080;Enskild;Hagströmska Gymnasiet AB;5567550461;Svenska 1;86;2,3;60,5;37,2;17;.;70,6;29,4;69;2,9;58,0;39,1;
Hagströmska gymnasiet Falun;55155562;Falun;2080;Enskild;Hagströmska Gymnasiet AB;5567550461;Svenska 3;87;1,1;49,4;49,4;44;2,3;43,2;54,5;43;.;55,8;44,2;
Hagströmska gymnasiet Falun;55155562;Falun;2080;Enskild;Hagströmska Gymnasiet AB;5567550461;Svenska som andraspråk 1;6;..;..;..;1;..;..;..;5;..;..;..;
Hagströmska gymnasiet Falun;55155562;Falun;2080;Enskild;Hagströmska Gymnasiet AB;5567550461;Svenska som andraspråk 3;17;.;52,9;47,1;3;..;..;..;14;..;..;..;
Kristinegymnasiet RO1;31533003;Falun;2080;Kommunal;Falu kommun;2120002221;Engelska 5;25;.;48,0;52,0;19;..;..;..;6;..;..;..;
Kristinegymnasiet RO1;31533003;Falun;2080;Kommunal;Falu kommun;2120002221;Engelska 6;84;6,0;76,2;17,9;58;3,4;75,9;20,7;26;11,5;76,9;11,5;
Kristinegymnasiet RO1;31533003;Falun;2080;Kommunal;Falu kommun;2120002221;Matematik 1A;40;.;90,0;10,0;35;..;..;..;5;..;..;..;
Kristinegymnasiet RO1;31533003;Falun;2080;Kommunal;Falu kommun;2120002221;Matematik 2B;82;.;84,1;15,9;55;.;83,6;16,4;27;.;85,2;14,8;
Kristinegymnasiet RO1;31533003;Falun;2080;Kommunal;Falu kommun;2120002221;Svenska 1;36;2,8;63,9;33,3;31;..;..;..;5;..;..;..;
Kristinegymnasiet RO1;31533003;Falun;2080;Kommunal;Falu kommun;2120002221;Svenska 3;74;5,4;56,8;37,8;46;2,2;52,2;45,7;28;10,7;64,3;25,0;
Kristinegymnasiet RO1;31533003;Falun;2080;Kommunal;Falu kommun;2120002221;Svenska som andraspråk 1;1;..;..;..;1;..;..;..;.;.;.;.;
Kristinegymnasiet RO1;31533003;Falun;2080;Kommunal;Falu kommun;2120002221;Svenska som andraspråk 3;6;..;..;..;4;..;..;..;2;..;..;..;
Kristinegymnasiet RO2;31429031;Falun;2080;Kommunal;Falu kommun;2120002221;Engelska 5;49;10,2;63,3;26,5;37;8,1;59,5;32,4;12;16,7;75,0;8,3;
Kristinegymnasiet RO2;31429031;Falun;2080;Kommunal;Falu kommun;2120002221;Engelska 6;73;6,8;71,2;21,9;47;6,4;63,8;29,8;26;7,7;84,6;7,7;
Kristinegymnasiet RO2;31429031;Falun;2080;Kommunal;Falu kommun;2120002221;Matematik 1A;51;3,9;72,5;23,5;39;5,1;74,4;20,5;12;.;66,7;33,3;
Kristinegymnasiet RO2;31429031;Falun;2080;Kommunal;Falu kommun;2120002221;Matematik 2B;36;.;80,6;19,4;32;..;..;..;4;..;..;..;
Kristinegymnasiet RO2;31429031;Falun;2080;Kommunal;Falu kommun;2120002221;Matematik 3B;34;.;82,4;17,6;11;.;100,0;.;23;.;73,9;26,1;
Kristinegymnasiet RO2;31429031;Falun;2080;Kommunal;Falu kommun;2120002221;Svenska 1;44;11,4;43,2;45,5;35;..;..;..;9;..;..;..;
Kristinegymnasiet RO2;31429031;Falun;2080;Kommunal;Falu kommun;2120002221;Svenska 3;69;2,9;47,8;49,3;47;.;53,2;46,8;22;9,1;36,4;54,5;
Kristinegymnasiet RO2;31429031;Falun;2080;Kommunal;Falu kommun;2120002221;Svenska som andraspråk 1;3;..;..;..;3;..;..;..;.;.;.;.;
Kristinegymnasiet RO2;31429031;Falun;2080;Kommunal;Falu kommun;2120002221;Svenska som andraspråk 3;2;..;..;..;.;.;.;.;2;..;..;..;
Lugnetgymnasiet RO1;23164911;Falun;2080;Kommunal;Falu kommun;2120002221;Engelska 6;119;2,5;84,9;12,6;50;.;86,0;14,0;69;4,3;84,1;11,6;
Lugnetgymnasiet RO1;23164911;Falun;2080;Kommunal;Falu kommun;2120002221;Matematik 3C;19;.;78,9;21,1;5;..;..;..;14;..;..;..;
Lugnetgymnasiet RO1;23164911;Falun;2080;Kommunal;Falu kommun;2120002221;Matematik 4;74;.;67,6;32,4;43;.;51,2;48,8;31;.;90,3;9,7;
Lugnetgymnasiet RO1;23164911;Falun;2080;Kommunal;Falu kommun;2120002221;Svenska 3;127;10,2;53,5;36,2;49;10,2;59,2;30,6;78;10,3;50,0;39,7;
Lugnetgymnasiet RO1;23164911;Falun;2080;Kommunal;Falu kommun;2120002221;Svenska som andraspråk 3;9;..;..;..;3;..;..;..;6;..;..;..;
Lugnetgymnasiet RO2;24008049;Falun;2080;Kommunal;Falu kommun;2120002221;Engelska 5;52;30,8;67,3;1,9;5;..;..;..;47;..;..;..;
Lugnetgymnasiet RO2;24008049;Falun;2080;Kommunal;Falu kommun;2120002221;Matematik 1A;56;.;91,1;8,9;7;..;..;..;49;..;..;..;
Lugnetgymnasiet RO2;24008049;Falun;2080;Kommunal;Falu kommun;2120002221;Svenska 1;42;11,9;54,8;33,3;4;..;..;..;38;..;..;..;
Lugnetgymnasiet RO2;24008049;Falun;2080;Kommunal;Falu kommun;2120002221;Svenska som andraspråk 1;6;..;..;..;.;.;.;.;6;..;..;..;
Lugnetgymnasiet RO3;72661886;Falun;2080;Kommunal;Falu kommun;2120002221;Engelska 6;56;12,5;80,4;7,1;44;11,4;79,5;9,1;12;16,7;83,3;.;
Lugnetgymnasiet RO3;72661886;Falun;2080;Kommunal;Falu kommun;2120002221;Matematik 1B;69;.;81,2;18,8;58;.;81,0;19,0;11;.;81,8;18,2;
Lugnetgymnasiet RO3;72661886;Falun;2080;Kommunal;Falu kommun;2120002221;Svenska 3;46;2,2;52,2;45,7;38;..;..;..;8;..;..;..;
Musikkonservatoriet Falun;54481243;Falun;2080;Region;Region Dalarna;2321000180;Engelska 6;10;.;90,0;10,0;1;..;..;..;9;..;..;..;
Musikkonservatoriet Falun;54481243;Falun;2080;Region;Region Dalarna;2321000180;Matematik 1B;15;.;73,3;26,7;7;..;..;..;8;..;..;..;
Musikkonservatoriet Falun;54481243;Falun;2080;Region;Region Dalarna;2321000180;Svenska 3;11;.;100,0;.;7;..;..;..;4;..;..;..;
Praktiska Gymnasiet Falun;59734510;Falun;2080;Enskild;Praktiska Sverige AB;5562575786;Engelska 5;45;2,2;75,6;22,2;25;.;76,0;24,0;20;5,0;75,0;20,0;
Praktiska Gymnasiet Falun;59734510;Falun;2080;Enskild;Praktiska Sverige AB;5562575786;Matematik 1A;52;5,8;67,3;26,9;28;7,1;64,3;28,6;24;4,2;70,8;25,0;
Praktiska Gymnasiet Falun;59734510;Falun;2080;Enskild;Praktiska Sverige AB;5562575786;Svenska 1;49;.;24,5;75,5;27;.;14,8;85,2;22;.;36,4;63,6;
Praktiska Gymnasiet Falun;59734510;Falun;2080;Enskild;Praktiska Sverige AB;5562575786;Svenska som andraspråk 1;3;..;..;..;.;.;.;.;3;..;..;..;
Spångbergsgymnasiet;19586169;Filipstad;1782;Kommunal;Filipstads kommun;2120001876;Engelska 5;29;24,1;58,6;17,2;15;6,7;66,7;26,7;14;42,9;50,0;7,1;
Spångbergsgymnasiet;19586169;Filipstad;1782;Kommunal;Filipstads kommun;2120001876;Engelska 6;19;5,3;73,7;21,1;13;..;..;..;6;..;..;..;
Spångbergsgymnasiet;19586169;Filipstad;1782;Kommunal;Filipstads kommun;2120001876;Matematik 1A;36;.;69,4;30,6;7;..;..;..;29;..;..;..;
Spångbergsgymnasiet;19586169;Filipstad;1782;Kommunal;Filipstads kommun;2120001876;Matematik 2B;20;.;60,0;40,0;13;..;..;..;7;..;..;..;
Spångbergsgymnasiet;19586169;Filipstad;1782;Kommunal;Filipstads kommun;2120001876;Svenska 1;48;6,3;79,2;14,6;18;11,1;83,3;5,6;30;3,3;76,7;20,0;
Spångbergsgymnasiet;19586169;Filipstad;1782;Kommunal;Filipstads kommun;2120001876;Svenska 3;5;..;..;..;5;..;..;..;.;.;.;.;
Spångbergsgymnasiet;19586169;Filipstad;1782;Kommunal;Filipstads kommun;2120001876;Svenska som andraspråk 1;4;..;..;..;3;..;..;..;1;..;..;..;
Spångbergsgymnasiet;19586169;Filipstad;1782;Kommunal;Filipstads kommun;2120001876;Svenska som andraspråk 3;4;..;..;..;4;..;..;..;.;.;.;.;
Bergska gymnasiet Bergska skolan;17643936;Finspång;0562;Kommunal;Finspångs kommun;2120000423;Engelska 5;3;..;..;..;1;..;..;..;2;..;..;..;
Bergska gymnasiet Bergska skolan;17643936;Finspång;0562;Kommunal;Finspångs kommun;2120000423;Matematik 1A;3;..;..;..;1;..;..;..;2;..;..;..;
Bergska gymnasiet Bergska skolan;17643936;Finspång;0562;Kommunal;Finspångs kommun;2120000423;Svenska 1;2;..;..;..;1;..;..;..;1;..;..;..;
Bergska gymnasiet Bildningen;24273261;Finspång;0562;Kommunal;Finspångs kommun;2120000423;Engelska 6;48;.;72,9;27,1;26;.;73,1;26,9;22;.;72,7;27,3;
Bergska gymnasiet Bildningen;24273261;Finspång;0562;Kommunal;Finspångs kommun;2120000423;Matematik 2B;18;.;72,2;27,8;9;..;..;..;9;..;..;..;
Bergska gymnasiet Bildningen;24273261;Finspång;0562;Kommunal;Finspångs kommun;2120000423;Matematik 3B;3;..;..;..;2;..;..;..;1;..;..;..;
Bergska gymnasiet Bildningen;24273261;Finspång;0562;Kommunal;Finspångs kommun;2120000423;Svenska 3;32;3,1;84,4;12,5;23;..;..;..;9;..;..;..;
Bergska gymnasiet Bildningen;24273261;Finspång;0562;Kommunal;Finspångs kommun;2120000423;Svenska som andraspråk 3;4;..;..;..;3;..;..;..;1;..;..;..;
Curt Nicolin Gymnasiet;95683850;Finspång;0562;Enskild;Curt Nicolin Gymnasiet AB;5566431044;Engelska 5;62;40,3;48,4;11,3;19;15,8;57,9;26,3;43;51,2;44,2;4,7;
Curt Nicolin Gymnasiet;95683850;Finspång;0562;Enskild;Curt Nicolin Gymnasiet AB;5566431044;Engelska 6;92;19,6;68,5;12,0;26;11,5;69,2;19,2;66;22,7;68,2;9,1;
Curt Nicolin Gymnasiet;95683850;Finspång;0562;Enskild;Curt Nicolin Gymnasiet AB;5566431044;Matematik 1A;33;.;81,8;18,2;6;..;..;..;27;..;..;..;
Curt Nicolin Gymnasiet;95683850;Finspång;0562;Enskild;Curt Nicolin Gymnasiet AB;5566431044;Matematik 3C;75;.;84,0;16,0;22;.;86,4;13,6;53;.;83,0;17,0;
Curt Nicolin Gymnasiet;95683850;Finspång;0562;Enskild;Curt Nicolin Gymnasiet AB;5566431044;Matematik 4;1;..;..;..;.;.;.;.;1;..;..;..;
Curt Nicolin Gymnasiet;95683850;Finspång;0562;Enskild;Curt Nicolin Gymnasiet AB;5566431044;Svenska 1;17;.;94,1;5,9;3;..;..;..;14;..;..;..;
Prins Wilhelm gymnasiet;59455288;Flen;0482;Kommunal;Flens kommun;2120000332;Engelska 5;5;..;..;..;1;..;..;..;4;..;..;..;
Prins Wilhelm gymnasiet;59455288;Flen;0482;Kommunal;Flens kommun;2120000332;Engelska 6;16;.;50,0;50,0;6;..;..;..;10;..;..;..;
Prins Wilhelm gymnasiet;59455288;Flen;0482;Kommunal;Flens kommun;2120000332;Matematik 1A;5;..;..;..;1;..;..;..;4;..;..;..;
Prins Wilhelm gymnasiet;59455288;Flen;0482;Kommunal;Flens kommun;2120000332;Matematik 2B;8;..;..;..;2;..;..;..;6;..;..;..;
Prins Wilhelm gymnasiet;59455288;Flen;0482;Kommunal;Flens kommun;2120000332;Matematik 4;6;..;..;..;5;..;..;..;1;..;..;..;
Prins Wilhelm gymnasiet;59455288;Flen;0482;Kommunal;Flens kommun;2120000332;Svenska 1;3;..;..;..;1;..;..;..;2;..;..;..;
Prins Wilhelm gymnasiet;59455288;Flen;0482;Kommunal;Flens kommun;2120000332;Svenska 3;1;..;..;..;.;.;.;.;1;..;..;..;
Prins Wilhelm gymnasiet;59455288;Flen;0482;Kommunal;Flens kommun;2120000332;Svenska som andraspråk 1;2;..;..;..;1;..;..;..;1;..;..;..;
Prins Wilhelm gymnasiet;59455288;Flen;0482;Kommunal;Flens kommun;2120000332;Svenska som andraspråk 3;15;.;86,7;13,3;6;..;..;..;9;..;..;..;
ForshagaAkademin;82163292;Forshaga;1763;Enskild;ForshagaAkademin AB;5566205737;Engelska 5;43;4,7;74,4;20,9;15;.;66,7;33,3;28;7,1;78,6;14,3;
ForshagaAkademin;82163292;Forshaga;1763;Enskild;ForshagaAkademin AB;5566205737;Matematik 1A;49;2,0;61,2;36,7;15;.;60,0;40,0;34;2,9;61,8;35,3;
ForshagaAkademin;82163292;Forshaga;1763;Enskild;ForshagaAkademin AB;5566205737;Svenska 1;47;.;46,8;53,2;14;.;64,3;35,7;33;.;39,4;60,6;
ForshagaAkademin;82163292;Forshaga;1763;Enskild;ForshagaAkademin AB;5566205737;Svenska som andraspråk 1;1;..;..;..;1;..;..;..;.;.;.;.;
Gislaveds gymnasium Innovationssektor;89888648;Gislaved;0662;Kommunal;Gislaveds kommun;2120000514;Engelska 5;30;33,3;60,0;6,7;.;.;.;.;30;..;..;..;
Gislaveds gymnasium Innovationssektor;89888648;Gislaved;0662;Kommunal;Gislaveds kommun;2120000514;Engelska 6;48;10,4;75,0;14,6;19;15,8;63,2;21,1;29;6,9;82,8;10,3;
Gislaveds gymnasium Innovationssektor;89888648;Gislaved;0662;Kommunal;Gislaveds kommun;2120000514;Matematik 1A;39;.;74,4;25,6;.;.;.;.;39;..;..;..;
Gislaveds gymnasium Innovationssektor;89888648;Gislaved;0662;Kommunal;Gislaveds kommun;2120000514;Matematik 1B;29;.;96,6;3,4;24;..;..;..;5;..;..;..;
Gislaveds gymnasium Innovationssektor;89888648;Gislaved;0662;Kommunal;Gislaveds kommun;2120000514;Matematik 3C;24;.;79,2;20,8;3;..;..;..;21;..;..;..;
Gislaveds gymnasium Innovationssektor;89888648;Gislaved;0662;Kommunal;Gislaveds kommun;2120000514;Matematik 4;4;..;..;..;.;.;.;.;4;..;..;..;
Gislaveds gymnasium Innovationssektor;89888648;Gislaved;0662;Kommunal;Gislaveds kommun;2120000514;Svenska 3;57;12,3;63,2;24,6;26;11,5;65,4;23,1;31;12,9;61,3;25,8;
Gislaveds gymnasium Samhällssektor;25679488;Gislaved;0662;Kommunal;Gislaveds kommun;2120000514;Engelska 5;21;38,1;52,4;9,5;12;..;..;..;9;..;..;..;
Gislaveds gymnasium Samhällssektor;25679488;Gislaved;0662;Kommunal;Gislaveds kommun;2120000514;Engelska 6;64;7,8;73,4;18,8;41;7,3;73,2;19,5;23;8,7;73,9;17,4;
Gislaveds gymnasium Samhällssektor;25679488;Gislaved;0662;Kommunal;Gislaveds kommun;2120000514;Matematik 1A;20;.;100,0;.;13;..;..;..;7;..;..;..;
Gislaveds gymnasium Samhällssektor;25679488;Gislaved;0662;Kommunal;Gislaveds kommun;2120000514;Matematik 2B;48;.;83,3;16,7;34;.;85,3;14,7;14;.;78,6;21,4;
Gislaveds gymnasium Samhällssektor;25679488;Gislaved;0662;Kommunal;Gislaveds kommun;2120000514;Matematik 3B;14;.;78,6;21,4;10;..;..;..;4;..;..;..;
Gislaveds gymnasium Samhällssektor;25679488;Gislaved;0662;Kommunal;Gislaveds kommun;2120000514;Svenska 3;69;15,9;52,2;31,9;47;17,0;55,3;27,7;22;13,6;45,5;40,9;
Gislaveds gymnasium Samhällssektor;25679488;Gislaved;0662;Kommunal;Gislaveds kommun;2120000514;Svenska som andraspråk 3;12;8,3;83,3;8,3;6;..;..;..;6;..;..;..;
Gislaveds gymnasium Utvecklingssektor;25677996;Gislaved;0662;Kommunal;Gislaveds kommun;2120000514;Engelska 5;15;6,7;93,3;.;9;..;..;..;6;..;..;..;
Gislaveds gymnasium Utvecklingssektor;25677996;Gislaved;0662;Kommunal;Gislaveds kommun;2120000514;Engelska 6;22;9,1;77,3;13,6;14;..;..;..;8;..;..;..;
Gislaveds gymnasium Utvecklingssektor;25677996;Gislaved;0662;Kommunal;Gislaveds kommun;2120000514;Matematik 1A;8;..;..;..;3;..;..;..;5;..;..;..;
Gislaveds gymnasium Utvecklingssektor;25677996;Gislaved;0662;Kommunal;Gislaveds kommun;2120000514;Svenska 3;19;21,1;68,4;10,5;15;..;..;..;4;..;..;..;
Gnosjöandans kunskapsc. gy;35063170;Gnosjö;0617;Kommunal;Gnosjö kommun;2120000506;Engelska 5;29;24,1;72,4;3,4;17;11,8;82,4;5,9;12;41,7;58,3;.;
Gnosjöandans kunskapsc. gy;35063170;Gnosjö;0617;Kommunal;Gnosjö kommun;2120000506;Engelska 6;50;10,0;72,0;18,0;23;8,7;69,6;21,7;27;11,1;74,1;14,8;
Gnosjöandans kunskapsc. gy;35063170;Gnosjö;0617;Kommunal;Gnosjö kommun;2120000506;Matematik 1A;33;.;84,8;15,2;18;.;83,3;16,7;15;.;86,7;13,3;
Gnosjöandans kunskapsc. gy;35063170;Gnosjö;0617;Kommunal;Gnosjö kommun;2120000506;Matematik 2B;29;.;89,7;10,3;20;..;..;..;9;..;..;..;
Gnosjöandans kunskapsc. gy;35063170;Gnosjö;0617;Kommunal;Gnosjö kommun;2120000506;Matematik 3B;3;..;..;..;.;.;.;.;3;..;..;..;
Gnosjöandans kunskapsc. gy;35063170;Gnosjö;0617;Kommunal;Gnosjö kommun;2120000506;Matematik 3C;8;..;..;..;.;.;.;.;8;..;..;..;
Gnosjöandans kunskapsc. gy;35063170;Gnosjö;0617;Kommunal;Gnosjö kommun;2120000506;Svenska 1;26;3,8;61,5;34,6;13;.;61,5;38,5;13;7,7;61,5;30,8;
Gnosjöandans kunskapsc. gy;35063170;Gnosjö;0617;Kommunal;Gnosjö kommun;2120000506;Svenska 3;31;16,1;67,7;16,1;13;23,1;61,5;15,4;18;11,1;72,2;16,7;
Gnosjöandans kunskapsc. gy;35063170;Gnosjö;0617;Kommunal;Gnosjö kommun;2120000506;Svenska som andraspråk 1;6;..;..;..;3;..;..;..;3;..;..;..;
Gnosjöandans kunskapsc. gy;35063170;Gnosjö;0617;Kommunal;Gnosjö kommun;2120000506;Svenska som andraspråk 3;24;12,5;62,5;25,0;9;..;..;..;15;..;..;..;
Gutegymnasiet;31279294;Gotland;0980;Enskild;Guteskolan AB;5567044267;Engelska 5;30;3,3;60,0;36,7;18;.;61,1;38,9;12;8,3;58,3;33,3;
Gutegymnasiet;31279294;Gotland;0980;Enskild;Guteskolan AB;5567044267;Engelska 6;21;4,8;47,6;47,6;7;..;..;..;14;..;..;..;
Gutegymnasiet;31279294;Gotland;0980;Enskild;Guteskolan AB;5567044267;Matematik 1A;27;.;55,6;44,4;16;.;56,3;43,8;11;.;54,5;45,5;
Gutegymnasiet;31279294;Gotland;0980;Enskild;Guteskolan AB;5567044267;Matematik 1B;6;..;..;..;4;..;..;..;2;..;..;..;
Gutegymnasiet;31279294;Gotland;0980;Enskild;Guteskolan AB;5567044267;Matematik 2B;3;..;..;..;1;..;..;..;2;..;..;..;
Gutegymnasiet;31279294;Gotland;0980;Enskild;Guteskolan AB;5567044267;Matematik 3B;1;..;..;..;1;..;..;..;.;.;.;.;
Gutegymnasiet;31279294;Gotland;0980;Enskild;Guteskolan AB;5567044267;Matematik 3C;6;..;..;..;1;..;..;..;5;..;..;..;
Gutegymnasiet;31279294;Gotland;0980;Enskild;Guteskolan AB;5567044267;Matematik 4;2;..;..;..;1;..;..;..;1;..;..;..;
Gutegymnasiet;31279294;Gotland;0980;Enskild;Guteskolan AB;5567044267;Svenska 1;26;.;76,9;23,1;17;..;..;..;9;..;..;..;
Gutegymnasiet;31279294;Gotland;0980;Enskild;Guteskolan AB;5567044267;Svenska 3;24;16,7;62,5;20,8;11;18,2;63,6;18,2;13;15,4;61,5;23,1;
Gutegymnasiet;31279294;Gotland;0980;Enskild;Guteskolan AB;5567044267;Svenska som andraspråk 3;10;.;40,0;60,0;3;..;..;..;7;..;..;..;
Wisbygymnasiet 1;60293532;Gotland;0980;Kommunal;Region Gotland;2120000803;Engelska 5;37;13,5;81,1;5,4;12;8,3;91,7;.;25;16,0;76,0;8,0;
Wisbygymnasiet 1;60293532;Gotland;0980;Kommunal;Region Gotland;2120000803;Engelska 6;69;15,9;68,1;15,9;39;7,7;69,2;23,1;30;26,7;66,7;6,7;
Wisbygymnasiet 1;60293532;Gotland;0980;Kommunal;Region Gotland;2120000803;Matematik 1A;32;6,3;59,4;34,4;6;..;..;..;26;..;..;..;
Wisbygymnasiet 1;60293532;Gotland;0980;Kommunal;Region Gotland;2120000803;Matematik 2B;42;.;83,3;16,7;21;.;81,0;19,0;21;.;85,7;14,3;
Wisbygymnasiet 1;60293532;Gotland;0980;Kommunal;Region Gotland;2120000803;Matematik 3B;24;.;75,0;25,0;10;.;70,0;30,0;14;.;78,6;21,4;
Wisbygymnasiet 1;60293532;Gotland;0980;Kommunal;Region Gotland;2120000803;Svenska 1;33;12,1;69,7;18,2;11;9,1;54,5;36,4;22;13,6;77,3;9,1;
Wisbygymnasiet 1;60293532;Gotland;0980;Kommunal;Region Gotland;2120000803;Svenska 3;74;10,8;52,7;36,5;40;7,5;52,5;40,0;34;14,7;52,9;32,4;
Wisbygymnasiet 1;60293532;Gotland;0980;Kommunal;Region Gotland;2120000803;Svenska som andraspråk 1;2;..;..;..;1;..;..;..;1;..;..;..;
Wisbygymnasiet 1;60293532;Gotland;0980;Kommunal;Region Gotland;2120000803;Svenska som andraspråk 3;2;..;..;..;1;..;..;..;1;..;..;..;
Wisbygymnasiet 2;31962829;Gotland;0980;Kommunal;Region Gotland;2120000803;Engelska 5;51;7,8;70,6;21,6;39;10,3;66,7;23,1;12;.;83,3;16,7;
Wisbygymnasiet 2;31962829;Gotland;0980;Kommunal;Region Gotland;2120000803;Engelska 6;48;25,0;72,9;2,1;32;12,5;84,4;3,1;16;50,0;50,0;.;
Wisbygymnasiet 2;31962829;Gotland;0980;Kommunal;Region Gotland;2120000803;Matematik 1A;54;.;81,5;18,5;42;.;78,6;21,4;12;.;91,7;8,3;
Wisbygymnasiet 2;31962829;Gotland;0980;Kommunal;Region Gotland;2120000803;Matematik 4;44;.;79,5;20,5;24;.;75,0;25,0;20;.;85,0;15,0;
Wisbygymnasiet 2;31962829;Gotland;0980;Kommunal;Region Gotland;2120000803;Svenska 1;49;10,2;69,4;20,4;40;..;..;..;9;..;..;..;
Wisbygymnasiet 2;31962829;Gotland;0980;Kommunal;Region Gotland;2120000803;Svenska 3;32;3,1;43,8;53,1;19;5,3;42,1;52,6;13;.;46,2;53,8;
Wisbygymnasiet 2;31962829;Gotland;0980;Kommunal;Region Gotland;2120000803;Svenska som andraspråk 1;3;..;..;..;3;..;..;..;.;.;.;.;
Wisbygymnasiet 3;24534350;Gotland;0980;Kommunal;Region Gotland;2120000803;Engelska 5;27;3,7;85,2;11,1;.;.;.;.;27;..;..;..;
Wisbygymnasiet 3;24534350;Gotland;0980;Kommunal;Region Gotland;2120000803;Engelska 6;24;45,8;45,8;8,3;7;..;..;..;17;..;..;..;
Wisbygymnasiet 3;24534350;Gotland;0980;Kommunal;Region Gotland;2120000803;Matematik 1A;29;.;89,7;10,3;.;.;.;.;29;..;..;..;
Wisbygymnasiet 3;24534350;Gotland;0980;Kommunal;Region Gotland;2120000803;Matematik 4;16;.;75,0;25,0;1;..;..;..;15;..;..;..;
Wisbygymnasiet 3;24534350;Gotland;0980;Kommunal;Region Gotland;2120000803;Svenska 1;23;.;87,0;13,0;.;.;.;.;23;..;..;..;
Wisbygymnasiet 3;24534350;Gotland;0980;Kommunal;Region Gotland;2120000803;Svenska 3;37;.;45,9;54,1;3;..;..;..;34;..;..;..;
Wisbygymnasiet 3;24534350;Gotland;0980;Kommunal;Region Gotland;2120000803;Svenska som andraspråk 1;2;..;..;..;.;.;.;.;2;..;..;..;
Wisbygymnasiet 3;24534350;Gotland;0980;Kommunal;Region Gotland;2120000803;Svenska som andraspråk 3;2;..;..;..;1;..;..;..;1;..;..;..;
Wisbygymnasiet 4;97765838;Gotland;0980;Kommunal;Region Gotland;2120000803;Engelska 5;20;10,0;90,0;.;4;..;..;..;16;..;..;..;
Wisbygymnasiet 4;97765838;Gotland;0980;Kommunal;Region Gotland;2120000803;Engelska 6;25;.;68,0;32,0;23;..;..;..;2;..;..;..;
Wisbygymnasiet 4;97765838;Gotland;0980;Kommunal;Region Gotland;2120000803;Matematik 1A;28;.;75,0;25,0;12;.;66,7;33,3;16;.;81,3;18,8;
Wisbygymnasiet 4;97765838;Gotland;0980;Kommunal;Region Gotland;2120000803;Matematik 1B;32;.;81,3;18,8;23;..;..;..;9;..;..;..;
Wisbygymnasiet 4;97765838;Gotland;0980;Kommunal;Region Gotland;2120000803;Svenska 1;23;.;65,2;34,8;8;..;..;..;15;..;..;..;
Wisbygymnasiet 4;97765838;Gotland;0980;Kommunal;Region Gotland;2120000803;Svenska 3;28;3,6;64,3;32,1;20;..;..;..;8;..;..;..;
Wisbygymnasiet 4;97765838;Gotland;0980;Kommunal;Region Gotland;2120000803;Svenska som andraspråk 1;1;..;..;..;1;..;..;..;.;.;.;.;
Wisbygymnasiet 5;50367034;Gotland;0980;Kommunal;Region Gotland;2120000803;Engelska 5;10;20,0;60,0;20,0;.;.;.;.;10;..;..;..;
Wisbygymnasiet 5;50367034;Gotland;0980;Kommunal;Region Gotland;2120000803;Engelska 6;73;8,2;76,7;15,1;48;8,3;77,1;14,6;25;8,0;76,0;16,0;
Wisbygymnasiet 5;50367034;Gotland;0980;Kommunal;Region Gotland;2120000803;Matematik 1A;10;.;80,0;20,0;.;.;.;.;10;..;..;..;
Wisbygymnasiet 5;50367034;Gotland;0980;Kommunal;Region Gotland;2120000803;Matematik 2B;70;.;78,6;21,4;44;.;84,1;15,9;26;.;69,2;30,8;
Wisbygymnasiet 5;50367034;Gotland;0980;Kommunal;Region Gotland;2120000803;Svenska 1;8;..;..;..;.;.;.;.;8;..;..;..;
Wisbygymnasiet 5;50367034;Gotland;0980;Kommunal;Region Gotland;2120000803;Svenska 3;86;4,7;41,9;53,5;54;5,6;51,9;42,6;32;3,1;25,0;71,9;
Wisbygymnasiet 5;50367034;Gotland;0980;Kommunal;Region Gotland;2120000803;Svenska som andraspråk 3;2;..;..;..;.;.;.;.;2;..;..;..;
Lapplands Gymnasium Gällivare enhet 1;20666515;Gällivare;2523;Kommunal;Lapplands Kommunalförbund;2220000760;Engelska 5;19;21,1;78,9;.;5;..;..;..;14;..;..;..;
Lapplands Gymnasium Gällivare enhet 1;20666515;Gällivare;2523;Kommunal;Lapplands Kommunalförbund;2220000760;Engelska 6;24;25,0;66,7;8,3;9;..;..;..;15;..;..;..;
Lapplands Gymnasium Gällivare enhet 1;20666515;Gällivare;2523;Kommunal;Lapplands Kommunalförbund;2220000760;Matematik 1A;21;.;66,7;33,3;7;..;..;..;14;..;..;..;
Lapplands Gymnasium Gällivare enhet 1;20666515;Gällivare;2523;Kommunal;Lapplands Kommunalförbund;2220000760;Matematik 4;11;.;54,5;45,5;5;..;..;..;6;..;..;..;
Lapplands Gymnasium Gällivare enhet 1;20666515;Gällivare;2523;Kommunal;Lapplands Kommunalförbund;2220000760;Svenska 1;9;..;..;..;4;..;..;..;5;..;..;..;
Lapplands Gymnasium Gällivare enhet 1;20666515;Gällivare;2523;Kommunal;Lapplands Kommunalförbund;2220000760;Svenska 3;34;.;73,5;26,5;18;.;77,8;22,2;16;.;68,8;31,3;
Lapplands Gymnasium Gällivare enhet 1;20666515;Gällivare;2523;Kommunal;Lapplands Kommunalförbund;2220000760;Svenska som andraspråk 1;1;..;..;..;.;.;.;.;1;..;..;..;
Lapplands Gymnasium Gällivare enhet 1;20666515;Gällivare;2523;Kommunal;Lapplands Kommunalförbund;2220000760;Svenska som andraspråk 3;4;..;..;..;1;..;..;..;3;..;..;..;
Lapplands Gymnasium Gällivare enhet 2;37906565;Gällivare;2523;Kommunal;Lapplands Kommunalförbund;2220000760;Engelska 5;25;20,0;76,0;4,0;13;7,7;84,6;7,7;12;33,3;66,7;.;
Lapplands Gymnasium Gällivare enhet 2;37906565;Gällivare;2523;Kommunal;Lapplands Kommunalförbund;2220000760;Engelska 6;17;23,5;70,6;5,9;14;..;..;..;3;..;..;..;
Lapplands Gymnasium Gällivare enhet 2;37906565;Gällivare;2523;Kommunal;Lapplands Kommunalförbund;2220000760;Matematik 1A;16;.;93,8;6,3;5;..;..;..;11;..;..;..;
Lapplands Gymnasium Gällivare enhet 2;37906565;Gällivare;2523;Kommunal;Lapplands Kommunalförbund;2220000760;Matematik 2B;12;.;16,7;83,3;10;..;..;..;2;..;..;..;
Lapplands Gymnasium Gällivare enhet 2;37906565;Gällivare;2523;Kommunal;Lapplands Kommunalförbund;2220000760;Svenska 1;23;.;69,6;30,4;11;.;45,5;54,5;12;.;91,7;8,3;
Lapplands Gymnasium Gällivare enhet 2;37906565;Gällivare;2523;Kommunal;Lapplands Kommunalförbund;2220000760;Svenska 3;10;.;80,0;20,0;9;..;..;..;1;..;..;..;
Lapplands Gymnasium Gällivare enhet 2;37906565;Gällivare;2523;Kommunal;Lapplands Kommunalförbund;2220000760;Svenska som andraspråk 1;1;..;..;..;1;..;..;..;.;.;.;.;
Lapplands Gymnasium Gällivare enhet 3;23063954;Gällivare;2523;Kommunal;Lapplands Kommunalförbund;2220000760;Engelska 5;35;25,7;71,4;2,9;10;20,0;80,0;.;25;28,0;68,0;4,0;
Lapplands Gymnasium Gällivare enhet 3;23063954;Gällivare;2523;Kommunal;Lapplands Kommunalförbund;2220000760;Engelska 6;20;5,0;65,0;30,0;16;..;..;..;4;..;..;..;
Lapplands Gymnasium Gällivare enhet 3;23063954;Gällivare;2523;Kommunal;Lapplands Kommunalförbund;2220000760;Matematik 1A;37;.;86,5;13,5;12;.;100,0;.;25;.;80,0;20,0;
Lapplands Gymnasium Gällivare enhet 3;23063954;Gällivare;2523;Kommunal;Lapplands Kommunalförbund;2220000760;Matematik 2B;1;..;..;..;1;..;..;..;.;.;.;.;
Lapplands Gymnasium Gällivare enhet 3;23063954;Gällivare;2523;Kommunal;Lapplands Kommunalförbund;2220000760;Matematik 3B;11;.;18,2;81,8;11;..;..;..;.;.;.;.;
Lapplands Gymnasium Gällivare enhet 3;23063954;Gällivare;2523;Kommunal;Lapplands Kommunalförbund;2220000760;Svenska 1;16;.;68,8;31,3;6;..;..;..;10;..;..;..;
Lapplands Gymnasium Gällivare enhet 3;23063954;Gällivare;2523;Kommunal;Lapplands Kommunalförbund;2220000760;Svenska 3;10;10,0;70,0;20,0;8;..;..;..;2;..;..;..;
Lapplands Gymnasium Gällivare enhet 3;23063954;Gällivare;2523;Kommunal;Lapplands Kommunalförbund;2220000760;Svenska som andraspråk 1;1;..;..;..;.;.;.;.;1;..;..;..;
Borgarskolan;21648755;Gävle;2180;Kommunal;Gävle kommun;2120002338;Engelska 5;28;14,3;60,7;25,0;4;..;..;..;24;..;..;..;
Borgarskolan;21648755;Gävle;2180;Kommunal;Gävle kommun;2120002338;Engelska 6;166;11,4;76,5;12,0;76;3,9;80,3;15,8;90;17,8;73,3;8,9;
Borgarskolan;21648755;Gävle;2180;Kommunal;Gävle kommun;2120002338;Matematik 1A;31;.;74,2;25,8;4;..;..;..;27;..;..;..;
Borgarskolan;21648755;Gävle;2180;Kommunal;Gävle kommun;2120002338;Matematik 2B;124;.;56,5;43,5;64;.;62,5;37,5;60;.;50,0;50,0;
Borgarskolan;21648755;Gävle;2180;Kommunal;Gävle kommun;2120002338;Matematik 3B;44;.;45,5;54,5;23;.;47,8;52,2;21;.;42,9;57,1;
Borgarskolan;21648755;Gävle;2180;Kommunal;Gävle kommun;2120002338;Svenska 1;21;4,8;57,1;38,1;3;..;..;..;18;..;..;..;
Borgarskolan;21648755;Gävle;2180;Kommunal;Gävle kommun;2120002338;Svenska 3;173;4,6;54,3;41,0;97;4,1;50,5;45,4;76;5,3;59,2;35,5;
Borgarskolan;21648755;Gävle;2180;Kommunal;Gävle kommun;2120002338;Svenska som andraspråk 3;9;..;..;..;.;.;.;.;9;..;..;..;
Drottning Blankas Gymnasieskola Gävle;11111710;Gävle;2180;Enskild;DBGY Juvelen AB;5565789129;Engelska 5;22;22,7;59,1;18,2;21;..;..;..;1;..;..;..;
Drottning Blankas Gymnasieskola Gävle;11111710;Gävle;2180;Enskild;DBGY Juvelen AB;5565789129;Engelska 6;70;2,9;34,3;62,9;55;3,6;30,9;65,5;15;.;46,7;53,3;
Drottning Blankas Gymnasieskola Gävle;11111710;Gävle;2180;Enskild;DBGY Juvelen AB;5565789129;Matematik 1A;33;.;84,8;15,2;26;..;..;..;7;..;..;..;
Drottning Blankas Gymnasieskola Gävle;11111710;Gävle;2180;Enskild;DBGY Juvelen AB;5565789129;Matematik 2B;36;.;38,9;61,1;31;..;..;..;5;..;..;..;
Drottning Blankas Gymnasieskola Gävle;11111710;Gävle;2180;Enskild;DBGY Juvelen AB;5565789129;Matematik 3B;10;.;40,0;60,0;7;..;..;..;3;..;..;..;
Drottning Blankas Gymnasieskola Gävle;11111710;Gävle;2180;Enskild;DBGY Juvelen AB;5565789129;Svenska 1;18;.;72,2;27,8;16;..;..;..;2;..;..;..;
Drottning Blankas Gymnasieskola Gävle;11111710;Gävle;2180;Enskild;DBGY Juvelen AB;5565789129;Svenska 3;28;.;60,7;39,3;25;..;..;..;3;..;..;..;
Drottning Blankas Gymnasieskola Gävle;11111710;Gävle;2180;Enskild;DBGY Juvelen AB;5565789129;Svenska som andraspråk 1;3;..;..;..;2;..;..;..;1;..;..;..;
Drottning Blankas Gymnasieskola Gävle;11111710;Gävle;2180;Enskild;DBGY Juvelen AB;5565789129;Svenska som andraspråk 3;17;5,9;29,4;64,7;11;..;..;..;6;..;..;..;
NTI Vetenskapsgymnasiet Gävle;86547467;Gävle;2180;Enskild;NTI Gymnasiet Macro AB;5561203679;Engelska 6;48;.;60,4;39,6;24;.;37,5;62,5;24;.;83,3;16,7;
NTI Vetenskapsgymnasiet Gävle;86547467;Gävle;2180;Enskild;NTI Gymnasiet Macro AB;5561203679;Matematik 3C;23;.;69,6;30,4;2;..;..;..;21;..;..;..;
NTI Vetenskapsgymnasiet Gävle;86547467;Gävle;2180;Enskild;NTI Gymnasiet Macro AB;5561203679;Svenska 3;21;.;66,7;33,3;7;..;..;..;14;..;..;..;
NTI Vetenskapsgymnasiet Gävle;86547467;Gävle;2180;Enskild;NTI Gymnasiet Macro AB;5561203679;Svenska som andraspråk 3;15;.;26,7;73,3;9;..;..;..;6;..;..;..;
Polhemsskolan;90551279;Gävle;2180;Kommunal;Gävle kommun;2120002338;Engelska 5;220;7,3;65,5;27,3;73;2,7;75,3;21,9;147;9,5;60,5;29,9;
Polhemsskolan;90551279;Gävle;2180;Kommunal;Gävle kommun;2120002338;Engelska 6;125;9,6;74,4;16,0;58;5,2;70,7;24,1;67;13,4;77,6;9,0;
Polhemsskolan;90551279;Gävle;2180;Kommunal;Gävle kommun;2120002338;Matematik 1A;264;4,9;76,1;18,9;110;2,7;70,0;27,3;154;6,5;80,5;13,0;
Polhemsskolan;90551279;Gävle;2180;Kommunal;Gävle kommun;2120002338;Svenska 1;225;2,2;60,9;36,9;94;.;51,1;48,9;131;3,8;67,9;28,2;
Polhemsskolan;90551279;Gävle;2180;Kommunal;Gävle kommun;2120002338;Svenska 3;98;1,0;49,0;50,0;38;.;39,5;60,5;60;1,7;55,0;43,3;
Polhemsskolan;90551279;Gävle;2180;Kommunal;Gävle kommun;2120002338;Svenska som andraspråk 1;26;11,5;53,8;34,6;14;7,1;64,3;28,6;12;16,7;41,7;41,7;
Polhemsskolan;90551279;Gävle;2180;Kommunal;Gävle kommun;2120002338;Svenska som andraspråk 3;8;..;..;..;2;..;..;..;6;..;..;..;
Praktiska Gymnasiet Gävle;93062368;Gävle;2180;Enskild;Praktiska Sverige AB;5562575786;Engelska 5;26;15,4;61,5;23,1;8;..;..;..;18;..;..;..;
Praktiska Gymnasiet Gävle;93062368;Gävle;2180;Enskild;Praktiska Sverige AB;5562575786;Matematik 1A;33;.;27,3;72,7;11;.;45,5;54,5;22;.;18,2;81,8;
Praktiska Gymnasiet Gävle;93062368;Gävle;2180;Enskild;Praktiska Sverige AB;5562575786;Svenska 1;26;3,8;38,5;57,7;8;..;..;..;18;..;..;..;
Praktiska Gymnasiet Gävle;93062368;Gävle;2180;Enskild;Praktiska Sverige AB;5562575786;Svenska som andraspråk 1;9;..;..;..;1;..;..;..;8;..;..;..;
Realgymnasiet Gävle;69686851;Gävle;2180;Enskild;Lärande i Sverige AB;5565715892;Engelska 5;67;9,0;52,2;38,8;56;8,9;50,0;41,1;11;9,1;63,6;27,3;
Realgymnasiet Gävle;69686851;Gävle;2180;Enskild;Lärande i Sverige AB;5565715892;Engelska 6;12;16,7;33,3;50,0;6;..;..;..;6;..;..;..;
Realgymnasiet Gävle;69686851;Gävle;2180;Enskild;Lärande i Sverige AB;5565715892;Matematik 1A;76;.;71,1;28,9;58;.;72,4;27,6;18;.;66,7;33,3;
Realgymnasiet Gävle;69686851;Gävle;2180;Enskild;Lärande i Sverige AB;5565715892;Matematik 1B;15;.;66,7;33,3;3;..;..;..;12;..;..;..;
Realgymnasiet Gävle;69686851;Gävle;2180;Enskild;Lärande i Sverige AB;5565715892;Matematik 3C;1;..;..;..;.;.;.;.;1;..;..;..;
Realgymnasiet Gävle;69686851;Gävle;2180;Enskild;Lärande i Sverige AB;5565715892;Svenska 1;69;.;72,5;27,5;56;.;69,6;30,4;13;.;84,6;15,4;
Realgymnasiet Gävle;69686851;Gävle;2180;Enskild;Lärande i Sverige AB;5565715892;Svenska 3;12;8,3;33,3;58,3;1;..;..;..;11;..;..;..;
Realgymnasiet Gävle;69686851;Gävle;2180;Enskild;Lärande i Sverige AB;5565715892;Svenska som andraspråk 1;2;..;..;..;.;.;.;.;2;..;..;..;
Realgymnasiet Gävle;69686851;Gävle;2180;Enskild;Lärande i Sverige AB;5565715892;Svenska som andraspråk 3;7;..;..;..;.;.;.;.;7;..;..;..;
Thoren Business School Gävle;49616977;Gävle;2180;Enskild;Thorengruppen AB;5566139290;Engelska 5;17;.;88,2;11,8;8;..;..;..;9;..;..;..;
Thoren Business School Gävle;49616977;Gävle;2180;Enskild;Thorengruppen AB;5566139290;Engelska 6;79;11,4;72,2;16,5;50;12,0;64,0;24,0;29;10,3;86,2;3,4;
Thoren Business School Gävle;49616977;Gävle;2180;Enskild;Thorengruppen AB;5566139290;Matematik 1A;20;.;65,0;35,0;9;..;..;..;11;..;..;..;
Thoren Business School Gävle;49616977;Gävle;2180;Enskild;Thorengruppen AB;5566139290;Matematik 2B;30;.;50,0;50,0;17;.;29,4;70,6;13;.;76,9;23,1;
Thoren Business School Gävle;49616977;Gävle;2180;Enskild;Thorengruppen AB;5566139290;Svenska 1;13;.;69,2;30,8;6;..;..;..;7;..;..;..;
Thoren Business School Gävle;49616977;Gävle;2180;Enskild;Thorengruppen AB;5566139290;Svenska 3;39;.;82,1;17,9;26;.;80,8;19,2;13;.;84,6;15,4;
Thoren Business School Gävle;49616977;Gävle;2180;Enskild;Thorengruppen AB;5566139290;Svenska som andraspråk 1;8;..;..;..;3;..;..;..;5;..;..;..;
Thoren Business School Gävle;49616977;Gävle;2180;Enskild;Thorengruppen AB;5566139290;Svenska som andraspråk 3;6;..;..;..;2;..;..;..;4;..;..;..;
Vasaskolan;54965510;Gävle;2180;Kommunal;Gävle kommun;2120002338;Engelska 6;242;2,1;89,7;8,3;166;1,8;91,0;7,2;76;2,6;86,8;10,5;
Vasaskolan;54965510;Gävle;2180;Kommunal;Gävle kommun;2120002338;Matematik 1B;66;.;92,4;7,6;43;.;90,7;9,3;23;.;95,7;4,3;
Vasaskolan;54965510;Gävle;2180;Kommunal;Gävle kommun;2120002338;Matematik 2B;101;.;83,2;16,8;80;.;78,8;21,3;21;.;100,0;.;
Vasaskolan;54965510;Gävle;2180;Kommunal;Gävle kommun;2120002338;Matematik 4;91;.;95,6;4,4;45;.;97,8;2,2;46;.;93,5;6,5;
Vasaskolan;54965510;Gävle;2180;Kommunal;Gävle kommun;2120002338;Svenska 3;214;2,3;65,0;32,7;147;1,4;70,1;28,6;67;4,5;53,7;41,8;
Vasaskolan;54965510;Gävle;2180;Kommunal;Gävle kommun;2120002338;Svenska som andraspråk 3;39;.;79,5;20,5;19;.;94,7;5,3;20;.;65,0;35,0;
Yrkesgymnasiet Gävle;90267145;Gävle;2180;Enskild;Thorengruppen AB;5566139290;Engelska 5;45;2,2;93,3;4,4;11;.;90,9;9,1;34;2,9;94,1;2,9;
Yrkesgymnasiet Gävle;90267145;Gävle;2180;Enskild;Thorengruppen AB;5566139290;Matematik 1A;45;13,3;53,3;33,3;11;9,1;36,4;54,5;34;14,7;58,8;26,5;
Yrkesgymnasiet Gävle;90267145;Gävle;2180;Enskild;Thorengruppen AB;5566139290;Svenska 1;41;.;58,5;41,5;9;..;..;..;32;..;..;..;
Yrkesgymnasiet Gävle;90267145;Gävle;2180;Enskild;Thorengruppen AB;5566139290;Svenska som andraspråk 1;6;..;..;..;3;..;..;..;3;..;..;..;
Aniaragymnasiet;69481650;Göteborg;1480;Enskild;AF Affärseffekt Framtidsskola AB;5566666789;Engelska 5;19;47,4;42,1;10,5;9;..;..;..;10;..;..;..;
Aniaragymnasiet;69481650;Göteborg;1480;Enskild;AF Affärseffekt Framtidsskola AB;5566666789;Engelska 6;55;3,6;65,5;30,9;28;3,6;67,9;28,6;27;3,7;63,0;33,3;
Aniaragymnasiet;69481650;Göteborg;1480;Enskild;AF Affärseffekt Framtidsskola AB;5566666789;Matematik 1A;46;.;80,4;19,6;25;.;84,0;16,0;21;.;76,2;23,8;
Aniaragymnasiet;69481650;Göteborg;1480;Enskild;AF Affärseffekt Framtidsskola AB;5566666789;Matematik 2B;34;.;70,6;29,4;14;.;64,3;35,7;20;.;75,0;25,0;
Aniaragymnasiet;69481650;Göteborg;1480;Enskild;AF Affärseffekt Framtidsskola AB;5566666789;Matematik 3B;8;..;..;..;3;..;..;..;5;..;..;..;
Aniaragymnasiet;69481650;Göteborg;1480;Enskild;AF Affärseffekt Framtidsskola AB;5566666789;Svenska 1;32;9,4;50,0;40,6;16;18,8;37,5;43,8;16;.;62,5;37,5;
Aniaragymnasiet;69481650;Göteborg;1480;Enskild;AF Affärseffekt Framtidsskola AB;5566666789;Svenska 3;21;4,8;47,6;47,6;12;..;..;..;9;..;..;..;
Aniaragymnasiet;69481650;Göteborg;1480;Enskild;AF Affärseffekt Framtidsskola AB;5566666789;Svenska som andraspråk 1;2;..;..;..;2;..;..;..;.;.;.;.;
Aniaragymnasiet;69481650;Göteborg;1480;Enskild;AF Affärseffekt Framtidsskola AB;5566666789;Svenska som andraspråk 3;9;..;..;..;3;..;..;..;6;..;..;..;
Arena Academy Göteborg;72517762;Göteborg;1480;Enskild;Edinit AB;5563114445;Engelska 6;17;11,8;52,9;35,3;6;..;..;..;11;..;..;..;
Arena Academy Göteborg;72517762;Göteborg;1480;Enskild;Edinit AB;5563114445;Matematik 2B;2;..;..;..;.;.;.;.;2;..;..;..;
Arena Academy Göteborg;72517762;Göteborg;1480;Enskild;Edinit AB;5563114445;Matematik 3B;11;.;54,5;45,5;9;..;..;..;2;..;..;..;
Arena Academy Göteborg;72517762;Göteborg;1480;Enskild;Edinit AB;5563114445;Matematik 3C;4;..;..;..;1;..;..;..;3;..;..;..;
Arena Academy Göteborg;72517762;Göteborg;1480;Enskild;Edinit AB;5563114445;Matematik 4;7;..;..;..;5;..;..;..;2;..;..;..;
Arena Academy Göteborg;72517762;Göteborg;1480;Enskild;Edinit AB;5563114445;Svenska 3;6;..;..;..;3;..;..;..;3;..;..;..;
Arena Academy Göteborg;72517762;Göteborg;1480;Enskild;Edinit AB;5563114445;Svenska som andraspråk 3;29;.;24,1;75,9;16;.;31,3;68,8;13;.;15,4;84,6;
Aspero Idrottsgymn. Göteborg;20319353;Göteborg;1480;Enskild;Aspero Friskolor AB;5566363973;Engelska 6;64;17,2;70,3;12,5;23;8,7;73,9;17,4;41;22,0;68,3;9,8;
Aspero Idrottsgymn. Göteborg;20319353;Göteborg;1480;Enskild;Aspero Friskolor AB;5566363973;Matematik 2B;51;.;43,1;56,9;18;.;33,3;66,7;33;.;48,5;51,5;
Aspero Idrottsgymn. Göteborg;20319353;Göteborg;1480;Enskild;Aspero Friskolor AB;5566363973;Matematik 3B;23;.;34,8;65,2;6;..;..;..;17;..;..;..;
Bernadottegymnasiet 1;92194545;Göteborg;1480;Kommunal;Göteborgs kommun;2120001355;Engelska 6;57;1,8;80,7;17,5;39;.;82,1;17,9;18;5,6;77,8;16,7;
Bernadottegymnasiet 1;92194545;Göteborg;1480;Kommunal;Göteborgs kommun;2120001355;Matematik 2B;58;.;72,4;27,6;39;.;69,2;30,8;19;.;78,9;21,1;
Bernadottegymnasiet 1;92194545;Göteborg;1480;Kommunal;Göteborgs kommun;2120001355;Svenska 3;50;2,0;90,0;8,0;28;3,6;92,9;3,6;22;.;86,4;13,6;
Bernadottegymnasiet 2;38171731;Göteborg;1480;Kommunal;Göteborgs kommun;2120001355;Engelska 6;53;13,2;84,9;1,9;18;5,6;94,4;.;35;17,1;80,0;2,9;
Bernadottegymnasiet 2;38171731;Göteborg;1480;Kommunal;Göteborgs kommun;2120001355;Matematik 4;59;.;76,3;23,7;19;.;73,7;26,3;40;.;77,5;22,5;
Bernadottegymnasiet 2;38171731;Göteborg;1480;Kommunal;Göteborgs kommun;2120001355;Svenska 3;59;1,7;91,5;6,8;25;4,0;88,0;8,0;34;.;94,1;5,9;
Bräckegymnasiet 1;88153340;Göteborg;1480;Kommunal;Göteborgs kommun;2120001355;Engelska 5;40;17,5;67,5;15,0;2;..;..;..;38;..;..;..;
Bräckegymnasiet 1;88153340;Göteborg;1480;Kommunal;Göteborgs kommun;2120001355;Matematik 1A;20;.;80,0;20,0;1;..;..;..;19;..;..;..;
Bräckegymnasiet 1;88153340;Göteborg;1480;Kommunal;Göteborgs kommun;2120001355;Svenska 1;13;.;84,6;15,4;.;.;.;.;13;..;..;..;
Bräckegymnasiet 1;88153340;Göteborg;1480;Kommunal;Göteborgs kommun;2120001355;Svenska som andraspråk 1;3;..;..;..;.;.;.;.;3;..;..;..;
Burgårdens Gymnasium 1;59396229;Göteborg;1480;Kommunal;Göteborgs kommun;2120001355;Engelska 5;48;10,4;77,1;12,5;48;..;..;..;.;.;.;.;
Burgårdens Gymnasium 1;59396229;Göteborg;1480;Kommunal;Göteborgs kommun;2120001355;Svenska 1;51;9,8;47,1;43,1;50;..;..;..;1;..;..;..;
Burgårdens Gymnasium 1;59396229;Göteborg;1480;Kommunal;Göteborgs kommun;2120001355;Svenska som andraspråk 1;8;..;..;..;7;..;..;..;1;..;..;..;
Burgårdens Gymnasium 3;64740897;Göteborg;1480;Kommunal;Göteborgs kommun;2120001355;Engelska 6;20;.;100,0;.;3;..;..;..;17;..;..;..;
Burgårdens Gymnasium 3;64740897;Göteborg;1480;Kommunal;Göteborgs kommun;2120001355;Matematik 4;9;..;..;..;2;..;..;..;7;..;..;..;
Burgårdens Gymnasium 3;64740897;Göteborg;1480;Kommunal;Göteborgs kommun;2120001355;Svenska 3;8;..;..;..;.;.;.;.;8;..;..;..;
Burgårdens Gymnasium 3;64740897;Göteborg;1480;Kommunal;Göteborgs kommun;2120001355;Svenska som andraspråk 3;1;..;..;..;.;.;.;.;1;..;..;..;
Burgårdens Gymnasium 4;78979604;Göteborg;1480;Kommunal;Göteborgs kommun;2120001355;Engelska 6;58;6,9;77,6;15,5;47;6,4;80,9;12,8;11;9,1;63,6;27,3;
Burgårdens Gymnasium 4;78979604;Göteborg;1480;Kommunal;Göteborgs kommun;2120001355;Matematik 2B;32;.;87,5;12,5;22;.;86,4;13,6;10;.;90,0;10,0;
Burgårdens Gymnasium 4;78979604;Göteborg;1480;Kommunal;Göteborgs kommun;2120001355;Matematik 4;23;.;87,0;13,0;14;..;..;..;9;..;..;..;
Burgårdens Gymnasium 4;78979604;Göteborg;1480;Kommunal;Göteborgs kommun;2120001355;Svenska 3;23;26,1;52,2;21,7;16;..;..;..;7;..;..;..;
Burgårdens Gymnasium 4;78979604;Göteborg;1480;Kommunal;Göteborgs kommun;2120001355;Svenska som andraspråk 3;44;.;50,0;50,0;30;.;46,7;53,3;14;.;57,1;42,9;
Burgårdens Gymnasium 5;69626109;Göteborg;1480;Kommunal;Göteborgs kommun;2120001355;Engelska 5;35;8,6;85,7;5,7;27;..;..;..;8;..;..;..;
Burgårdens Gymnasium 5;69626109;Göteborg;1480;Kommunal;Göteborgs kommun;2120001355;Matematik 1A;16;6,3;81,3;12,5;14;..;..;..;2;..;..;..;
Burgårdens Gymnasium 5;69626109;Göteborg;1480;Kommunal;Göteborgs kommun;2120001355;Svenska 1;26;11,5;50,0;38,5;23;..;..;..;3;..;..;..;
Burgårdens Gymnasium 5;69626109;Göteborg;1480;Kommunal;Göteborgs kommun;2120001355;Svenska som andraspråk 1;15;13,3;60,0;26,7;7;..;..;..;8;..;..;..;
Burgårdens Gymnasium 6;21938009;Göteborg;1480;Kommunal;Göteborgs kommun;2120001355;Engelska 5;23;4,3;78,3;17,4;21;..;..;..;2;..;..;..;
Burgårdens Gymnasium 6;21938009;Göteborg;1480;Kommunal;Göteborgs kommun;2120001355;Svenska 1;11;9,1;36,4;54,5;9;..;..;..;2;..;..;..;
Burgårdens Gymnasium 6;21938009;Göteborg;1480;Kommunal;Göteborgs kommun;2120001355;Svenska som andraspråk 1;12;.;33,3;66,7;12;..;..;..;.;.;.;.;
Designgymnasiet Göteborg;10968377;Göteborg;1480;Enskild;Designgymnasiet i Sverige AB;5569320681;Engelska 6;55;9,1;69,1;21,8;40;5,0;72,5;22,5;15;20,0;60,0;20,0;
Designgymnasiet Göteborg;10968377;Göteborg;1480;Enskild;Designgymnasiet i Sverige AB;5569320681;Matematik 1B;55;.;87,3;12,7;45;.;84,4;15,6;10;.;100,0;.;
Designgymnasiet Göteborg;10968377;Göteborg;1480;Enskild;Designgymnasiet i Sverige AB;5569320681;Matematik 3C;25;.;80,0;20,0;15;.;66,7;33,3;10;.;100,0;.;
Donnergymnasiet;78397312;Göteborg;1480;Enskild;Donnergymnasiet AB;5565408381;Engelska 6;209;5,7;88,0;6,2;124;7,3;83,9;8,9;85;3,5;94,1;2,4;
Donnergymnasiet;78397312;Göteborg;1480;Enskild;Donnergymnasiet AB;5565408381;Matematik 1B;14;.;100,0;.;11;..;..;..;3;..;..;..;
Donnergymnasiet;78397312;Göteborg;1480;Enskild;Donnergymnasiet AB;5565408381;Matematik 2B;84;.;92,9;7,1;66;.;90,9;9,1;18;.;100,0;.;
Donnergymnasiet;78397312;Göteborg;1480;Enskild;Donnergymnasiet AB;5565408381;Matematik 3B;25;.;92,0;8,0;12;.;91,7;8,3;13;.;92,3;7,7;
Donnergymnasiet;78397312;Göteborg;1480;Enskild;Donnergymnasiet AB;5565408381;Matematik 4;27;.;92,6;7,4;18;..;..;..;9;..;..;..;
Donnergymnasiet;78397312;Göteborg;1480;Enskild;Donnergymnasiet AB;5565408381;Svenska 3;203;6,4;56,7;36,9;131;6,1;50,4;43,5;72;6,9;68,1;25,0;
Donnergymnasiet;78397312;Göteborg;1480;Enskild;Donnergymnasiet AB;5565408381;Svenska som andraspråk 3;8;..;..;..;6;..;..;..;2;..;..;..;
Drottning Blankas Gymnasieskola Göteborg Centrum;36444853;Göteborg;1480;Enskild;DBGY Kronan AB;5565668794;Engelska 5;25;24,0;68,0;8,0;25;..;..;..;.;.;.;.;
Drottning Blankas Gymnasieskola Göteborg Centrum;36444853;Göteborg;1480;Enskild;DBGY Kronan AB;5565668794;Engelska 6;130;0,8;90,0;9,2;96;1,0;88,5;10,4;34;.;94,1;5,9;
Drottning Blankas Gymnasieskola Göteborg Centrum;36444853;Göteborg;1480;Enskild;DBGY Kronan AB;5565668794;Matematik 1A;24;.;83,3;16,7;24;..;..;..;.;.;.;.;
Drottning Blankas Gymnasieskola Göteborg Centrum;36444853;Göteborg;1480;Enskild;DBGY Kronan AB;5565668794;Matematik 2B;111;.;59,5;40,5;72;.;55,6;44,4;39;.;66,7;33,3;
Drottning Blankas Gymnasieskola Göteborg Centrum;36444853;Göteborg;1480;Enskild;DBGY Kronan AB;5565668794;Svenska 1;25;.;76,0;24,0;25;..;..;..;.;.;.;.;
Drottning Blankas Gymnasieskola Göteborg Centrum;36444853;Göteborg;1480;Enskild;DBGY Kronan AB;5565668794;Svenska 3;134;0,7;82,1;17,2;96;1,0;82,3;16,7;38;.;81,6;18,4;
Drottning Blankas Gymnasieskola Göteborg Centrum;36444853;Göteborg;1480;Enskild;DBGY Kronan AB;5565668794;Svenska som andraspråk 3;11;.;90,9;9,1;7;..;..;..;4;..;..;..;
Drottning Blankas Gymnasieskola Göteborg Gårda;10638939;Göteborg;1480;Enskild;DBGY Juvelen AB;5565789129;Engelska 5;115;1,7;92,2;6,1;82;1,2;95,1;3,7;33;3,0;84,8;12,1;
Drottning Blankas Gymnasieskola Göteborg Gårda;10638939;Göteborg;1480;Enskild;DBGY Juvelen AB;5565789129;Engelska 6;132;.;81,1;18,9;93;.;77,4;22,6;39;.;89,7;10,3;
Drottning Blankas Gymnasieskola Göteborg Gårda;10638939;Göteborg;1480;Enskild;DBGY Juvelen AB;5565789129;Matematik 1A;146;.;84,9;15,1;109;.;84,4;15,6;37;.;86,5;13,5;
Drottning Blankas Gymnasieskola Göteborg Gårda;10638939;Göteborg;1480;Enskild;DBGY Juvelen AB;5565789129;Matematik 2B;83;.;67,5;32,5;65;.;69,2;30,8;18;.;61,1;38,9;
Drottning Blankas Gymnasieskola Göteborg Gårda;10638939;Göteborg;1480;Enskild;DBGY Juvelen AB;5565789129;Matematik 3B;12;.;66,7;33,3;6;..;..;..;6;..;..;..;
Drottning Blankas Gymnasieskola Göteborg Gårda;10638939;Göteborg;1480;Enskild;DBGY Juvelen AB;5565789129;Svenska 1;131;1,5;61,8;36,6;96;.;63,5;36,5;35;5,7;57,1;37,1;
Drottning Blankas Gymnasieskola Göteborg Gårda;10638939;Göteborg;1480;Enskild;DBGY Juvelen AB;5565789129;Svenska 3;116;3,4;61,2;35,3;94;3,2;61,7;35,1;22;4,5;59,1;36,4;
Drottning Blankas Gymnasieskola Göteborg Gårda;10638939;Göteborg;1480;Enskild;DBGY Juvelen AB;5565789129;Svenska som andraspråk 1;9;..;..;..;6;..;..;..;3;..;..;..;
Drottning Blankas Gymnasieskola Göteborg Gårda;10638939;Göteborg;1480;Enskild;DBGY Juvelen AB;5565789129;Svenska som andraspråk 3;4;..;..;..;2;..;..;..;2;..;..;..;
Ester Mosessons gymnasium 1;15414001;Göteborg;1480;Kommunal;Göteborgs kommun;2120001355;Engelska 5;51;29,4;70,6;.;23;21,7;78,3;.;28;35,7;64,3;.;
Ester Mosessons gymnasium 1;15414001;Göteborg;1480;Kommunal;Göteborgs kommun;2120001355;Matematik 1A;95;.;77,9;22,1;45;.;80,0;20,0;50;.;76,0;24,0;
Ester Mosessons gymnasium 1;15414001;Göteborg;1480;Kommunal;Göteborgs kommun;2120001355;Svenska 1;55;9,1;72,7;18,2;26;15,4;73,1;11,5;29;3,4;72,4;24,1;
Ester Mosessons gymnasium 1;15414001;Göteborg;1480;Kommunal;Göteborgs kommun;2120001355;Svenska som andraspråk 1;7;..;..;..;2;..;..;..;5;..;..;..;
Ester Mosessons gymnasium 2;38311488;Göteborg;1480;Kommunal;Göteborgs kommun;2120001355;Engelska 6;8;..;..;..;7;..;..;..;1;..;..;..;
Ester Mosessons gymnasium 2;38311488;Göteborg;1480;Kommunal;Göteborgs kommun;2120001355;Matematik 1A;19;.;73,7;26,3;15;..;..;..;4;..;..;..;
Ester Mosessons gymnasium 2;38311488;Göteborg;1480;Kommunal;Göteborgs kommun;2120001355;Svenska 1;12;.;100,0;.;11;..;..;..;1;..;..;..;
GTI:s gymnasieskola;89837629;Göteborg;1480;Enskild;Göteborgs Tekniska Institut Aktiebolag;5562358993;Engelska 6;107;0,9;70,1;29,0;59;.;66,1;33,9;48;2,1;75,0;22,9;
GTI:s gymnasieskola;89837629;Göteborg;1480;Enskild;Göteborgs Tekniska Institut Aktiebolag;5562358993;Matematik 2B;50;.;64,0;36,0;25;.;68,0;32,0;25;.;60,0;40,0;
GTI:s gymnasieskola;89837629;Göteborg;1480;Enskild;Göteborgs Tekniska Institut Aktiebolag;5562358993;Matematik 3B;1;..;..;..;.;.;.;.;1;..;..;..;
GTI:s gymnasieskola;89837629;Göteborg;1480;Enskild;Göteborgs Tekniska Institut Aktiebolag;5562358993;Matematik 3C;30;.;66,7;33,3;12;.;66,7;33,3;18;.;66,7;33,3;
GTI:s gymnasieskola;89837629;Göteborg;1480;Enskild;Göteborgs Tekniska Institut Aktiebolag;5562358993;Matematik 4;14;.;78,6;21,4;5;..;..;..;9;..;..;..;
GTI:s gymnasieskola;89837629;Göteborg;1480;Enskild;Göteborgs Tekniska Institut Aktiebolag;5562358993;Svenska 3;29;6,9;44,8;48,3;12;.;41,7;58,3;17;11,8;47,1;41,2;
GTI:s gymnasieskola;89837629;Göteborg;1480;Enskild;Göteborgs Tekniska Institut Aktiebolag;5562358993;Svenska som andraspråk 3;58;.;63,8;36,2;37;.;62,2;37,8;21;.;66,7;33,3;
Gymnasieakademin Göteborg;12994441;Göteborg;1480;Enskild;IEAB International Education AB;5567265979;Engelska 5;18;.;77,8;22,2;10;..;..;..;8;..;..;..;
Gymnasieakademin Göteborg;12994441;Göteborg;1480;Enskild;IEAB International Education AB;5567265979;Engelska 6;124;0,8;75,8;23,4;69;1,4;76,8;21,7;55;.;74,5;25,5;
Gymnasieakademin Göteborg;12994441;Göteborg;1480;Enskild;IEAB International Education AB;5567265979;Matematik 1A;19;.;63,2;36,8;8;..;..;..;11;..;..;..;
Gymnasieakademin Göteborg;12994441;Göteborg;1480;Enskild;IEAB International Education AB;5567265979;Matematik 2B;35;.;60,0;40,0;15;.;60,0;40,0;20;.;60,0;40,0;
Gymnasieakademin Göteborg;12994441;Göteborg;1480;Enskild;IEAB International Education AB;5567265979;Matematik 3B;13;.;69,2;30,8;2;..;..;..;11;..;..;..;
Gymnasieakademin Göteborg;12994441;Göteborg;1480;Enskild;IEAB International Education AB;5567265979;Matematik 4;25;.;76,0;24,0;16;..;..;..;9;..;..;..;
Gymnasieakademin Göteborg;12994441;Göteborg;1480;Enskild;IEAB International Education AB;5567265979;Svenska 1;15;.;40,0;60,0;8;..;..;..;7;..;..;..;
Gymnasieakademin Göteborg;12994441;Göteborg;1480;Enskild;IEAB International Education AB;5567265979;Svenska 3;76;5,3;55,3;39,5;48;2,1;56,3;41,7;28;10,7;53,6;35,7;
Gymnasieakademin Göteborg;12994441;Göteborg;1480;Enskild;IEAB International Education AB;5567265979;Svenska som andraspråk 3;6;..;..;..;5;..;..;..;1;..;..;..;
Göteborgregionens tekniska gy;53660780;Göteborg;1480;Enskild;Göteborgs Tekniska College Aktiebolag;5565706768;Engelska 5;27;11,1;88,9;.;2;..;..;..;25;..;..;..;
Göteborgregionens tekniska gy;53660780;Göteborg;1480;Enskild;Göteborgs Tekniska College Aktiebolag;5565706768;Engelska 6;22;13,6;77,3;9,1;3;..;..;..;19;..;..;..;
Göteborgregionens tekniska gy;53660780;Göteborg;1480;Enskild;Göteborgs Tekniska College Aktiebolag;5565706768;Matematik 3C;22;.;90,9;9,1;3;..;..;..;19;..;..;..;
Göteborgregionens tekniska gy;53660780;Göteborg;1480;Enskild;Göteborgs Tekniska College Aktiebolag;5565706768;Svenska som andraspråk 1;6;..;..;..;1;..;..;..;5;..;..;..;
Göteborgregionens tekniska gy;53660780;Göteborg;1480;Enskild;Göteborgs Tekniska College Aktiebolag;5565706768;Svenska som andraspråk 3;1;..;..;..;.;.;.;.;1;..;..;..;
Göteborgs Högre Samskola gy.;88774402;Göteborg;1480;Enskild;Stiftelsen Göteborgs Högre Samskola;8572059197;Engelska 6;162;3,7;82,1;14,2;96;3,1;84,4;12,5;66;4,5;78,8;16,7;
Göteborgs Högre Samskola gy.;88774402;Göteborg;1480;Enskild;Stiftelsen Göteborgs Högre Samskola;8572059197;Matematik 2B;71;.;77,5;22,5;55;.;76,4;23,6;16;.;81,3;18,8;
Göteborgs Högre Samskola gy.;88774402;Göteborg;1480;Enskild;Stiftelsen Göteborgs Högre Samskola;8572059197;Matematik 3B;41;.;75,6;24,4;20;.;65,0;35,0;21;.;85,7;14,3;
Göteborgs Högre Samskola gy.;88774402;Göteborg;1480;Enskild;Stiftelsen Göteborgs Högre Samskola;8572059197;Svenska 3;176;1,1;65,9;33,0;107;0,9;69,2;29,9;69;1,4;60,9;37,7;
Hvitfeldtska gymnasiet 1;61701709;Göteborg;1480;Kommunal;Göteborgs kommun;2120001355;Engelska 6;54;1,9;79,6;18,5;37;2,7;75,7;21,6;17;.;88,2;11,8;
Hvitfeldtska gymnasiet 1;61701709;Göteborg;1480;Kommunal;Göteborgs kommun;2120001355;Matematik 2B;59;.;94,9;5,1;48;.;97,9;2,1;11;.;81,8;18,2;
Hvitfeldtska gymnasiet 1;61701709;Göteborg;1480;Kommunal;Göteborgs kommun;2120001355;Matematik 3B;97;6,2;84,5;9,3;45;6,7;80,0;13,3;52;5,8;88,5;5,8;
Hvitfeldtska gymnasiet 1;61701709;Göteborg;1480;Kommunal;Göteborgs kommun;2120001355;Svenska 3;65;.;18,5;81,5;37;.;21,6;78,4;28;.;14,3;85,7;
Hvitfeldtska gymnasiet 2;61469192;Göteborg;1480;Kommunal;Göteborgs kommun;2120001355;Engelska 6;27;.;92,6;7,4;15;.;93,3;6,7;12;.;91,7;8,3;
Hvitfeldtska gymnasiet 2;61469192;Göteborg;1480;Kommunal;Göteborgs kommun;2120001355;Matematik 1B;58;.;98,3;1,7;33;.;100,0;.;25;.;96,0;4,0;
Hvitfeldtska gymnasiet 2;61469192;Göteborg;1480;Kommunal;Göteborgs kommun;2120001355;Svenska 3;53;.;54,7;45,3;23;.;52,2;47,8;30;.;56,7;43,3;
Hvitfeldtska gymnasiet 3;84306392;Göteborg;1480;Kommunal;Göteborgs kommun;2120001355;Engelska 6;150;.;86,0;14,0;75;.;84,0;16,0;75;.;88,0;12,0;
Hvitfeldtska gymnasiet 3;84306392;Göteborg;1480;Kommunal;Göteborgs kommun;2120001355;Matematik 3C;4;..;..;..;4;..;..;..;.;.;.;.;
Hvitfeldtska gymnasiet 3;84306392;Göteborg;1480;Kommunal;Göteborgs kommun;2120001355;Matematik 4;74;.;93,2;6,8;48;.;89,6;10,4;26;.;100,0;.;
Hvitfeldtska gymnasiet 3;84306392;Göteborg;1480;Kommunal;Göteborgs kommun;2120001355;Svenska 3;80;2,5;48,8;48,8;52;1,9;46,2;51,9;28;3,6;53,6;42,9;
Hvitfeldtska gymnasiet 3;84306392;Göteborg;1480;Kommunal;Göteborgs kommun;2120001355;Svenska som andraspråk 3;5;..;..;..;4;..;..;..;1;..;..;..;
Hvitfeldtska gymnasiet 4;28627819;Göteborg;1480;Kommunal;Göteborgs kommun;2120001355;Engelska 6;142;1,4;86,6;12,0;102;2,0;86,3;11,8;40;.;87,5;12,5;
Hvitfeldtska gymnasiet 4;28627819;Göteborg;1480;Kommunal;Göteborgs kommun;2120001355;Matematik 2B;148;.;89,9;10,1;108;.;88,9;11,1;40;.;92,5;7,5;
Hvitfeldtska gymnasiet 4;28627819;Göteborg;1480;Kommunal;Göteborgs kommun;2120001355;Svenska 3;86;.;43,0;57,0;54;.;42,6;57,4;32;.;43,8;56,3;
Hvitfeldtska gymnasiet 6;50235617;Göteborg;1480;Kommunal;Göteborgs kommun;2120001355;Matematik 1A;51;.;96,1;3,9;30;.;96,7;3,3;21;.;95,2;4,8;
Hvitfeldtska gymnasiet 6;50235617;Göteborg;1480;Kommunal;Göteborgs kommun;2120001355;Svenska 1;24;12,5;70,8;16,7;12;16,7;66,7;16,7;12;8,3;75,0;16,7;
Ingrid Segerstedts gymnasium;48847282;Göteborg;1480;Enskild;Stiftelsen Ingrid Segerstedts Gymnasium;8572088824;Engelska 6;122;7,4;82,8;9,8;92;6,5;83,7;9,8;30;10,0;80,0;10,0;
Ingrid Segerstedts gymnasium;48847282;Göteborg;1480;Enskild;Stiftelsen Ingrid Segerstedts Gymnasium;8572088824;Matematik 2B;123;.;88,6;11,4;92;.;90,2;9,8;31;.;83,9;16,1;
JENSEN Gymnasium Göteborg;38684438;Göteborg;1480;Enskild;Jensen Education College AB;5566358759;Engelska 6;151;1,3;70,9;27,8;74;2,7;64,9;32,4;77;.;76,6;23,4;
JENSEN Gymnasium Göteborg;38684438;Göteborg;1480;Enskild;Jensen Education College AB;5566358759;Matematik 2B;55;.;61,8;38,2;30;.;76,7;23,3;25;.;44,0;56,0;
JENSEN Gymnasium Göteborg;38684438;Göteborg;1480;Enskild;Jensen Education College AB;5566358759;Matematik 3B;37;.;73,0;27,0;19;.;89,5;10,5;18;.;55,6;44,4;
JENSEN Gymnasium Göteborg;38684438;Göteborg;1480;Enskild;Jensen Education College AB;5566358759;Matematik 4;36;.;91,7;8,3;17;.;82,4;17,6;19;.;100,0;.;
JENSEN Gymnasium Göteborg;38684438;Göteborg;1480;Enskild;Jensen Education College AB;5566358759;Svenska 3;106;1,9;82,1;16,0;62;.;80,6;19,4;44;4,5;84,1;11,4;
JENSEN Gymnasium Göteborg;38684438;Göteborg;1480;Enskild;Jensen Education College AB;5566358759;Svenska som andraspråk 3;43;.;90,7;9,3;18;.;77,8;22,2;25;.;100,0;.;
Katrinelundsgymnasiet 1;31251822;Göteborg;1480;Kommunal;Göteborgs kommun;2120001355;Engelska 6;79;2,5;81,0;16,5;45;2,2;71,1;26,7;34;2,9;94,1;2,9;
Katrinelundsgymnasiet 1;31251822;Göteborg;1480;Kommunal;Göteborgs kommun;2120001355;Matematik 2B;83;.;89,2;10,8;46;.;91,3;8,7;37;.;86,5;13,5;
Katrinelundsgymnasiet 1;31251822;Göteborg;1480;Kommunal;Göteborgs kommun;2120001355;Svenska 3;55;3,6;76,4;20,0;27;3,7;77,8;18,5;28;3,6;75,0;21,4;
Katrinelundsgymnasiet 1;31251822;Göteborg;1480;Kommunal;Göteborgs kommun;2120001355;Svenska som andraspråk 3;21;.;95,2;4,8;19;..;..;..;2;..;..;..;
Katrinelundsgymnasiet 2;90099336;Göteborg;1480;Kommunal;Göteborgs kommun;2120001355;Matematik 3B;2;..;..;..;.;.;.;.;2;..;..;..;
Katrinelundsgymnasiet 2;90099336;Göteborg;1480;Kommunal;Göteborgs kommun;2120001355;Svenska 3;2;..;..;..;.;.;.;.;2;..;..;..;
Katrinelundsgymnasiet 3;96590873;Göteborg;1480;Kommunal;Göteborgs kommun;2120001355;Engelska 6;1;..;..;..;1;..;..;..;.;.;.;.;
Katrinelundsgymnasiet 3;96590873;Göteborg;1480;Kommunal;Göteborgs kommun;2120001355;Matematik 2B;1;..;..;..;.;.;.;.;1;..;..;..;
Katrinelundsgymnasiet 3;96590873;Göteborg;1480;Kommunal;Göteborgs kommun;2120001355;Svenska 3;2;..;..;..;1;..;..;..;1;..;..;..;
Katrinelundsgymnasiet 4;35647481;Göteborg;1480;Kommunal;Göteborgs kommun;2120001355;Engelska 6;46;.;82,6;17,4;25;.;80,0;20,0;21;.;85,7;14,3;
Katrinelundsgymnasiet 4;35647481;Göteborg;1480;Kommunal;Göteborgs kommun;2120001355;Matematik 3C;30;3,3;80,0;16,7;13;.;92,3;7,7;17;5,9;70,6;23,5;
Katrinelundsgymnasiet 4;35647481;Göteborg;1480;Kommunal;Göteborgs kommun;2120001355;Matematik 4;29;.;96,6;3,4;15;.;100,0;.;14;.;92,9;7,1;
Katrinelundsgymnasiet 4;35647481;Göteborg;1480;Kommunal;Göteborgs kommun;2120001355;Svenska 3;24;4,2;87,5;8,3;11;9,1;90,9;.;13;.;84,6;15,4;
Katrinelundsgymnasiet 4;35647481;Göteborg;1480;Kommunal;Göteborgs kommun;2120001355;Svenska som andraspråk 3;20;.;80,0;20,0;14;..;..;..;6;..;..;..;
Katrinelundsgymnasiet 5;39549479;Göteborg;1480;Kommunal;Göteborgs kommun;2120001355;Engelska 6;134;6,7;83,6;9,7;41;4,9;80,5;14,6;93;7,5;84,9;7,5;
Katrinelundsgymnasiet 5;39549479;Göteborg;1480;Kommunal;Göteborgs kommun;2120001355;Matematik 2B;53;1,9;66,0;32,1;17;.;52,9;47,1;36;2,8;72,2;25,0;
Katrinelundsgymnasiet 5;39549479;Göteborg;1480;Kommunal;Göteborgs kommun;2120001355;Matematik 3B;47;.;42,6;57,4;13;.;46,2;53,8;34;.;41,2;58,8;
Katrinelundsgymnasiet 5;39549479;Göteborg;1480;Kommunal;Göteborgs kommun;2120001355;Svenska 3;73;2,7;47,9;49,3;23;.;39,1;60,9;50;4,0;52,0;44,0;
Katrinelundsgymnasiet 5;39549479;Göteborg;1480;Kommunal;Göteborgs kommun;2120001355;Svenska som andraspråk 3;19;21,1;31,6;47,4;8;..;..;..;11;..;..;..;
Kitas Ekonomi;73147554;Göteborg;1480;Enskild;Kitas utbildning AB;5567097117;Engelska 6;78;2,6;93,6;3,8;31;.;100,0;.;47;4,3;89,4;6,4;
Kitas Ekonomi;73147554;Göteborg;1480;Enskild;Kitas utbildning AB;5567097117;Matematik 2B;74;.;89,2;10,8;27;.;92,6;7,4;47;.;87,2;12,8;
Kitas Ekonomi;73147554;Göteborg;1480;Enskild;Kitas utbildning AB;5567097117;Matematik 3B;55;.;78,2;21,8;24;.;70,8;29,2;31;.;83,9;16,1;
Kitas Ekonomi;73147554;Göteborg;1480;Enskild;Kitas utbildning AB;5567097117;Svenska 3;72;1,4;70,8;27,8;39;.;79,5;20,5;33;3,0;60,6;36,4;
Kitas Ekonomi;73147554;Göteborg;1480;Enskild;Kitas utbildning AB;5567097117;Svenska som andraspråk 3;3;..;..;..;1;..;..;..;2;..;..;..;
Kitas Gymnasium;69983740;Göteborg;1480;Enskild;Kitas utbildning AB;5567097117;Engelska 6;83;3,6;81,9;14,5;63;4,8;79,4;15,9;20;.;90,0;10,0;
Kitas Gymnasium;69983740;Göteborg;1480;Enskild;Kitas utbildning AB;5567097117;Matematik 2B;48;.;91,7;8,3;35;.;91,4;8,6;13;.;92,3;7,7;
Kitas Gymnasium;69983740;Göteborg;1480;Enskild;Kitas utbildning AB;5567097117;Matematik 4;24;.;100,0;.;16;..;..;..;8;..;..;..;
Kitas Gymnasium;69983740;Göteborg;1480;Enskild;Kitas utbildning AB;5567097117;Svenska 3;85;7,1;65,9;27,1;65;3,1;67,7;29,2;20;20,0;60,0;20,0;
Kitas Gymnasium;69983740;Göteborg;1480;Enskild;Kitas utbildning AB;5567097117;Svenska som andraspråk 3;6;..;..;..;4;..;..;..;2;..;..;..;
Kitas Natur;66491596;Göteborg;1480;Enskild;Kitas utbildning AB;5567097117;Engelska 6;79;11,4;87,3;1,3;25;8,0;88,0;4,0;54;13,0;87,0;.;
Kitas Natur;66491596;Göteborg;1480;Enskild;Kitas utbildning AB;5567097117;Matematik 4;67;.;98,5;1,5;27;.;100,0;.;40;.;97,5;2,5;
Kitas Natur;66491596;Göteborg;1480;Enskild;Kitas utbildning AB;5567097117;Svenska 3;91;5,5;58,2;36,3;43;4,7;60,5;34,9;48;6,3;56,3;37,5;
KLARA Teoretiska Gymnasium Göteborg Postgatan;40690520;Göteborg;1480;Enskild;KLARA Gymnasium Lärande AB;5565583282;Engelska 6;173;3,5;93,6;2,9;106;3,8;94,3;1,9;67;3,0;92,5;4,5;
KLARA Teoretiska Gymnasium Göteborg Postgatan;40690520;Göteborg;1480;Enskild;KLARA Gymnasium Lärande AB;5565583282;Matematik 2B;47;.;83,0;17,0;39;..;..;..;8;..;..;..;
KLARA Teoretiska Gymnasium Göteborg Postgatan;40690520;Göteborg;1480;Enskild;KLARA Gymnasium Lärande AB;5565583282;Matematik 3B;20;.;90,0;10,0;12;..;..;..;8;..;..;..;
KLARA Teoretiska Gymnasium Göteborg Postgatan;40690520;Göteborg;1480;Enskild;KLARA Gymnasium Lärande AB;5565583282;Matematik 4;75;.;80,0;20,0;46;.;84,8;15,2;29;.;72,4;27,6;
KLARA Teoretiska Gymnasium Göteborg Postgatan;40690520;Göteborg;1480;Enskild;KLARA Gymnasium Lärande AB;5565583282;Svenska 3;150;.;76,7;23,3;118;.;76,3;23,7;32;.;78,1;21,9;
KLARA Teoretiska Gymnasium Göteborg Postgatan;40690520;Göteborg;1480;Enskild;KLARA Gymnasium Lärande AB;5565583282;Svenska som andraspråk 3;24;.;75,0;25,0;20;..;..;..;4;..;..;..;
KLARA Teoretiska Gymnasium Göteborg Vallgatan;75141151;Göteborg;1480;Enskild;KLARA Gymnasium Bildning AB;5565286696;Engelska 6;106;14,2;72,6;13,2;74;12,2;71,6;16,2;32;18,8;75,0;6,3;
KLARA Teoretiska Gymnasium Göteborg Vallgatan;75141151;Göteborg;1480;Enskild;KLARA Gymnasium Bildning AB;5565286696;Matematik 2B;49;.;83,7;16,3;36;.;83,3;16,7;13;.;84,6;15,4;
KLARA Teoretiska Gymnasium Göteborg Vallgatan;75141151;Göteborg;1480;Enskild;KLARA Gymnasium Bildning AB;5565286696;Matematik 3B;17;.;76,5;23,5;8;..;..;..;9;..;..;..;
KLARA Teoretiska Gymnasium Göteborg Vallgatan;75141151;Göteborg;1480;Enskild;KLARA Gymnasium Bildning AB;5565286696;Matematik 3C;8;..;..;..;7;..;..;..;1;..;..;..;
KLARA Teoretiska Gymnasium Göteborg Vallgatan;75141151;Göteborg;1480;Enskild;KLARA Gymnasium Bildning AB;5565286696;Matematik 4;14;.;64,3;35,7;8;..;..;..;6;..;..;..;
KLARA Teoretiska Gymnasium Göteborg Vallgatan;75141151;Göteborg;1480;Enskild;KLARA Gymnasium Bildning AB;5565286696;Svenska 3;92;3,3;83,7;13,0;66;3,0;83,3;13,6;26;3,8;84,6;11,5;
KLARA Teoretiska Gymnasium Göteborg Vallgatan;75141151;Göteborg;1480;Enskild;KLARA Gymnasium Bildning AB;5565286696;Svenska som andraspråk 3;21;.;71,4;28,6;14;..;..;..;7;..;..;..;
Kunskapsgymnasiet Göteborg;12052268;Göteborg;1480;Enskild;Kunskapsskolan i Sverige Aktiebolag;5565661815;Engelska 6;87;13,8;72,4;13,8;45;11,1;73,3;15,6;42;16,7;71,4;11,9;
Kunskapsgymnasiet Göteborg;12052268;Göteborg;1480;Enskild;Kunskapsskolan i Sverige Aktiebolag;5565661815;Matematik 2B;40;.;65,0;35,0;14;.;71,4;28,6;26;.;61,5;38,5;
Kunskapsgymnasiet Göteborg;12052268;Göteborg;1480;Enskild;Kunskapsskolan i Sverige Aktiebolag;5565661815;Matematik 3B;2;..;..;..;2;..;..;..;.;.;.;.;
Kunskapsgymnasiet Göteborg;12052268;Göteborg;1480;Enskild;Kunskapsskolan i Sverige Aktiebolag;5565661815;Matematik 3C;10;.;80,0;20,0;7;..;..;..;3;..;..;..;
Kunskapsgymnasiet Göteborg;12052268;Göteborg;1480;Enskild;Kunskapsskolan i Sverige Aktiebolag;5565661815;Matematik 4;13;.;92,3;7,7;7;..;..;..;6;..;..;..;
Kunskapsgymnasiet Göteborg;12052268;Göteborg;1480;Enskild;Kunskapsskolan i Sverige Aktiebolag;5565661815;Svenska 3;13;.;46,2;53,8;10;..;..;..;3;..;..;..;
Kunskapsgymnasiet Göteborg;12052268;Göteborg;1480;Enskild;Kunskapsskolan i Sverige Aktiebolag;5565661815;Svenska som andraspråk 3;65;3,1;63,1;33,8;47;.;59,6;40,4;18;11,1;72,2;16,7;
LBS Kreativa Gymnasiet Göteborg;53231578;Göteborg;1480;Enskild;Ljud & Bildskolan LBS AB;5564851649;Engelska 6;138;0,7;86,2;13,0;33;.;90,9;9,1;105;1,0;84,8;14,3;
LBS Kreativa Gymnasiet Göteborg;53231578;Göteborg;1480;Enskild;Ljud & Bildskolan LBS AB;5564851649;Matematik 1B;74;1,4;83,8;14,9;25;.;72,0;28,0;49;2,0;89,8;8,2;
LBS Kreativa Gymnasiet Göteborg;53231578;Göteborg;1480;Enskild;Ljud & Bildskolan LBS AB;5564851649;Matematik 3C;82;.;92,7;7,3;7;..;..;..;75;..;..;..;
LBS Kreativa Gymnasiet Göteborg;53231578;Göteborg;1480;Enskild;Ljud & Bildskolan LBS AB;5564851649;Svenska 3;129;3,1;55,8;41,1;36;8,3;66,7;25,0;93;1,1;51,6;47,3;
LBS Kreativa Gymnasiet Göteborg;53231578;Göteborg;1480;Enskild;Ljud & Bildskolan LBS AB;5564851649;Svenska som andraspråk 3;12;8,3;58,3;33,3;1;..;..;..;11;..;..;..;
LBS Mediegymnasiet;97382366;Göteborg;1480;Enskild;Ljud & Bildskolan LBS AB;5564851649;Engelska 6;80;7,5;61,3;31,3;51;3,9;54,9;41,2;29;13,8;72,4;13,8;
LBS Mediegymnasiet;97382366;Göteborg;1480;Enskild;Ljud & Bildskolan LBS AB;5564851649;Matematik 1B;62;1,6;87,1;11,3;28;.;82,1;17,9;34;2,9;91,2;5,9;
LBS Mediegymnasiet;97382366;Göteborg;1480;Enskild;Ljud & Bildskolan LBS AB;5564851649;Matematik 2B;27;.;77,8;22,2;17;.;82,4;17,6;10;.;70,0;30,0;
LBS Mediegymnasiet;97382366;Göteborg;1480;Enskild;Ljud & Bildskolan LBS AB;5564851649;Svenska 3;67;6,0;43,3;50,7;41;4,9;41,5;53,7;26;7,7;46,2;46,2;
LBS Mediegymnasiet;97382366;Göteborg;1480;Enskild;Ljud & Bildskolan LBS AB;5564851649;Svenska som andraspråk 3;6;..;..;..;.;.;.;.;6;..;..;..;
Lindholmens tekniska gymnasium 1;11274830;Göteborg;1480;Kommunal;Göteborgs kommun;2120001355;Engelska 5;32;.;93,8;6,3;4;..;..;..;28;..;..;..;
Lindholmens tekniska gymnasium 1;11274830;Göteborg;1480;Kommunal;Göteborgs kommun;2120001355;Matematik 1A;115;3,5;94,8;1,7;7;..;..;..;108;..;..;..;
Lindholmens tekniska gymnasium 1;11274830;Göteborg;1480;Kommunal;Göteborgs kommun;2120001355;Svenska 1;94;1,1;78,7;20,2;5;..;..;..;89;..;..;..;
Lindholmens tekniska gymnasium 1;11274830;Göteborg;1480;Kommunal;Göteborgs kommun;2120001355;Svenska som andraspråk 1;8;..;..;..;1;..;..;..;7;..;..;..;
Lindholmens tekniska gymnasium 2;51321260;Göteborg;1480;Kommunal;Göteborgs kommun;2120001355;Engelska 5;59;6,8;86,4;6,8;2;..;..;..;57;..;..;..;
Lindholmens tekniska gymnasium 2;51321260;Göteborg;1480;Kommunal;Göteborgs kommun;2120001355;Matematik 1A;64;1,6;95,3;3,1;2;..;..;..;62;..;..;..;
Lindholmens tekniska gymnasium 2;51321260;Göteborg;1480;Kommunal;Göteborgs kommun;2120001355;Svenska 1;47;4,3;61,7;34,0;1;..;..;..;46;..;..;..;
Lindholmens tekniska gymnasium 2;51321260;Göteborg;1480;Kommunal;Göteborgs kommun;2120001355;Svenska som andraspråk 1;5;..;..;..;.;.;.;.;5;..;..;..;
Lindholmens tekniska gymnasium 3;96279444;Göteborg;1480;Kommunal;Göteborgs kommun;2120001355;Engelska 6;120;23,3;70,0;6,7;22;22,7;63,6;13,6;98;23,5;71,4;5,1;
Lindholmens tekniska gymnasium 3;96279444;Göteborg;1480;Kommunal;Göteborgs kommun;2120001355;Matematik 3C;115;.;90,4;9,6;14;.;100,0;.;101;.;89,1;10,9;
Lindholmens tekniska gymnasium 3;96279444;Göteborg;1480;Kommunal;Göteborgs kommun;2120001355;Svenska 3;82;.;92,7;7,3;7;..;..;..;75;..;..;..;
Lindholmens tekniska gymnasium 3;96279444;Göteborg;1480;Kommunal;Göteborgs kommun;2120001355;Svenska som andraspråk 3;21;.;100,0;.;2;..;..;..;19;..;..;..;
LM Engströms gymnasium;71597051;Göteborg;1480;Enskild;Peter Isaac Béens Utbildningsstiftelse;8572003666;Engelska 6;203;4,9;86,2;8,9;153;5,2;85,6;9,2;50;4,0;88,0;8,0;
LM Engströms gymnasium;71597051;Göteborg;1480;Enskild;Peter Isaac Béens Utbildningsstiftelse;8572003666;Matematik 1B;17;.;94,1;5,9;11;..;..;..;6;..;..;..;
LM Engströms gymnasium;71597051;Göteborg;1480;Enskild;Peter Isaac Béens Utbildningsstiftelse;8572003666;Matematik 2B;91;1,1;80,2;18,7;75;.;86,7;13,3;16;6,3;50,0;43,8;
LM Engströms gymnasium;71597051;Göteborg;1480;Enskild;Peter Isaac Béens Utbildningsstiftelse;8572003666;Matematik 3B;38;.;81,6;18,4;23;.;73,9;26,1;15;.;93,3;6,7;
LM Engströms gymnasium;71597051;Göteborg;1480;Enskild;Peter Isaac Béens Utbildningsstiftelse;8572003666;Matematik 4;53;1,9;90,6;7,5;39;2,6;87,2;10,3;14;.;100,0;.;
LM Engströms gymnasium;71597051;Göteborg;1480;Enskild;Peter Isaac Béens Utbildningsstiftelse;8572003666;Svenska 3;188;1,6;71,3;27,1;119;1,7;68,9;29,4;69;1,4;75,4;23,2;
Magelungens Gymnasium Göteborg;27268498;Göteborg;1480;Enskild;Magelungen Utveckling AB;5564891447;Engelska 6;12;16,7;83,3;.;7;..;..;..;5;..;..;..;
Magelungens Gymnasium Göteborg;27268498;Göteborg;1480;Enskild;Magelungen Utveckling AB;5564891447;Matematik 2B;11;9,1;36,4;54,5;5;..;..;..;6;..;..;..;
Magelungens Gymnasium Göteborg;27268498;Göteborg;1480;Enskild;Magelungen Utveckling AB;5564891447;Svenska 3;3;..;..;..;1;..;..;..;2;..;..;..;
Motorbranschens Tekniska gymn.;61880907;Göteborg;1480;Kommunal;Göteborgs kommun;2120001355;Engelska 5;69;10,1;73,9;15,9;10;10,0;50,0;40,0;59;10,2;78,0;11,9;
Motorbranschens Tekniska gymn.;61880907;Göteborg;1480;Kommunal;Göteborgs kommun;2120001355;Matematik 1A;70;4,3;92,9;2,9;10;.;100,0;.;60;5,0;91,7;3,3;
Motorbranschens Tekniska gymn.;61880907;Göteborg;1480;Kommunal;Göteborgs kommun;2120001355;Svenska 1;53;.;94,3;5,7;9;..;..;..;44;..;..;..;
Motorbranschens Tekniska gymn.;61880907;Göteborg;1480;Kommunal;Göteborgs kommun;2120001355;Svenska som andraspråk 1;13;7,7;76,9;15,4;1;..;..;..;12;..;..;..;
NTI Gymnasiet Johanneberg;79094701;Göteborg;1480;Enskild;NTI Gymnasiet Ellips AB;5565970471;Engelska 5;27;29,6;66,7;3,7;1;..;..;..;26;..;..;..;
NTI Gymnasiet Johanneberg;79094701;Göteborg;1480;Enskild;NTI Gymnasiet Ellips AB;5565970471;Engelska 6;120;42,5;54,2;3,3;23;30,4;69,6;.;97;45,4;50,5;4,1;
NTI Gymnasiet Johanneberg;79094701;Göteborg;1480;Enskild;NTI Gymnasiet Ellips AB;5565970471;Matematik 1A;29;.;96,6;3,4;1;..;..;..;28;..;..;..;
NTI Gymnasiet Johanneberg;79094701;Göteborg;1480;Enskild;NTI Gymnasiet Ellips AB;5565970471;Matematik 1B;29;.;79,3;20,7;16;.;87,5;12,5;13;.;69,2;30,8;
NTI Gymnasiet Johanneberg;79094701;Göteborg;1480;Enskild;NTI Gymnasiet Ellips AB;5565970471;Matematik 3C;96;.;88,5;11,5;13;.;69,2;30,8;83;.;91,6;8,4;
NTI Gymnasiet Johanneberg;79094701;Göteborg;1480;Enskild;NTI Gymnasiet Ellips AB;5565970471;Svenska 1;25;4,0;52,0;44,0;1;..;..;..;24;..;..;..;
NTI Gymnasiet Johanneberg;79094701;Göteborg;1480;Enskild;NTI Gymnasiet Ellips AB;5565970471;Svenska 3;95;2,1;86,3;11,6;16;6,3;81,3;12,5;79;1,3;87,3;11,4;
NTI Gymnasiet Johanneberg;79094701;Göteborg;1480;Enskild;NTI Gymnasiet Ellips AB;5565970471;Svenska som andraspråk 1;1;..;..;..;.;.;.;.;1;..;..;..;
NTI Gymnasiet Johanneberg;79094701;Göteborg;1480;Enskild;NTI Gymnasiet Ellips AB;5565970471;Svenska som andraspråk 3;13;15,4;76,9;7,7;6;..;..;..;7;..;..;..;
NTI Gymnasiet Kronhus;35006050;Göteborg;1480;Enskild;NTI Gymnasiet Macro AB;5561203679;Engelska 5;20;5,0;85,0;10,0;.;.;.;.;20;..;..;..;
NTI Gymnasiet Kronhus;35006050;Göteborg;1480;Enskild;NTI Gymnasiet Macro AB;5561203679;Engelska 6;54;7,4;74,1;18,5;11;18,2;72,7;9,1;43;4,7;74,4;20,9;
NTI Gymnasiet Kronhus;35006050;Göteborg;1480;Enskild;NTI Gymnasiet Macro AB;5561203679;Matematik 1A;21;4,8;85,7;9,5;.;.;.;.;21;..;..;..;
NTI Gymnasiet Kronhus;35006050;Göteborg;1480;Enskild;NTI Gymnasiet Macro AB;5561203679;Matematik 3C;28;.;42,9;57,1;3;..;..;..;25;..;..;..;
NTI Gymnasiet Kronhus;35006050;Göteborg;1480;Enskild;NTI Gymnasiet Macro AB;5561203679;Svenska 1;11;.;36,4;63,6;.;.;.;.;11;..;..;..;
NTI Gymnasiet Kronhus;35006050;Göteborg;1480;Enskild;NTI Gymnasiet Macro AB;5561203679;Svenska 3;57;.;47,4;52,6;6;..;..;..;51;..;..;..;
NTI Gymnasiet Kronhus;35006050;Göteborg;1480;Enskild;NTI Gymnasiet Macro AB;5561203679;Svenska som andraspråk 1;11;.;36,4;63,6;.;.;.;.;11;..;..;..;
NTI Gymnasiet Kronhus;35006050;Göteborg;1480;Enskild;NTI Gymnasiet Macro AB;5561203679;Svenska som andraspråk 3;12;16,7;50,0;33,3;2;..;..;..;10;..;..;..;
NTI Handelsgymnasiet Göteborg;53698122;Göteborg;1480;Enskild;NTI Gymnasiet Macro AB;5561203679;Engelska 5;26;30,8;65,4;3,8;9;..;..;..;17;..;..;..;
NTI Handelsgymnasiet Göteborg;53698122;Göteborg;1480;Enskild;NTI Gymnasiet Macro AB;5561203679;Engelska 6;51;2,0;80,4;17,6;10;10,0;60,0;30,0;41;.;85,4;14,6;
NTI Handelsgymnasiet Göteborg;53698122;Göteborg;1480;Enskild;NTI Gymnasiet Macro AB;5561203679;Matematik 1A;31;6,5;67,7;25,8;11;9,1;81,8;9,1;20;5,0;60,0;35,0;
NTI Handelsgymnasiet Göteborg;53698122;Göteborg;1480;Enskild;NTI Gymnasiet Macro AB;5561203679;Matematik 3B;27;.;33,3;66,7;6;..;..;..;21;..;..;..;
NTI Handelsgymnasiet Göteborg;53698122;Göteborg;1480;Enskild;NTI Gymnasiet Macro AB;5561203679;Svenska 1;26;15,4;61,5;23,1;9;..;..;..;17;..;..;..;
NTI Handelsgymnasiet Göteborg;53698122;Göteborg;1480;Enskild;NTI Gymnasiet Macro AB;5561203679;Svenska 3;42;9,5;52,4;38,1;14;14,3;42,9;42,9;28;7,1;57,1;35,7;
NTI Handelsgymnasiet Göteborg;53698122;Göteborg;1480;Enskild;NTI Gymnasiet Macro AB;5561203679;Svenska som andraspråk 1;1;..;..;..;.;.;.;.;1;..;..;..;
NTI Handelsgymnasiet Göteborg;53698122;Göteborg;1480;Enskild;NTI Gymnasiet Macro AB;5561203679;Svenska som andraspråk 3;4;..;..;..;.;.;.;.;4;..;..;..;
Polhemsgymnasiet 1;21505555;Göteborg;1480;Kommunal;Göteborgs kommun;2120001355;Engelska 6;100;1,0;68,0;31,0;28;.;75,0;25,0;72;1,4;65,3;33,3;
Polhemsgymnasiet 1;21505555;Göteborg;1480;Kommunal;Göteborgs kommun;2120001355;Matematik 4;106;.;82,1;17,9;38;.;73,7;26,3;68;.;86,8;13,2;
Polhemsgymnasiet 1;21505555;Göteborg;1480;Kommunal;Göteborgs kommun;2120001355;Svenska 3;69;2,9;59,4;37,7;27;.;48,1;51,9;42;4,8;66,7;28,6;
Polhemsgymnasiet 1;21505555;Göteborg;1480;Kommunal;Göteborgs kommun;2120001355;Svenska som andraspråk 3;19;.;100,0;.;9;..;..;..;10;..;..;..;
Polhemsgymnasiet 2;34336190;Göteborg;1480;Kommunal;Göteborgs kommun;2120001355;Engelska 6;121;4,1;85,1;10,7;51;2,0;82,4;15,7;70;5,7;87,1;7,1;
Polhemsgymnasiet 2;34336190;Göteborg;1480;Kommunal;Göteborgs kommun;2120001355;Matematik 3B;89;.;76,4;23,6;33;.;78,8;21,2;56;.;75,0;25,0;
Polhemsgymnasiet 2;34336190;Göteborg;1480;Kommunal;Göteborgs kommun;2120001355;Svenska 3;84;2,4;77,4;20,2;32;.;87,5;12,5;52;3,8;71,2;25,0;
Polhemsgymnasiet 3;21052710;Göteborg;1480;Kommunal;Göteborgs kommun;2120001355;Engelska 6;54;7,4;79,6;13,0;39;7,7;74,4;17,9;15;6,7;93,3;.;
Polhemsgymnasiet 3;21052710;Göteborg;1480;Kommunal;Göteborgs kommun;2120001355;Matematik 2B;53;.;66,0;34,0;38;.;73,7;26,3;15;.;46,7;53,3;
Polhemsgymnasiet 3;21052710;Göteborg;1480;Kommunal;Göteborgs kommun;2120001355;Svenska 3;55;.;54,5;45,5;37;.;48,6;51,4;18;.;66,7;33,3;
Polhemsgymnasiet 4;70484769;Göteborg;1480;Kommunal;Göteborgs kommun;2120001355;Engelska 6;61;1,6;96,7;1,6;29;.;100,0;.;32;3,1;93,8;3,1;
Polhemsgymnasiet 4;70484769;Göteborg;1480;Kommunal;Göteborgs kommun;2120001355;Matematik 3C;64;.;90,6;9,4;31;.;90,3;9,7;33;.;90,9;9,1;
Polhemsgymnasiet 4;70484769;Göteborg;1480;Kommunal;Göteborgs kommun;2120001355;Svenska 3;55;.;58,2;41,8;28;.;57,1;42,9;27;.;59,3;40,7;
Praktiska Gymnasiet Gamlestaden;16819383;Göteborg;1480;Enskild;Praktiska Utbildning AB;5564781606;Engelska 5;52;26,9;65,4;7,7;6;..;..;..;46;..;..;..;
Praktiska Gymnasiet Gamlestaden;16819383;Göteborg;1480;Enskild;Praktiska Utbildning AB;5564781606;Matematik 1A;40;.;55,0;45,0;4;..;..;..;36;..;..;..;
Praktiska Gymnasiet Gamlestaden;16819383;Göteborg;1480;Enskild;Praktiska Utbildning AB;5564781606;Svenska 1;17;5,9;41,2;52,9;3;..;..;..;14;..;..;..;
Praktiska Gymnasiet Gamlestaden;16819383;Göteborg;1480;Enskild;Praktiska Utbildning AB;5564781606;Svenska som andraspråk 1;41;.;56,1;43,9;4;..;..;..;37;..;..;..;
Praktiska Gymnasiet Majorna;88556189;Göteborg;1480;Enskild;Praktiska Sverige AB;5562575786;Engelska 5;54;.;88,9;11,1;23;.;95,7;4,3;31;.;83,9;16,1;
Praktiska Gymnasiet Majorna;88556189;Göteborg;1480;Enskild;Praktiska Sverige AB;5562575786;Matematik 1A;68;.;92,6;7,4;31;.;93,5;6,5;37;.;91,9;8,1;
Praktiska Gymnasiet Majorna;88556189;Göteborg;1480;Enskild;Praktiska Sverige AB;5562575786;Svenska 1;47;6,4;59,6;34,0;19;5,3;52,6;42,1;28;7,1;64,3;28,6;
Praktiska Gymnasiet Majorna;88556189;Göteborg;1480;Enskild;Praktiska Sverige AB;5562575786;Svenska som andraspråk 1;12;.;83,3;16,7;4;..;..;..;8;..;..;..;
Realgymnasiet Göteborg;35236491;Göteborg;1480;Enskild;Lärande i Sverige AB;5565715892;Engelska 5;16;.;56,3;43,8;.;.;.;.;16;..;..;..;
Realgymnasiet Göteborg;35236491;Göteborg;1480;Enskild;Lärande i Sverige AB;5565715892;Matematik 1A;14;.;85,7;14,3;1;..;..;..;13;..;..;..;
Realgymnasiet Göteborg;35236491;Göteborg;1480;Enskild;Lärande i Sverige AB;5565715892;Svenska 1;15;.;86,7;13,3;1;..;..;..;14;..;..;..;
Rytmus Göteborg;69739484;Göteborg;1480;Enskild;Rytmus AB;5564648979;Engelska 6;83;4,8;88,0;7,2;48;4,2;87,5;8,3;35;5,7;88,6;5,7;
Rytmus Göteborg;69739484;Göteborg;1480;Enskild;Rytmus AB;5564648979;Matematik 1B;93;.;89,2;10,8;53;.;86,8;13,2;40;.;92,5;7,5;
Rytmus Göteborg;69739484;Göteborg;1480;Enskild;Rytmus AB;5564648979;Svenska 3;90;11,1;61,1;27,8;62;8,1;59,7;32,3;28;17,9;64,3;17,9;
Schillerska gymnasiet 1;92887917;Göteborg;1480;Kommunal;Göteborgs kommun;2120001355;Engelska 6;108;25,0;65,7;9,3;96;24,0;67,7;8,3;12;33,3;50,0;16,7;
Schillerska gymnasiet 1;92887917;Göteborg;1480;Kommunal;Göteborgs kommun;2120001355;Matematik 1B;156;2,6;89,7;7,7;133;3,0;88,7;8,3;23;.;95,7;4,3;
Schillerska gymnasiet 1;92887917;Göteborg;1480;Kommunal;Göteborgs kommun;2120001355;Svenska 3;107;4,7;57,0;38,3;89;3,4;56,2;40,4;18;11,1;61,1;27,8;
Schillerska gymnasiet 2;88834120;Göteborg;1480;Kommunal;Göteborgs kommun;2120001355;Engelska 6;44;15,9;81,8;2,3;22;18,2;81,8;.;22;13,6;81,8;4,5;
Schillerska gymnasiet 2;88834120;Göteborg;1480;Kommunal;Göteborgs kommun;2120001355;Matematik 2B;23;.;65,2;34,8;14;..;..;..;9;..;..;..;
Schillerska gymnasiet 2;88834120;Göteborg;1480;Kommunal;Göteborgs kommun;2120001355;Matematik 3B;14;.;64,3;35,7;7;..;..;..;7;..;..;..;
Schillerska gymnasiet 2;88834120;Göteborg;1480;Kommunal;Göteborgs kommun;2120001355;Svenska 3;31;.;35,5;64,5;19;.;21,1;78,9;12;.;58,3;41,7;
Schillerska gymnasiet 2;88834120;Göteborg;1480;Kommunal;Göteborgs kommun;2120001355;Svenska som andraspråk 3;18;11,1;77,8;11,1;8;..;..;..;10;..;..;..;
Schillerska gymnasiet 3;36748805;Göteborg;1480;Kommunal;Göteborgs kommun;2120001355;Engelska 6;114;23,7;71,1;5,3;94;21,3;72,3;6,4;20;35,0;65,0;.;
Schillerska gymnasiet 3;36748805;Göteborg;1480;Kommunal;Göteborgs kommun;2120001355;Matematik 3C;27;.;92,6;7,4;21;..;..;..;6;..;..;..;
Schillerska gymnasiet 3;36748805;Göteborg;1480;Kommunal;Göteborgs kommun;2120001355;Matematik 4;1;..;..;..;.;.;.;.;1;..;..;..;
Schillerska gymnasiet 3;36748805;Göteborg;1480;Kommunal;Göteborgs kommun;2120001355;Svenska 3;65;7,7;67,7;24,6;48;8,3;68,8;22,9;17;5,9;64,7;29,4;
Sigrid Rudebecks gymnasium;19207279;Göteborg;1480;Enskild;Aktiebolaget Sigrid Rudebecks Skola;5563571248;Engelska 6;157;8,3;77,1;14,6;119;8,4;74,8;16,8;38;7,9;84,2;7,9;
Sigrid Rudebecks gymnasium;19207279;Göteborg;1480;Enskild;Aktiebolaget Sigrid Rudebecks Skola;5563571248;Matematik 2B;84;.;52,4;47,6;68;.;51,5;48,5;16;.;56,3;43,8;
Sigrid Rudebecks gymnasium;19207279;Göteborg;1480;Enskild;Aktiebolaget Sigrid Rudebecks Skola;5563571248;Svenska 3;138;5,8;51,4;42,8;78;6,4;44,9;48,7;60;5,0;60,0;35,0;
Sigrid Rudebecks gymnasium;19207279;Göteborg;1480;Enskild;Aktiebolaget Sigrid Rudebecks Skola;5563571248;Svenska som andraspråk 3;4;..;..;..;1;..;..;..;3;..;..;..;
Sjölins Gymnasium Göteborg;53640774;Göteborg;1480;Enskild;Sjölins Gymnasium AB;5563758399;Engelska 6;147;11,6;69,4;19,0;87;8,0;69,0;23,0;60;16,7;70,0;13,3;
Sjölins Gymnasium Göteborg;53640774;Göteborg;1480;Enskild;Sjölins Gymnasium AB;5563758399;Matematik 2B;31;.;87,1;12,9;21;.;95,2;4,8;10;.;70,0;30,0;
Sjölins Gymnasium Göteborg;53640774;Göteborg;1480;Enskild;Sjölins Gymnasium AB;5563758399;Matematik 3B;57;.;73,7;26,3;24;.;70,8;29,2;33;.;75,8;24,2;
Sjölins Gymnasium Göteborg;53640774;Göteborg;1480;Enskild;Sjölins Gymnasium AB;5563758399;Svenska 3;152;4,6;63,2;32,2;93;4,3;62,4;33,3;59;5,1;64,4;30,5;
SKF Tekniska Gymnasium;58502307;Göteborg;1480;Enskild;SKF Sverige Aktiebolag;5562408301;Engelska 5;15;33,3;66,7;.;.;.;.;.;15;..;..;..;
SKF Tekniska Gymnasium;58502307;Göteborg;1480;Enskild;SKF Sverige Aktiebolag;5562408301;Matematik 3C;16;.;100,0;.;1;..;..;..;15;..;..;..;
SKF Tekniska Gymnasium;58502307;Göteborg;1480;Enskild;SKF Sverige Aktiebolag;5562408301;Svenska 1;14;14,3;50,0;35,7;.;.;.;.;14;..;..;..;
SKF Tekniska Gymnasium;58502307;Göteborg;1480;Enskild;SKF Sverige Aktiebolag;5562408301;Svenska 3;14;7,1;71,4;21,4;1;..;..;..;13;..;..;..;
SKF Tekniska Gymnasium;58502307;Göteborg;1480;Enskild;SKF Sverige Aktiebolag;5562408301;Svenska som andraspråk 1;1;..;..;..;.;.;.;.;1;..;..;..;
SKF Tekniska Gymnasium;58502307;Göteborg;1480;Enskild;SKF Sverige Aktiebolag;5562408301;Svenska som andraspråk 3;1;..;..;..;1;..;..;..;.;.;.;.;
The International High School of the Gothenburg Region;26627862;Göteborg;1480;Kommunal;Göteborgs kommun;2120001355;Engelska 6;38;21,1;76,3;2,6;24;20,8;75,0;4,2;14;21,4;78,6;.;
The International High School of the Gothenburg Region;26627862;Göteborg;1480;Kommunal;Göteborgs kommun;2120001355;Matematik 2B;12;.;100,0;.;7;..;..;..;5;..;..;..;
The International High School of the Gothenburg Region;26627862;Göteborg;1480;Kommunal;Göteborgs kommun;2120001355;Matematik 4;12;.;83,3;16,7;8;..;..;..;4;..;..;..;
The International High School of the Gothenburg Region;26627862;Göteborg;1480;Kommunal;Göteborgs kommun;2120001355;Svenska 3;22;.;72,7;27,3;11;.;54,5;45,5;11;.;90,9;9,1;
The International High School of the Gothenburg Region;26627862;Göteborg;1480;Kommunal;Göteborgs kommun;2120001355;Svenska som andraspråk 3;20;.;80,0;20,0;15;..;..;..;5;..;..;..;
Västsvenska Gymnasiet;34831349;Göteborg;1480;Enskild;Idrottens Skola i Göteborg AB;5562035906;Engelska 5;42;9,5;64,3;26,2;11;.;81,8;18,2;31;12,9;58,1;29,0;
Västsvenska Gymnasiet;34831349;Göteborg;1480;Enskild;Idrottens Skola i Göteborg AB;5562035906;Engelska 6;11;.;81,8;18,2;8;..;..;..;3;..;..;..;
Västsvenska Gymnasiet;34831349;Göteborg;1480;Enskild;Idrottens Skola i Göteborg AB;5562035906;Matematik 1A;32;.;53,1;46,9;15;.;33,3;66,7;17;.;70,6;29,4;
Västsvenska Gymnasiet;34831349;Göteborg;1480;Enskild;Idrottens Skola i Göteborg AB;5562035906;Matematik 3C;23;4,3;78,3;17,4;15;..;..;..;8;..;..;..;
Västsvenska Gymnasiet;34831349;Göteborg;1480;Enskild;Idrottens Skola i Göteborg AB;5562035906;Svenska 1;3;..;..;..;.;.;.;.;3;..;..;..;
Västsvenska Gymnasiet;34831349;Göteborg;1480;Enskild;Idrottens Skola i Göteborg AB;5562035906;Svenska som andraspråk 1;29;20,7;31,0;48,3;23;..;..;..;6;..;..;..;
Västsvenska Gymnasiet;34831349;Göteborg;1480;Enskild;Idrottens Skola i Göteborg AB;5562035906;Svenska som andraspråk 3;12;.;25,0;75,0;8;..;..;..;4;..;..;..;
Olinsgymnasiet i Götene;77718188;Götene;1471;Enskild;Olinsgymnasiet i Skara AB;5569998932;Engelska 5;45;2,2;93,3;4,4;10;.;90,0;10,0;35;2,9;94,3;2,9;
Olinsgymnasiet i Götene;77718188;Götene;1471;Enskild;Olinsgymnasiet i Skara AB;5569998932;Engelska 6;1;..;..;..;1;..;..;..;.;.;.;.;
Olinsgymnasiet i Götene;77718188;Götene;1471;Enskild;Olinsgymnasiet i Skara AB;5569998932;Matematik 1A;33;.;15,2;84,8;9;..;..;..;24;..;..;..;
Olinsgymnasiet i Götene;77718188;Götene;1471;Enskild;Olinsgymnasiet i Skara AB;5569998932;Matematik 2B;2;..;..;..;2;..;..;..;.;.;.;.;
Olinsgymnasiet i Götene;77718188;Götene;1471;Enskild;Olinsgymnasiet i Skara AB;5569998932;Svenska 1;39;.;69,2;30,8;9;..;..;..;30;..;..;..;
Olinsgymnasiet i Götene;77718188;Götene;1471;Enskild;Olinsgymnasiet i Skara AB;5569998932;Svenska som andraspråk 1;6;..;..;..;1;..;..;..;5;..;..;..;
Olinsgymnasiet i Götene;77718188;Götene;1471;Enskild;Olinsgymnasiet i Skara AB;5569998932;Svenska som andraspråk 3;1;..;..;..;1;..;..;..;.;.;.;.;
Älvstrandsgymnasiet;72127035;Hagfors;1783;Kommunal;Hagfors kommun;2120001884;Engelska 5;21;9,5;85,7;4,8;15;..;..;..;6;..;..;..;
Älvstrandsgymnasiet;72127035;Hagfors;1783;Kommunal;Hagfors kommun;2120001884;Engelska 6;34;8,8;64,7;26,5;17;.;64,7;35,3;17;17,6;64,7;17,6;
Älvstrandsgymnasiet;72127035;Hagfors;1783;Kommunal;Hagfors kommun;2120001884;Matematik 2B;33;.;12,1;87,9;16;.;18,8;81,3;17;.;5,9;94,1;
Älvstrandsgymnasiet;72127035;Hagfors;1783;Kommunal;Hagfors kommun;2120001884;Svenska 1;14;14,3;78,6;7,1;9;..;..;..;5;..;..;..;
Älvstrandsgymnasiet;72127035;Hagfors;1783;Kommunal;Hagfors kommun;2120001884;Svenska 3;25;16,0;64,0;20,0;16;..;..;..;9;..;..;..;
Älvstrandsgymnasiet;72127035;Hagfors;1783;Kommunal;Hagfors kommun;2120001884;Svenska som andraspråk 1;7;..;..;..;6;..;..;..;1;..;..;..;
Älvstrandsgymnasiet;72127035;Hagfors;1783;Kommunal;Hagfors kommun;2120001884;Svenska som andraspråk 3;1;..;..;..;1;..;..;..;.;.;.;.;
Älvstrandsgymnasiet2;28310176;Hagfors;1783;Kommunal;Hagfors kommun;2120001884;Engelska 5;24;20,8;66,7;12,5;5;..;..;..;19;..;..;..;
Älvstrandsgymnasiet2;28310176;Hagfors;1783;Kommunal;Hagfors kommun;2120001884;Engelska 6;8;..;..;..;.;.;.;.;8;..;..;..;
Älvstrandsgymnasiet2;28310176;Hagfors;1783;Kommunal;Hagfors kommun;2120001884;Matematik 1A;14;.;57,1;42,9;3;..;..;..;11;..;..;..;
Älvstrandsgymnasiet2;28310176;Hagfors;1783;Kommunal;Hagfors kommun;2120001884;Matematik 4;1;..;..;..;1;..;..;..;.;.;.;.;
Älvstrandsgymnasiet2;28310176;Hagfors;1783;Kommunal;Hagfors kommun;2120001884;Svenska 1;22;4,5;50,0;45,5;5;..;..;..;17;..;..;..;
Älvstrandsgymnasiet2;28310176;Hagfors;1783;Kommunal;Hagfors kommun;2120001884;Svenska 3;17;.;70,6;29,4;6;..;..;..;11;..;..;..;
Älvstrandsgymnasiet2;28310176;Hagfors;1783;Kommunal;Hagfors kommun;2120001884;Svenska som andraspråk 1;3;..;..;..;.;.;.;.;3;..;..;..;
Älvstrandsgymnasiet2;28310176;Hagfors;1783;Kommunal;Hagfors kommun;2120001884;Svenska som andraspråk 3;7;..;..;..;3;..;..;..;4;..;..;..;
Alléskolan 1;70969714;Hallsberg;1861;Kommunal;Sydnärkes Utbildningsförbund;2220001180;Engelska 5;64;18,8;73,4;7,8;19;.;84,2;15,8;45;26,7;68,9;4,4;
Alléskolan 1;70969714;Hallsberg;1861;Kommunal;Sydnärkes Utbildningsförbund;2220001180;Engelska 6;46;13,0;67,4;19,6;7;..;..;..;39;..;..;..;
Alléskolan 1;70969714;Hallsberg;1861;Kommunal;Sydnärkes Utbildningsförbund;2220001180;Matematik 1A;70;10,0;84,3;5,7;19;15,8;84,2;.;51;7,8;84,3;7,8;
Alléskolan 1;70969714;Hallsberg;1861;Kommunal;Sydnärkes Utbildningsförbund;2220001180;Matematik 3C;5;..;..;..;2;..;..;..;3;..;..;..;
Alléskolan 1;70969714;Hallsberg;1861;Kommunal;Sydnärkes Utbildningsförbund;2220001180;Matematik 4;14;.;100,0;.;3;..;..;..;11;..;..;..;
Alléskolan 1;70969714;Hallsberg;1861;Kommunal;Sydnärkes Utbildningsförbund;2220001180;Svenska 1;59;5,1;86,4;8,5;15;.;93,3;6,7;44;6,8;84,1;9,1;
Alléskolan 1;70969714;Hallsberg;1861;Kommunal;Sydnärkes Utbildningsförbund;2220001180;Svenska 3;27;7,4;85,2;7,4;6;..;..;..;21;..;..;..;
Alléskolan 1;70969714;Hallsberg;1861;Kommunal;Sydnärkes Utbildningsförbund;2220001180;Svenska som andraspråk 3;3;..;..;..;.;.;.;.;3;..;..;..;
Alléskolan 3;22752398;Hallsberg;1861;Kommunal;Sydnärkes Utbildningsförbund;2220001180;Engelska 5;46;2,2;93,5;4,3;6;..;..;..;40;..;..;..;
Alléskolan 3;22752398;Hallsberg;1861;Kommunal;Sydnärkes Utbildningsförbund;2220001180;Matematik 1A;66;.;97,0;3,0;11;.;90,9;9,1;55;.;98,2;1,8;
Alléskolan 3;22752398;Hallsberg;1861;Kommunal;Sydnärkes Utbildningsförbund;2220001180;Svenska 1;45;.;80,0;20,0;7;..;..;..;38;..;..;..;
Alléskolan 3;22752398;Hallsberg;1861;Kommunal;Sydnärkes Utbildningsförbund;2220001180;Svenska som andraspråk 1;1;..;..;..;.;.;.;.;1;..;..;..;
Alléskolan 4;68734112;Hallsberg;1861;Kommunal;Sydnärkes Utbildningsförbund;2220001180;Engelska 5;21;.;95,2;4,8;1;..;..;..;20;..;..;..;
Alléskolan 4;68734112;Hallsberg;1861;Kommunal;Sydnärkes Utbildningsförbund;2220001180;Engelska 6;45;6,7;86,7;6,7;29;3,4;96,6;.;16;12,5;68,8;18,8;
Alléskolan 4;68734112;Hallsberg;1861;Kommunal;Sydnärkes Utbildningsförbund;2220001180;Matematik 1A;24;8,3;83,3;8,3;1;..;..;..;23;..;..;..;
Alléskolan 4;68734112;Hallsberg;1861;Kommunal;Sydnärkes Utbildningsförbund;2220001180;Matematik 1B;10;.;100,0;.;6;..;..;..;4;..;..;..;
Alléskolan 4;68734112;Hallsberg;1861;Kommunal;Sydnärkes Utbildningsförbund;2220001180;Matematik 2B;32;.;75,0;25,0;21;.;66,7;33,3;11;.;90,9;9,1;
Alléskolan 4;68734112;Hallsberg;1861;Kommunal;Sydnärkes Utbildningsförbund;2220001180;Svenska 1;18;5,6;66,7;27,8;1;..;..;..;17;..;..;..;
Alléskolan 4;68734112;Hallsberg;1861;Kommunal;Sydnärkes Utbildningsförbund;2220001180;Svenska 3;39;5,1;64,1;30,8;22;4,5;63,6;31,8;17;5,9;64,7;29,4;
Alléskolan 4;68734112;Hallsberg;1861;Kommunal;Sydnärkes Utbildningsförbund;2220001180;Svenska som andraspråk 3;6;..;..;..;5;..;..;..;1;..;..;..;
Alléskolan 5;71922787;Hallsberg;1861;Kommunal;Sydnärkes Utbildningsförbund;2220001180;Engelska 5;17;.;100,0;.;6;..;..;..;11;..;..;..;
Alléskolan 5;71922787;Hallsberg;1861;Kommunal;Sydnärkes Utbildningsförbund;2220001180;Engelska 6;23;8,7;82,6;8,7;8;..;..;..;15;..;..;..;
Alléskolan 5;71922787;Hallsberg;1861;Kommunal;Sydnärkes Utbildningsförbund;2220001180;Matematik 1A;16;.;100,0;.;7;..;..;..;9;..;..;..;
Alléskolan 5;71922787;Hallsberg;1861;Kommunal;Sydnärkes Utbildningsförbund;2220001180;Matematik 2B;11;.;100,0;.;6;..;..;..;5;..;..;..;
Alléskolan 5;71922787;Hallsberg;1861;Kommunal;Sydnärkes Utbildningsförbund;2220001180;Matematik 3B;15;.;100,0;.;6;..;..;..;9;..;..;..;
Alléskolan 5;71922787;Hallsberg;1861;Kommunal;Sydnärkes Utbildningsförbund;2220001180;Svenska 1;6;..;..;..;4;..;..;..;2;..;..;..;
Alléskolan 5;71922787;Hallsberg;1861;Kommunal;Sydnärkes Utbildningsförbund;2220001180;Svenska 3;25;4,0;76,0;20,0;17;..;..;..;8;..;..;..;
Alléskolan 5;71922787;Hallsberg;1861;Kommunal;Sydnärkes Utbildningsförbund;2220001180;Svenska som andraspråk 1;7;..;..;..;.;.;.;.;7;..;..;..;
Alléskolan 5;71922787;Hallsberg;1861;Kommunal;Sydnärkes Utbildningsförbund;2220001180;Svenska som andraspråk 3;2;..;..;..;.;.;.;.;2;..;..;..;
Alléskolan 7;74148070;Hallsberg;1861;Kommunal;Sydnärkes Utbildningsförbund;2220001180;Engelska 5;50;6,0;80,0;14,0;41;..;..;..;9;..;..;..;
Alléskolan 7;74148070;Hallsberg;1861;Kommunal;Sydnärkes Utbildningsförbund;2220001180;Engelska 6;22;13,6;81,8;4,5;11;9,1;81,8;9,1;11;18,2;81,8;.;
Alléskolan 7;74148070;Hallsberg;1861;Kommunal;Sydnärkes Utbildningsförbund;2220001180;Matematik 1A;51;.;92,2;7,8;39;.;89,7;10,3;12;.;100,0;.;
Alléskolan 7;74148070;Hallsberg;1861;Kommunal;Sydnärkes Utbildningsförbund;2220001180;Svenska 1;31;6,5;61,3;32,3;25;..;..;..;6;..;..;..;
Alléskolan 7;74148070;Hallsberg;1861;Kommunal;Sydnärkes Utbildningsförbund;2220001180;Svenska 3;16;.;50,0;50,0;7;..;..;..;9;..;..;..;
Alléskolan 7;74148070;Hallsberg;1861;Kommunal;Sydnärkes Utbildningsförbund;2220001180;Svenska som andraspråk 1;5;..;..;..;3;..;..;..;2;..;..;..;
Alléskolan 7;74148070;Hallsberg;1861;Kommunal;Sydnärkes Utbildningsförbund;2220001180;Svenska som andraspråk 3;3;..;..;..;.;.;.;.;3;..;..;..;
Ridsportsgymnasiet;50696507;Hallstahammar;1961;Enskild;Ridskolan Strömsholm RS AB;5566940408;Engelska 5;31;6,5;64,5;29,0;31;..;..;..;.;.;.;.;
Ridsportsgymnasiet;50696507;Hallstahammar;1961;Enskild;Ridskolan Strömsholm RS AB;5566940408;Matematik 1A;30;.;40,0;60,0;30;..;..;..;.;.;.;.;
Ridsportsgymnasiet;50696507;Hallstahammar;1961;Enskild;Ridskolan Strömsholm RS AB;5566940408;Svenska 1;32;.;53,1;46,9;32;..;..;..;.;.;.;.;
Amerikanska Gymnasiet Halmstad;43657259;Halmstad;1380;Enskild;Amerikanska Gymnasiet i Sverige AB;5590415591;Matematik 2B;19;.;89,5;10,5;13;..;..;..;6;..;..;..;
Amerikanska Gymnasiet Halmstad;43657259;Halmstad;1380;Enskild;Amerikanska Gymnasiet i Sverige AB;5590415591;Matematik 3C;3;..;..;..;3;..;..;..;.;.;.;.;
Aspero Idrottsgymn. Halmstad;92507006;Halmstad;1380;Enskild;Aspero Friskolor AB;5566363973;Engelska 6;101;.;70,3;29,7;37;.;70,3;29,7;64;.;70,3;29,7;
Aspero Idrottsgymn. Halmstad;92507006;Halmstad;1380;Enskild;Aspero Friskolor AB;5566363973;Matematik 2B;44;.;52,3;47,7;24;.;54,2;45,8;20;.;50,0;50,0;
Aspero Idrottsgymn. Halmstad;92507006;Halmstad;1380;Enskild;Aspero Friskolor AB;5566363973;Matematik 3B;52;.;67,3;32,7;13;.;76,9;23,1;39;.;64,1;35,9;
Drottning Blankas Gymnasieskola Halmstad;44653962;Halmstad;1380;Enskild;DBGY Kronan AB;5565668794;Engelska 5;29;10,3;86,2;3,4;28;..;..;..;1;..;..;..;
Drottning Blankas Gymnasieskola Halmstad;44653962;Halmstad;1380;Enskild;DBGY Kronan AB;5565668794;Engelska 6;38;5,3;84,2;10,5;37;..;..;..;1;..;..;..;
Drottning Blankas Gymnasieskola Halmstad;44653962;Halmstad;1380;Enskild;DBGY Kronan AB;5565668794;Matematik 1A;31;.;71,0;29,0;30;..;..;..;1;..;..;..;
Drottning Blankas Gymnasieskola Halmstad;44653962;Halmstad;1380;Enskild;DBGY Kronan AB;5565668794;Matematik 2B;23;.;47,8;52,2;21;..;..;..;2;..;..;..;
Drottning Blankas Gymnasieskola Halmstad;44653962;Halmstad;1380;Enskild;DBGY Kronan AB;5565668794;Matematik 3B;6;..;..;..;4;..;..;..;2;..;..;..;
Drottning Blankas Gymnasieskola Halmstad;44653962;Halmstad;1380;Enskild;DBGY Kronan AB;5565668794;Svenska 1;20;.;95,0;5,0;19;..;..;..;1;..;..;..;
Drottning Blankas Gymnasieskola Halmstad;44653962;Halmstad;1380;Enskild;DBGY Kronan AB;5565668794;Svenska 3;34;.;64,7;35,3;29;..;..;..;5;..;..;..;
Drottning Blankas Gymnasieskola Halmstad;44653962;Halmstad;1380;Enskild;DBGY Kronan AB;5565668794;Svenska som andraspråk 1;8;..;..;..;8;..;..;..;.;.;.;.;
Drottning Blankas Gymnasieskola Halmstad;44653962;Halmstad;1380;Enskild;DBGY Kronan AB;5565668794;Svenska som andraspråk 3;4;..;..;..;3;..;..;..;1;..;..;..;
Kattegattgymnasiet 1;20100577;Halmstad;1380;Kommunal;Halmstads kommun;2120001215;Engelska 6;55;1,8;74,5;23,6;30;.;76,7;23,3;25;4,0;72,0;24,0;
Kattegattgymnasiet 1;20100577;Halmstad;1380;Kommunal;Halmstads kommun;2120001215;Matematik 2B;64;.;60,9;39,1;38;.;52,6;47,4;26;.;73,1;26,9;
Kattegattgymnasiet 1;20100577;Halmstad;1380;Kommunal;Halmstads kommun;2120001215;Matematik 3B;56;.;67,9;32,1;24;.;54,2;45,8;32;.;78,1;21,9;
Kattegattgymnasiet 1;20100577;Halmstad;1380;Kommunal;Halmstads kommun;2120001215;Svenska 3;133;2,3;61,7;36,1;85;3,5;57,6;38,8;48;.;68,8;31,3;
Kattegattgymnasiet 1;20100577;Halmstad;1380;Kommunal;Halmstads kommun;2120001215;Svenska som andraspråk 3;3;..;..;..;2;..;..;..;1;..;..;..;
Kattegattgymnasiet 2;81993306;Halmstad;1380;Kommunal;Halmstads kommun;2120001215;Matematik 3C;43;.;90,7;9,3;4;..;..;..;39;..;..;..;
Kattegattgymnasiet 2;81993306;Halmstad;1380;Kommunal;Halmstads kommun;2120001215;Matematik 4;10;.;90,0;10,0;2;..;..;..;8;..;..;..;
Kattegattgymnasiet 2;81993306;Halmstad;1380;Kommunal;Halmstads kommun;2120001215;Svenska 3;79;3,8;51,9;44,3;25;8,0;60,0;32,0;54;1,9;48,1;50,0;
Kattegattgymnasiet 2;81993306;Halmstad;1380;Kommunal;Halmstads kommun;2120001215;Svenska som andraspråk 3;3;..;..;..;2;..;..;..;1;..;..;..;
Kattegattgymnasiet 3;19051089;Halmstad;1380;Kommunal;Halmstads kommun;2120001215;Engelska 6;60;.;78,3;21,7;38;.;73,7;26,3;22;.;86,4;13,6;
Kattegattgymnasiet 3;19051089;Halmstad;1380;Kommunal;Halmstads kommun;2120001215;Matematik 3C;19;.;78,9;21,1;13;..;..;..;6;..;..;..;
Kattegattgymnasiet 3;19051089;Halmstad;1380;Kommunal;Halmstads kommun;2120001215;Matematik 4;61;.;82,0;18,0;29;.;86,2;13,8;32;.;78,1;21,9;
Kattegattgymnasiet 3;19051089;Halmstad;1380;Kommunal;Halmstads kommun;2120001215;Svenska 3;73;.;60,3;39,7;36;.;63,9;36,1;37;.;56,8;43,2;
Kattegattgymnasiet 3;19051089;Halmstad;1380;Kommunal;Halmstads kommun;2120001215;Svenska som andraspråk 3;15;.;73,3;26,7;10;..;..;..;5;..;..;..;
Kattegattgymnasiet 5;61195886;Halmstad;1380;Kommunal;Halmstads kommun;2120001215;Matematik 1A;86;8,1;88,4;3,5;6;..;..;..;80;..;..;..;
Kattegattgymnasiet 5;61195886;Halmstad;1380;Kommunal;Halmstads kommun;2120001215;Svenska 1;65;.;66,2;33,8;5;..;..;..;60;..;..;..;
Kattegattgymnasiet 5;61195886;Halmstad;1380;Kommunal;Halmstads kommun;2120001215;Svenska som andraspråk 1;2;..;..;..;.;.;.;.;2;..;..;..;
Kattegattgymnasiet 6;19413066;Halmstad;1380;Kommunal;Halmstads kommun;2120001215;Engelska 5;14;57,1;42,9;.;1;..;..;..;13;..;..;..;
Kattegattgymnasiet 6;19413066;Halmstad;1380;Kommunal;Halmstads kommun;2120001215;Matematik 1A;74;6,8;71,6;21,6;2;..;..;..;72;..;..;..;
Kattegattgymnasiet 6;19413066;Halmstad;1380;Kommunal;Halmstads kommun;2120001215;Svenska 1;8;..;..;..;1;..;..;..;7;..;..;..;
Kattegattgymnasiet 6;19413066;Halmstad;1380;Kommunal;Halmstads kommun;2120001215;Svenska som andraspråk 1;1;..;..;..;.;.;.;.;1;..;..;..;
LBS Kreativa Gymnasiet Halmstad;47264019;Halmstad;1380;Enskild;Ljud & Bildskolan LBS AB;5564851649;Engelska 6;39;5,1;92,3;2,6;12;16,7;83,3;.;27;.;96,3;3,7;
LBS Kreativa Gymnasiet Halmstad;47264019;Halmstad;1380;Enskild;Ljud & Bildskolan LBS AB;5564851649;Matematik 1B;25;.;84,0;16,0;12;.;83,3;16,7;13;.;84,6;15,4;
LBS Kreativa Gymnasiet Halmstad;47264019;Halmstad;1380;Enskild;Ljud & Bildskolan LBS AB;5564851649;Matematik 3C;9;..;..;..;2;..;..;..;7;..;..;..;
LBS Kreativa Gymnasiet Halmstad;47264019;Halmstad;1380;Enskild;Ljud & Bildskolan LBS AB;5564851649;Svenska 3;34;.;85,3;14,7;5;..;..;..;29;..;..;..;
LBS Kreativa Gymnasiet Halmstad;47264019;Halmstad;1380;Enskild;Ljud & Bildskolan LBS AB;5564851649;Svenska som andraspråk 3;19;5,3;94,7;.;2;..;..;..;17;..;..;..;
Praktiska Gymnasiet Halmstad;87764775;Halmstad;1380;Enskild;Praktiska Sverige AB;5562575786;Engelska 5;31;19,4;71,0;9,7;9;..;..;..;22;..;..;..;
Praktiska Gymnasiet Halmstad;87764775;Halmstad;1380;Enskild;Praktiska Sverige AB;5562575786;Matematik 1A;39;2,6;66,7;30,8;10;.;70,0;30,0;29;3,4;65,5;31,0;
Praktiska Gymnasiet Halmstad;87764775;Halmstad;1380;Enskild;Praktiska Sverige AB;5562575786;Svenska 1;23;8,7;60,9;30,4;8;..;..;..;15;..;..;..;
Praktiska Gymnasiet Halmstad;87764775;Halmstad;1380;Enskild;Praktiska Sverige AB;5562575786;Svenska som andraspråk 1;8;..;..;..;6;..;..;..;2;..;..;..;
Realgymnasiet Halmstad;71401921;Halmstad;1380;Enskild;Lärande i Sverige AB;5565715892;Engelska 5;31;3,2;64,5;32,3;27;..;..;..;4;..;..;..;
Realgymnasiet Halmstad;71401921;Halmstad;1380;Enskild;Lärande i Sverige AB;5565715892;Matematik 1A;30;.;86,7;13,3;26;..;..;..;4;..;..;..;
Realgymnasiet Halmstad;71401921;Halmstad;1380;Enskild;Lärande i Sverige AB;5565715892;Svenska 1;26;.;76,9;23,1;23;..;..;..;3;..;..;..;
Realgymnasiet Halmstad;71401921;Halmstad;1380;Enskild;Lärande i Sverige AB;5565715892;Svenska som andraspråk 1;1;..;..;..;.;.;.;.;1;..;..;..;
Sannarpsgymnasiet 1;35670336;Halmstad;1380;Kommunal;Halmstads kommun;2120001215;Engelska 5;41;19,5;65,9;14,6;22;4,5;68,2;27,3;19;36,8;63,2;.;
Sannarpsgymnasiet 1;35670336;Halmstad;1380;Kommunal;Halmstads kommun;2120001215;Matematik 1A;40;2,5;95,0;2,5;23;.;95,7;4,3;17;5,9;94,1;.;
Sannarpsgymnasiet 1;35670336;Halmstad;1380;Kommunal;Halmstads kommun;2120001215;Svenska 1;40;5,0;67,5;27,5;21;.;52,4;47,6;19;10,5;84,2;5,3;
Sannarpsgymnasiet 1;35670336;Halmstad;1380;Kommunal;Halmstads kommun;2120001215;Svenska som andraspråk 1;5;..;..;..;3;..;..;..;2;..;..;..;
Sannarpsgymnasiet 2;50198492;Halmstad;1380;Kommunal;Halmstads kommun;2120001215;Engelska 6;108;3,7;75,9;20,4;69;4,3;73,9;21,7;39;2,6;79,5;17,9;
Sannarpsgymnasiet 2;50198492;Halmstad;1380;Kommunal;Halmstads kommun;2120001215;Matematik 2B;93;.;62,4;37,6;58;.;58,6;41,4;35;.;68,6;31,4;
Sannarpsgymnasiet 2;50198492;Halmstad;1380;Kommunal;Halmstads kommun;2120001215;Svenska 3;118;5,1;55,1;39,8;81;6,2;53,1;40,7;37;2,7;59,5;37,8;
Sannarpsgymnasiet 2;50198492;Halmstad;1380;Kommunal;Halmstads kommun;2120001215;Svenska som andraspråk 3;9;..;..;..;5;..;..;..;4;..;..;..;
Sannarpsgymnasiet 3;48438396;Halmstad;1380;Kommunal;Halmstads kommun;2120001215;Engelska 6;84;6,0;84,5;9,5;51;3,9;82,4;13,7;33;9,1;87,9;3,0;
Sannarpsgymnasiet 3;48438396;Halmstad;1380;Kommunal;Halmstads kommun;2120001215;Matematik 2B;38;.;73,7;26,3;31;..;..;..;7;..;..;..;
Sannarpsgymnasiet 3;48438396;Halmstad;1380;Kommunal;Halmstads kommun;2120001215;Matematik 3B;33;.;60,6;39,4;10;.;60,0;40,0;23;.;60,9;39,1;
Sannarpsgymnasiet 3;48438396;Halmstad;1380;Kommunal;Halmstads kommun;2120001215;Svenska 3;51;3,9;80,4;15,7;28;7,1;85,7;7,1;23;.;73,9;26,1;
Sannarpsgymnasiet 3;48438396;Halmstad;1380;Kommunal;Halmstads kommun;2120001215;Svenska som andraspråk 3;5;..;..;..;.;.;.;.;5;..;..;..;
Sannarpsgymnasiet 4;98052678;Halmstad;1380;Kommunal;Halmstads kommun;2120001215;Engelska 5;44;2,3;72,7;25,0;13;.;92,3;7,7;31;3,2;64,5;32,3;
Sannarpsgymnasiet 4;98052678;Halmstad;1380;Kommunal;Halmstads kommun;2120001215;Matematik 1A;43;11,6;76,7;11,6;13;15,4;69,2;15,4;30;10,0;80,0;10,0;
Sannarpsgymnasiet 4;98052678;Halmstad;1380;Kommunal;Halmstads kommun;2120001215;Svenska 1;43;2,3;65,1;32,6;13;.;61,5;38,5;30;3,3;66,7;30,0;
Sannarpsgymnasiet 5;95993832;Halmstad;1380;Kommunal;Halmstads kommun;2120001215;Engelska 6;41;2,4;75,6;22,0;25;.;68,0;32,0;16;6,3;87,5;6,3;
Sannarpsgymnasiet 5;95993832;Halmstad;1380;Kommunal;Halmstads kommun;2120001215;Matematik 3C;4;..;..;..;2;..;..;..;2;..;..;..;
Sannarpsgymnasiet 5;95993832;Halmstad;1380;Kommunal;Halmstads kommun;2120001215;Matematik 4;32;.;84,4;15,6;15;.;80,0;20,0;17;.;88,2;11,8;
Sannarpsgymnasiet 5;95993832;Halmstad;1380;Kommunal;Halmstads kommun;2120001215;Svenska 3;29;10,3;72,4;17,2;22;..;..;..;7;..;..;..;
Sannarpsgymnasiet 5;95993832;Halmstad;1380;Kommunal;Halmstads kommun;2120001215;Svenska som andraspråk 3;21;14,3;42,9;42,9;11;9,1;45,5;45,5;10;20,0;40,0;40,0;
Sannarpsgymnasiet 6;83361122;Halmstad;1380;Kommunal;Halmstads kommun;2120001215;Engelska 5;21;.;95,2;4,8;19;..;..;..;2;..;..;..;
Sannarpsgymnasiet 6;83361122;Halmstad;1380;Kommunal;Halmstads kommun;2120001215;Matematik 1A;23;.;91,3;8,7;20;..;..;..;3;..;..;..;
Sannarpsgymnasiet 6;83361122;Halmstad;1380;Kommunal;Halmstads kommun;2120001215;Svenska 1;18;5,6;27,8;66,7;17;..;..;..;1;..;..;..;
Sannarpsgymnasiet 6;83361122;Halmstad;1380;Kommunal;Halmstads kommun;2120001215;Svenska som andraspråk 1;6;..;..;..;4;..;..;..;2;..;..;..;
Sturegymnasiet 1;20099064;Halmstad;1380;Kommunal;Halmstads kommun;2120001215;Engelska 6;80;3,8;85,0;11,3;56;3,6;83,9;12,5;24;4,2;87,5;8,3;
Sturegymnasiet 1;20099064;Halmstad;1380;Kommunal;Halmstads kommun;2120001215;Matematik 1B;56;25,0;71,4;3,6;36;27,8;66,7;5,6;20;20,0;80,0;.;
Sturegymnasiet 1;20099064;Halmstad;1380;Kommunal;Halmstads kommun;2120001215;Matematik 2B;19;.;73,7;26,3;15;..;..;..;4;..;..;..;
Sturegymnasiet 1;20099064;Halmstad;1380;Kommunal;Halmstads kommun;2120001215;Svenska 3;67;.;50,7;49,3;54;.;53,7;46,3;13;.;38,5;61,5;
Sturegymnasiet 1;20099064;Halmstad;1380;Kommunal;Halmstads kommun;2120001215;Svenska som andraspråk 3;2;..;..;..;1;..;..;..;1;..;..;..;
Sturegymnasiet 2;44341171;Halmstad;1380;Kommunal;Halmstads kommun;2120001215;Engelska 6;11;18,2;72,7;9,1;11;..;..;..;.;.;.;.;
Sturegymnasiet 2;44341171;Halmstad;1380;Kommunal;Halmstads kommun;2120001215;Matematik 1A;12;8,3;50,0;41,7;12;..;..;..;.;.;.;.;
Sturegymnasiet 2;44341171;Halmstad;1380;Kommunal;Halmstads kommun;2120001215;Svenska 1;4;..;..;..;3;..;..;..;1;..;..;..;
Sturegymnasiet 2;44341171;Halmstad;1380;Kommunal;Halmstads kommun;2120001215;Svenska som andraspråk 1;3;..;..;..;1;..;..;..;2;..;..;..;
Sturegymnasiet 4;32671805;Halmstad;1380;Kommunal;Halmstads kommun;2120001215;Engelska 5;24;4,2;91,7;4,2;10;.;90,0;10,0;14;7,1;92,9;.;
Sturegymnasiet 4;32671805;Halmstad;1380;Kommunal;Halmstads kommun;2120001215;Matematik 1A;19;10,5;63,2;26,3;5;..;..;..;14;..;..;..;
Sturegymnasiet 4;32671805;Halmstad;1380;Kommunal;Halmstads kommun;2120001215;Svenska 1;24;.;79,2;20,8;10;.;70,0;30,0;14;.;85,7;14,3;
Sturegymnasiet 4;32671805;Halmstad;1380;Kommunal;Halmstads kommun;2120001215;Svenska som andraspråk 1;1;..;..;..;.;.;.;.;1;..;..;..;
Sturegymnasiet 5;13993712;Halmstad;1380;Kommunal;Halmstads kommun;2120001215;Engelska 5;23;13,0;65,2;21,7;16;..;..;..;7;..;..;..;
Sturegymnasiet 5;13993712;Halmstad;1380;Kommunal;Halmstads kommun;2120001215;Matematik 1A;15;20,0;80,0;.;10;..;..;..;5;..;..;..;
Sturegymnasiet 5;13993712;Halmstad;1380;Kommunal;Halmstads kommun;2120001215;Svenska 1;13;.;53,8;46,2;9;..;..;..;4;..;..;..;
Sturegymnasiet 5;13993712;Halmstad;1380;Kommunal;Halmstads kommun;2120001215;Svenska som andraspråk 1;6;..;..;..;3;..;..;..;3;..;..;..;
Berga naturbruksgymnasium;38448056;Haninge;0136;Enskild;Dille Gård AB;5564173853;Engelska 5;52;3,8;71,2;25,0;40;2,5;70,0;27,5;12;8,3;75,0;16,7;
Berga naturbruksgymnasium;38448056;Haninge;0136;Enskild;Dille Gård AB;5564173853;Matematik 1A;34;.;67,6;32,4;24;.;70,8;29,2;10;.;60,0;40,0;
Berga naturbruksgymnasium;38448056;Haninge;0136;Enskild;Dille Gård AB;5564173853;Svenska 1;53;.;67,9;32,1;40;.;70,0;30,0;13;.;61,5;38,5;
Fredrika Bremergymnasiet Högskoleförberedande program;29185207;Haninge;0136;Kommunal;Haninge kommun;2120000084;Engelska 6;309;5,5;59,9;34,6;141;4,3;53,2;42,6;168;6,5;65,5;28,0;
Fredrika Bremergymnasiet Högskoleförberedande program;29185207;Haninge;0136;Kommunal;Haninge kommun;2120000084;Matematik 1B;27;.;85,2;14,8;20;..;..;..;7;..;..;..;
Fredrika Bremergymnasiet Högskoleförberedande program;29185207;Haninge;0136;Kommunal;Haninge kommun;2120000084;Matematik 2B;149;.;49,0;51,0;78;.;38,5;61,5;71;.;60,6;39,4;
Fredrika Bremergymnasiet Högskoleförberedande program;29185207;Haninge;0136;Kommunal;Haninge kommun;2120000084;Matematik 3B;15;.;66,7;33,3;4;..;..;..;11;..;..;..;
Fredrika Bremergymnasiet Högskoleförberedande program;29185207;Haninge;0136;Kommunal;Haninge kommun;2120000084;Matematik 3C;52;1,9;71,2;26,9;12;.;83,3;16,7;40;2,5;67,5;30,0;
Fredrika Bremergymnasiet Högskoleförberedande program;29185207;Haninge;0136;Kommunal;Haninge kommun;2120000084;Matematik 4;48;.;75,0;25,0;17;.;82,4;17,6;31;.;71,0;29,0;
Fredrika Bremergymnasiet Högskoleförberedande program;29185207;Haninge;0136;Kommunal;Haninge kommun;2120000084;Svenska 3;165;2,4;56,4;41,2;70;2,9;51,4;45,7;95;2,1;60,0;37,9;
Fredrika Bremergymnasiet Högskoleförberedande program;29185207;Haninge;0136;Kommunal;Haninge kommun;2120000084;Svenska som andraspråk 3;34;11,8;61,8;26,5;17;5,9;82,4;11,8;17;17,6;41,2;41,2;
Fredrika Bremergymnasiet Yrkesprogram;44224753;Haninge;0136;Kommunal;Haninge kommun;2120000084;Engelska 5;259;18,9;73,4;7,7;77;23,4;68,8;7,8;182;17,0;75,3;7,7;
Fredrika Bremergymnasiet Yrkesprogram;44224753;Haninge;0136;Kommunal;Haninge kommun;2120000084;Matematik 1A;284;2,1;60,6;37,3;82;.;68,3;31,7;202;3,0;57,4;39,6;
Fredrika Bremergymnasiet Yrkesprogram;44224753;Haninge;0136;Kommunal;Haninge kommun;2120000084;Svenska 1;229;5,7;56,8;37,6;67;9,0;56,7;34,3;162;4,3;56,8;38,9;
Fredrika Bremergymnasiet Yrkesprogram;44224753;Haninge;0136;Kommunal;Haninge kommun;2120000084;Svenska som andraspråk 1;29;.;51,7;48,3;9;..;..;..;20;..;..;..;
Tornedalsskolan;11294673;Haparanda;2583;Kommunal;Haparanda kommun;2120002775;Engelska 5;24;4,2;87,5;8,3;8;..;..;..;16;..;..;..;
Tornedalsskolan;11294673;Haparanda;2583;Kommunal;Haparanda kommun;2120002775;Engelska 6;16;37,5;62,5;.;5;..;..;..;11;..;..;..;
Tornedalsskolan;11294673;Haparanda;2583;Kommunal;Haparanda kommun;2120002775;Matematik 1A;36;.;72,2;27,8;15;.;73,3;26,7;21;.;71,4;28,6;
Tornedalsskolan;11294673;Haparanda;2583;Kommunal;Haparanda kommun;2120002775;Matematik 2B;9;..;..;..;7;..;..;..;2;..;..;..;
Tornedalsskolan;11294673;Haparanda;2583;Kommunal;Haparanda kommun;2120002775;Matematik 3B;4;..;..;..;2;..;..;..;2;..;..;..;
Tornedalsskolan;11294673;Haparanda;2583;Kommunal;Haparanda kommun;2120002775;Svenska 1;21;.;76,2;23,8;7;..;..;..;14;..;..;..;
Tornedalsskolan;11294673;Haparanda;2583;Kommunal;Haparanda kommun;2120002775;Svenska 3;24;.;54,2;45,8;17;..;..;..;7;..;..;..;
Tornedalsskolan;11294673;Haparanda;2583;Kommunal;Haparanda kommun;2120002775;Svenska som andraspråk 1;4;..;..;..;1;..;..;..;3;..;..;..;
Tornedalsskolan;11294673;Haparanda;2583;Kommunal;Haparanda kommun;2120002775;Svenska som andraspråk 3;3;..;..;..;1;..;..;..;2;..;..;..;
Martin Koch-gymnasiet;86327236;Hedemora;2083;Kommunal;Hedemora kommun;2120002254;Engelska 5;39;15,4;79,5;5,1;17;35,3;64,7;.;22;.;90,9;9,1;
Martin Koch-gymnasiet;86327236;Hedemora;2083;Kommunal;Hedemora kommun;2120002254;Engelska 6;13;.;100,0;.;7;..;..;..;6;..;..;..;
Martin Koch-gymnasiet;86327236;Hedemora;2083;Kommunal;Hedemora kommun;2120002254;Matematik 1A;20;.;20,0;80,0;3;..;..;..;17;..;..;..;
Martin Koch-gymnasiet;86327236;Hedemora;2083;Kommunal;Hedemora kommun;2120002254;Matematik 2B;11;.;18,2;81,8;9;..;..;..;2;..;..;..;
Martin Koch-gymnasiet;86327236;Hedemora;2083;Kommunal;Hedemora kommun;2120002254;Matematik 3B;15;.;53,3;46,7;10;..;..;..;5;..;..;..;
Martin Koch-gymnasiet;86327236;Hedemora;2083;Kommunal;Hedemora kommun;2120002254;Matematik 3C;6;..;..;..;1;..;..;..;5;..;..;..;
Martin Koch-gymnasiet;86327236;Hedemora;2083;Kommunal;Hedemora kommun;2120002254;Svenska 1;14;.;50,0;50,0;1;..;..;..;13;..;..;..;
Martin Koch-gymnasiet;86327236;Hedemora;2083;Kommunal;Hedemora kommun;2120002254;Svenska 3;8;..;..;..;3;..;..;..;5;..;..;..;
Martin Koch-gymnasiet;86327236;Hedemora;2083;Kommunal;Hedemora kommun;2120002254;Svenska som andraspråk 3;9;..;..;..;7;..;..;..;2;..;..;..;
Campeon Frigymnasium;41745951;Helsingborg;1283;Enskild;Campeon Frigymnasium AB;5566264056;Engelska 6;69;1,4;78,3;20,3;48;2,1;79,2;18,8;21;.;76,2;23,8;
Campeon Frigymnasium;41745951;Helsingborg;1283;Enskild;Campeon Frigymnasium AB;5566264056;Matematik 2B;69;.;78,3;21,7;48;.;72,9;27,1;21;.;90,5;9,5;
Campeon Frigymnasium;41745951;Helsingborg;1283;Enskild;Campeon Frigymnasium AB;5566264056;Svenska 3;71;7,0;76,1;16,9;52;7,7;71,2;21,2;19;5,3;89,5;5,3;
Cultura Gymnasium;83137205;Helsingborg;1283;Enskild;Cultura Utbildning AB;5567127237;Engelska 6;55;3,6;56,4;40,0;25;4,0;56,0;40,0;30;3,3;56,7;40,0;
Cultura Gymnasium;83137205;Helsingborg;1283;Enskild;Cultura Utbildning AB;5567127237;Matematik 2B;34;.;52,9;47,1;16;.;37,5;62,5;18;.;66,7;33,3;
Cultura Gymnasium;83137205;Helsingborg;1283;Enskild;Cultura Utbildning AB;5567127237;Matematik 4;13;.;53,8;46,2;9;..;..;..;4;..;..;..;
Cultura Gymnasium;83137205;Helsingborg;1283;Enskild;Cultura Utbildning AB;5567127237;Svenska 3;29;.;86,2;13,8;18;.;88,9;11,1;11;.;81,8;18,2;
Cultura Gymnasium;83137205;Helsingborg;1283;Enskild;Cultura Utbildning AB;5567127237;Svenska som andraspråk 3;28;.;85,7;14,3;21;..;..;..;7;..;..;..;
Drottning Blankas Gymnasieskola Helsingborg 1;66335258;Helsingborg;1283;Enskild;DBGY Kronan AB;5565668794;Engelska 5;69;11,6;84,1;4,3;62;..;..;..;7;..;..;..;
Drottning Blankas Gymnasieskola Helsingborg 1;66335258;Helsingborg;1283;Enskild;DBGY Kronan AB;5565668794;Engelska 6;55;7,3;87,3;5,5;39;7,7;87,2;5,1;16;6,3;87,5;6,3;
Drottning Blankas Gymnasieskola Helsingborg 1;66335258;Helsingborg;1283;Enskild;DBGY Kronan AB;5565668794;Matematik 1A;71;.;93,0;7,0;63;..;..;..;8;..;..;..;
Drottning Blankas Gymnasieskola Helsingborg 1;66335258;Helsingborg;1283;Enskild;DBGY Kronan AB;5565668794;Matematik 2B;34;.;94,1;5,9;30;..;..;..;4;..;..;..;
Drottning Blankas Gymnasieskola Helsingborg 1;66335258;Helsingborg;1283;Enskild;DBGY Kronan AB;5565668794;Matematik 3B;20;.;95,0;5,0;6;..;..;..;14;..;..;..;
Drottning Blankas Gymnasieskola Helsingborg 1;66335258;Helsingborg;1283;Enskild;DBGY Kronan AB;5565668794;Svenska 1;52;.;59,6;40,4;45;..;..;..;7;..;..;..;
Drottning Blankas Gymnasieskola Helsingborg 1;66335258;Helsingborg;1283;Enskild;DBGY Kronan AB;5565668794;Svenska 3;44;6,8;77,3;15,9;27;3,7;77,8;18,5;17;11,8;76,5;11,8;
Drottning Blankas Gymnasieskola Helsingborg 1;66335258;Helsingborg;1283;Enskild;DBGY Kronan AB;5565668794;Svenska som andraspråk 1;15;.;66,7;33,3;14;..;..;..;1;..;..;..;
Drottning Blankas Gymnasieskola Helsingborg 1;66335258;Helsingborg;1283;Enskild;DBGY Kronan AB;5565668794;Svenska som andraspråk 3;15;.;80,0;20,0;8;..;..;..;7;..;..;..;
Drottning Blankas Gymnasieskola Helsingborg 2;28398531;Helsingborg;1283;Enskild;DBGY Kronan AB;5565668794;Engelska 5;25;4,0;92,0;4,0;7;..;..;..;18;..;..;..;
Drottning Blankas Gymnasieskola Helsingborg 2;28398531;Helsingborg;1283;Enskild;DBGY Kronan AB;5565668794;Engelska 6;62;19,4;72,6;8,1;39;17,9;71,8;10,3;23;21,7;73,9;4,3;
Drottning Blankas Gymnasieskola Helsingborg 2;28398531;Helsingborg;1283;Enskild;DBGY Kronan AB;5565668794;Matematik 1A;51;.;90,2;9,8;29;.;96,6;3,4;22;.;81,8;18,2;
Drottning Blankas Gymnasieskola Helsingborg 2;28398531;Helsingborg;1283;Enskild;DBGY Kronan AB;5565668794;Matematik 2B;17;.;100,0;.;12;..;..;..;5;..;..;..;
Drottning Blankas Gymnasieskola Helsingborg 2;28398531;Helsingborg;1283;Enskild;DBGY Kronan AB;5565668794;Matematik 3B;14;.;78,6;21,4;8;..;..;..;6;..;..;..;
Drottning Blankas Gymnasieskola Helsingborg 2;28398531;Helsingborg;1283;Enskild;DBGY Kronan AB;5565668794;Svenska 1;39;.;74,4;25,6;26;.;76,9;23,1;13;.;69,2;30,8;
Drottning Blankas Gymnasieskola Helsingborg 2;28398531;Helsingborg;1283;Enskild;DBGY Kronan AB;5565668794;Svenska 3;30;.;63,3;36,7;21;..;..;..;9;..;..;..;
Drottning Blankas Gymnasieskola Helsingborg 2;28398531;Helsingborg;1283;Enskild;DBGY Kronan AB;5565668794;Svenska som andraspråk 1;7;..;..;..;2;..;..;..;5;..;..;..;
Drottning Blankas Gymnasieskola Helsingborg 2;28398531;Helsingborg;1283;Enskild;DBGY Kronan AB;5565668794;Svenska som andraspråk 3;9;..;..;..;7;..;..;..;2;..;..;..;
Filbornaskolan;54172830;Helsingborg;1283;Kommunal;Helsingborgs kommun;2120001157;Engelska 5;33;15,2;81,8;3,0;5;..;..;..;28;..;..;..;
Filbornaskolan;54172830;Helsingborg;1283;Kommunal;Helsingborgs kommun;2120001157;Engelska 6;105;6,7;85,7;7,6;37;5,4;86,5;8,1;68;7,4;85,3;7,4;
Filbornaskolan;54172830;Helsingborg;1283;Kommunal;Helsingborgs kommun;2120001157;Matematik 1A;36;.;86,1;13,9;8;..;..;..;28;..;..;..;
Filbornaskolan;54172830;Helsingborg;1283;Kommunal;Helsingborgs kommun;2120001157;Matematik 2B;27;.;55,6;44,4;19;..;..;..;8;..;..;..;
Filbornaskolan;54172830;Helsingborg;1283;Kommunal;Helsingborgs kommun;2120001157;Matematik 3B;42;.;83,3;16,7;10;.;70,0;30,0;32;.;87,5;12,5;
Filbornaskolan;54172830;Helsingborg;1283;Kommunal;Helsingborgs kommun;2120001157;Matematik 4;26;.;88,5;11,5;13;.;84,6;15,4;13;.;92,3;7,7;
Filbornaskolan;54172830;Helsingborg;1283;Kommunal;Helsingborgs kommun;2120001157;Svenska 1;28;10,7;64,3;25,0;8;..;..;..;20;..;..;..;
Filbornaskolan;54172830;Helsingborg;1283;Kommunal;Helsingborgs kommun;2120001157;Svenska 3;108;3,7;63,9;32,4;44;4,5;61,4;34,1;64;3,1;65,6;31,3;
Filbornaskolan;54172830;Helsingborg;1283;Kommunal;Helsingborgs kommun;2120001157;Svenska som andraspråk 1;2;..;..;..;.;.;.;.;2;..;..;..;
Filbornaskolan;54172830;Helsingborg;1283;Kommunal;Helsingborgs kommun;2120001157;Svenska som andraspråk 3;2;..;..;..;.;.;.;.;2;..;..;..;
G.O. Kompetens Transportgymnasium;86310217;Helsingborg;1283;Enskild;G.O. Kompetens Transportgymnasium AB;5566412549;Engelska 5;31;.;100,0;.;9;..;..;..;22;..;..;..;
G.O. Kompetens Transportgymnasium;86310217;Helsingborg;1283;Enskild;G.O. Kompetens Transportgymnasium AB;5566412549;Matematik 1A;34;.;94,1;5,9;10;.;90,0;10,0;24;.;95,8;4,2;
G.O. Kompetens Transportgymnasium;86310217;Helsingborg;1283;Enskild;G.O. Kompetens Transportgymnasium AB;5566412549;Svenska 1;34;.;94,1;5,9;10;.;100,0;.;24;.;91,7;8,3;
Helsingborgs Lärlingsgymnasium;77352223;Helsingborg;1283;Kommunal;Helsingborgs kommun;2120001157;Engelska 5;95;11,6;77,9;10,5;38;5,3;84,2;10,5;57;15,8;73,7;10,5;
Helsingborgs Lärlingsgymnasium;77352223;Helsingborg;1283;Kommunal;Helsingborgs kommun;2120001157;Engelska 6;7;..;..;..;7;..;..;..;.;.;.;.;
Helsingborgs Lärlingsgymnasium;77352223;Helsingborg;1283;Kommunal;Helsingborgs kommun;2120001157;Matematik 1A;106;0,9;73,6;25,5;48;.;70,8;29,2;58;1,7;75,9;22,4;
Helsingborgs Lärlingsgymnasium;77352223;Helsingborg;1283;Kommunal;Helsingborgs kommun;2120001157;Svenska 1;77;5,2;53,2;41,6;36;5,6;52,8;41,7;41;4,9;53,7;41,5;
Helsingborgs Lärlingsgymnasium;77352223;Helsingborg;1283;Kommunal;Helsingborgs kommun;2120001157;Svenska som andraspråk 1;19;5,3;42,1;52,6;7;..;..;..;12;..;..;..;
Helsingborgs Sportgymnasium;75458014;Helsingborg;1283;Enskild;Helsingborgs Sportgymnasium AB;5591204101;Engelska 5;10;.;90,0;10,0;3;..;..;..;7;..;..;..;
Helsingborgs Sportgymnasium;75458014;Helsingborg;1283;Enskild;Helsingborgs Sportgymnasium AB;5591204101;Matematik 1A;9;..;..;..;3;..;..;..;6;..;..;..;
Helsingborgs Sportgymnasium;75458014;Helsingborg;1283;Enskild;Helsingborgs Sportgymnasium AB;5591204101;Matematik 2B;11;.;100,0;.;5;..;..;..;6;..;..;..;
Helsingborgs Sportgymnasium;75458014;Helsingborg;1283;Enskild;Helsingborgs Sportgymnasium AB;5591204101;Svenska 1;10;.;100,0;.;3;..;..;..;7;..;..;..;
Helsingborgs Sportgymnasium;75458014;Helsingborg;1283;Enskild;Helsingborgs Sportgymnasium AB;5591204101;Svenska 3;18;11,1;66,7;22,2;3;..;..;..;15;..;..;..;
Helsingborgs Sportgymnasium;75458014;Helsingborg;1283;Enskild;Helsingborgs Sportgymnasium AB;5591204101;Svenska som andraspråk 3;2;..;..;..;.;.;.;.;2;..;..;..;
Impius gymnasium;65136104;Helsingborg;1283;Enskild;Impius Utvecklings AB;5565523858;Engelska 5;4;..;..;..;2;..;..;..;2;..;..;..;
Impius gymnasium;65136104;Helsingborg;1283;Enskild;Impius Utvecklings AB;5565523858;Engelska 6;4;..;..;..;2;..;..;..;2;..;..;..;
Impius gymnasium;65136104;Helsingborg;1283;Enskild;Impius Utvecklings AB;5565523858;Matematik 1A;1;..;..;..;.;.;.;.;1;..;..;..;
Impius gymnasium;65136104;Helsingborg;1283;Enskild;Impius Utvecklings AB;5565523858;Matematik 4;5;..;..;..;2;..;..;..;3;..;..;..;
Impius gymnasium;65136104;Helsingborg;1283;Enskild;Impius Utvecklings AB;5565523858;Svenska 1;5;..;..;..;1;..;..;..;4;..;..;..;
Impius gymnasium;65136104;Helsingborg;1283;Enskild;Impius Utvecklings AB;5565523858;Svenska 3;13;.;38,5;61,5;5;..;..;..;8;..;..;..;
Impius gymnasium;65136104;Helsingborg;1283;Enskild;Impius Utvecklings AB;5565523858;Svenska som andraspråk 1;1;..;..;..;.;.;.;.;1;..;..;..;
JENSEN Gymnasium Helsingborg;56330385;Helsingborg;1283;Enskild;Jensen Education College AB;5566358759;Engelska 6;67;.;89,6;10,4;53;.;86,8;13,2;14;.;100,0;.;
JENSEN Gymnasium Helsingborg;56330385;Helsingborg;1283;Enskild;Jensen Education College AB;5566358759;Matematik 2B;34;.;35,3;64,7;26;..;..;..;8;..;..;..;
JENSEN Gymnasium Helsingborg;56330385;Helsingborg;1283;Enskild;Jensen Education College AB;5566358759;Matematik 3B;4;..;..;..;1;..;..;..;3;..;..;..;
JENSEN Gymnasium Helsingborg;56330385;Helsingborg;1283;Enskild;Jensen Education College AB;5566358759;Matematik 4;16;.;62,5;37,5;12;..;..;..;4;..;..;..;
JENSEN Gymnasium Helsingborg;56330385;Helsingborg;1283;Enskild;Jensen Education College AB;5566358759;Svenska 3;58;1,7;60,3;37,9;39;.;53,8;46,2;19;5,3;73,7;21,1;
JENSEN Gymnasium Helsingborg;56330385;Helsingborg;1283;Enskild;Jensen Education College AB;5566358759;Svenska som andraspråk 3;19;.;52,6;47,4;13;..;..;..;6;..;..;..;
Johannes Hedberggymnasiet;20228162;Helsingborg;1283;Enskild;Folkuniversitetet Stiftelsen Kurs- Verksamheten vid Lunds Universitet;8450003481;Engelska 6;129;.;86,0;14,0;86;.;83,7;16,3;43;.;90,7;9,3;
Johannes Hedberggymnasiet;20228162;Helsingborg;1283;Enskild;Folkuniversitetet Stiftelsen Kurs- Verksamheten vid Lunds Universitet;8450003481;Matematik 2B;61;.;68,9;31,1;45;.;68,9;31,1;16;.;68,8;31,3;
Johannes Hedberggymnasiet;20228162;Helsingborg;1283;Enskild;Folkuniversitetet Stiftelsen Kurs- Verksamheten vid Lunds Universitet;8450003481;Svenska 3;115;1,7;67,8;30,4;69;2,9;68,1;29,0;46;.;67,4;32,6;
Johannes Hedberggymnasiet;20228162;Helsingborg;1283;Enskild;Folkuniversitetet Stiftelsen Kurs- Verksamheten vid Lunds Universitet;8450003481;Svenska som andraspråk 3;11;.;27,3;72,7;6;..;..;..;5;..;..;..;
LBS Kreativa Gymnasiet Helsingborg;68240485;Helsingborg;1283;Enskild;Ljud & Bildskolan LBS AB;5564851649;Engelska 6;78;14,1;51,3;34,6;25;12,0;60,0;28,0;53;15,1;47,2;37,7;
LBS Kreativa Gymnasiet Helsingborg;68240485;Helsingborg;1283;Enskild;Ljud & Bildskolan LBS AB;5564851649;Matematik 1B;49;.;87,8;12,2;23;.;91,3;8,7;26;.;84,6;15,4;
LBS Kreativa Gymnasiet Helsingborg;68240485;Helsingborg;1283;Enskild;Ljud & Bildskolan LBS AB;5564851649;Matematik 3C;26;.;65,4;34,6;1;..;..;..;25;..;..;..;
LBS Kreativa Gymnasiet Helsingborg;68240485;Helsingborg;1283;Enskild;Ljud & Bildskolan LBS AB;5564851649;Svenska 3;62;.;72,6;27,4;27;.;66,7;33,3;35;.;77,1;22,9;
LBS Kreativa Gymnasiet Helsingborg;68240485;Helsingborg;1283;Enskild;Ljud & Bildskolan LBS AB;5564851649;Svenska som andraspråk 3;11;.;72,7;27,3;2;..;..;..;9;..;..;..;
Mega Musik gymnasium;95046058;Helsingborg;1283;Enskild;Mega Musik Gymnasieskola AB;5565956553;Engelska 6;41;29,3;65,9;4,9;18;22,2;77,8;.;23;34,8;56,5;8,7;
Mega Musik gymnasium;95046058;Helsingborg;1283;Enskild;Mega Musik Gymnasieskola AB;5565956553;Matematik 1B;46;.;69,6;30,4;29;.;69,0;31,0;17;.;70,6;29,4;
Nicolaiskolan;44392995;Helsingborg;1283;Kommunal;Helsingborgs kommun;2120001157;Engelska 5;30;10,0;83,3;6,7;30;..;..;..;.;.;.;.;
Nicolaiskolan;44392995;Helsingborg;1283;Kommunal;Helsingborgs kommun;2120001157;Engelska 6;103;1,9;61,2;36,9;61;1,6;65,6;32,8;42;2,4;54,8;42,9;
Nicolaiskolan;44392995;Helsingborg;1283;Kommunal;Helsingborgs kommun;2120001157;Matematik 1A;34;.;79,4;20,6;34;..;..;..;.;.;.;.;
Nicolaiskolan;44392995;Helsingborg;1283;Kommunal;Helsingborgs kommun;2120001157;Matematik 1B;66;.;81,8;18,2;56;.;80,4;19,6;10;.;90,0;10,0;
Nicolaiskolan;44392995;Helsingborg;1283;Kommunal;Helsingborgs kommun;2120001157;Matematik 3B;37;.;67,6;32,4;14;.;71,4;28,6;23;.;65,2;34,8;
Nicolaiskolan;44392995;Helsingborg;1283;Kommunal;Helsingborgs kommun;2120001157;Svenska 1;21;9,5;66,7;23,8;21;..;..;..;.;.;.;.;
Nicolaiskolan;44392995;Helsingborg;1283;Kommunal;Helsingborgs kommun;2120001157;Svenska 3;98;.;57,1;42,9;65;.;55,4;44,6;33;.;60,6;39,4;
Nicolaiskolan;44392995;Helsingborg;1283;Kommunal;Helsingborgs kommun;2120001157;Svenska som andraspråk 1;3;..;..;..;3;..;..;..;.;.;.;.;
Nicolaiskolan;44392995;Helsingborg;1283;Kommunal;Helsingborgs kommun;2120001157;Svenska som andraspråk 3;24;4,2;83,3;12,5;13;7,7;76,9;15,4;11;.;90,9;9,1;
NTI Gymnasiet Helsingborg;79033948;Helsingborg;1283;Enskild;NTI Gymnasiet Ellips AB;5565970471;Engelska 5;49;.;87,8;12,2;2;..;..;..;47;..;..;..;
NTI Gymnasiet Helsingborg;79033948;Helsingborg;1283;Enskild;NTI Gymnasiet Ellips AB;5565970471;Engelska 6;65;4,6;64,6;30,8;14;14,3;50,0;35,7;51;2,0;68,6;29,4;
NTI Gymnasiet Helsingborg;79033948;Helsingborg;1283;Enskild;NTI Gymnasiet Ellips AB;5565970471;Matematik 1A;53;.;100,0;.;2;..;..;..;51;..;..;..;
NTI Gymnasiet Helsingborg;79033948;Helsingborg;1283;Enskild;NTI Gymnasiet Ellips AB;5565970471;Matematik 1B;11;.;100,0;.;9;..;..;..;2;..;..;..;
NTI Gymnasiet Helsingborg;79033948;Helsingborg;1283;Enskild;NTI Gymnasiet Ellips AB;5565970471;Matematik 3C;50;.;84,0;16,0;8;..;..;..;42;..;..;..;
NTI Gymnasiet Helsingborg;79033948;Helsingborg;1283;Enskild;NTI Gymnasiet Ellips AB;5565970471;Svenska 1;32;.;90,6;9,4;2;..;..;..;30;..;..;..;
NTI Gymnasiet Helsingborg;79033948;Helsingborg;1283;Enskild;NTI Gymnasiet Ellips AB;5565970471;Svenska 3;36;.;75,0;25,0;7;..;..;..;29;..;..;..;
NTI Gymnasiet Helsingborg;79033948;Helsingborg;1283;Enskild;NTI Gymnasiet Ellips AB;5565970471;Svenska som andraspråk 1;17;.;76,5;23,5;.;.;.;.;17;..;..;..;
NTI Gymnasiet Helsingborg;79033948;Helsingborg;1283;Enskild;NTI Gymnasiet Ellips AB;5565970471;Svenska som andraspråk 3;13;7,7;92,3;.;1;..;..;..;12;..;..;..;
NTI Vetenskapsgymnasiet Helsingborg;48610406;Helsingborg;1283;Enskild;NTI Gymnasiet Macro AB;5561203679;Engelska 6;28;.;75,0;25,0;15;.;66,7;33,3;13;.;84,6;15,4;
NTI Vetenskapsgymnasiet Helsingborg;48610406;Helsingborg;1283;Enskild;NTI Gymnasiet Macro AB;5561203679;Svenska 3;6;..;..;..;1;..;..;..;5;..;..;..;
NTI Vetenskapsgymnasiet Helsingborg;48610406;Helsingborg;1283;Enskild;NTI Gymnasiet Macro AB;5561203679;Svenska som andraspråk 3;19;21,1;47,4;31,6;9;..;..;..;10;..;..;..;
Olympiaskolan;53462953;Helsingborg;1283;Kommunal;Helsingborgs kommun;2120001157;Engelska 5;16;.;68,8;31,3;12;..;..;..;4;..;..;..;
Olympiaskolan;53462953;Helsingborg;1283;Kommunal;Helsingborgs kommun;2120001157;Engelska 6;49;8,2;55,1;36,7;26;3,8;50,0;46,2;23;13,0;60,9;26,1;
Olympiaskolan;53462953;Helsingborg;1283;Kommunal;Helsingborgs kommun;2120001157;Matematik 1A;14;.;71,4;28,6;10;..;..;..;4;..;..;..;
Olympiaskolan;53462953;Helsingborg;1283;Kommunal;Helsingborgs kommun;2120001157;Matematik 1B;9;..;..;..;9;..;..;..;.;.;.;.;
Olympiaskolan;53462953;Helsingborg;1283;Kommunal;Helsingborgs kommun;2120001157;Matematik 2B;40;.;82,5;17,5;21;.;81,0;19,0;19;.;84,2;15,8;
Olympiaskolan;53462953;Helsingborg;1283;Kommunal;Helsingborgs kommun;2120001157;Svenska 1;9;..;..;..;8;..;..;..;1;..;..;..;
Olympiaskolan;53462953;Helsingborg;1283;Kommunal;Helsingborgs kommun;2120001157;Svenska 3;44;4,5;40,9;54,5;24;4,2;33,3;62,5;20;5,0;50,0;45,0;
Olympiaskolan;53462953;Helsingborg;1283;Kommunal;Helsingborgs kommun;2120001157;Svenska som andraspråk 1;6;..;..;..;4;..;..;..;2;..;..;..;
Olympiaskolan;53462953;Helsingborg;1283;Kommunal;Helsingborgs kommun;2120001157;Svenska som andraspråk 3;8;..;..;..;6;..;..;..;2;..;..;..;
Praktiska Gymnasiet Helsingborg;69241230;Helsingborg;1283;Enskild;Praktiska Sverige AB;5562575786;Engelska 5;57;22,8;70,2;7,0;8;..;..;..;49;..;..;..;
Praktiska Gymnasiet Helsingborg;69241230;Helsingborg;1283;Enskild;Praktiska Sverige AB;5562575786;Matematik 1A;64;15,6;76,6;7,8;8;..;..;..;56;..;..;..;
Praktiska Gymnasiet Helsingborg;69241230;Helsingborg;1283;Enskild;Praktiska Sverige AB;5562575786;Svenska 1;48;12,5;50,0;37,5;8;..;..;..;40;..;..;..;
Praktiska Gymnasiet Helsingborg;69241230;Helsingborg;1283;Enskild;Praktiska Sverige AB;5562575786;Svenska som andraspråk 1;5;..;..;..;.;.;.;.;5;..;..;..;
ProCivitas Privata Gymnasium Helsingborg;60730660;Helsingborg;1283;Enskild;ProCivitas Privata Gymnasium AB;5566157102;Engelska 6;209;1,0;90,0;9,1;139;1,4;88,5;10,1;70;.;92,9;7,1;
ProCivitas Privata Gymnasium Helsingborg;60730660;Helsingborg;1283;Enskild;ProCivitas Privata Gymnasium AB;5566157102;Matematik 2B;67;.;79,1;20,9;52;.;78,8;21,2;15;.;80,0;20,0;
ProCivitas Privata Gymnasium Helsingborg;60730660;Helsingborg;1283;Enskild;ProCivitas Privata Gymnasium AB;5566157102;Matematik 3B;72;.;83,3;16,7;43;.;86,0;14,0;29;.;79,3;20,7;
ProCivitas Privata Gymnasium Helsingborg;60730660;Helsingborg;1283;Enskild;ProCivitas Privata Gymnasium AB;5566157102;Matematik 3C;12;.;83,3;16,7;10;..;..;..;2;..;..;..;
ProCivitas Privata Gymnasium Helsingborg;60730660;Helsingborg;1283;Enskild;ProCivitas Privata Gymnasium AB;5566157102;Matematik 4;74;.;81,1;18,9;43;.;76,7;23,3;31;.;87,1;12,9;
ProCivitas Privata Gymnasium Helsingborg;60730660;Helsingborg;1283;Enskild;ProCivitas Privata Gymnasium AB;5566157102;Svenska 3;225;0,9;75,1;24,0;146;1,4;77,4;21,2;79;.;70,9;29,1;
ProCivitas Privata Gymnasium Helsingborg;60730660;Helsingborg;1283;Enskild;ProCivitas Privata Gymnasium AB;5566157102;Svenska som andraspråk 3;11;.;54,5;45,5;7;..;..;..;4;..;..;..;
Realgymnasiet Helsingborg;85544331;Helsingborg;1283;Enskild;Lärande i Sverige AB;5565715892;Engelska 5;20;.;100,0;.;12;..;..;..;8;..;..;..;
Realgymnasiet Helsingborg;85544331;Helsingborg;1283;Enskild;Lärande i Sverige AB;5565715892;Matematik 1A;21;.;71,4;28,6;13;..;..;..;8;..;..;..;
Realgymnasiet Helsingborg;85544331;Helsingborg;1283;Enskild;Lärande i Sverige AB;5565715892;Svenska 1;20;20,0;60,0;20,0;12;..;..;..;8;..;..;..;
Rid- & Djursjukvårdsgymnasiet, Helsingborg;83085136;Helsingborg;1283;Enskild;Humeq Education AB;5565974671;Engelska 5;52;3,8;90,4;5,8;50;..;..;..;2;..;..;..;
Rid- & Djursjukvårdsgymnasiet, Helsingborg;83085136;Helsingborg;1283;Enskild;Humeq Education AB;5565974671;Matematik 1A;54;.;98,1;1,9;52;..;..;..;2;..;..;..;
Rid- & Djursjukvårdsgymnasiet, Helsingborg;83085136;Helsingborg;1283;Enskild;Humeq Education AB;5565974671;Svenska 1;54;3,7;79,6;16,7;52;..;..;..;2;..;..;..;
Rönnowska skolan;80327946;Helsingborg;1283;Kommunal;Helsingborgs kommun;2120001157;Engelska 5;134;4,5;76,1;19,4;26;.;84,6;15,4;108;5,6;74,1;20,4;
Rönnowska skolan;80327946;Helsingborg;1283;Kommunal;Helsingborgs kommun;2120001157;Engelska 6;5;..;..;..;5;..;..;..;.;.;.;.;
Rönnowska skolan;80327946;Helsingborg;1283;Kommunal;Helsingborgs kommun;2120001157;Matematik 1A;154;.;94,8;5,2;44;.;95,5;4,5;110;.;94,5;5,5;
Rönnowska skolan;80327946;Helsingborg;1283;Kommunal;Helsingborgs kommun;2120001157;Svenska 1;94;2,1;56,4;41,5;25;4,0;52,0;44,0;69;1,4;58,0;40,6;
Rönnowska skolan;80327946;Helsingborg;1283;Kommunal;Helsingborgs kommun;2120001157;Svenska som andraspråk 1;20;5,0;85,0;10,0;4;..;..;..;16;..;..;..;
Tekniska Gymnasiet Helsingborg;30359269;Helsingborg;1283;Enskild;Tekniska Gymnasiet i Sverige AB;5568902653;Engelska 6;43;9,3;37,2;53,5;17;.;23,5;76,5;26;15,4;46,2;38,5;
Tekniska Gymnasiet Helsingborg;30359269;Helsingborg;1283;Enskild;Tekniska Gymnasiet i Sverige AB;5568902653;Matematik 2B;18;.;66,7;33,3;4;..;..;..;14;..;..;..;
Tekniska Gymnasiet Helsingborg;30359269;Helsingborg;1283;Enskild;Tekniska Gymnasiet i Sverige AB;5568902653;Matematik 3C;10;.;60,0;40,0;1;..;..;..;9;..;..;..;
Tekniska Gymnasiet Helsingborg;30359269;Helsingborg;1283;Enskild;Tekniska Gymnasiet i Sverige AB;5568902653;Matematik 4;4;..;..;..;2;..;..;..;2;..;..;..;
Tekniska Gymnasiet Helsingborg;30359269;Helsingborg;1283;Enskild;Tekniska Gymnasiet i Sverige AB;5568902653;Svenska 3;35;8,6;45,7;45,7;8;..;..;..;27;..;..;..;
Tekniska Gymnasiet Helsingborg;30359269;Helsingborg;1283;Enskild;Tekniska Gymnasiet i Sverige AB;5568902653;Svenska som andraspråk 3;10;10,0;40,0;50,0;5;..;..;..;5;..;..;..;
Thoren Business School Helsingborg;82592568;Helsingborg;1283;Enskild;Thorengruppen AB;5566139290;Engelska 6;157;0,6;81,5;17,8;90;1,1;81,1;17,8;67;.;82,1;17,9;
Thoren Business School Helsingborg;82592568;Helsingborg;1283;Enskild;Thorengruppen AB;5566139290;Matematik 2B;66;.;72,7;27,3;41;.;78,0;22,0;25;.;64,0;36,0;
Thoren Business School Helsingborg;82592568;Helsingborg;1283;Enskild;Thorengruppen AB;5566139290;Matematik 3B;25;.;68,0;32,0;6;..;..;..;19;..;..;..;
Thoren Business School Helsingborg;82592568;Helsingborg;1283;Enskild;Thorengruppen AB;5566139290;Svenska 3;142;2,8;79,6;17,6;72;4,2;77,8;18,1;70;1,4;81,4;17,1;
Thoren Business School Helsingborg;82592568;Helsingborg;1283;Enskild;Thorengruppen AB;5566139290;Svenska som andraspråk 3;7;..;..;..;4;..;..;..;3;..;..;..;
Tycho Braheskolan;78875918;Helsingborg;1283;Kommunal;Helsingborgs kommun;2120001157;Engelska 6;176;10,8;81,8;7,4;70;8,6;81,4;10,0;106;12,3;82,1;5,7;
Tycho Braheskolan;78875918;Helsingborg;1283;Kommunal;Helsingborgs kommun;2120001157;Matematik 3C;110;.;90,0;10,0;37;.;89,2;10,8;73;.;90,4;9,6;
Tycho Braheskolan;78875918;Helsingborg;1283;Kommunal;Helsingborgs kommun;2120001157;Matematik 4;26;.;61,5;38,5;15;.;53,3;46,7;11;.;72,7;27,3;
Tycho Braheskolan;78875918;Helsingborg;1283;Kommunal;Helsingborgs kommun;2120001157;Svenska 3;137;5,1;60,6;34,3;46;6,5;67,4;26,1;91;4,4;57,1;38,5;
Tycho Braheskolan;78875918;Helsingborg;1283;Kommunal;Helsingborgs kommun;2120001157;Svenska som andraspråk 3;34;.;70,6;29,4;19;.;68,4;31,6;15;.;73,3;26,7;
Victum Gymnasium;78023197;Helsingborg;1283;Enskild;Victum Gymnasium Aktiebolag;5564889482;Engelska 5;54;9,3;87,0;3,7;47;..;..;..;7;..;..;..;
Victum Gymnasium;78023197;Helsingborg;1283;Enskild;Victum Gymnasium Aktiebolag;5564889482;Matematik 1A;56;.;92,9;7,1;49;..;..;..;7;..;..;..;
Victum Gymnasium;78023197;Helsingborg;1283;Enskild;Victum Gymnasium Aktiebolag;5564889482;Svenska 1;37;5,4;70,3;24,3;33;..;..;..;4;..;..;..;
Victum Gymnasium;78023197;Helsingborg;1283;Enskild;Victum Gymnasium Aktiebolag;5564889482;Svenska som andraspråk 1;16;6,3;81,3;12,5;14;..;..;..;2;..;..;..;
Kunskapskällan;86385479;Herrljunga;1466;Kommunal;Herrljunga kommun;2120001520;Engelska 5;18;33,3;61,1;5,6;1;..;..;..;17;..;..;..;
Kunskapskällan;86385479;Herrljunga;1466;Kommunal;Herrljunga kommun;2120001520;Engelska 6;22;4,5;81,8;13,6;14;..;..;..;8;..;..;..;
Kunskapskällan;86385479;Herrljunga;1466;Kommunal;Herrljunga kommun;2120001520;Matematik 1A;19;.;94,7;5,3;1;..;..;..;18;..;..;..;
Kunskapskällan;86385479;Herrljunga;1466;Kommunal;Herrljunga kommun;2120001520;Matematik 1B;2;..;..;..;2;..;..;..;.;.;.;.;
Kunskapskällan;86385479;Herrljunga;1466;Kommunal;Herrljunga kommun;2120001520;Matematik 2B;4;..;..;..;3;..;..;..;1;..;..;..;
Kunskapskällan;86385479;Herrljunga;1466;Kommunal;Herrljunga kommun;2120001520;Matematik 4;1;..;..;..;1;..;..;..;.;.;.;.;
Kunskapskällan;86385479;Herrljunga;1466;Kommunal;Herrljunga kommun;2120001520;Svenska 1;19;.;15,8;84,2;1;..;..;..;18;..;..;..;
Kunskapskällan;86385479;Herrljunga;1466;Kommunal;Herrljunga kommun;2120001520;Svenska 3;28;10,7;46,4;42,9;11;18,2;54,5;27,3;17;5,9;41,2;52,9;
Huddingegymnasiet;49862313;Huddinge;0126;Kommunal;Huddinge kommun;2120000068;Engelska 6;170;1,8;81,8;16,5;75;1,3;80,0;18,7;95;2,1;83,2;14,7;
Huddingegymnasiet;49862313;Huddinge;0126;Kommunal;Huddinge kommun;2120000068;Matematik 2B;80;.;67,5;32,5;48;.;75,0;25,0;32;.;56,3;43,8;
Huddingegymnasiet;49862313;Huddinge;0126;Kommunal;Huddinge kommun;2120000068;Matematik 3B;24;.;75,0;25,0;9;..;..;..;15;..;..;..;
Huddingegymnasiet;49862313;Huddinge;0126;Kommunal;Huddinge kommun;2120000068;Matematik 3C;16;.;81,3;18,8;.;.;.;.;16;..;..;..;
Huddingegymnasiet;49862313;Huddinge;0126;Kommunal;Huddinge kommun;2120000068;Svenska 3;90;3,3;70,0;26,7;45;4,4;68,9;26,7;45;2,2;71,1;26,7;
Huddingegymnasiet;49862313;Huddinge;0126;Kommunal;Huddinge kommun;2120000068;Svenska som andraspråk 3;54;3,7;55,6;40,7;26;.;61,5;38,5;28;7,1;50,0;42,9;
NTI Gymnasiet Södertörn;99838438;Huddinge;0126;Enskild;NTI Gymnasiet Ellips AB;5565970471;Engelska 5;17;11,8;52,9;35,3;2;..;..;..;15;..;..;..;
NTI Gymnasiet Södertörn;99838438;Huddinge;0126;Enskild;NTI Gymnasiet Ellips AB;5565970471;Engelska 6;31;6,5;51,6;41,9;3;..;..;..;28;..;..;..;
NTI Gymnasiet Södertörn;99838438;Huddinge;0126;Enskild;NTI Gymnasiet Ellips AB;5565970471;Matematik 1A;23;.;82,6;17,4;2;..;..;..;21;..;..;..;
NTI Gymnasiet Södertörn;99838438;Huddinge;0126;Enskild;NTI Gymnasiet Ellips AB;5565970471;Matematik 3C;26;.;92,3;7,7;2;..;..;..;24;..;..;..;
NTI Gymnasiet Södertörn;99838438;Huddinge;0126;Enskild;NTI Gymnasiet Ellips AB;5565970471;Svenska 1;11;.;54,5;45,5;.;.;.;.;11;..;..;..;
NTI Gymnasiet Södertörn;99838438;Huddinge;0126;Enskild;NTI Gymnasiet Ellips AB;5565970471;Svenska 3;27;.;74,1;25,9;4;..;..;..;23;..;..;..;
NTI Gymnasiet Södertörn;99838438;Huddinge;0126;Enskild;NTI Gymnasiet Ellips AB;5565970471;Svenska som andraspråk 1;10;.;60,0;40,0;2;..;..;..;8;..;..;..;
NTI Gymnasiet Södertörn;99838438;Huddinge;0126;Enskild;NTI Gymnasiet Ellips AB;5565970471;Svenska som andraspråk 3;12;8,3;41,7;50,0;.;.;.;.;12;..;..;..;
Sjödalsgymnasiet;42859669;Huddinge;0126;Kommunal;Huddinge kommun;2120000068;Engelska 5;25;.;100,0;.;1;..;..;..;24;..;..;..;
Sjödalsgymnasiet;42859669;Huddinge;0126;Kommunal;Huddinge kommun;2120000068;Engelska 6;39;10,3;87,2;2,6;20;5,0;95,0;.;19;15,8;78,9;5,3;
Sjödalsgymnasiet;42859669;Huddinge;0126;Kommunal;Huddinge kommun;2120000068;Matematik 1A;45;.;91,1;8,9;7;..;..;..;38;..;..;..;
Sjödalsgymnasiet;42859669;Huddinge;0126;Kommunal;Huddinge kommun;2120000068;Matematik 2B;1;..;..;..;.;.;.;.;1;..;..;..;
Sjödalsgymnasiet;42859669;Huddinge;0126;Kommunal;Huddinge kommun;2120000068;Matematik 3B;8;..;..;..;6;..;..;..;2;..;..;..;
Sjödalsgymnasiet;42859669;Huddinge;0126;Kommunal;Huddinge kommun;2120000068;Svenska 1;39;.;89,7;10,3;6;..;..;..;33;..;..;..;
Sjödalsgymnasiet;42859669;Huddinge;0126;Kommunal;Huddinge kommun;2120000068;Svenska 3;81;6,2;50,6;43,2;43;4,7;41,9;53,5;38;7,9;60,5;31,6;
Sjödalsgymnasiet;42859669;Huddinge;0126;Kommunal;Huddinge kommun;2120000068;Svenska som andraspråk 1;3;..;..;..;1;..;..;..;2;..;..;..;
Sjödalsgymnasiet;42859669;Huddinge;0126;Kommunal;Huddinge kommun;2120000068;Svenska som andraspråk 3;17;5,9;94,1;.;11;..;..;..;6;..;..;..;
Sågbäcksgymnasiet;70923626;Huddinge;0126;Kommunal;Huddinge kommun;2120000068;Engelska 5;43;2,3;65,1;32,6;5;..;..;..;38;..;..;..;
Sågbäcksgymnasiet;70923626;Huddinge;0126;Kommunal;Huddinge kommun;2120000068;Matematik 1A;45;.;64,4;35,6;6;..;..;..;39;..;..;..;
Sågbäcksgymnasiet;70923626;Huddinge;0126;Kommunal;Huddinge kommun;2120000068;Svenska 1;28;.;82,1;17,9;4;..;..;..;24;..;..;..;
Sågbäcksgymnasiet;70923626;Huddinge;0126;Kommunal;Huddinge kommun;2120000068;Svenska som andraspråk 1;6;..;..;..;1;..;..;..;5;..;..;..;
Widerströmska gymnasiet;55871389;Huddinge;0126;Kommunal;Huddinge kommun;2120000068;Engelska 5;32;.;62,5;37,5;31;..;..;..;1;..;..;..;
Widerströmska gymnasiet;55871389;Huddinge;0126;Kommunal;Huddinge kommun;2120000068;Engelska 6;84;2,4;52,4;45,2;43;2,3;44,2;53,5;41;2,4;61,0;36,6;
Widerströmska gymnasiet;55871389;Huddinge;0126;Kommunal;Huddinge kommun;2120000068;Matematik 1A;33;.;75,8;24,2;32;..;..;..;1;..;..;..;
Widerströmska gymnasiet;55871389;Huddinge;0126;Kommunal;Huddinge kommun;2120000068;Matematik 3B;29;.;82,8;17,2;8;..;..;..;21;..;..;..;
Widerströmska gymnasiet;55871389;Huddinge;0126;Kommunal;Huddinge kommun;2120000068;Matematik 4;40;.;92,5;7,5;18;.;88,9;11,1;22;.;95,5;4,5;
Widerströmska gymnasiet;55871389;Huddinge;0126;Kommunal;Huddinge kommun;2120000068;Svenska 1;18;5,6;27,8;66,7;18;..;..;..;.;.;.;.;
Widerströmska gymnasiet;55871389;Huddinge;0126;Kommunal;Huddinge kommun;2120000068;Svenska 3;92;2,2;53,3;44,6;30;3,3;56,7;40,0;62;1,6;51,6;46,8;
Widerströmska gymnasiet;55871389;Huddinge;0126;Kommunal;Huddinge kommun;2120000068;Svenska som andraspråk 1;17;.;94,1;5,9;16;..;..;..;1;..;..;..;
Widerströmska gymnasiet;55871389;Huddinge;0126;Kommunal;Huddinge kommun;2120000068;Svenska som andraspråk 3;19;5,3;78,9;15,8;8;..;..;..;11;..;..;..;
Yrkesgymnasiet Huddinge;92905347;Huddinge;0126;Enskild;Thorengruppen AB;5566139290;Engelska 5;37;10,8;86,5;2,7;12;.;100,0;.;25;16,0;80,0;4,0;
Yrkesgymnasiet Huddinge;92905347;Huddinge;0126;Enskild;Thorengruppen AB;5566139290;Matematik 1A;43;9,3;86,0;4,7;16;6,3;87,5;6,3;27;11,1;85,2;3,7;
Yrkesgymnasiet Huddinge;92905347;Huddinge;0126;Enskild;Thorengruppen AB;5566139290;Svenska 1;25;.;96,0;4,0;4;..;..;..;21;..;..;..;
Yrkesgymnasiet Huddinge;92905347;Huddinge;0126;Enskild;Thorengruppen AB;5566139290;Svenska som andraspråk 1;7;..;..;..;3;..;..;..;4;..;..;..;
Bromangymnasiet 1;34247736;Hudiksvall;2184;Kommunal;Hudiksvalls kommun;2120002379;Engelska 5;16;.;81,3;18,8;13;..;..;..;3;..;..;..;
Bromangymnasiet 1;34247736;Hudiksvall;2184;Kommunal;Hudiksvalls kommun;2120002379;Engelska 6;47;.;85,1;14,9;27;.;81,5;18,5;20;.;90,0;10,0;
Bromangymnasiet 1;34247736;Hudiksvall;2184;Kommunal;Hudiksvalls kommun;2120002379;Matematik 1A;1;..;..;..;1;..;..;..;.;.;.;.;
Bromangymnasiet 1;34247736;Hudiksvall;2184;Kommunal;Hudiksvalls kommun;2120002379;Matematik 3C;16;.;62,5;37,5;8;..;..;..;8;..;..;..;
Bromangymnasiet 1;34247736;Hudiksvall;2184;Kommunal;Hudiksvalls kommun;2120002379;Matematik 4;14;.;71,4;28,6;7;..;..;..;7;..;..;..;
Bromangymnasiet 1;34247736;Hudiksvall;2184;Kommunal;Hudiksvalls kommun;2120002379;Svenska 1;11;.;63,6;36,4;10;..;..;..;1;..;..;..;
Bromangymnasiet 1;34247736;Hudiksvall;2184;Kommunal;Hudiksvalls kommun;2120002379;Svenska 3;17;5,9;47,1;47,1;11;..;..;..;6;..;..;..;
Bromangymnasiet 1;34247736;Hudiksvall;2184;Kommunal;Hudiksvalls kommun;2120002379;Svenska som andraspråk 1;5;..;..;..;3;..;..;..;2;..;..;..;
Bromangymnasiet 1;34247736;Hudiksvall;2184;Kommunal;Hudiksvalls kommun;2120002379;Svenska som andraspråk 3;1;..;..;..;.;.;.;.;1;..;..;..;
Hultsfreds gymnasium 1;47046103;Hultsfred;0860;Kommunal;Hultsfreds kommun;2120000712;Engelska 5;11;.;63,6;36,4;11;..;..;..;.;.;.;.;
Hultsfreds gymnasium 1;47046103;Hultsfred;0860;Kommunal;Hultsfreds kommun;2120000712;Engelska 6;9;..;..;..;5;..;..;..;4;..;..;..;
Hultsfreds gymnasium 1;47046103;Hultsfred;0860;Kommunal;Hultsfreds kommun;2120000712;Matematik 1A;5;..;..;..;5;..;..;..;.;.;.;.;
Hultsfreds gymnasium 1;47046103;Hultsfred;0860;Kommunal;Hultsfreds kommun;2120000712;Svenska 1;8;..;..;..;7;..;..;..;1;..;..;..;
Hultsfreds gymnasium 1;47046103;Hultsfred;0860;Kommunal;Hultsfreds kommun;2120000712;Svenska som andraspråk 1;2;..;..;..;2;..;..;..;.;.;.;.;
Hultsfreds gymnasium 1;47046103;Hultsfred;0860;Kommunal;Hultsfreds kommun;2120000712;Svenska som andraspråk 3;11;.;9,1;90,9;9;..;..;..;2;..;..;..;
Hultsfreds gymnasium 2;56664512;Hultsfred;0860;Kommunal;Hultsfreds kommun;2120000712;Engelska 5;27;29,6;59,3;11,1;4;..;..;..;23;..;..;..;
Hultsfreds gymnasium 2;56664512;Hultsfred;0860;Kommunal;Hultsfreds kommun;2120000712;Engelska 6;28;.;57,1;42,9;16;.;43,8;56,3;12;.;75,0;25,0;
Hultsfreds gymnasium 2;56664512;Hultsfred;0860;Kommunal;Hultsfreds kommun;2120000712;Matematik 1A;29;3,4;65,5;31,0;4;..;..;..;25;..;..;..;
Hultsfreds gymnasium 2;56664512;Hultsfred;0860;Kommunal;Hultsfreds kommun;2120000712;Matematik 2B;11;.;27,3;72,7;9;..;..;..;2;..;..;..;
Hultsfreds gymnasium 2;56664512;Hultsfred;0860;Kommunal;Hultsfreds kommun;2120000712;Matematik 3B;4;..;..;..;.;.;.;.;4;..;..;..;
Hultsfreds gymnasium 2;56664512;Hultsfred;0860;Kommunal;Hultsfreds kommun;2120000712;Svenska 1;26;.;53,8;46,2;4;..;..;..;22;..;..;..;
Hultsfreds gymnasium 2;56664512;Hultsfred;0860;Kommunal;Hultsfreds kommun;2120000712;Svenska 3;18;.;16,7;83,3;13;..;..;..;5;..;..;..;
Hultsfreds gymnasium 2;56664512;Hultsfred;0860;Kommunal;Hultsfreds kommun;2120000712;Svenska som andraspråk 1;2;..;..;..;.;.;.;.;2;..;..;..;
Hultsfreds gymnasium 2;56664512;Hultsfred;0860;Kommunal;Hultsfreds kommun;2120000712;Svenska som andraspråk 3;5;..;..;..;3;..;..;..;2;..;..;..;
Hultsfreds gymnasium 3;38167912;Hultsfred;0860;Kommunal;Hultsfreds kommun;2120000712;Engelska 5;9;..;..;..;.;.;.;.;9;..;..;..;
Hultsfreds gymnasium 3;38167912;Hultsfred;0860;Kommunal;Hultsfreds kommun;2120000712;Engelska 6;8;..;..;..;4;..;..;..;4;..;..;..;
Hultsfreds gymnasium 3;38167912;Hultsfred;0860;Kommunal;Hultsfreds kommun;2120000712;Matematik 1A;9;..;..;..;.;.;.;.;9;..;..;..;
Hultsfreds gymnasium 3;38167912;Hultsfred;0860;Kommunal;Hultsfreds kommun;2120000712;Matematik 4;7;..;..;..;2;..;..;..;5;..;..;..;
Hultsfreds gymnasium 3;38167912;Hultsfred;0860;Kommunal;Hultsfreds kommun;2120000712;Svenska 1;9;..;..;..;.;.;.;.;9;..;..;..;
Hultsfreds gymnasium 3;38167912;Hultsfred;0860;Kommunal;Hultsfreds kommun;2120000712;Svenska 3;5;..;..;..;2;..;..;..;3;..;..;..;
Hultsfreds gymnasium 3;38167912;Hultsfred;0860;Kommunal;Hultsfreds kommun;2120000712;Svenska som andraspråk 3;7;..;..;..;3;..;..;..;4;..;..;..;
OneSchool Global Nyby Campus Gymnasium;43826783;Hylte;1315;Enskild;OneSchool Global Nyby Campus AB;5566657515;Engelska 6;12;8,3;58,3;33,3;5;..;..;..;7;..;..;..;
OneSchool Global Nyby Campus Gymnasium;43826783;Hylte;1315;Enskild;OneSchool Global Nyby Campus AB;5566657515;Matematik 3B;9;..;..;..;5;..;..;..;4;..;..;..;
OneSchool Global Nyby Campus Gymnasium;43826783;Hylte;1315;Enskild;OneSchool Global Nyby Campus AB;5566657515;Svenska 3;9;..;..;..;5;..;..;..;4;..;..;..;
Fridegårdsgymnasiet;58125096;Håbo;0305;Kommunal;Håbo kommun;2120000241;Matematik 1A;18;.;88,9;11,1;18;..;..;..;.;.;.;.;
Fridegårdsgymnasiet;58125096;Håbo;0305;Kommunal;Håbo kommun;2120000241;Matematik 2B;26;.;69,2;30,8;13;.;61,5;38,5;13;.;76,9;23,1;
Fridegårdsgymnasiet;58125096;Håbo;0305;Kommunal;Håbo kommun;2120000241;Matematik 3B;30;.;70,0;30,0;10;.;80,0;20,0;20;.;65,0;35,0;
Fridegårdsgymnasiet;58125096;Håbo;0305;Kommunal;Håbo kommun;2120000241;Matematik 4;4;..;..;..;1;..;..;..;3;..;..;..;
Fridegårdsgymnasiet;58125096;Håbo;0305;Kommunal;Håbo kommun;2120000241;Svenska 1;16;.;87,5;12,5;16;..;..;..;.;.;.;.;
Fridegårdsgymnasiet;58125096;Håbo;0305;Kommunal;Håbo kommun;2120000241;Svenska 3;101;1,0;62,4;36,6;46;2,2;60,9;37,0;55;.;63,6;36,4;
Fridegårdsgymnasiet;58125096;Håbo;0305;Kommunal;Håbo kommun;2120000241;Svenska som andraspråk 3;8;..;..;..;3;..;..;..;5;..;..;..;
Fridegårdsgymnasiet- AST-programmen;82914148;Håbo;0305;Kommunal;Håbo kommun;2120000241;Matematik 3C;4;..;..;..;2;..;..;..;2;..;..;..;
Pihlskolan gymnasium;20620556;Hällefors;1863;Kommunal;Hällefors kommun;2120001942;Engelska 5;10;10,0;60,0;30,0;5;..;..;..;5;..;..;..;
Pihlskolan gymnasium;20620556;Hällefors;1863;Kommunal;Hällefors kommun;2120001942;Matematik 1A;9;..;..;..;4;..;..;..;5;..;..;..;
Pihlskolan gymnasium;20620556;Hällefors;1863;Kommunal;Hällefors kommun;2120001942;Matematik 2B;6;..;..;..;3;..;..;..;3;..;..;..;
Pihlskolan gymnasium;20620556;Hällefors;1863;Kommunal;Hällefors kommun;2120001942;Matematik 4;2;..;..;..;.;.;.;.;2;..;..;..;
Pihlskolan gymnasium;20620556;Hällefors;1863;Kommunal;Hällefors kommun;2120001942;Svenska 1;10;10,0;40,0;50,0;4;..;..;..;6;..;..;..;
Pihlskolan gymnasium;20620556;Hällefors;1863;Kommunal;Hällefors kommun;2120001942;Svenska 3;6;..;..;..;2;..;..;..;4;..;..;..;
Pihlskolan gymnasium;20620556;Hällefors;1863;Kommunal;Hällefors kommun;2120001942;Svenska som andraspråk 3;6;..;..;..;3;..;..;..;3;..;..;..;
Härjedalens gymnasium;17173461;Härjedalen;2361;Kommunal;Härjedalens kommun;2120002510;Engelska 5;22;.;81,8;18,2;5;..;..;..;17;..;..;..;
Härjedalens gymnasium;17173461;Härjedalen;2361;Kommunal;Härjedalens kommun;2120002510;Engelska 6;11;.;90,9;9,1;5;..;..;..;6;..;..;..;
Härjedalens gymnasium;17173461;Härjedalen;2361;Kommunal;Härjedalens kommun;2120002510;Matematik 2B;8;..;..;..;7;..;..;..;1;..;..;..;
Härjedalens gymnasium;17173461;Härjedalen;2361;Kommunal;Härjedalens kommun;2120002510;Matematik 3B;4;..;..;..;2;..;..;..;2;..;..;..;
Härjedalens gymnasium;17173461;Härjedalen;2361;Kommunal;Härjedalens kommun;2120002510;Svenska 1;18;.;66,7;33,3;4;..;..;..;14;..;..;..;
Härjedalens gymnasium;17173461;Härjedalen;2361;Kommunal;Härjedalens kommun;2120002510;Svenska som andraspråk 1;4;..;..;..;1;..;..;..;3;..;..;..;
Härnösands gymnasium 2;19560192;Härnösand;2280;Kommunal;Härnösands kommun;2120002403;Engelska 5;67;11,9;79,1;9,0;20;10,0;75,0;15,0;47;12,8;80,9;6,4;
Härnösands gymnasium 2;19560192;Härnösand;2280;Kommunal;Härnösands kommun;2120002403;Engelska 6;15;13,3;73,3;13,3;3;..;..;..;12;..;..;..;
Härnösands gymnasium 2;19560192;Härnösand;2280;Kommunal;Härnösands kommun;2120002403;Matematik 1A;73;5,5;93,2;1,4;27;7,4;92,6;.;46;4,3;93,5;2,2;
Härnösands gymnasium 2;19560192;Härnösand;2280;Kommunal;Härnösands kommun;2120002403;Svenska 1;62;4,8;71,0;24,2;17;5,9;58,8;35,3;45;4,4;75,6;20,0;
Härnösands gymnasium 2;19560192;Härnösand;2280;Kommunal;Härnösands kommun;2120002403;Svenska som andraspråk 1;7;..;..;..;4;..;..;..;3;..;..;..;
Härnösands gymnasium 3;30468157;Härnösand;2280;Kommunal;Härnösands kommun;2120002403;Engelska 6;142;7,0;85,9;7,0;72;8,3;81,9;9,7;70;5,7;90,0;4,3;
Härnösands gymnasium 3;30468157;Härnösand;2280;Kommunal;Härnösands kommun;2120002403;Matematik 1B;24;.;66,7;33,3;19;..;..;..;5;..;..;..;
Härnösands gymnasium 3;30468157;Härnösand;2280;Kommunal;Härnösands kommun;2120002403;Matematik 2B;36;.;100,0;.;28;..;..;..;8;..;..;..;
Härnösands gymnasium 3;30468157;Härnösand;2280;Kommunal;Härnösands kommun;2120002403;Matematik 3B;12;.;100,0;.;5;..;..;..;7;..;..;..;
Härnösands gymnasium 3;30468157;Härnösand;2280;Kommunal;Härnösands kommun;2120002403;Matematik 3C;3;..;..;..;1;..;..;..;2;..;..;..;
Härnösands gymnasium 3;30468157;Härnösand;2280;Kommunal;Härnösands kommun;2120002403;Matematik 4;1;..;..;..;1;..;..;..;.;.;.;.;
Härnösands gymnasium 3;30468157;Härnösand;2280;Kommunal;Härnösands kommun;2120002403;Svenska 3;115;0,9;92,2;7,0;60;1,7;91,7;6,7;55;.;92,7;7,3;
Härnösands gymnasium 3;30468157;Härnösand;2280;Kommunal;Härnösands kommun;2120002403;Svenska som andraspråk 3;21;.;85,7;14,3;13;..;..;..;8;..;..;..;
Fridagymnasiet i Mölnlycke;67286143;Härryda;1401;Enskild;Fridaskolorna AB;5564515988;Engelska 6;64;7,8;78,1;14,1;26;15,4;65,4;19,2;38;2,6;86,8;10,5;
Fridagymnasiet i Mölnlycke;67286143;Härryda;1401;Enskild;Fridaskolorna AB;5564515988;Matematik 2B;22;.;90,9;9,1;15;..;..;..;7;..;..;..;
Fridagymnasiet i Mölnlycke;67286143;Härryda;1401;Enskild;Fridaskolorna AB;5564515988;Matematik 3B;12;.;91,7;8,3;.;.;.;.;12;..;..;..;
Fridagymnasiet i Mölnlycke;67286143;Härryda;1401;Enskild;Fridaskolorna AB;5564515988;Matematik 4;14;.;85,7;14,3;4;..;..;..;10;..;..;..;
Fridagymnasiet i Mölnlycke;67286143;Härryda;1401;Enskild;Fridaskolorna AB;5564515988;Svenska 3;67;1,5;29,9;68,7;19;.;21,1;78,9;48;2,1;33,3;64,6;
Hulebäcksgymnasiet 1;98053087;Härryda;1401;Kommunal;Härryda kommun;2120001264;Engelska 5;24;16,7;79,2;4,2;13;23,1;76,9;.;11;9,1;81,8;9,1;
Hulebäcksgymnasiet 1;98053087;Härryda;1401;Kommunal;Härryda kommun;2120001264;Engelska 6;53;7,5;86,8;5,7;23;13,0;73,9;13,0;30;3,3;96,7;.;
Hulebäcksgymnasiet 1;98053087;Härryda;1401;Kommunal;Härryda kommun;2120001264;Matematik 1A;29;.;100,0;.;16;.;100,0;.;13;.;100,0;.;
Hulebäcksgymnasiet 1;98053087;Härryda;1401;Kommunal;Härryda kommun;2120001264;Matematik 2B;35;.;57,1;42,9;21;.;52,4;47,6;14;.;64,3;35,7;
Hulebäcksgymnasiet 1;98053087;Härryda;1401;Kommunal;Härryda kommun;2120001264;Matematik 3B;42;.;52,4;47,6;13;.;61,5;38,5;29;.;48,3;51,7;
Hulebäcksgymnasiet 1;98053087;Härryda;1401;Kommunal;Härryda kommun;2120001264;Svenska 1;22;.;36,4;63,6;11;.;36,4;63,6;11;.;36,4;63,6;
Hulebäcksgymnasiet 1;98053087;Härryda;1401;Kommunal;Härryda kommun;2120001264;Svenska 3;82;1,2;53,7;45,1;36;.;58,3;41,7;46;2,2;50,0;47,8;
Hulebäcksgymnasiet 2;92533079;Härryda;1401;Kommunal;Härryda kommun;2120001264;Engelska 6;56;7,1;89,3;3,6;46;8,7;87,0;4,3;10;.;100,0;.;
Hulebäcksgymnasiet 2;92533079;Härryda;1401;Kommunal;Härryda kommun;2120001264;Matematik 1B;51;.;60,8;39,2;39;.;53,8;46,2;12;.;83,3;16,7;
Hulebäcksgymnasiet 2;92533079;Härryda;1401;Kommunal;Härryda kommun;2120001264;Svenska 3;56;16,1;58,9;25,0;45;13,3;60,0;26,7;11;27,3;54,5;18,2;
Hulebäcksgymnasiet 3;61528940;Härryda;1401;Kommunal;Härryda kommun;2120001264;Engelska 6;76;5,3;85,5;9,2;44;6,8;84,1;9,1;32;3,1;87,5;9,4;
Hulebäcksgymnasiet 3;61528940;Härryda;1401;Kommunal;Härryda kommun;2120001264;Matematik 3C;19;5,3;89,5;5,3;10;..;..;..;9;..;..;..;
Hulebäcksgymnasiet 3;61528940;Härryda;1401;Kommunal;Härryda kommun;2120001264;Matematik 4;89;3,4;80,9;15,7;36;2,8;72,2;25,0;53;3,8;86,8;9,4;
Hulebäcksgymnasiet 3;61528940;Härryda;1401;Kommunal;Härryda kommun;2120001264;Svenska 3;114;5,3;61,4;33,3;53;1,9;56,6;41,5;61;8,2;65,6;26,2;
Hulebäcksgymnasiet 5;66861851;Härryda;1401;Kommunal;Härryda kommun;2120001264;Engelska 5;20;5,0;90,0;5,0;12;..;..;..;8;..;..;..;
Hulebäcksgymnasiet 5;66861851;Härryda;1401;Kommunal;Härryda kommun;2120001264;Engelska 6;111;2,7;74,8;22,5;69;4,3;71,0;24,6;42;.;81,0;19,0;
Hulebäcksgymnasiet 5;66861851;Härryda;1401;Kommunal;Härryda kommun;2120001264;Matematik 1A;21;.;90,5;9,5;12;..;..;..;9;..;..;..;
Hulebäcksgymnasiet 5;66861851;Härryda;1401;Kommunal;Härryda kommun;2120001264;Matematik 2B;109;0,9;85,3;13,8;68;.;85,3;14,7;41;2,4;85,4;12,2;
Hulebäcksgymnasiet 5;66861851;Härryda;1401;Kommunal;Härryda kommun;2120001264;Matematik 3B;5;..;..;..;2;..;..;..;3;..;..;..;
Hulebäcksgymnasiet 5;66861851;Härryda;1401;Kommunal;Härryda kommun;2120001264;Svenska 1;18;11,1;66,7;22,2;10;..;..;..;8;..;..;..;
Hulebäcksgymnasiet 5;66861851;Härryda;1401;Kommunal;Härryda kommun;2120001264;Svenska 3;111;9,9;56,8;33,3;71;11,3;53,5;35,2;40;7,5;62,5;30,0;
Hulebäcksgymnasiet 5;66861851;Härryda;1401;Kommunal;Härryda kommun;2120001264;Svenska som andraspråk 3;11;.;63,6;36,4;6;..;..;..;5;..;..;..;
Hulebäcksgymnasiet 6;72206824;Härryda;1401;Kommunal;Härryda kommun;2120001264;Engelska 5;43;11,6;86,0;2,3;.;.;.;.;43;..;..;..;
Hulebäcksgymnasiet 6;72206824;Härryda;1401;Kommunal;Härryda kommun;2120001264;Engelska 6;56;25,0;64,3;10,7;9;..;..;..;47;..;..;..;
Hulebäcksgymnasiet 6;72206824;Härryda;1401;Kommunal;Härryda kommun;2120001264;Matematik 1A;46;4,3;89,1;6,5;.;.;.;.;46;..;..;..;
Hulebäcksgymnasiet 6;72206824;Härryda;1401;Kommunal;Härryda kommun;2120001264;Matematik 3C;39;23,1;38,5;38,5;11;9,1;27,3;63,6;28;28,6;42,9;28,6;
Hulebäcksgymnasiet 6;72206824;Härryda;1401;Kommunal;Härryda kommun;2120001264;Matematik 4;21;4,8;66,7;28,6;.;.;.;.;21;..;..;..;
Hulebäcksgymnasiet 6;72206824;Härryda;1401;Kommunal;Härryda kommun;2120001264;Svenska 1;40;2,5;70,0;27,5;.;.;.;.;40;..;..;..;
Hulebäcksgymnasiet 6;72206824;Härryda;1401;Kommunal;Härryda kommun;2120001264;Svenska 3;54;1,9;70,4;27,8;13;.;69,2;30,8;41;2,4;70,7;26,8;
Hulebäcksgymnasiet 6;72206824;Härryda;1401;Kommunal;Härryda kommun;2120001264;Svenska som andraspråk 1;5;..;..;..;2;..;..;..;3;..;..;..;
Hässleholms Tekniska Skola;92858957;Hässleholm;1293;Kommunal;Hässleholms kommun;2120000985;Engelska 5;33;45,5;54,5;.;15;33,3;66,7;.;18;55,6;44,4;.;
Hässleholms Tekniska Skola;92858957;Hässleholm;1293;Kommunal;Hässleholms kommun;2120000985;Engelska 6;196;19,4;70,9;9,7;104;14,4;71,2;14,4;92;25,0;70,7;4,3;
Hässleholms Tekniska Skola;92858957;Hässleholm;1293;Kommunal;Hässleholms kommun;2120000985;Matematik 1A;36;.;80,6;19,4;16;.;81,3;18,8;20;.;80,0;20,0;
Hässleholms Tekniska Skola;92858957;Hässleholm;1293;Kommunal;Hässleholms kommun;2120000985;Matematik 1B;9;..;..;..;4;..;..;..;5;..;..;..;
Hässleholms Tekniska Skola;92858957;Hässleholm;1293;Kommunal;Hässleholms kommun;2120000985;Matematik 2B;69;.;56,5;43,5;57;.;56,1;43,9;12;.;58,3;41,7;
Hässleholms Tekniska Skola;92858957;Hässleholm;1293;Kommunal;Hässleholms kommun;2120000985;Matematik 3B;20;.;35,0;65,0;8;..;..;..;12;..;..;..;
Hässleholms Tekniska Skola;92858957;Hässleholm;1293;Kommunal;Hässleholms kommun;2120000985;Matematik 3C;28;.;96,4;3,6;9;..;..;..;19;..;..;..;
Hässleholms Tekniska Skola;92858957;Hässleholm;1293;Kommunal;Hässleholms kommun;2120000985;Matematik 4;46;.;84,8;15,2;20;.;80,0;20,0;26;.;88,5;11,5;
Hässleholms Tekniska Skola;92858957;Hässleholm;1293;Kommunal;Hässleholms kommun;2120000985;Svenska 1;25;12,0;68,0;20,0;9;..;..;..;16;..;..;..;
Hässleholms Tekniska Skola;92858957;Hässleholm;1293;Kommunal;Hässleholms kommun;2120000985;Svenska 3;136;11,0;64,7;24,3;77;7,8;66,2;26,0;59;15,3;62,7;22,0;
Hässleholms Tekniska Skola;92858957;Hässleholm;1293;Kommunal;Hässleholms kommun;2120000985;Svenska som andraspråk 1;6;..;..;..;5;..;..;..;1;..;..;..;
Hässleholms Tekniska Skola;92858957;Hässleholm;1293;Kommunal;Hässleholms kommun;2120000985;Svenska som andraspråk 3;36;25,0;66,7;8,3;21;19,0;71,4;9,5;15;33,3;60,0;6,7;
Jacobsskolan;46660042;Hässleholm;1293;Kommunal;Hässleholms kommun;2120000985;Engelska 5;115;24,3;67,8;7,8;39;25,6;59,0;15,4;76;23,7;72,4;3,9;
Jacobsskolan;46660042;Hässleholm;1293;Kommunal;Hässleholms kommun;2120000985;Matematik 1A;126;4,8;80,2;15,1;40;7,5;65,0;27,5;86;3,5;87,2;9,3;
Jacobsskolan;46660042;Hässleholm;1293;Kommunal;Hässleholms kommun;2120000985;Svenska 1;105;2,9;69,5;27,6;31;3,2;71,0;25,8;74;2,7;68,9;28,4;
Jacobsskolan;46660042;Hässleholm;1293;Kommunal;Hässleholms kommun;2120000985;Svenska som andraspråk 1;17;.;88,2;11,8;7;..;..;..;10;..;..;..;
Kullagymnasiet;85272681;Höganäs;1284;Kommunal;Höganäs kommun;2120001165;Engelska 5;28;10,7;89,3;.;4;..;..;..;24;..;..;..;
Kullagymnasiet;85272681;Höganäs;1284;Kommunal;Höganäs kommun;2120001165;Engelska 6;105;2,9;81,0;16,2;42;4,8;71,4;23,8;63;1,6;87,3;11,1;
Kullagymnasiet;85272681;Höganäs;1284;Kommunal;Höganäs kommun;2120001165;Matematik 1A;8;..;..;..;4;..;..;..;4;..;..;..;
Kullagymnasiet;85272681;Höganäs;1284;Kommunal;Höganäs kommun;2120001165;Matematik 2B;48;.;72,9;27,1;30;.;70,0;30,0;18;.;77,8;22,2;
Kullagymnasiet;85272681;Höganäs;1284;Kommunal;Höganäs kommun;2120001165;Matematik 3C;1;..;..;..;1;..;..;..;.;.;.;.;
Kullagymnasiet;85272681;Höganäs;1284;Kommunal;Höganäs kommun;2120001165;Matematik 4;14;.;78,6;21,4;3;..;..;..;11;..;..;..;
Kullagymnasiet;85272681;Höganäs;1284;Kommunal;Höganäs kommun;2120001165;Svenska 1;20;5,0;80,0;15,0;3;..;..;..;17;..;..;..;
Kullagymnasiet;85272681;Höganäs;1284;Kommunal;Höganäs kommun;2120001165;Svenska 3;81;3,7;46,9;49,4;27;3,7;63,0;33,3;54;3,7;38,9;57,4;
Kullagymnasiet;85272681;Höganäs;1284;Kommunal;Höganäs kommun;2120001165;Svenska som andraspråk 1;5;..;..;..;.;.;.;.;5;..;..;..;
Kullagymnasiet;85272681;Höganäs;1284;Kommunal;Höganäs kommun;2120001165;Svenska som andraspråk 3;9;..;..;..;3;..;..;..;6;..;..;..;
Hörby Yrkesgymnasium;38917647;Hörby;1266;Enskild;Hörby Yrkesgymnasium AB;5568212939;Engelska 5;19;5,3;84,2;10,5;3;..;..;..;16;..;..;..;
Hörby Yrkesgymnasium;38917647;Hörby;1266;Enskild;Hörby Yrkesgymnasium AB;5568212939;Matematik 1A;19;.;21,1;78,9;3;..;..;..;16;..;..;..;
Hörby Yrkesgymnasium;38917647;Hörby;1266;Enskild;Hörby Yrkesgymnasium AB;5568212939;Svenska 1;19;.;36,8;63,2;3;..;..;..;16;..;..;..;
Lapplands Gymnasium Jokkmokk;39555838;Jokkmokk;2510;Kommunal;Lapplands Kommunalförbund;2220000760;Engelska 5;9;..;..;..;6;..;..;..;3;..;..;..;
Lapplands Gymnasium Jokkmokk;39555838;Jokkmokk;2510;Kommunal;Lapplands Kommunalförbund;2220000760;Engelska 6;10;20,0;60,0;20,0;7;..;..;..;3;..;..;..;
Lapplands Gymnasium Jokkmokk;39555838;Jokkmokk;2510;Kommunal;Lapplands Kommunalförbund;2220000760;Matematik 1A;9;..;..;..;6;..;..;..;3;..;..;..;
Lapplands Gymnasium Jokkmokk;39555838;Jokkmokk;2510;Kommunal;Lapplands Kommunalförbund;2220000760;Matematik 2B;7;..;..;..;5;..;..;..;2;..;..;..;
Lapplands Gymnasium Jokkmokk;39555838;Jokkmokk;2510;Kommunal;Lapplands Kommunalförbund;2220000760;Matematik 4;2;..;..;..;1;..;..;..;1;..;..;..;
Lapplands Gymnasium Jokkmokk;39555838;Jokkmokk;2510;Kommunal;Lapplands Kommunalförbund;2220000760;Svenska 1;8;..;..;..;5;..;..;..;3;..;..;..;
Lapplands Gymnasium Jokkmokk;39555838;Jokkmokk;2510;Kommunal;Lapplands Kommunalförbund;2220000760;Svenska 3;8;..;..;..;7;..;..;..;1;..;..;..;
Drottning Blankas Gymnasieskola Jakobsberg;85214294;Järfälla;0123;Enskild;DBGY Manteln AB;5564732856;Engelska 5;74;8,1;79,7;12,2;47;6,4;78,7;14,9;27;11,1;81,5;7,4;
Drottning Blankas Gymnasieskola Jakobsberg;85214294;Järfälla;0123;Enskild;DBGY Manteln AB;5564732856;Engelska 6;43;11,6;81,4;7,0;20;10,0;75,0;15,0;23;13,0;87,0;.;
Drottning Blankas Gymnasieskola Jakobsberg;85214294;Järfälla;0123;Enskild;DBGY Manteln AB;5564732856;Matematik 1A;32;.;96,9;3,1;21;.;95,2;4,8;11;.;100,0;.;
Drottning Blankas Gymnasieskola Jakobsberg;85214294;Järfälla;0123;Enskild;DBGY Manteln AB;5564732856;Matematik 4;15;.;66,7;33,3;9;..;..;..;6;..;..;..;
Drottning Blankas Gymnasieskola Jakobsberg;85214294;Järfälla;0123;Enskild;DBGY Manteln AB;5564732856;Svenska 1;30;.;83,3;16,7;17;.;88,2;11,8;13;.;76,9;23,1;
Drottning Blankas Gymnasieskola Jakobsberg;85214294;Järfälla;0123;Enskild;DBGY Manteln AB;5564732856;Svenska 3;17;.;64,7;35,3;12;..;..;..;5;..;..;..;
Drottning Blankas Gymnasieskola Jakobsberg;85214294;Järfälla;0123;Enskild;DBGY Manteln AB;5564732856;Svenska som andraspråk 1;13;.;76,9;23,1;9;..;..;..;4;..;..;..;
Drottning Blankas Gymnasieskola Jakobsberg;85214294;Järfälla;0123;Enskild;DBGY Manteln AB;5564732856;Svenska som andraspråk 3;11;.;72,7;27,3;7;..;..;..;4;..;..;..;
Järfälla gymnasium;82084961;Järfälla;0123;Kommunal;Järfälla kommun;2120000043;Engelska 5;28;14,3;78,6;7,1;.;.;.;.;28;..;..;..;
Järfälla gymnasium;82084961;Järfälla;0123;Kommunal;Järfälla kommun;2120000043;Engelska 6;115;5,2;76,5;18,3;40;2,5;75,0;22,5;75;6,7;77,3;16,0;
Järfälla gymnasium;82084961;Järfälla;0123;Kommunal;Järfälla kommun;2120000043;Matematik 1A;38;.;44,7;55,3;2;..;..;..;36;..;..;..;
Järfälla gymnasium;82084961;Järfälla;0123;Kommunal;Järfälla kommun;2120000043;Matematik 1B;18;11,1;83,3;5,6;15;..;..;..;3;..;..;..;
Järfälla gymnasium;82084961;Järfälla;0123;Kommunal;Järfälla kommun;2120000043;Matematik 2B;37;.;89,2;10,8;19;.;84,2;15,8;18;.;94,4;5,6;
Järfälla gymnasium;82084961;Järfälla;0123;Kommunal;Järfälla kommun;2120000043;Matematik 3B;8;..;..;..;4;..;..;..;4;..;..;..;
Järfälla gymnasium;82084961;Järfälla;0123;Kommunal;Järfälla kommun;2120000043;Matematik 3C;27;.;85,2;14,8;3;..;..;..;24;..;..;..;
Järfälla gymnasium;82084961;Järfälla;0123;Kommunal;Järfälla kommun;2120000043;Svenska 1;52;5,8;32,7;61,5;1;..;..;..;51;..;..;..;
Järfälla gymnasium;82084961;Järfälla;0123;Kommunal;Järfälla kommun;2120000043;Svenska 3;73;1,4;78,1;20,5;42;.;85,7;14,3;31;3,2;67,7;29,0;
Järfälla gymnasium;82084961;Järfälla;0123;Kommunal;Järfälla kommun;2120000043;Svenska som andraspråk 3;45;2,2;55,6;42,2;27;3,7;51,9;44,4;18;.;61,1;38,9;
Bäckadalsgymn RO 1;46162400;Jönköping;0680;Kommunal;Jönköpings kommun;2120000530;Engelska 5;92;14,1;62,0;23,9;17;.;64,7;35,3;75;17,3;61,3;21,3;
Bäckadalsgymn RO 1;46162400;Jönköping;0680;Kommunal;Jönköpings kommun;2120000530;Matematik 1A;106;13,2;73,6;13,2;26;3,8;65,4;30,8;80;16,3;76,3;7,5;
Bäckadalsgymn RO 1;46162400;Jönköping;0680;Kommunal;Jönköpings kommun;2120000530;Svenska 1;84;2,4;70,2;27,4;19;5,3;68,4;26,3;65;1,5;70,8;27,7;
Bäckadalsgymn RO 1;46162400;Jönköping;0680;Kommunal;Jönköpings kommun;2120000530;Svenska som andraspråk 1;14;7,1;64,3;28,6;1;..;..;..;13;..;..;..;
Bäckadalsgymn RO 3;98369689;Jönköping;0680;Kommunal;Jönköpings kommun;2120000530;Engelska 5;68;8,8;73,5;17,6;18;5,6;83,3;11,1;50;10,0;70,0;20,0;
Bäckadalsgymn RO 3;98369689;Jönköping;0680;Kommunal;Jönköpings kommun;2120000530;Matematik 1A;71;11,3;76,1;12,7;17;.;88,2;11,8;54;14,8;72,2;13,0;
Bäckadalsgymn RO 3;98369689;Jönköping;0680;Kommunal;Jönköpings kommun;2120000530;Svenska 1;55;.;89,1;10,9;15;.;100,0;.;40;.;85,0;15,0;
Bäckadalsgymn RO 3;98369689;Jönköping;0680;Kommunal;Jönköpings kommun;2120000530;Svenska som andraspråk 1;2;..;..;..;.;.;.;.;2;..;..;..;
Bäckadalsgymn RO 4;56529916;Jönköping;0680;Kommunal;Jönköpings kommun;2120000530;Engelska 5;93;1,1;75,3;23,7;22;.;45,5;54,5;71;1,4;84,5;14,1;
Bäckadalsgymn RO 4;56529916;Jönköping;0680;Kommunal;Jönköpings kommun;2120000530;Matematik 1A;96;.;75,0;25,0;22;.;68,2;31,8;74;.;77,0;23,0;
Bäckadalsgymn RO 4;56529916;Jönköping;0680;Kommunal;Jönköpings kommun;2120000530;Svenska 1;97;4,1;59,8;36,1;21;4,8;23,8;71,4;76;3,9;69,7;26,3;
Bäckadalsgymn RO 4;56529916;Jönköping;0680;Kommunal;Jönköpings kommun;2120000530;Svenska som andraspråk 1;1;..;..;..;1;..;..;..;.;.;.;.;
Bäckadalsgymn RO 5;40810950;Jönköping;0680;Kommunal;Jönköpings kommun;2120000530;Engelska 5;52;17,3;80,8;1,9;35;22,9;77,1;.;17;5,9;88,2;5,9;
Bäckadalsgymn RO 5;40810950;Jönköping;0680;Kommunal;Jönköpings kommun;2120000530;Matematik 1A;49;.;79,6;20,4;32;.;75,0;25,0;17;.;88,2;11,8;
Bäckadalsgymn RO 5;40810950;Jönköping;0680;Kommunal;Jönköpings kommun;2120000530;Svenska 1;44;2,3;45,5;52,3;28;3,6;46,4;50,0;16;.;43,8;56,3;
Drottning Blankas Gymnasieskola Jönköping;12279302;Jönköping;0680;Enskild;DBGY Juvelen AB;5565789129;Engelska 5;42;2,4;95,2;2,4;38;..;..;..;4;..;..;..;
Drottning Blankas Gymnasieskola Jönköping;12279302;Jönköping;0680;Enskild;DBGY Juvelen AB;5565789129;Engelska 6;14;7,1;85,7;7,1;13;..;..;..;1;..;..;..;
Drottning Blankas Gymnasieskola Jönköping;12279302;Jönköping;0680;Enskild;DBGY Juvelen AB;5565789129;Matematik 1A;47;.;85,1;14,9;43;..;..;..;4;..;..;..;
Drottning Blankas Gymnasieskola Jönköping;12279302;Jönköping;0680;Enskild;DBGY Juvelen AB;5565789129;Matematik 2B;18;.;77,8;22,2;16;..;..;..;2;..;..;..;
Drottning Blankas Gymnasieskola Jönköping;12279302;Jönköping;0680;Enskild;DBGY Juvelen AB;5565789129;Svenska 1;35;2,9;82,9;14,3;34;..;..;..;1;..;..;..;
Drottning Blankas Gymnasieskola Jönköping;12279302;Jönköping;0680;Enskild;DBGY Juvelen AB;5565789129;Svenska 3;15;.;53,3;46,7;12;..;..;..;3;..;..;..;
Drottning Blankas Gymnasieskola Jönköping;12279302;Jönköping;0680;Enskild;DBGY Juvelen AB;5565789129;Svenska som andraspråk 1;8;..;..;..;5;..;..;..;3;..;..;..;
Drottning Blankas Gymnasieskola Jönköping;12279302;Jönköping;0680;Enskild;DBGY Juvelen AB;5565789129;Svenska som andraspråk 3;2;..;..;..;2;..;..;..;.;.;.;.;
Erik Dahlbergsgymnasiet RO 1;67279263;Jönköping;0680;Kommunal;Jönköpings kommun;2120000530;Engelska 6;119;7,6;77,3;15,1;34;2,9;79,4;17,6;85;9,4;76,5;14,1;
Erik Dahlbergsgymnasiet RO 1;67279263;Jönköping;0680;Kommunal;Jönköpings kommun;2120000530;Matematik 3C;85;1,2;87,1;11,8;26;.;96,2;3,8;59;1,7;83,1;15,3;
Erik Dahlbergsgymnasiet RO 1;67279263;Jönköping;0680;Kommunal;Jönköpings kommun;2120000530;Matematik 4;29;3,4;86,2;10,3;2;..;..;..;27;..;..;..;
Erik Dahlbergsgymnasiet RO 1;67279263;Jönköping;0680;Kommunal;Jönköpings kommun;2120000530;Svenska 3;97;5,2;67,0;27,8;18;16,7;55,6;27,8;79;2,5;69,6;27,8;
Erik Dahlbergsgymnasiet RO 1;67279263;Jönköping;0680;Kommunal;Jönköpings kommun;2120000530;Svenska som andraspråk 3;12;8,3;25,0;66,7;1;..;..;..;11;..;..;..;
Erik Dahlbergsgymnasiet RO 2;40037982;Jönköping;0680;Kommunal;Jönköpings kommun;2120000530;Engelska 5;43;4,7;76,7;18,6;41;..;..;..;2;..;..;..;
Erik Dahlbergsgymnasiet RO 2;40037982;Jönköping;0680;Kommunal;Jönköpings kommun;2120000530;Matematik 1A;44;.;93,2;6,8;42;..;..;..;2;..;..;..;
Erik Dahlbergsgymnasiet RO 2;40037982;Jönköping;0680;Kommunal;Jönköpings kommun;2120000530;Svenska 1;31;3,2;80,6;16,1;31;..;..;..;.;.;.;.;
Erik Dahlbergsgymnasiet RO 2;40037982;Jönköping;0680;Kommunal;Jönköpings kommun;2120000530;Svenska som andraspråk 1;9;..;..;..;9;..;..;..;.;.;.;.;
Erik Dahlbergsgymnasiet RO 3;51210136;Jönköping;0680;Kommunal;Jönköpings kommun;2120000530;Engelska 5;23;17,4;73,9;8,7;.;.;.;.;23;..;..;..;
Erik Dahlbergsgymnasiet RO 3;51210136;Jönköping;0680;Kommunal;Jönköpings kommun;2120000530;Engelska 6;85;10,6;84,7;4,7;43;2,3;93,0;4,7;42;19,0;76,2;4,8;
Erik Dahlbergsgymnasiet RO 3;51210136;Jönköping;0680;Kommunal;Jönköpings kommun;2120000530;Matematik 1A;26;.;76,9;23,1;1;..;..;..;25;..;..;..;
Erik Dahlbergsgymnasiet RO 3;51210136;Jönköping;0680;Kommunal;Jönköpings kommun;2120000530;Matematik 3C;17;5,9;82,4;11,8;8;..;..;..;9;..;..;..;
Erik Dahlbergsgymnasiet RO 3;51210136;Jönköping;0680;Kommunal;Jönköpings kommun;2120000530;Svenska 1;21;.;76,2;23,8;.;.;.;.;21;..;..;..;
Erik Dahlbergsgymnasiet RO 3;51210136;Jönköping;0680;Kommunal;Jönköpings kommun;2120000530;Svenska 3;84;7,1;67,9;25,0;43;2,3;74,4;23,3;41;12,2;61,0;26,8;
Erik Dahlbergsgymnasiet RO 3;51210136;Jönköping;0680;Kommunal;Jönköpings kommun;2120000530;Svenska som andraspråk 1;1;..;..;..;.;.;.;.;1;..;..;..;
Erik Dahlbergsgymnasiet RO 3;51210136;Jönköping;0680;Kommunal;Jönköpings kommun;2120000530;Svenska som andraspråk 3;20;5,0;80,0;15,0;15;..;..;..;5;..;..;..;
Erik Dahlbergsgymnasiet RO 4;73829818;Jönköping;0680;Kommunal;Jönköpings kommun;2120000530;Engelska 6;85;11,8;52,9;35,3;50;8,0;42,0;50,0;35;17,1;68,6;14,3;
Erik Dahlbergsgymnasiet RO 4;73829818;Jönköping;0680;Kommunal;Jönköpings kommun;2120000530;Matematik 2B;49;.;65,3;34,7;33;.;69,7;30,3;16;.;56,3;43,8;
Erik Dahlbergsgymnasiet RO 4;73829818;Jönköping;0680;Kommunal;Jönköpings kommun;2120000530;Matematik 3B;56;.;85,7;14,3;21;.;90,5;9,5;35;.;82,9;17,1;
Erik Dahlbergsgymnasiet RO 4;73829818;Jönköping;0680;Kommunal;Jönköpings kommun;2120000530;Svenska 3;87;13,8;70,1;16,1;38;10,5;65,8;23,7;49;16,3;73,5;10,2;
Erik Dahlbergsgymnasiet RO 4;73829818;Jönköping;0680;Kommunal;Jönköpings kommun;2120000530;Svenska som andraspråk 3;3;..;..;..;1;..;..;..;2;..;..;..;
Erik Dahlbergsgymnasiet RO 5;60881275;Jönköping;0680;Kommunal;Jönköpings kommun;2120000530;Engelska 6;86;5,8;75,6;18,6;53;3,8;79,2;17,0;33;9,1;69,7;21,2;
Erik Dahlbergsgymnasiet RO 5;60881275;Jönköping;0680;Kommunal;Jönköpings kommun;2120000530;Matematik 2B;71;.;85,9;14,1;41;.;80,5;19,5;30;.;93,3;6,7;
Erik Dahlbergsgymnasiet RO 5;60881275;Jönköping;0680;Kommunal;Jönköpings kommun;2120000530;Svenska 3;63;3,2;66,7;30,2;40;2,5;62,5;35,0;23;4,3;73,9;21,7;
Erik Dahlbergsgymnasiet RO 5;60881275;Jönköping;0680;Kommunal;Jönköpings kommun;2120000530;Svenska som andraspråk 3;18;11,1;55,6;33,3;12;..;..;..;6;..;..;..;
JENSEN Gymnasium Jönköping;18881773;Jönköping;0680;Enskild;Jensen Education College AB;5566358759;Engelska 6;41;2,4;90,2;7,3;23;.;91,3;8,7;18;5,6;88,9;5,6;
JENSEN Gymnasium Jönköping;18881773;Jönköping;0680;Enskild;Jensen Education College AB;5566358759;Matematik 2B;11;.;36,4;63,6;6;..;..;..;5;..;..;..;
JENSEN Gymnasium Jönköping;18881773;Jönköping;0680;Enskild;Jensen Education College AB;5566358759;Matematik 3B;4;..;..;..;1;..;..;..;3;..;..;..;
JENSEN Gymnasium Jönköping;18881773;Jönköping;0680;Enskild;Jensen Education College AB;5566358759;Matematik 4;10;.;100,0;.;8;..;..;..;2;..;..;..;
JENSEN Gymnasium Jönköping;18881773;Jönköping;0680;Enskild;Jensen Education College AB;5566358759;Svenska 3;12;.;75,0;25,0;6;..;..;..;6;..;..;..;
JENSEN Gymnasium Jönköping;18881773;Jönköping;0680;Enskild;Jensen Education College AB;5566358759;Svenska som andraspråk 3;32;.;78,1;21,9;20;.;80,0;20,0;12;.;75,0;25,0;
LBS Kreativa Gymnasiet Jönköping;18594470;Jönköping;0680;Enskild;Ljud & Bildskolan LBS AB;5564851649;Engelska 6;63;11,1;76,2;12,7;13;7,7;69,2;23,1;50;12,0;78,0;10,0;
LBS Kreativa Gymnasiet Jönköping;18594470;Jönköping;0680;Enskild;Ljud & Bildskolan LBS AB;5564851649;Matematik 1B;44;.;84,1;15,9;14;.;92,9;7,1;30;.;80,0;20,0;
LBS Kreativa Gymnasiet Jönköping;18594470;Jönköping;0680;Enskild;Ljud & Bildskolan LBS AB;5564851649;Matematik 3C;20;.;90,0;10,0;.;.;.;.;20;..;..;..;
LBS Kreativa Gymnasiet Jönköping;18594470;Jönköping;0680;Enskild;Ljud & Bildskolan LBS AB;5564851649;Svenska 3;58;.;70,7;29,3;20;.;60,0;40,0;38;.;76,3;23,7;
LBS Kreativa Gymnasiet Jönköping;18594470;Jönköping;0680;Enskild;Ljud & Bildskolan LBS AB;5564851649;Svenska som andraspråk 3;5;..;..;..;1;..;..;..;4;..;..;..;
Magelungens Gymnasium Jönköping;69271071;Jönköping;0680;Enskild;Magelungen Utveckling AB;5564891447;Svenska 3;3;..;..;..;1;..;..;..;2;..;..;..;
Per Brahegymnasiet RO 1;78295411;Jönköping;0680;Kommunal;Jönköpings kommun;2120000530;Engelska 6;131;12,2;74,0;13,7;95;10,5;74,7;14,7;36;16,7;72,2;11,1;
Per Brahegymnasiet RO 1;78295411;Jönköping;0680;Kommunal;Jönköpings kommun;2120000530;Matematik 2B;124;.;53,2;46,8;92;.;51,1;48,9;32;.;59,4;40,6;
Per Brahegymnasiet RO 1;78295411;Jönköping;0680;Kommunal;Jönköpings kommun;2120000530;Svenska 3;104;6,7;61,5;31,7;92;7,6;62,0;30,4;12;.;58,3;41,7;
Per Brahegymnasiet RO 1;78295411;Jönköping;0680;Kommunal;Jönköpings kommun;2120000530;Svenska som andraspråk 3;13;7,7;76,9;15,4;9;..;..;..;4;..;..;..;
Per Brahegymnasiet RO 2;80686587;Jönköping;0680;Kommunal;Jönköpings kommun;2120000530;Engelska 6;86;18,6;75,6;5,8;44;20,5;72,7;6,8;42;16,7;78,6;4,8;
Per Brahegymnasiet RO 2;80686587;Jönköping;0680;Kommunal;Jönköpings kommun;2120000530;Matematik 3C;18;.;66,7;33,3;9;..;..;..;9;..;..;..;
Per Brahegymnasiet RO 2;80686587;Jönköping;0680;Kommunal;Jönköpings kommun;2120000530;Svenska 3;54;7,4;61,1;31,5;47;..;..;..;7;..;..;..;
Per Brahegymnasiet RO 2;80686587;Jönköping;0680;Kommunal;Jönköpings kommun;2120000530;Svenska som andraspråk 3;7;..;..;..;4;..;..;..;3;..;..;..;
Per Brahegymnasiet RO 3;72232853;Jönköping;0680;Kommunal;Jönköpings kommun;2120000530;Engelska 6;87;14,9;78,2;6,9;74;17,6;74,3;8,1;13;.;100,0;.;
Per Brahegymnasiet RO 3;72232853;Jönköping;0680;Kommunal;Jönköpings kommun;2120000530;Matematik 1B;58;.;93,1;6,9;41;.;92,7;7,3;17;.;94,1;5,9;
Per Brahegymnasiet RO 3;72232853;Jönköping;0680;Kommunal;Jönköpings kommun;2120000530;Svenska 3;42;7,1;64,3;28,6;29;6,9;69,0;24,1;13;7,7;53,8;38,5;
Per Brahegymnasiet RO 3;72232853;Jönköping;0680;Kommunal;Jönköpings kommun;2120000530;Svenska som andraspråk 3;4;..;..;..;2;..;..;..;2;..;..;..;
Per Brahegymnasiet RO 4;78986011;Jönköping;0680;Kommunal;Jönköpings kommun;2120000530;Engelska 6;95;2,1;74,7;23,2;53;.;66,0;34,0;42;4,8;85,7;9,5;
Per Brahegymnasiet RO 4;78986011;Jönköping;0680;Kommunal;Jönköpings kommun;2120000530;Matematik 2B;16;.;31,3;68,8;10;..;..;..;6;..;..;..;
Per Brahegymnasiet RO 4;78986011;Jönköping;0680;Kommunal;Jönköpings kommun;2120000530;Svenska 3;52;1,9;44,2;53,8;34;.;32,4;67,6;18;5,6;66,7;27,8;
Per Brahegymnasiet RO 4;78986011;Jönköping;0680;Kommunal;Jönköpings kommun;2120000530;Svenska som andraspråk 3;21;9,5;76,2;14,3;10;.;70,0;30,0;11;18,2;81,8;.;
Praktiska Gymnasiet Jönköping;17849518;Jönköping;0680;Enskild;Praktiska Sverige AB;5562575786;Engelska 5;18;22,2;50,0;27,8;7;..;..;..;11;..;..;..;
Praktiska Gymnasiet Jönköping;17849518;Jönköping;0680;Enskild;Praktiska Sverige AB;5562575786;Matematik 1A;20;.;75,0;25,0;7;..;..;..;13;..;..;..;
Praktiska Gymnasiet Jönköping;17849518;Jönköping;0680;Enskild;Praktiska Sverige AB;5562575786;Svenska 1;14;7,1;14,3;78,6;6;..;..;..;8;..;..;..;
Praktiska Gymnasiet Jönköping;17849518;Jönköping;0680;Enskild;Praktiska Sverige AB;5562575786;Svenska som andraspråk 1;1;..;..;..;.;.;.;.;1;..;..;..;
Sandagymnasiet RO 1;64205087;Jönköping;0680;Kommunal;Jönköpings kommun;2120000530;Engelska 6;103;18,4;55,3;26,2;48;10,4;56,3;33,3;55;25,5;54,5;20,0;
Sandagymnasiet RO 1;64205087;Jönköping;0680;Kommunal;Jönköpings kommun;2120000530;Matematik 2B;46;.;63,0;37,0;36;.;61,1;38,9;10;.;70,0;30,0;
Sandagymnasiet RO 1;64205087;Jönköping;0680;Kommunal;Jönköpings kommun;2120000530;Matematik 3B;39;.;69,2;30,8;12;.;66,7;33,3;27;.;70,4;29,6;
Sandagymnasiet RO 1;64205087;Jönköping;0680;Kommunal;Jönköpings kommun;2120000530;Svenska 3;70;12,9;48,6;38,6;37;2,7;48,6;48,6;33;24,2;48,5;27,3;
Sandagymnasiet RO 1;64205087;Jönköping;0680;Kommunal;Jönköpings kommun;2120000530;Svenska som andraspråk 3;11;18,2;54,5;27,3;3;..;..;..;8;..;..;..;
Sandagymnasiet RO 2;50500028;Jönköping;0680;Kommunal;Jönköpings kommun;2120000530;Engelska 6;96;5,2;77,1;17,7;60;5,0;75,0;20,0;36;5,6;80,6;13,9;
Sandagymnasiet RO 2;50500028;Jönköping;0680;Kommunal;Jönköpings kommun;2120000530;Matematik 2B;56;.;51,8;48,2;41;.;43,9;56,1;15;.;73,3;26,7;
Sandagymnasiet RO 2;50500028;Jönköping;0680;Kommunal;Jönköpings kommun;2120000530;Matematik 3C;4;..;..;..;2;..;..;..;2;..;..;..;
Sandagymnasiet RO 2;50500028;Jönköping;0680;Kommunal;Jönköpings kommun;2120000530;Matematik 4;29;.;100,0;.;13;.;100,0;.;16;.;100,0;.;
Sandagymnasiet RO 2;50500028;Jönköping;0680;Kommunal;Jönköpings kommun;2120000530;Svenska 3;94;6,4;64,9;28,7;41;2,4;63,4;34,1;53;9,4;66,0;24,5;
Sandagymnasiet RO 2;50500028;Jönköping;0680;Kommunal;Jönköpings kommun;2120000530;Svenska som andraspråk 3;12;8,3;58,3;33,3;9;..;..;..;3;..;..;..;
Sandagymnasiet RO 4;94570025;Jönköping;0680;Kommunal;Jönköpings kommun;2120000530;Engelska 5;19;.;89,5;10,5;12;..;..;..;7;..;..;..;
Sandagymnasiet RO 4;94570025;Jönköping;0680;Kommunal;Jönköpings kommun;2120000530;Matematik 1A;17;.;47,1;52,9;10;..;..;..;7;..;..;..;
Sandagymnasiet RO 4;94570025;Jönköping;0680;Kommunal;Jönköpings kommun;2120000530;Svenska 1;15;20,0;33,3;46,7;10;..;..;..;5;..;..;..;
Sandagymnasiet RO 4;94570025;Jönköping;0680;Kommunal;Jönköpings kommun;2120000530;Svenska som andraspråk 1;2;..;..;..;.;.;.;.;2;..;..;..;
Sandagymnasiet RO 5;91984508;Jönköping;0680;Kommunal;Jönköpings kommun;2120000530;Engelska 5;48;27,1;62,5;10,4;18;33,3;50,0;16,7;30;23,3;70,0;6,7;
Sandagymnasiet RO 5;91984508;Jönköping;0680;Kommunal;Jönköpings kommun;2120000530;Svenska 1;48;10,4;75,0;14,6;16;18,8;62,5;18,8;32;6,3;81,3;12,5;
Sandagymnasiet RO 5;91984508;Jönköping;0680;Kommunal;Jönköpings kommun;2120000530;Svenska som andraspråk 1;6;..;..;..;1;..;..;..;5;..;..;..;
Tenhults naturbruksgymnasium;78659008;Jönköping;0680;Region;Region Jönköpings Län;2321000057;Engelska 5;69;33,3;63,8;2,9;51;35,3;60,8;3,9;18;27,8;72,2;.;
Tenhults naturbruksgymnasium;78659008;Jönköping;0680;Region;Region Jönköpings Län;2321000057;Matematik 1A;69;.;63,8;36,2;52;.;57,7;42,3;17;.;82,4;17,6;
Tenhults naturbruksgymnasium;78659008;Jönköping;0680;Region;Region Jönköpings Län;2321000057;Svenska 1;64;1,6;65,6;32,8;49;2,0;71,4;26,5;15;.;46,7;53,3;
Thoren Business School Jönköping;66151516;Jönköping;0680;Enskild;Thorengruppen AB;5566139290;Svenska 3;14;.;92,9;7,1;6;..;..;..;8;..;..;..;
Thoren Business School Jönköping;66151516;Jönköping;0680;Enskild;Thorengruppen AB;5566139290;Svenska som andraspråk 3;6;..;..;..;2;..;..;..;4;..;..;..;
Vettergymnasiet Jönköping;12448823;Jönköping;0680;Enskild;Wetterbygdens Gymnasium AB;5567507420;Engelska 5;15;.;100,0;.;3;..;..;..;12;..;..;..;
Vettergymnasiet Jönköping;12448823;Jönköping;0680;Enskild;Wetterbygdens Gymnasium AB;5567507420;Matematik 1A;11;.;100,0;.;2;..;..;..;9;..;..;..;
Vettergymnasiet Jönköping;12448823;Jönköping;0680;Enskild;Wetterbygdens Gymnasium AB;5567507420;Svenska 1;15;.;100,0;.;4;..;..;..;11;..;..;..;
Vettergymnasiet Jönköping;12448823;Jönköping;0680;Enskild;Wetterbygdens Gymnasium AB;5567507420;Svenska som andraspråk 1;3;..;..;..;.;.;.;.;3;..;..;..;
VFG Jönköping;11518576;Jönköping;0680;Enskild;VFG Utbildning AB;5562496629;Matematik 1A;14;.;64,3;35,7;5;..;..;..;9;..;..;..;
Furuhedsskolan 1;40667807;Kalix;2514;Kommunal;Kalix kommun;2120002692;Engelska 5;35;2,9;88,6;8,6;18;.;88,9;11,1;17;5,9;88,2;5,9;
Furuhedsskolan 1;40667807;Kalix;2514;Kommunal;Kalix kommun;2120002692;Engelska 6;20;.;100,0;.;6;..;..;..;14;..;..;..;
Furuhedsskolan 1;40667807;Kalix;2514;Kommunal;Kalix kommun;2120002692;Matematik 1A;36;.;88,9;11,1;19;.;84,2;15,8;17;.;94,1;5,9;
Furuhedsskolan 1;40667807;Kalix;2514;Kommunal;Kalix kommun;2120002692;Matematik 4;13;.;92,3;7,7;6;..;..;..;7;..;..;..;
Furuhedsskolan 1;40667807;Kalix;2514;Kommunal;Kalix kommun;2120002692;Svenska 1;33;.;60,6;39,4;16;.;37,5;62,5;17;.;82,4;17,6;
Furuhedsskolan 1;40667807;Kalix;2514;Kommunal;Kalix kommun;2120002692;Svenska som andraspråk 1;4;..;..;..;3;..;..;..;1;..;..;..;
Furuhedsskolan 2;18091973;Kalix;2514;Kommunal;Kalix kommun;2120002692;Engelska 5;47;12,8;87,2;.;11;18,2;81,8;.;36;11,1;88,9;.;
Furuhedsskolan 2;18091973;Kalix;2514;Kommunal;Kalix kommun;2120002692;Engelska 6;46;.;87,0;13,0;23;.;73,9;26,1;23;.;100,0;.;
Furuhedsskolan 2;18091973;Kalix;2514;Kommunal;Kalix kommun;2120002692;Matematik 1A;50;8,0;72,0;20,0;11;9,1;63,6;27,3;39;7,7;74,4;17,9;
Furuhedsskolan 2;18091973;Kalix;2514;Kommunal;Kalix kommun;2120002692;Matematik 2B;19;.;31,6;68,4;11;..;..;..;8;..;..;..;
Furuhedsskolan 2;18091973;Kalix;2514;Kommunal;Kalix kommun;2120002692;Matematik 3B;10;.;70,0;30,0;5;..;..;..;5;..;..;..;
Furuhedsskolan 2;18091973;Kalix;2514;Kommunal;Kalix kommun;2120002692;Svenska 1;45;.;91,1;8,9;10;.;100,0;.;35;.;88,6;11,4;
Furuhedsskolan 2;18091973;Kalix;2514;Kommunal;Kalix kommun;2120002692;Svenska som andraspråk 1;1;..;..;..;1;..;..;..;.;.;.;.;
Calmare Internationella Skola;88466776;Kalmar;0880;Enskild;CIS Kalmar AB;5565896213;Engelska 6;92;25,0;64,1;10,9;54;13,0;68,5;18,5;38;42,1;57,9;.;
Calmare Internationella Skola;88466776;Kalmar;0880;Enskild;CIS Kalmar AB;5565896213;Matematik 2B;55;.;40,0;60,0;37;.;45,9;54,1;18;.;27,8;72,2;
Calmare Internationella Skola;88466776;Kalmar;0880;Enskild;CIS Kalmar AB;5565896213;Matematik 3B;18;.;77,8;22,2;11;..;..;..;7;..;..;..;
Calmare Internationella Skola;88466776;Kalmar;0880;Enskild;CIS Kalmar AB;5565896213;Matematik 4;20;.;55,0;45,0;6;..;..;..;14;..;..;..;
Calmare Internationella Skola;88466776;Kalmar;0880;Enskild;CIS Kalmar AB;5565896213;Svenska 3;90;15,6;50,0;34,4;55;12,7;47,3;40,0;35;20,0;54,3;25,7;
Calmare Internationella Skola;88466776;Kalmar;0880;Enskild;CIS Kalmar AB;5565896213;Svenska som andraspråk 3;13;15,4;53,8;30,8;6;..;..;..;7;..;..;..;
Dag Hammarskjöld Gymnasiet;36539945;Kalmar;0880;Enskild;Stiftelsen Kalmar Waldorfskola;8324012288;Engelska 6;2;..;..;..;2;..;..;..;.;.;.;.;
Dag Hammarskjöld Gymnasiet;36539945;Kalmar;0880;Enskild;Stiftelsen Kalmar Waldorfskola;8324012288;Svenska 3;2;..;..;..;1;..;..;..;1;..;..;..;
Dag Hammarskjöld Gymnasiet;36539945;Kalmar;0880;Enskild;Stiftelsen Kalmar Waldorfskola;8324012288;Svenska som andraspråk 3;2;..;..;..;2;..;..;..;.;.;.;.;
Fria Läroverken i Kalmar;40634612;Kalmar;0880;Enskild;Gymnasieskolor i Syd AB;5569306979;Engelska 5;6;..;..;..;.;.;.;.;6;..;..;..;
Fria Läroverken i Kalmar;40634612;Kalmar;0880;Enskild;Gymnasieskolor i Syd AB;5569306979;Engelska 6;8;..;..;..;5;..;..;..;3;..;..;..;
Fria Läroverken i Kalmar;40634612;Kalmar;0880;Enskild;Gymnasieskolor i Syd AB;5569306979;Matematik 1A;8;..;..;..;1;..;..;..;7;..;..;..;
Fria Läroverken i Kalmar;40634612;Kalmar;0880;Enskild;Gymnasieskolor i Syd AB;5569306979;Matematik 2B;5;..;..;..;3;..;..;..;2;..;..;..;
Fria Läroverken i Kalmar;40634612;Kalmar;0880;Enskild;Gymnasieskolor i Syd AB;5569306979;Matematik 3B;4;..;..;..;2;..;..;..;2;..;..;..;
Fria Läroverken i Kalmar;40634612;Kalmar;0880;Enskild;Gymnasieskolor i Syd AB;5569306979;Svenska 1;5;..;..;..;.;.;.;.;5;..;..;..;
Fria Läroverken i Kalmar;40634612;Kalmar;0880;Enskild;Gymnasieskolor i Syd AB;5569306979;Svenska 3;20;5,0;65,0;30,0;11;..;..;..;9;..;..;..;
Fria Läroverken i Kalmar;40634612;Kalmar;0880;Enskild;Gymnasieskolor i Syd AB;5569306979;Svenska som andraspråk 3;4;..;..;..;3;..;..;..;1;..;..;..;
Jenny Nyströmskolan B;54655009;Kalmar;0880;Kommunal;Kalmarsunds Gymnasieförbund;8324016453;Engelska 5;83;16,9;68,7;14,5;53;13,2;69,8;17,0;30;23,3;66,7;10,0;
Jenny Nyströmskolan B;54655009;Kalmar;0880;Kommunal;Kalmarsunds Gymnasieförbund;8324016453;Engelska 6;64;4,7;81,3;14,1;53;1,9;86,8;11,3;11;18,2;54,5;27,3;
Jenny Nyströmskolan B;54655009;Kalmar;0880;Kommunal;Kalmarsunds Gymnasieförbund;8324016453;Matematik 1A;96;.;75,0;25,0;65;.;69,2;30,8;31;.;87,1;12,9;
Jenny Nyströmskolan B;54655009;Kalmar;0880;Kommunal;Kalmarsunds Gymnasieförbund;8324016453;Matematik 1B;59;.;83,1;16,9;46;.;80,4;19,6;13;.;92,3;7,7;
Jenny Nyströmskolan B;54655009;Kalmar;0880;Kommunal;Kalmarsunds Gymnasieförbund;8324016453;Matematik 4;15;.;80,0;20,0;9;..;..;..;6;..;..;..;
Jenny Nyströmskolan B;54655009;Kalmar;0880;Kommunal;Kalmarsunds Gymnasieförbund;8324016453;Svenska 1;80;2,5;77,5;20,0;55;1,8;74,5;23,6;25;4,0;84,0;12,0;
Jenny Nyströmskolan B;54655009;Kalmar;0880;Kommunal;Kalmarsunds Gymnasieförbund;8324016453;Svenska 3;57;7,0;64,9;28,1;44;4,5;63,6;31,8;13;15,4;69,2;15,4;
Jenny Nyströmskolan B;54655009;Kalmar;0880;Kommunal;Kalmarsunds Gymnasieförbund;8324016453;Svenska som andraspråk 1;13;.;76,9;23,1;12;..;..;..;1;..;..;..;
Jenny Nyströmskolan B;54655009;Kalmar;0880;Kommunal;Kalmarsunds Gymnasieförbund;8324016453;Svenska som andraspråk 3;11;9,1;63,6;27,3;10;..;..;..;1;..;..;..;
Lars Kaggskolan;37917591;Kalmar;0880;Kommunal;Kalmarsunds Gymnasieförbund;8324016453;Engelska 5;169;1,2;81,1;17,8;38;.;84,2;15,8;131;1,5;80,2;18,3;
Lars Kaggskolan;37917591;Kalmar;0880;Kommunal;Kalmarsunds Gymnasieförbund;8324016453;Engelska 6;195;1,0;73,3;25,6;73;.;65,8;34,2;122;1,6;77,9;20,5;
Lars Kaggskolan;37917591;Kalmar;0880;Kommunal;Kalmarsunds Gymnasieförbund;8324016453;Matematik 1A;172;.;80,8;19,2;40;.;87,5;12,5;132;.;78,8;21,2;
Lars Kaggskolan;37917591;Kalmar;0880;Kommunal;Kalmarsunds Gymnasieförbund;8324016453;Matematik 3C;105;1,0;73,3;25,7;35;.;65,7;34,3;70;1,4;77,1;21,4;
Lars Kaggskolan;37917591;Kalmar;0880;Kommunal;Kalmarsunds Gymnasieförbund;8324016453;Matematik 4;37;.;78,4;21,6;22;.;68,2;31,8;15;.;93,3;6,7;
Lars Kaggskolan;37917591;Kalmar;0880;Kommunal;Kalmarsunds Gymnasieförbund;8324016453;Svenska 1;154;3,9;67,5;28,6;37;.;81,1;18,9;117;5,1;63,2;31,6;
Lars Kaggskolan;37917591;Kalmar;0880;Kommunal;Kalmarsunds Gymnasieförbund;8324016453;Svenska 3;157;15,9;71,3;12,7;66;6,1;80,3;13,6;91;23,1;64,8;12,1;
Lars Kaggskolan;37917591;Kalmar;0880;Kommunal;Kalmarsunds Gymnasieförbund;8324016453;Svenska som andraspråk 3;31;.;93,5;6,5;13;.;92,3;7,7;18;.;94,4;5,6;
Naturbruksgymnasiet Kalmar 1;88624631;Kalmar;0880;Enskild;Hushållningssällskapet Kalmar-Kronoberg-Blekinge;2620000071;Engelska 5;51;.;74,5;25,5;31;.;71,0;29,0;20;.;80,0;20,0;
Naturbruksgymnasiet Kalmar 1;88624631;Kalmar;0880;Enskild;Hushållningssällskapet Kalmar-Kronoberg-Blekinge;2620000071;Matematik 1A;54;1,9;44,4;53,7;31;.;48,4;51,6;23;4,3;39,1;56,5;
Naturbruksgymnasiet Kalmar 1;88624631;Kalmar;0880;Enskild;Hushållningssällskapet Kalmar-Kronoberg-Blekinge;2620000071;Svenska 1;48;2,1;75,0;22,9;27;3,7;74,1;22,2;21;.;76,2;23,8;
Praktiska Gymnasiet Kalmar;31657916;Kalmar;0880;Enskild;Praktiska Sverige AB;5562575786;Engelska 5;40;10,0;80,0;10,0;20;15,0;80,0;5,0;20;5,0;80,0;15,0;
Praktiska Gymnasiet Kalmar;31657916;Kalmar;0880;Enskild;Praktiska Sverige AB;5562575786;Matematik 1A;52;1,9;34,6;63,5;25;4,0;16,0;80,0;27;.;51,9;48,1;
Praktiska Gymnasiet Kalmar;31657916;Kalmar;0880;Enskild;Praktiska Sverige AB;5562575786;Svenska 1;37;.;56,8;43,2;17;.;64,7;35,3;20;.;50,0;50,0;
Praktiska Gymnasiet Kalmar;31657916;Kalmar;0880;Enskild;Praktiska Sverige AB;5562575786;Svenska som andraspråk 1;12;.;41,7;58,3;7;..;..;..;5;..;..;..;
Stagneliusskolan;23058925;Kalmar;0880;Kommunal;Kalmarsunds Gymnasieförbund;8324016453;Engelska 5;23;30,4;52,2;17,4;12;25,0;41,7;33,3;11;36,4;63,6;.;
Stagneliusskolan;23058925;Kalmar;0880;Kommunal;Kalmarsunds Gymnasieförbund;8324016453;Engelska 6;324;7,1;59,9;33,0;189;4,8;58,2;37,0;135;10,4;62,2;27,4;
Stagneliusskolan;23058925;Kalmar;0880;Kommunal;Kalmarsunds Gymnasieförbund;8324016453;Matematik 1A;46;2,2;87,0;10,9;22;.;81,8;18,2;24;4,2;91,7;4,2;
Stagneliusskolan;23058925;Kalmar;0880;Kommunal;Kalmarsunds Gymnasieförbund;8324016453;Matematik 2B;269;.;39,0;61,0;176;.;34,1;65,9;93;.;48,4;51,6;
Stagneliusskolan;23058925;Kalmar;0880;Kommunal;Kalmarsunds Gymnasieförbund;8324016453;Matematik 3B;60;.;81,7;18,3;8;..;..;..;52;..;..;..;
Stagneliusskolan;23058925;Kalmar;0880;Kommunal;Kalmarsunds Gymnasieförbund;8324016453;Svenska 1;19;.;68,4;31,6;12;..;..;..;7;..;..;..;
Stagneliusskolan;23058925;Kalmar;0880;Kommunal;Kalmarsunds Gymnasieförbund;8324016453;Svenska 3;257;5,1;45,9;49,0;135;4,4;38,5;57,0;122;5,7;54,1;40,2;
Stagneliusskolan;23058925;Kalmar;0880;Kommunal;Kalmarsunds Gymnasieförbund;8324016453;Svenska som andraspråk 1;2;..;..;..;2;..;..;..;.;.;.;.;
Stagneliusskolan;23058925;Kalmar;0880;Kommunal;Kalmarsunds Gymnasieförbund;8324016453;Svenska som andraspråk 3;37;.;62,2;37,8;16;.;62,5;37,5;21;.;61,9;38,1;
SYAB Transportgymnasium;46241804;Kalmar;0880;Enskild;SYAB Transportgymnasium AB;5567290035;Engelska 5;34;.;94,1;5,9;6;..;..;..;28;..;..;..;
SYAB Transportgymnasium;46241804;Kalmar;0880;Enskild;SYAB Transportgymnasium AB;5567290035;Matematik 1A;35;2,9;42,9;54,3;6;..;..;..;29;..;..;..;
SYAB Transportgymnasium;46241804;Kalmar;0880;Enskild;SYAB Transportgymnasium AB;5567290035;Svenska 1;35;.;34,3;65,7;6;..;..;..;29;..;..;..;
Fria Läroverken i Karlshamn;42573391;Karlshamn;1082;Enskild;Gymnasieskolor i Syd AB;5569306979;Engelska 5;22;.;86,4;13,6;16;..;..;..;6;..;..;..;
Fria Läroverken i Karlshamn;42573391;Karlshamn;1082;Enskild;Gymnasieskolor i Syd AB;5569306979;Engelska 6;4;..;..;..;2;..;..;..;2;..;..;..;
Fria Läroverken i Karlshamn;42573391;Karlshamn;1082;Enskild;Gymnasieskolor i Syd AB;5569306979;Matematik 2B;2;..;..;..;.;.;.;.;2;..;..;..;
Fria Läroverken i Karlshamn;42573391;Karlshamn;1082;Enskild;Gymnasieskolor i Syd AB;5569306979;Matematik 3B;2;..;..;..;1;..;..;..;1;..;..;..;
Fria Läroverken i Karlshamn;42573391;Karlshamn;1082;Enskild;Gymnasieskolor i Syd AB;5569306979;Svenska 1;27;.;88,9;11,1;20;..;..;..;7;..;..;..;
Fria Läroverken i Karlshamn;42573391;Karlshamn;1082;Enskild;Gymnasieskolor i Syd AB;5569306979;Svenska 3;8;..;..;..;5;..;..;..;3;..;..;..;
Vägga gymnasieskola 2;64574972;Karlshamn;1082;Kommunal;Karlshamns kommun;2120000845;Engelska 5;12;16,7;66,7;16,7;11;..;..;..;1;..;..;..;
Vägga gymnasieskola 2;64574972;Karlshamn;1082;Kommunal;Karlshamns kommun;2120000845;Matematik 1A;15;.;66,7;33,3;13;..;..;..;2;..;..;..;
Vägga gymnasieskola 2;64574972;Karlshamn;1082;Kommunal;Karlshamns kommun;2120000845;Matematik 1B;19;.;68,4;31,6;15;..;..;..;4;..;..;..;
Vägga gymnasieskola 2;64574972;Karlshamn;1082;Kommunal;Karlshamns kommun;2120000845;Matematik 2B;21;.;57,1;42,9;20;..;..;..;1;..;..;..;
Vägga gymnasieskola 2;64574972;Karlshamn;1082;Kommunal;Karlshamns kommun;2120000845;Svenska 1;22;4,5;45,5;50,0;19;..;..;..;3;..;..;..;
Vägga gymnasieskola 2;64574972;Karlshamn;1082;Kommunal;Karlshamns kommun;2120000845;Svenska 3;51;13,7;60,8;25,5;42;..;..;..;9;..;..;..;
Vägga gymnasieskola 2;64574972;Karlshamn;1082;Kommunal;Karlshamns kommun;2120000845;Svenska som andraspråk 3;9;..;..;..;7;..;..;..;2;..;..;..;
Vägga gymnasieskola 3;19741742;Karlshamn;1082;Kommunal;Karlshamns kommun;2120000845;Engelska 5;19;10,5;89,5;.;6;..;..;..;13;..;..;..;
Vägga gymnasieskola 3;19741742;Karlshamn;1082;Kommunal;Karlshamns kommun;2120000845;Engelska 6;23;8,7;69,6;21,7;12;.;66,7;33,3;11;18,2;72,7;9,1;
Vägga gymnasieskola 3;19741742;Karlshamn;1082;Kommunal;Karlshamns kommun;2120000845;Matematik 1A;48;.;91,7;8,3;17;.;82,4;17,6;31;.;96,8;3,2;
Vägga gymnasieskola 3;19741742;Karlshamn;1082;Kommunal;Karlshamns kommun;2120000845;Matematik 2B;29;.;72,4;27,6;19;.;73,7;26,3;10;.;70,0;30,0;
Vägga gymnasieskola 3;19741742;Karlshamn;1082;Kommunal;Karlshamns kommun;2120000845;Matematik 3B;28;.;89,3;10,7;11;.;90,9;9,1;17;.;88,2;11,8;
Vägga gymnasieskola 3;19741742;Karlshamn;1082;Kommunal;Karlshamns kommun;2120000845;Svenska 1;39;5,1;64,1;30,8;13;15,4;53,8;30,8;26;.;69,2;30,8;
Vägga gymnasieskola 3;19741742;Karlshamn;1082;Kommunal;Karlshamns kommun;2120000845;Svenska 3;61;.;42,6;57,4;31;.;41,9;58,1;30;.;43,3;56,7;
Vägga gymnasieskola 4;29032715;Karlshamn;1082;Kommunal;Karlshamns kommun;2120000845;Engelska 5;18;27,8;72,2;.;1;..;..;..;17;..;..;..;
Vägga gymnasieskola 4;29032715;Karlshamn;1082;Kommunal;Karlshamns kommun;2120000845;Engelska 6;63;1,6;69,8;28,6;21;.;52,4;47,6;42;2,4;78,6;19,0;
Vägga gymnasieskola 4;29032715;Karlshamn;1082;Kommunal;Karlshamns kommun;2120000845;Matematik 1A;42;.;95,2;4,8;11;.;90,9;9,1;31;.;96,8;3,2;
Vägga gymnasieskola 4;29032715;Karlshamn;1082;Kommunal;Karlshamns kommun;2120000845;Matematik 3C;38;.;81,6;18,4;9;..;..;..;29;..;..;..;
Vägga gymnasieskola 4;29032715;Karlshamn;1082;Kommunal;Karlshamns kommun;2120000845;Matematik 4;10;.;80,0;20,0;7;..;..;..;3;..;..;..;
Vägga gymnasieskola 4;29032715;Karlshamn;1082;Kommunal;Karlshamns kommun;2120000845;Svenska 1;27;7,4;59,3;33,3;4;..;..;..;23;..;..;..;
Vägga gymnasieskola 4;29032715;Karlshamn;1082;Kommunal;Karlshamns kommun;2120000845;Svenska 3;41;14,6;53,7;31,7;21;14,3;42,9;42,9;20;15,0;65,0;20,0;
Vägga gymnasieskola 4;29032715;Karlshamn;1082;Kommunal;Karlshamns kommun;2120000845;Svenska som andraspråk 3;20;.;65,0;35,0;8;..;..;..;12;..;..;..;
Karlskoga Idrottsgymnasium;45830583;Karlskoga;1883;Enskild;Karlskoga Idrottsgymnasium AB;5567823611;Engelska 6;11;.;100,0;.;6;..;..;..;5;..;..;..;
Karlskoga Idrottsgymnasium;45830583;Karlskoga;1883;Enskild;Karlskoga Idrottsgymnasium AB;5567823611;Matematik 2B;3;..;..;..;3;..;..;..;.;.;.;.;
Karlskoga Idrottsgymnasium;45830583;Karlskoga;1883;Enskild;Karlskoga Idrottsgymnasium AB;5567823611;Matematik 3B;6;..;..;..;2;..;..;..;4;..;..;..;
Karlskoga Idrottsgymnasium;45830583;Karlskoga;1883;Enskild;Karlskoga Idrottsgymnasium AB;5567823611;Svenska 3;23;8,7;73,9;17,4;10;10,0;90,0;.;13;7,7;61,5;30,8;
Karlskoga Idrottsgymnasium;45830583;Karlskoga;1883;Enskild;Karlskoga Idrottsgymnasium AB;5567823611;Svenska som andraspråk 3;1;..;..;..;1;..;..;..;.;.;.;.;
Möckelngymnasiet;70669322;Karlskoga;1883;Kommunal;Karlskoga kommun;2120001991;Engelska 5;94;24,5;70,2;5,3;33;21,2;72,7;6,1;61;26,2;68,9;4,9;
Möckelngymnasiet;70669322;Karlskoga;1883;Kommunal;Karlskoga kommun;2120001991;Engelska 6;144;6,3;81,3;12,5;68;2,9;75,0;22,1;76;9,2;86,8;3,9;
Möckelngymnasiet;70669322;Karlskoga;1883;Kommunal;Karlskoga kommun;2120001991;Matematik 1A;75;4,0;60,0;36,0;30;.;56,7;43,3;45;6,7;62,2;31,1;
Möckelngymnasiet;70669322;Karlskoga;1883;Kommunal;Karlskoga kommun;2120001991;Matematik 2B;49;.;40,8;59,2;38;.;44,7;55,3;11;.;27,3;72,7;
Möckelngymnasiet;70669322;Karlskoga;1883;Kommunal;Karlskoga kommun;2120001991;Matematik 3B;12;.;16,7;83,3;2;..;..;..;10;..;..;..;
Möckelngymnasiet;70669322;Karlskoga;1883;Kommunal;Karlskoga kommun;2120001991;Matematik 4;25;.;92,0;8,0;13;.;84,6;15,4;12;.;100,0;.;
Möckelngymnasiet;70669322;Karlskoga;1883;Kommunal;Karlskoga kommun;2120001991;Svenska 1;84;3,6;67,9;28,6;30;.;63,3;36,7;54;5,6;70,4;24,1;
Möckelngymnasiet;70669322;Karlskoga;1883;Kommunal;Karlskoga kommun;2120001991;Svenska 3;110;4,5;58,2;37,3;55;7,3;54,5;38,2;55;1,8;61,8;36,4;
Möckelngymnasiet;70669322;Karlskoga;1883;Kommunal;Karlskoga kommun;2120001991;Svenska som andraspråk 1;6;..;..;..;1;..;..;..;5;..;..;..;
Möckelngymnasiet;70669322;Karlskoga;1883;Kommunal;Karlskoga kommun;2120001991;Svenska som andraspråk 3;19;.;78,9;21,1;9;..;..;..;10;..;..;..;
af Chapmangymnasiet;30530571;Karlskrona;1080;Kommunal;Karlskrona kommun;2120000829;Engelska 5;36;8,3;58,3;33,3;23;.;47,8;52,2;13;23,1;76,9;.;
af Chapmangymnasiet;30530571;Karlskrona;1080;Kommunal;Karlskrona kommun;2120000829;Engelska 6;174;7,5;81,0;11,5;109;2,8;81,7;15,6;65;15,4;80,0;4,6;
af Chapmangymnasiet;30530571;Karlskrona;1080;Kommunal;Karlskrona kommun;2120000829;Matematik 1A;22;.;90,9;9,1;14;..;..;..;8;..;..;..;
af Chapmangymnasiet;30530571;Karlskrona;1080;Kommunal;Karlskrona kommun;2120000829;Matematik 2B;114;.;74,6;25,4;80;.;71,3;28,8;34;.;82,4;17,6;
af Chapmangymnasiet;30530571;Karlskrona;1080;Kommunal;Karlskrona kommun;2120000829;Matematik 3B;25;4,0;88,0;8,0;13;7,7;92,3;.;12;.;83,3;16,7;
af Chapmangymnasiet;30530571;Karlskrona;1080;Kommunal;Karlskrona kommun;2120000829;Svenska 1;43;2,3;72,1;25,6;29;.;75,9;24,1;14;7,1;64,3;28,6;
af Chapmangymnasiet;30530571;Karlskrona;1080;Kommunal;Karlskrona kommun;2120000829;Svenska 3;167;4,8;53,3;41,9;107;2,8;52,3;44,9;60;8,3;55,0;36,7;
af Chapmangymnasiet;30530571;Karlskrona;1080;Kommunal;Karlskrona kommun;2120000829;Svenska som andraspråk 1;1;..;..;..;.;.;.;.;1;..;..;..;
af Chapmangymnasiet;30530571;Karlskrona;1080;Kommunal;Karlskrona kommun;2120000829;Svenska som andraspråk 3;6;..;..;..;4;..;..;..;2;..;..;..;
Aspero Idrottsgymn. Karlskrona;78839208;Karlskrona;1080;Enskild;Aspero Friskolor AB;5566363973;Matematik 2B;50;.;92,0;8,0;19;.;89,5;10,5;31;.;93,5;6,5;
Ehrensvärdska gymnasiet;96024712;Karlskrona;1080;Kommunal;Karlskrona kommun;2120000829;Engelska 5;66;7,6;83,3;9,1;60;..;..;..;6;..;..;..;
Ehrensvärdska gymnasiet;96024712;Karlskrona;1080;Kommunal;Karlskrona kommun;2120000829;Engelska 6;105;17,1;70,5;12,4;51;13,7;68,6;17,6;54;20,4;72,2;7,4;
Ehrensvärdska gymnasiet;96024712;Karlskrona;1080;Kommunal;Karlskrona kommun;2120000829;Matematik 1A;69;.;82,6;17,4;62;..;..;..;7;..;..;..;
Ehrensvärdska gymnasiet;96024712;Karlskrona;1080;Kommunal;Karlskrona kommun;2120000829;Matematik 4;84;.;85,7;14,3;38;.;84,2;15,8;46;.;87,0;13,0;
Ehrensvärdska gymnasiet;96024712;Karlskrona;1080;Kommunal;Karlskrona kommun;2120000829;Svenska 1;60;.;58,3;41,7;56;..;..;..;4;..;..;..;
Ehrensvärdska gymnasiet;96024712;Karlskrona;1080;Kommunal;Karlskrona kommun;2120000829;Svenska 3;104;1,9;39,4;58,7;45;.;31,1;68,9;59;3,4;45,8;50,8;
Ehrensvärdska gymnasiet;96024712;Karlskrona;1080;Kommunal;Karlskrona kommun;2120000829;Svenska som andraspråk 1;6;..;..;..;3;..;..;..;3;..;..;..;
Ehrensvärdska gymnasiet;96024712;Karlskrona;1080;Kommunal;Karlskrona kommun;2120000829;Svenska som andraspråk 3;29;3,4;20,7;75,9;8;..;..;..;21;..;..;..;
Törnströmska gymnasiet;85800840;Karlskrona;1080;Kommunal;Karlskrona kommun;2120000829;Engelska 5;99;15,2;74,7;10,1;20;5,0;75,0;20,0;79;17,7;74,7;7,6;
Törnströmska gymnasiet;85800840;Karlskrona;1080;Kommunal;Karlskrona kommun;2120000829;Engelska 6;38;15,8;65,8;18,4;27;11,1;74,1;14,8;11;27,3;45,5;27,3;
Törnströmska gymnasiet;85800840;Karlskrona;1080;Kommunal;Karlskrona kommun;2120000829;Matematik 1A;134;9,0;73,9;17,2;23;4,3;69,6;26,1;111;9,9;74,8;15,3;
Törnströmska gymnasiet;85800840;Karlskrona;1080;Kommunal;Karlskrona kommun;2120000829;Matematik 1B;47;8,5;66,0;25,5;21;14,3;52,4;33,3;26;3,8;76,9;19,2;
Törnströmska gymnasiet;85800840;Karlskrona;1080;Kommunal;Karlskrona kommun;2120000829;Svenska 1;88;10,2;50,0;39,8;17;11,8;41,2;47,1;71;9,9;52,1;38,0;
Törnströmska gymnasiet;85800840;Karlskrona;1080;Kommunal;Karlskrona kommun;2120000829;Svenska 3;32;9,4;43,8;46,9;20;15,0;35,0;50,0;12;.;58,3;41,7;
Törnströmska gymnasiet;85800840;Karlskrona;1080;Kommunal;Karlskrona kommun;2120000829;Svenska som andraspråk 1;9;..;..;..;.;.;.;.;9;..;..;..;
Törnströmska gymnasiet;85800840;Karlskrona;1080;Kommunal;Karlskrona kommun;2120000829;Svenska som andraspråk 3;1;..;..;..;1;..;..;..;.;.;.;.;
Drottning Blankas Gymnasieskola Karlstad;93947551;Karlstad;1780;Enskild;DBGY Juvelen AB;5565789129;Engelska 5;18;5,6;83,3;11,1;18;..;..;..;.;.;.;.;
Drottning Blankas Gymnasieskola Karlstad;93947551;Karlstad;1780;Enskild;DBGY Juvelen AB;5565789129;Matematik 1A;23;.;39,1;60,9;23;..;..;..;.;.;.;.;
Drottning Blankas Gymnasieskola Karlstad;93947551;Karlstad;1780;Enskild;DBGY Juvelen AB;5565789129;Svenska 1;21;.;57,1;42,9;21;..;..;..;.;.;.;.;
Fria Läroverken Karlstad;27115998;Karlstad;1780;Enskild;Fria Läroverken i Sverige AB;5569172041;Engelska 5;49;2,0;93,9;4,1;14;.;100,0;.;35;2,9;91,4;5,7;
Fria Läroverken Karlstad;27115998;Karlstad;1780;Enskild;Fria Läroverken i Sverige AB;5569172041;Engelska 6;138;.;91,3;8,7;61;.;90,2;9,8;77;.;92,2;7,8;
Fria Läroverken Karlstad;27115998;Karlstad;1780;Enskild;Fria Läroverken i Sverige AB;5569172041;Matematik 1A;53;.;90,6;9,4;16;.;93,8;6,3;37;.;89,2;10,8;
Fria Läroverken Karlstad;27115998;Karlstad;1780;Enskild;Fria Läroverken i Sverige AB;5569172041;Matematik 2B;84;.;86,9;13,1;47;.;80,9;19,1;37;.;94,6;5,4;
Fria Läroverken Karlstad;27115998;Karlstad;1780;Enskild;Fria Läroverken i Sverige AB;5569172041;Matematik 3B;27;.;66,7;33,3;4;..;..;..;23;..;..;..;
Fria Läroverken Karlstad;27115998;Karlstad;1780;Enskild;Fria Läroverken i Sverige AB;5569172041;Matematik 3C;1;..;..;..;1;..;..;..;.;.;.;.;
Fria Läroverken Karlstad;27115998;Karlstad;1780;Enskild;Fria Läroverken i Sverige AB;5569172041;Matematik 4;6;..;..;..;3;..;..;..;3;..;..;..;
Fria Läroverken Karlstad;27115998;Karlstad;1780;Enskild;Fria Läroverken i Sverige AB;5569172041;Svenska 1;46;4,3;56,5;39,1;15;.;60,0;40,0;31;6,5;54,8;38,7;
Fria Läroverken Karlstad;27115998;Karlstad;1780;Enskild;Fria Läroverken i Sverige AB;5569172041;Svenska 3;133;3,8;73,7;22,6;56;.;67,9;32,1;77;6,5;77,9;15,6;
Fria Läroverken Karlstad;27115998;Karlstad;1780;Enskild;Fria Läroverken i Sverige AB;5569172041;Svenska som andraspråk 1;5;..;..;..;1;..;..;..;4;..;..;..;
Fria Läroverken Karlstad;27115998;Karlstad;1780;Enskild;Fria Läroverken i Sverige AB;5569172041;Svenska som andraspråk 3;1;..;..;..;1;..;..;..;.;.;.;.;
Karlstads Globala Gymnasium;54399371;Karlstad;1780;Enskild;Global bildning AB;5592340144;Engelska 6;74;2,7;47,3;50,0;33;3,0;45,5;51,5;41;2,4;48,8;48,8;
Karlstads Globala Gymnasium;54399371;Karlstad;1780;Enskild;Global bildning AB;5592340144;Matematik 2B;20;.;80,0;20,0;14;..;..;..;6;..;..;..;
Karlstads Globala Gymnasium;54399371;Karlstad;1780;Enskild;Global bildning AB;5592340144;Matematik 3B;6;..;..;..;5;..;..;..;1;..;..;..;
Karlstads Globala Gymnasium;54399371;Karlstad;1780;Enskild;Global bildning AB;5592340144;Matematik 4;38;.;78,9;21,1;16;.;56,3;43,8;22;.;95,5;4,5;
Karlstads Globala Gymnasium;54399371;Karlstad;1780;Enskild;Global bildning AB;5592340144;Svenska 3;68;.;51,5;48,5;45;.;51,1;48,9;23;.;52,2;47,8;
Karlstads Globala Gymnasium;54399371;Karlstad;1780;Enskild;Global bildning AB;5592340144;Svenska som andraspråk 3;15;.;60,0;40,0;6;..;..;..;9;..;..;..;
KLARA Teoretiska Gymnasium Karlstad;79516949;Karlstad;1780;Enskild;KLARA Gymnasium Kunskap AB;5566303938;Engelska 6;28;14,3;78,6;7,1;14;14,3;78,6;7,1;14;14,3;78,6;7,1;
KLARA Teoretiska Gymnasium Karlstad;79516949;Karlstad;1780;Enskild;KLARA Gymnasium Kunskap AB;5566303938;Matematik 2B;7;..;..;..;6;..;..;..;1;..;..;..;
KLARA Teoretiska Gymnasium Karlstad;79516949;Karlstad;1780;Enskild;KLARA Gymnasium Kunskap AB;5566303938;Matematik 3B;1;..;..;..;.;.;.;.;1;..;..;..;
KLARA Teoretiska Gymnasium Karlstad;79516949;Karlstad;1780;Enskild;KLARA Gymnasium Kunskap AB;5566303938;Matematik 3C;7;..;..;..;1;..;..;..;6;..;..;..;
KLARA Teoretiska Gymnasium Karlstad;79516949;Karlstad;1780;Enskild;KLARA Gymnasium Kunskap AB;5566303938;Svenska 3;13;.;61,5;38,5;4;..;..;..;9;..;..;..;
KLARA Teoretiska Gymnasium Karlstad;79516949;Karlstad;1780;Enskild;KLARA Gymnasium Kunskap AB;5566303938;Svenska som andraspråk 3;5;..;..;..;3;..;..;..;2;..;..;..;
Lillerudsgymnasiet AB;65662401;Karlstad;1780;Enskild;Lillerudsgymnasiet AB;5566243548;Engelska 5;77;3,9;79,2;16,9;64;4,7;76,6;18,8;13;.;92,3;7,7;
Lillerudsgymnasiet AB;65662401;Karlstad;1780;Enskild;Lillerudsgymnasiet AB;5566243548;Matematik 1A;79;2,5;65,8;31,6;62;.;61,3;38,7;17;11,8;82,4;5,9;
Lillerudsgymnasiet AB;65662401;Karlstad;1780;Enskild;Lillerudsgymnasiet AB;5566243548;Svenska 1;74;2,7;75,7;21,6;62;3,2;77,4;19,4;12;.;66,7;33,3;
Lillerudsgymnasiet AB;65662401;Karlstad;1780;Enskild;Lillerudsgymnasiet AB;5566243548;Svenska som andraspråk 1;4;..;..;..;2;..;..;..;2;..;..;..;
Nobelgymnasiet 1;55654062;Karlstad;1780;Kommunal;Karlstads kommun;2120001850;Engelska 5;65;6,2;89,2;4,6;14;.;92,9;7,1;51;7,8;88,2;3,9;
Nobelgymnasiet 1;55654062;Karlstad;1780;Kommunal;Karlstads kommun;2120001850;Matematik 1A;72;.;70,8;29,2;16;.;75,0;25,0;56;.;69,6;30,4;
Nobelgymnasiet 1;55654062;Karlstad;1780;Kommunal;Karlstads kommun;2120001850;Svenska 1;66;.;65,2;34,8;12;.;83,3;16,7;54;.;61,1;38,9;
Nobelgymnasiet 1;55654062;Karlstad;1780;Kommunal;Karlstads kommun;2120001850;Svenska som andraspråk 1;3;..;..;..;1;..;..;..;2;..;..;..;
Nobelgymnasiet 2;82378820;Karlstad;1780;Kommunal;Karlstads kommun;2120001850;Engelska 5;70;22,9;70,0;7,1;29;6,9;82,8;10,3;41;34,1;61,0;4,9;
Nobelgymnasiet 2;82378820;Karlstad;1780;Kommunal;Karlstads kommun;2120001850;Matematik 1A;68;1,5;85,3;13,2;27;3,7;77,8;18,5;41;.;90,2;9,8;
Nobelgymnasiet 2;82378820;Karlstad;1780;Kommunal;Karlstads kommun;2120001850;Svenska 1;66;7,6;66,7;25,8;31;.;71,0;29,0;35;14,3;62,9;22,9;
Nobelgymnasiet 2;82378820;Karlstad;1780;Kommunal;Karlstads kommun;2120001850;Svenska som andraspråk 1;5;..;..;..;.;.;.;.;5;..;..;..;
Nobelgymnasiet 3;79909954;Karlstad;1780;Kommunal;Karlstads kommun;2120001850;Engelska 5;50;12,0;74,0;14,0;9;..;..;..;41;..;..;..;
Nobelgymnasiet 3;79909954;Karlstad;1780;Kommunal;Karlstads kommun;2120001850;Matematik 1A;55;.;81,8;18,2;9;..;..;..;46;..;..;..;
Nobelgymnasiet 3;79909954;Karlstad;1780;Kommunal;Karlstads kommun;2120001850;Svenska 1;48;2,1;72,9;25,0;8;..;..;..;40;..;..;..;
Nobelgymnasiet 3;79909954;Karlstad;1780;Kommunal;Karlstads kommun;2120001850;Svenska som andraspråk 1;2;..;..;..;.;.;.;.;2;..;..;..;
Nobelgymnasiet 4;83612768;Karlstad;1780;Kommunal;Karlstads kommun;2120001850;Engelska 5;24;20,8;70,8;8,3;17;..;..;..;7;..;..;..;
Nobelgymnasiet 4;83612768;Karlstad;1780;Kommunal;Karlstads kommun;2120001850;Matematik 1A;23;4,3;65,2;30,4;18;..;..;..;5;..;..;..;
Nobelgymnasiet 4;83612768;Karlstad;1780;Kommunal;Karlstads kommun;2120001850;Svenska 1;25;16,0;52,0;32,0;19;..;..;..;6;..;..;..;
NTI Gymnasiet Karlstad;41867682;Karlstad;1780;Enskild;NTI Gymnasiet Ellips AB;5565970471;Engelska 5;20;5,0;80,0;15,0;2;..;..;..;18;..;..;..;
NTI Gymnasiet Karlstad;41867682;Karlstad;1780;Enskild;NTI Gymnasiet Ellips AB;5565970471;Engelska 6;28;25,0;67,9;7,1;4;..;..;..;24;..;..;..;
NTI Gymnasiet Karlstad;41867682;Karlstad;1780;Enskild;NTI Gymnasiet Ellips AB;5565970471;Matematik 1A;23;.;73,9;26,1;2;..;..;..;21;..;..;..;
NTI Gymnasiet Karlstad;41867682;Karlstad;1780;Enskild;NTI Gymnasiet Ellips AB;5565970471;Matematik 1B;10;.;100,0;.;2;..;..;..;8;..;..;..;
NTI Gymnasiet Karlstad;41867682;Karlstad;1780;Enskild;NTI Gymnasiet Ellips AB;5565970471;Svenska 1;21;4,8;57,1;38,1;2;..;..;..;19;..;..;..;
NTI Gymnasiet Karlstad;41867682;Karlstad;1780;Enskild;NTI Gymnasiet Ellips AB;5565970471;Svenska 3;28;7,1;60,7;32,1;4;..;..;..;24;..;..;..;
NTI Gymnasiet Karlstad;41867682;Karlstad;1780;Enskild;NTI Gymnasiet Ellips AB;5565970471;Svenska som andraspråk 1;1;..;..;..;.;.;.;.;1;..;..;..;
NTI Gymnasiet Karlstad;41867682;Karlstad;1780;Enskild;NTI Gymnasiet Ellips AB;5565970471;Svenska som andraspråk 3;5;..;..;..;.;.;.;.;5;..;..;..;
Praktiska Gymnasiet Karlstad;38645259;Karlstad;1780;Enskild;Praktiska Sverige AB;5562575786;Engelska 5;61;11,5;80,3;8,2;26;11,5;80,8;7,7;35;11,4;80,0;8,6;
Praktiska Gymnasiet Karlstad;38645259;Karlstad;1780;Enskild;Praktiska Sverige AB;5562575786;Matematik 1A;69;4,3;75,4;20,3;33;3,0;81,8;15,2;36;5,6;69,4;25,0;
Praktiska Gymnasiet Karlstad;38645259;Karlstad;1780;Enskild;Praktiska Sverige AB;5562575786;Svenska 1;51;2,0;45,1;52,9;22;4,5;36,4;59,1;29;.;51,7;48,3;
Praktiska Gymnasiet Karlstad;38645259;Karlstad;1780;Enskild;Praktiska Sverige AB;5562575786;Svenska som andraspråk 1;16;.;37,5;62,5;11;..;..;..;5;..;..;..;
Realgymnasiet Karlstad;59571562;Karlstad;1780;Enskild;Lärande i Sverige AB;5565715892;Engelska 5;28;28,6;64,3;7,1;26;..;..;..;2;..;..;..;
Realgymnasiet Karlstad;59571562;Karlstad;1780;Enskild;Lärande i Sverige AB;5565715892;Matematik 1A;34;2,9;88,2;8,8;32;..;..;..;2;..;..;..;
Realgymnasiet Karlstad;59571562;Karlstad;1780;Enskild;Lärande i Sverige AB;5565715892;Svenska 1;28;.;85,7;14,3;26;..;..;..;2;..;..;..;
Sundsta-Älvkullegymnasiet 1;99147574;Karlstad;1780;Kommunal;Karlstads kommun;2120001850;Engelska 6;121;5,0;85,1;9,9;63;7,9;79,4;12,7;58;1,7;91,4;6,9;
Sundsta-Älvkullegymnasiet 1;99147574;Karlstad;1780;Kommunal;Karlstads kommun;2120001850;Matematik 3C;15;.;80,0;20,0;9;..;..;..;6;..;..;..;
Sundsta-Älvkullegymnasiet 1;99147574;Karlstad;1780;Kommunal;Karlstads kommun;2120001850;Svenska 3;90;8,9;76,7;14,4;65;7,7;81,5;10,8;25;12,0;64,0;24,0;
Sundsta-Älvkullegymnasiet 1;99147574;Karlstad;1780;Kommunal;Karlstads kommun;2120001850;Svenska som andraspråk 3;22;4,5;72,7;22,7;9;..;..;..;13;..;..;..;
Sundsta-Älvkullegymnasiet 2;42168219;Karlstad;1780;Kommunal;Karlstads kommun;2120001850;Engelska 6;143;11,2;76,2;12,6;38;10,5;76,3;13,2;105;11,4;76,2;12,4;
Sundsta-Älvkullegymnasiet 2;42168219;Karlstad;1780;Kommunal;Karlstads kommun;2120001850;Matematik 3C;101;.;79,2;20,8;23;.;82,6;17,4;78;.;78,2;21,8;
Sundsta-Älvkullegymnasiet 2;42168219;Karlstad;1780;Kommunal;Karlstads kommun;2120001850;Svenska 3;135;3,7;64,4;31,9;32;.;56,3;43,8;103;4,9;67,0;28,2;
Sundsta-Älvkullegymnasiet 2;42168219;Karlstad;1780;Kommunal;Karlstads kommun;2120001850;Svenska som andraspråk 3;16;6,3;81,3;12,5;2;..;..;..;14;..;..;..;
Sundsta-Älvkullegymnasiet 4;89630390;Karlstad;1780;Kommunal;Karlstads kommun;2120001850;Engelska 6;145;9,7;80,7;9,7;109;7,3;83,5;9,2;36;16,7;72,2;11,1;
Sundsta-Älvkullegymnasiet 4;89630390;Karlstad;1780;Kommunal;Karlstads kommun;2120001850;Matematik 2B;162;.;69,8;30,2;121;.;69,4;30,6;41;.;70,7;29,3;
Sundsta-Älvkullegymnasiet 4;89630390;Karlstad;1780;Kommunal;Karlstads kommun;2120001850;Svenska 3;160;2,5;75,6;21,9;120;2,5;75,0;22,5;40;2,5;77,5;20,0;
Sundsta-Älvkullegymnasiet 4;89630390;Karlstad;1780;Kommunal;Karlstads kommun;2120001850;Svenska som andraspråk 3;7;..;..;..;3;..;..;..;4;..;..;..;
Sundsta-Älvkullegymnasiet 5;65637648;Karlstad;1780;Kommunal;Karlstads kommun;2120001850;Engelska 6;97;19,6;73,2;7,2;71;16,9;73,2;9,9;26;26,9;73,1;.;
Sundsta-Älvkullegymnasiet 5;65637648;Karlstad;1780;Kommunal;Karlstads kommun;2120001850;Matematik 1B;104;.;75,0;25,0;74;.;75,7;24,3;30;.;73,3;26,7;
Sundsta-Älvkullegymnasiet 5;65637648;Karlstad;1780;Kommunal;Karlstads kommun;2120001850;Svenska 3;95;5,3;62,1;32,6;71;1,4;63,4;35,2;24;16,7;58,3;25,0;
Sundsta-Älvkullegymnasiet 5;65637648;Karlstad;1780;Kommunal;Karlstads kommun;2120001850;Svenska som andraspråk 3;7;..;..;..;5;..;..;..;2;..;..;..;
Sundsta-Älvkullegymnasiet 6;62272121;Karlstad;1780;Kommunal;Karlstads kommun;2120001850;Engelska 6;22;22,7;68,2;9,1;17;..;..;..;5;..;..;..;
Sundsta-Älvkullegymnasiet 6;62272121;Karlstad;1780;Kommunal;Karlstads kommun;2120001850;Matematik 1B;17;.;76,5;23,5;13;..;..;..;4;..;..;..;
Sundsta-Älvkullegymnasiet 6;62272121;Karlstad;1780;Kommunal;Karlstads kommun;2120001850;Svenska 3;20;15,0;65,0;20,0;15;..;..;..;5;..;..;..;
Sundsta-Älvkullegymnasiet 6;62272121;Karlstad;1780;Kommunal;Karlstads kommun;2120001850;Svenska som andraspråk 3;4;..;..;..;4;..;..;..;.;.;.;.;
Thoren Business School Karlstad;87207941;Karlstad;1780;Enskild;Thorengruppen AB;5566139290;Engelska 5;9;..;..;..;1;..;..;..;8;..;..;..;
Thoren Business School Karlstad;87207941;Karlstad;1780;Enskild;Thorengruppen AB;5566139290;Engelska 6;42;2,4;83,3;14,3;26;3,8;80,8;15,4;16;.;87,5;12,5;
Thoren Business School Karlstad;87207941;Karlstad;1780;Enskild;Thorengruppen AB;5566139290;Matematik 1A;11;.;45,5;54,5;1;..;..;..;10;..;..;..;
Thoren Business School Karlstad;87207941;Karlstad;1780;Enskild;Thorengruppen AB;5566139290;Matematik 2B;24;.;50,0;50,0;15;..;..;..;9;..;..;..;
Thoren Business School Karlstad;87207941;Karlstad;1780;Enskild;Thorengruppen AB;5566139290;Matematik 3B;18;.;55,6;44,4;.;.;.;.;18;..;..;..;
Thoren Business School Karlstad;87207941;Karlstad;1780;Enskild;Thorengruppen AB;5566139290;Matematik 4;1;..;..;..;.;.;.;.;1;..;..;..;
Thoren Business School Karlstad;87207941;Karlstad;1780;Enskild;Thorengruppen AB;5566139290;Svenska 1;5;..;..;..;.;.;.;.;5;..;..;..;
Thoren Business School Karlstad;87207941;Karlstad;1780;Enskild;Thorengruppen AB;5566139290;Svenska 3;33;24,2;48,5;27,3;9;..;..;..;24;..;..;..;
Thoren Business School Karlstad;87207941;Karlstad;1780;Enskild;Thorengruppen AB;5566139290;Svenska som andraspråk 1;1;..;..;..;1;..;..;..;.;.;.;.;
Thoren Business School Karlstad;87207941;Karlstad;1780;Enskild;Thorengruppen AB;5566139290;Svenska som andraspråk 3;15;13,3;73,3;13,3;5;..;..;..;10;..;..;..;
Tingvallagymnasiet 1;73235474;Karlstad;1780;Kommunal;Karlstads kommun;2120001850;Engelska 5;14;14,3;78,6;7,1;6;..;..;..;8;..;..;..;
Tingvallagymnasiet 1;73235474;Karlstad;1780;Kommunal;Karlstads kommun;2120001850;Engelska 6;119;15,1;73,9;10,9;54;11,1;70,4;18,5;65;18,5;76,9;4,6;
Tingvallagymnasiet 1;73235474;Karlstad;1780;Kommunal;Karlstads kommun;2120001850;Matematik 2B;63;.;74,6;25,4;46;.;73,9;26,1;17;.;76,5;23,5;
Tingvallagymnasiet 1;73235474;Karlstad;1780;Kommunal;Karlstads kommun;2120001850;Matematik 3B;51;.;76,5;23,5;24;.;83,3;16,7;27;.;70,4;29,6;
Tingvallagymnasiet 1;73235474;Karlstad;1780;Kommunal;Karlstads kommun;2120001850;Svenska 1;8;..;..;..;5;..;..;..;3;..;..;..;
Tingvallagymnasiet 1;73235474;Karlstad;1780;Kommunal;Karlstads kommun;2120001850;Svenska som andraspråk 1;6;..;..;..;3;..;..;..;3;..;..;..;
Tingvallagymnasiet 2;56249605;Karlstad;1780;Kommunal;Karlstads kommun;2120001850;Engelska 5;45;20,0;75,6;4,4;31;22,6;74,2;3,2;14;14,3;78,6;7,1;
Tingvallagymnasiet 2;56249605;Karlstad;1780;Kommunal;Karlstads kommun;2120001850;Engelska 6;11;27,3;72,7;.;11;..;..;..;.;.;.;.;
Tingvallagymnasiet 2;56249605;Karlstad;1780;Kommunal;Karlstads kommun;2120001850;Matematik 1A;61;3,3;83,6;13,1;42;.;88,1;11,9;19;10,5;73,7;15,8;
Tingvallagymnasiet 2;56249605;Karlstad;1780;Kommunal;Karlstads kommun;2120001850;Svenska 1;59;6,8;64,4;28,8;41;7,3;63,4;29,3;18;5,6;66,7;27,8;
Tingvallagymnasiet 2;56249605;Karlstad;1780;Kommunal;Karlstads kommun;2120001850;Svenska som andraspråk 1;3;..;..;..;2;..;..;..;1;..;..;..;
Duveholmsgymnasiet 1;23836342;Katrineholm;0483;Kommunal;Katrineholms kommun;2120000340;Engelska 6;57;1,8;68,4;29,8;47;2,1;61,7;36,2;10;.;100,0;.;
Duveholmsgymnasiet 1;23836342;Katrineholm;0483;Kommunal;Katrineholms kommun;2120000340;Matematik 1B;4;..;..;..;4;..;..;..;.;.;.;.;
Duveholmsgymnasiet 1;23836342;Katrineholm;0483;Kommunal;Katrineholms kommun;2120000340;Matematik 2B;66;.;48,5;51,5;52;.;44,2;55,8;14;.;64,3;35,7;
Duveholmsgymnasiet 1;23836342;Katrineholm;0483;Kommunal;Katrineholms kommun;2120000340;Svenska 3;48;8,3;41,7;50,0;37;8,1;43,2;48,6;11;9,1;36,4;54,5;
Duveholmsgymnasiet 1;23836342;Katrineholm;0483;Kommunal;Katrineholms kommun;2120000340;Svenska som andraspråk 3;12;16,7;41,7;41,7;6;..;..;..;6;..;..;..;
Katrineholms Tekniska College 1;63791419;Katrineholm;0483;Kommunal;Katrineholms kommun;2120000340;Engelska 5;49;14,3;67,3;18,4;29;13,8;58,6;27,6;20;15,0;80,0;5,0;
Katrineholms Tekniska College 1;63791419;Katrineholm;0483;Kommunal;Katrineholms kommun;2120000340;Engelska 6;20;5,0;70,0;25,0;12;..;..;..;8;..;..;..;
Katrineholms Tekniska College 1;63791419;Katrineholm;0483;Kommunal;Katrineholms kommun;2120000340;Matematik 1A;56;5,4;71,4;23,2;34;2,9;79,4;17,6;22;9,1;59,1;31,8;
Katrineholms Tekniska College 1;63791419;Katrineholm;0483;Kommunal;Katrineholms kommun;2120000340;Svenska 1;39;5,1;33,3;61,5;23;8,7;21,7;69,6;16;.;50,0;50,0;
Katrineholms Tekniska College 1;63791419;Katrineholm;0483;Kommunal;Katrineholms kommun;2120000340;Svenska 3;22;22,7;45,5;31,8;18;..;..;..;4;..;..;..;
Katrineholms Tekniska College 1;63791419;Katrineholm;0483;Kommunal;Katrineholms kommun;2120000340;Svenska som andraspråk 1;12;.;33,3;66,7;10;..;..;..;2;..;..;..;
Katrineholms Tekniska College 1;63791419;Katrineholm;0483;Kommunal;Katrineholms kommun;2120000340;Svenska som andraspråk 3;4;..;..;..;2;..;..;..;2;..;..;..;
Katrineholms Tekniska College 2;39805497;Katrineholm;0483;Kommunal;Katrineholms kommun;2120000340;Engelska 5;67;14,9;73,1;11,9;2;..;..;..;65;..;..;..;
Katrineholms Tekniska College 2;39805497;Katrineholm;0483;Kommunal;Katrineholms kommun;2120000340;Engelska 6;16;.;43,8;56,3;.;.;.;.;16;..;..;..;
Katrineholms Tekniska College 2;39805497;Katrineholm;0483;Kommunal;Katrineholms kommun;2120000340;Matematik 1A;26;3,8;88,5;7,7;.;.;.;.;26;..;..;..;
Katrineholms Tekniska College 2;39805497;Katrineholm;0483;Kommunal;Katrineholms kommun;2120000340;Svenska 1;64;3,1;62,5;34,4;2;..;..;..;62;..;..;..;
Katrineholms Tekniska College 2;39805497;Katrineholm;0483;Kommunal;Katrineholms kommun;2120000340;Svenska 3;15;.;60,0;40,0;3;..;..;..;12;..;..;..;
Katrineholms Tekniska College 2;39805497;Katrineholm;0483;Kommunal;Katrineholms kommun;2120000340;Svenska som andraspråk 1;2;..;..;..;.;.;.;.;2;..;..;..;
Katrineholms Tekniska College 2;39805497;Katrineholm;0483;Kommunal;Katrineholms kommun;2120000340;Svenska som andraspråk 3;11;.;18,2;81,8;1;..;..;..;10;..;..;..;
Lindengymnasiet;38400227;Katrineholm;0483;Kommunal;Katrineholms kommun;2120000340;Engelska 5;43;.;83,7;16,3;23;.;82,6;17,4;20;.;85,0;15,0;
Lindengymnasiet;38400227;Katrineholm;0483;Kommunal;Katrineholms kommun;2120000340;Engelska 6;55;5,5;60,0;34,5;29;3,4;55,2;41,4;26;7,7;65,4;26,9;
Lindengymnasiet;38400227;Katrineholm;0483;Kommunal;Katrineholms kommun;2120000340;Matematik 1A;25;.;80,0;20,0;18;..;..;..;7;..;..;..;
Lindengymnasiet;38400227;Katrineholm;0483;Kommunal;Katrineholms kommun;2120000340;Matematik 2B;29;.;55,2;44,8;16;.;50,0;50,0;13;.;61,5;38,5;
Lindengymnasiet;38400227;Katrineholm;0483;Kommunal;Katrineholms kommun;2120000340;Matematik 3B;24;.;79,2;20,8;6;..;..;..;18;..;..;..;
Lindengymnasiet;38400227;Katrineholm;0483;Kommunal;Katrineholms kommun;2120000340;Svenska 1;51;.;33,3;66,7;31;.;29,0;71,0;20;.;40,0;60,0;
Lindengymnasiet;38400227;Katrineholm;0483;Kommunal;Katrineholms kommun;2120000340;Svenska 3;45;6,7;31,1;62,2;20;5,0;30,0;65,0;25;8,0;32,0;60,0;
Lindengymnasiet;38400227;Katrineholm;0483;Kommunal;Katrineholms kommun;2120000340;Svenska som andraspråk 1;4;..;..;..;1;..;..;..;3;..;..;..;
Lindengymnasiet;38400227;Katrineholm;0483;Kommunal;Katrineholms kommun;2120000340;Svenska som andraspråk 3;11;.;45,5;54,5;6;..;..;..;5;..;..;..;
Lapplands Gymnasium Kiruna enh. 1;53630885;Kiruna;2584;Kommunal;Lapplands Kommunalförbund;2220000760;Engelska 6;49;.;85,7;14,3;32;.;81,3;18,8;17;.;94,1;5,9;
Lapplands Gymnasium Kiruna enh. 1;53630885;Kiruna;2584;Kommunal;Lapplands Kommunalförbund;2220000760;Matematik 2B;38;.;47,4;52,6;25;.;48,0;52,0;13;.;46,2;53,8;
Lapplands Gymnasium Kiruna enh. 1;53630885;Kiruna;2584;Kommunal;Lapplands Kommunalförbund;2220000760;Matematik 3B;14;.;28,6;71,4;12;..;..;..;2;..;..;..;
Lapplands Gymnasium Kiruna enh. 1;53630885;Kiruna;2584;Kommunal;Lapplands Kommunalförbund;2220000760;Svenska 3;44;2,3;40,9;56,8;34;.;41,2;58,8;10;10,0;40,0;50,0;
Lapplands Gymnasium Kiruna enh. 2;53048977;Kiruna;2584;Kommunal;Lapplands Kommunalförbund;2220000760;Engelska 5;33;18,2;72,7;9,1;8;..;..;..;25;..;..;..;
Lapplands Gymnasium Kiruna enh. 2;53048977;Kiruna;2584;Kommunal;Lapplands Kommunalförbund;2220000760;Engelska 6;32;3,1;71,9;25,0;12;.;58,3;41,7;20;5,0;80,0;15,0;
Lapplands Gymnasium Kiruna enh. 2;53048977;Kiruna;2584;Kommunal;Lapplands Kommunalförbund;2220000760;Matematik 1A;38;.;84,2;15,8;14;.;78,6;21,4;24;.;87,5;12,5;
Lapplands Gymnasium Kiruna enh. 2;53048977;Kiruna;2584;Kommunal;Lapplands Kommunalförbund;2220000760;Matematik 4;14;.;78,6;21,4;4;..;..;..;10;..;..;..;
Lapplands Gymnasium Kiruna enh. 2;53048977;Kiruna;2584;Kommunal;Lapplands Kommunalförbund;2220000760;Svenska 1;35;5,7;37,1;57,1;12;16,7;41,7;41,7;23;.;34,8;65,2;
Lapplands Gymnasium Kiruna enh. 2;53048977;Kiruna;2584;Kommunal;Lapplands Kommunalförbund;2220000760;Svenska 3;34;.;38,2;61,8;17;.;52,9;47,1;17;.;23,5;76,5;
Lapplands Gymnasium Kiruna enh. 3;53131149;Kiruna;2584;Kommunal;Lapplands Kommunalförbund;2220000760;Engelska 5;61;19,7;63,9;16,4;25;12,0;60,0;28,0;36;25,0;66,7;8,3;
Lapplands Gymnasium Kiruna enh. 3;53131149;Kiruna;2584;Kommunal;Lapplands Kommunalförbund;2220000760;Engelska 6;7;..;..;..;6;..;..;..;1;..;..;..;
Lapplands Gymnasium Kiruna enh. 3;53131149;Kiruna;2584;Kommunal;Lapplands Kommunalförbund;2220000760;Matematik 1A;61;1,6;77,0;21,3;23;.;69,6;30,4;38;2,6;81,6;15,8;
Lapplands Gymnasium Kiruna enh. 3;53131149;Kiruna;2584;Kommunal;Lapplands Kommunalförbund;2220000760;Matematik 1B;4;..;..;..;2;..;..;..;2;..;..;..;
Lapplands Gymnasium Kiruna enh. 3;53131149;Kiruna;2584;Kommunal;Lapplands Kommunalförbund;2220000760;Svenska 1;65;1,5;44,6;53,8;27;.;37,0;63,0;38;2,6;50,0;47,4;
Lapplands Gymnasium Kiruna enh. 3;53131149;Kiruna;2584;Kommunal;Lapplands Kommunalförbund;2220000760;Svenska 3;4;..;..;..;2;..;..;..;2;..;..;..;
Flygteknikcenter, Ljungbyhed;43649848;Klippan;1276;Kommunal;Klippans kommun;2120000928;Engelska 6;34;.;88,2;11,8;3;..;..;..;31;..;..;..;
Flygteknikcenter, Ljungbyhed;43649848;Klippan;1276;Kommunal;Klippans kommun;2120000928;Matematik 1A;24;.;87,5;12,5;.;.;.;.;24;..;..;..;
Flygteknikcenter, Ljungbyhed;43649848;Klippan;1276;Kommunal;Klippans kommun;2120000928;Svenska 1;24;8,3;66,7;25,0;.;.;.;.;24;..;..;..;
Tegelbruksskolan;84247499;Klippan;1276;Kommunal;Klippans kommun;2120000928;Engelska 5;184;19,0;74,5;6,5;32;9,4;71,9;18,8;152;21,1;75,0;3,9;
Tegelbruksskolan;84247499;Klippan;1276;Kommunal;Klippans kommun;2120000928;Svenska 1;91;4,4;63,7;31,9;14;7,1;50,0;42,9;77;3,9;66,2;29,9;
Tegelbruksskolan;84247499;Klippan;1276;Kommunal;Klippans kommun;2120000928;Svenska som andraspråk 1;3;..;..;..;.;.;.;.;3;..;..;..;
Åbyskolan;27041885;Klippan;1276;Kommunal;Klippans kommun;2120000928;Engelska 5;40;2,5;95,0;2,5;25;4,0;92,0;4,0;15;.;100,0;.;
Åbyskolan;27041885;Klippan;1276;Kommunal;Klippans kommun;2120000928;Engelska 6;69;2,9;84,1;13,0;33;.;81,8;18,2;36;5,6;86,1;8,3;
Åbyskolan;27041885;Klippan;1276;Kommunal;Klippans kommun;2120000928;Matematik 1A;43;2,3;90,7;7,0;25;.;96,0;4,0;18;5,6;83,3;11,1;
Åbyskolan;27041885;Klippan;1276;Kommunal;Klippans kommun;2120000928;Matematik 2B;27;.;77,8;22,2;20;..;..;..;7;..;..;..;
Åbyskolan;27041885;Klippan;1276;Kommunal;Klippans kommun;2120000928;Matematik 3B;15;.;60,0;40,0;5;..;..;..;10;..;..;..;
Åbyskolan;27041885;Klippan;1276;Kommunal;Klippans kommun;2120000928;Matematik 4;28;.;75,0;25,0;12;.;66,7;33,3;16;.;81,3;18,8;
Åbyskolan;27041885;Klippan;1276;Kommunal;Klippans kommun;2120000928;Svenska 1;30;6,7;66,7;26,7;18;11,1;66,7;22,2;12;.;66,7;33,3;
Åbyskolan;27041885;Klippan;1276;Kommunal;Klippans kommun;2120000928;Svenska 3;58;.;69,0;31,0;33;.;75,8;24,2;25;.;60,0;40,0;
Åbyskolan;27041885;Klippan;1276;Kommunal;Klippans kommun;2120000928;Svenska som andraspråk 1;10;.;90,0;10,0;5;..;..;..;5;..;..;..;
Åbyskolan;27041885;Klippan;1276;Kommunal;Klippans kommun;2120000928;Svenska som andraspråk 3;11;9,1;81,8;9,1;4;..;..;..;7;..;..;..;
Sjögrenska gymnasiet;97064126;Knivsta;0330;Kommunal;Knivsta kommun;2120003013;Matematik 1A;2;..;..;..;1;..;..;..;1;..;..;..;
Sjögrenska gymnasiet;97064126;Knivsta;0330;Kommunal;Knivsta kommun;2120003013;Svenska 1;1;..;..;..;1;..;..;..;.;.;.;.;
Sjögrenska gymnasiet;97064126;Knivsta;0330;Kommunal;Knivsta kommun;2120003013;Svenska som andraspråk 1;1;..;..;..;1;..;..;..;.;.;.;.;
Ådalsskolan 1;48156011;Kramfors;2282;Kommunal;Kramfors kommun;2120002429;Engelska 6;47;12,8;68,1;19,1;29;3,4;75,9;20,7;18;27,8;55,6;16,7;
Ådalsskolan 1;48156011;Kramfors;2282;Kommunal;Kramfors kommun;2120002429;Matematik 1B;2;..;..;..;1;..;..;..;1;..;..;..;
Ådalsskolan 1;48156011;Kramfors;2282;Kommunal;Kramfors kommun;2120002429;Matematik 2B;8;..;..;..;7;..;..;..;1;..;..;..;
Ådalsskolan 1;48156011;Kramfors;2282;Kommunal;Kramfors kommun;2120002429;Matematik 3C;9;..;..;..;1;..;..;..;8;..;..;..;
Ådalsskolan 1;48156011;Kramfors;2282;Kommunal;Kramfors kommun;2120002429;Matematik 4;9;..;..;..;8;..;..;..;1;..;..;..;
Ådalsskolan 1;48156011;Kramfors;2282;Kommunal;Kramfors kommun;2120002429;Svenska 3;31;.;35,5;64,5;14;.;42,9;57,1;17;.;29,4;70,6;
Ådalsskolan 1;48156011;Kramfors;2282;Kommunal;Kramfors kommun;2120002429;Svenska som andraspråk 3;12;.;83,3;16,7;10;..;..;..;2;..;..;..;
Ådalsskolan 2;48722826;Kramfors;2282;Kommunal;Kramfors kommun;2120002429;Engelska 5;30;3,3;80,0;16,7;12;8,3;75,0;16,7;18;.;83,3;16,7;
Ådalsskolan 2;48722826;Kramfors;2282;Kommunal;Kramfors kommun;2120002429;Matematik 1A;43;9,3;60,5;30,2;12;.;50,0;50,0;31;12,9;64,5;22,6;
Ådalsskolan 2;48722826;Kramfors;2282;Kommunal;Kramfors kommun;2120002429;Svenska 1;36;2,8;77,8;19,4;9;..;..;..;27;..;..;..;
Ådalsskolan 2;48722826;Kramfors;2282;Kommunal;Kramfors kommun;2120002429;Svenska som andraspråk 1;3;..;..;..;2;..;..;..;1;..;..;..;
Ådalsskolan 3;87094678;Kramfors;2282;Kommunal;Kramfors kommun;2120002429;Engelska 5;29;17,2;79,3;3,4;26;..;..;..;3;..;..;..;
Ådalsskolan 3;87094678;Kramfors;2282;Kommunal;Kramfors kommun;2120002429;Matematik 1A;27;7,4;70,4;22,2;25;..;..;..;2;..;..;..;
Ådalsskolan 3;87094678;Kramfors;2282;Kommunal;Kramfors kommun;2120002429;Svenska 1;24;12,5;66,7;20,8;21;..;..;..;3;..;..;..;
Academy of Retail and Business (ARB);85014247;Kristianstad;1290;Enskild;Academy of Retail and Business Education Kristianstad AB;5569863433;Engelska 6;21;.;61,9;38,1;10;.;70,0;30,0;11;.;54,5;45,5;
Academy of Retail and Business (ARB);85014247;Kristianstad;1290;Enskild;Academy of Retail and Business Education Kristianstad AB;5569863433;Matematik 3B;11;.;54,5;45,5;5;..;..;..;6;..;..;..;
Academy of Retail and Business (ARB);85014247;Kristianstad;1290;Enskild;Academy of Retail and Business Education Kristianstad AB;5569863433;Svenska 3;20;.;65,0;35,0;8;..;..;..;12;..;..;..;
Academy of Retail and Business (ARB);85014247;Kristianstad;1290;Enskild;Academy of Retail and Business Education Kristianstad AB;5569863433;Svenska som andraspråk 3;3;..;..;..;1;..;..;..;2;..;..;..;
Christian 4:s Gymnasium 11;84341377;Kristianstad;1290;Kommunal;Kristianstads kommun;2120000951;Engelska 6;19;5,3;84,2;10,5;15;..;..;..;4;..;..;..;
Christian 4:s Gymnasium 11;84341377;Kristianstad;1290;Kommunal;Kristianstads kommun;2120000951;Matematik 1B;30;.;73,3;26,7;21;..;..;..;9;..;..;..;
Christian 4:s Gymnasium 11;84341377;Kristianstad;1290;Kommunal;Kristianstads kommun;2120000951;Svenska 3;19;.;73,7;26,3;14;..;..;..;5;..;..;..;
Christian 4:s Gymnasium 11;84341377;Kristianstad;1290;Kommunal;Kristianstads kommun;2120000951;Svenska som andraspråk 3;2;..;..;..;2;..;..;..;.;.;.;.;
Christian 4:s Gymnasium 12;20734425;Kristianstad;1290;Kommunal;Kristianstads kommun;2120000951;Engelska 5;18;11,1;83,3;5,6;11;..;..;..;7;..;..;..;
Christian 4:s Gymnasium 12;20734425;Kristianstad;1290;Kommunal;Kristianstads kommun;2120000951;Engelska 6;9;..;..;..;6;..;..;..;3;..;..;..;
Christian 4:s Gymnasium 12;20734425;Kristianstad;1290;Kommunal;Kristianstads kommun;2120000951;Matematik 1A;28;.;64,3;35,7;18;.;61,1;38,9;10;.;70,0;30,0;
Christian 4:s Gymnasium 12;20734425;Kristianstad;1290;Kommunal;Kristianstads kommun;2120000951;Svenska 1;25;.;72,0;28,0;18;..;..;..;7;..;..;..;
Christian 4:s Gymnasium 12;20734425;Kristianstad;1290;Kommunal;Kristianstads kommun;2120000951;Svenska som andraspråk 1;3;..;..;..;.;.;.;.;3;..;..;..;
Christian 4:s Gymnasium 13;71073360;Kristianstad;1290;Kommunal;Kristianstads kommun;2120000951;Matematik 2B;10;.;20,0;80,0;8;..;..;..;2;..;..;..;
Christian 4:s Gymnasium 13;71073360;Kristianstad;1290;Kommunal;Kristianstads kommun;2120000951;Matematik 4;6;..;..;..;4;..;..;..;2;..;..;..;
Christian 4:s Gymnasium 13;71073360;Kristianstad;1290;Kommunal;Kristianstads kommun;2120000951;Svenska 3;10;10,0;30,0;60,0;7;..;..;..;3;..;..;..;
Christian 4:s Gymnasium 13;71073360;Kristianstad;1290;Kommunal;Kristianstads kommun;2120000951;Svenska som andraspråk 3;4;..;..;..;3;..;..;..;1;..;..;..;
Drottning Blankas Gymnasieskola Kristianstad;67554405;Kristianstad;1290;Enskild;DBGY Juvelen AB;5565789129;Engelska 5;109;12,8;78,9;8,3;87;12,6;79,3;8,0;22;13,6;77,3;9,1;
Drottning Blankas Gymnasieskola Kristianstad;67554405;Kristianstad;1290;Enskild;DBGY Juvelen AB;5565789129;Engelska 6;97;3,1;92,8;4,1;72;2,8;94,4;2,8;25;4,0;88,0;8,0;
Drottning Blankas Gymnasieskola Kristianstad;67554405;Kristianstad;1290;Enskild;DBGY Juvelen AB;5565789129;Matematik 1A;114;.;96,5;3,5;91;.;95,6;4,4;23;.;100,0;.;
Drottning Blankas Gymnasieskola Kristianstad;67554405;Kristianstad;1290;Enskild;DBGY Juvelen AB;5565789129;Matematik 1B;8;..;..;..;5;..;..;..;3;..;..;..;
Drottning Blankas Gymnasieskola Kristianstad;67554405;Kristianstad;1290;Enskild;DBGY Juvelen AB;5565789129;Matematik 2B;50;.;90,0;10,0;38;.;86,8;13,2;12;.;100,0;.;
Drottning Blankas Gymnasieskola Kristianstad;67554405;Kristianstad;1290;Enskild;DBGY Juvelen AB;5565789129;Matematik 3B;23;.;100,0;.;17;..;..;..;6;..;..;..;
Drottning Blankas Gymnasieskola Kristianstad;67554405;Kristianstad;1290;Enskild;DBGY Juvelen AB;5565789129;Svenska 1;101;5,9;66,3;27,7;82;6,1;65,9;28,0;19;5,3;68,4;26,3;
Drottning Blankas Gymnasieskola Kristianstad;67554405;Kristianstad;1290;Enskild;DBGY Juvelen AB;5565789129;Svenska 3;80;15,0;56,3;28,8;58;12,1;51,7;36,2;22;22,7;68,2;9,1;
Drottning Blankas Gymnasieskola Kristianstad;67554405;Kristianstad;1290;Enskild;DBGY Juvelen AB;5565789129;Svenska som andraspråk 1;16;.;.;100,0;11;..;..;..;5;..;..;..;
Drottning Blankas Gymnasieskola Kristianstad;67554405;Kristianstad;1290;Enskild;DBGY Juvelen AB;5565789129;Svenska som andraspråk 3;17;41,2;47,1;11,8;14;..;..;..;3;..;..;..;
Furuboda Gymnasieskola;10975008;Kristianstad;1290;Enskild;Föreningen Furuboda;8382005281;Engelska 5;5;..;..;..;5;..;..;..;.;.;.;.;
Furuboda Gymnasieskola;10975008;Kristianstad;1290;Enskild;Föreningen Furuboda;8382005281;Svenska 1;4;..;..;..;4;..;..;..;.;.;.;.;
JENSEN Gymnasium Kristianstad;17666526;Kristianstad;1290;Enskild;Jensen Education College AB;5566358759;Engelska 6;30;6,7;50,0;43,3;16;.;37,5;62,5;14;14,3;64,3;21,4;
JENSEN Gymnasium Kristianstad;17666526;Kristianstad;1290;Enskild;Jensen Education College AB;5566358759;Matematik 2B;11;.;100,0;.;9;..;..;..;2;..;..;..;
JENSEN Gymnasium Kristianstad;17666526;Kristianstad;1290;Enskild;Jensen Education College AB;5566358759;Matematik 3B;4;..;..;..;1;..;..;..;3;..;..;..;
JENSEN Gymnasium Kristianstad;17666526;Kristianstad;1290;Enskild;Jensen Education College AB;5566358759;Matematik 4;11;.;90,9;9,1;6;..;..;..;5;..;..;..;
JENSEN Gymnasium Kristianstad;17666526;Kristianstad;1290;Enskild;Jensen Education College AB;5566358759;Svenska 3;25;8,0;.;92,0;16;..;..;..;9;..;..;..;
JENSEN Gymnasium Kristianstad;17666526;Kristianstad;1290;Enskild;Jensen Education College AB;5566358759;Svenska som andraspråk 3;12;.;8,3;91,7;5;..;..;..;7;..;..;..;
LBS Kreativa Gymnasiet Kristianstad;43251309;Kristianstad;1290;Enskild;Ljud & Bildskolan LBS AB;5564851649;Engelska 6;43;2,3;83,7;14,0;9;..;..;..;34;..;..;..;
LBS Kreativa Gymnasiet Kristianstad;43251309;Kristianstad;1290;Enskild;Ljud & Bildskolan LBS AB;5564851649;Matematik 1B;31;.;87,1;12,9;14;.;92,9;7,1;17;.;82,4;17,6;
LBS Kreativa Gymnasiet Kristianstad;43251309;Kristianstad;1290;Enskild;Ljud & Bildskolan LBS AB;5564851649;Matematik 3C;13;.;61,5;38,5;.;.;.;.;13;..;..;..;
LBS Kreativa Gymnasiet Kristianstad;43251309;Kristianstad;1290;Enskild;Ljud & Bildskolan LBS AB;5564851649;Svenska 3;40;.;85,0;15,0;9;..;..;..;31;..;..;..;
LBS Kreativa Gymnasiet Kristianstad;43251309;Kristianstad;1290;Enskild;Ljud & Bildskolan LBS AB;5564851649;Svenska som andraspråk 3;1;..;..;..;.;.;.;.;1;..;..;..;
NTI Gymnasiet Kristianstad;53691739;Kristianstad;1290;Enskild;NTI Gymnasiet Ellips AB;5565970471;Engelska 5;25;8,0;80,0;12,0;2;..;..;..;23;..;..;..;
NTI Gymnasiet Kristianstad;53691739;Kristianstad;1290;Enskild;NTI Gymnasiet Ellips AB;5565970471;Engelska 6;15;.;60,0;40,0;2;..;..;..;13;..;..;..;
NTI Gymnasiet Kristianstad;53691739;Kristianstad;1290;Enskild;NTI Gymnasiet Ellips AB;5565970471;Matematik 1A;24;4,2;62,5;33,3;2;..;..;..;22;..;..;..;
NTI Gymnasiet Kristianstad;53691739;Kristianstad;1290;Enskild;NTI Gymnasiet Ellips AB;5565970471;Matematik 3C;11;.;72,7;27,3;2;..;..;..;9;..;..;..;
NTI Gymnasiet Kristianstad;53691739;Kristianstad;1290;Enskild;NTI Gymnasiet Ellips AB;5565970471;Svenska 1;14;7,1;78,6;14,3;.;.;.;.;14;..;..;..;
NTI Gymnasiet Kristianstad;53691739;Kristianstad;1290;Enskild;NTI Gymnasiet Ellips AB;5565970471;Svenska 3;6;..;..;..;.;.;.;.;6;..;..;..;
NTI Gymnasiet Kristianstad;53691739;Kristianstad;1290;Enskild;NTI Gymnasiet Ellips AB;5565970471;Svenska som andraspråk 1;8;..;..;..;2;..;..;..;6;..;..;..;
NTI Gymnasiet Kristianstad;53691739;Kristianstad;1290;Enskild;NTI Gymnasiet Ellips AB;5565970471;Svenska som andraspråk 3;13;.;92,3;7,7;4;..;..;..;9;..;..;..;
Praktiska Gymnasiet Kristianstad;71571158;Kristianstad;1290;Enskild;Praktiska Studier Riks AB;5565755500;Engelska 5;55;1,8;72,7;25,5;18;.;61,1;38,9;37;2,7;78,4;18,9;
Praktiska Gymnasiet Kristianstad;71571158;Kristianstad;1290;Enskild;Praktiska Studier Riks AB;5565755500;Matematik 1A;43;2,3;81,4;16,3;15;.;66,7;33,3;28;3,6;89,3;7,1;
Praktiska Gymnasiet Kristianstad;71571158;Kristianstad;1290;Enskild;Praktiska Studier Riks AB;5565755500;Svenska 1;35;2,9;62,9;34,3;14;.;64,3;35,7;21;4,8;61,9;33,3;
Praktiska Gymnasiet Kristianstad;71571158;Kristianstad;1290;Enskild;Praktiska Studier Riks AB;5565755500;Svenska som andraspråk 1;13;.;100,0;.;6;..;..;..;7;..;..;..;
Söderportgymnasiet 31;73944169;Kristianstad;1290;Kommunal;Kristianstads kommun;2120000951;Engelska 5;33;3,0;93,9;3,0;30;..;..;..;3;..;..;..;
Söderportgymnasiet 31;73944169;Kristianstad;1290;Kommunal;Kristianstads kommun;2120000951;Engelska 6;96;4,2;58,3;37,5;77;2,6;55,8;41,6;19;10,5;68,4;21,1;
Söderportgymnasiet 31;73944169;Kristianstad;1290;Kommunal;Kristianstads kommun;2120000951;Matematik 1A;39;2,6;89,7;7,7;36;..;..;..;3;..;..;..;
Söderportgymnasiet 31;73944169;Kristianstad;1290;Kommunal;Kristianstads kommun;2120000951;Matematik 2B;100;.;49,0;51,0;80;.;45,0;55,0;20;.;65,0;35,0;
Söderportgymnasiet 31;73944169;Kristianstad;1290;Kommunal;Kristianstads kommun;2120000951;Svenska 1;20;5,0;70,0;25,0;19;..;..;..;1;..;..;..;
Söderportgymnasiet 31;73944169;Kristianstad;1290;Kommunal;Kristianstads kommun;2120000951;Svenska 3;64;7,8;62,5;29,7;49;6,1;67,3;26,5;15;13,3;46,7;40,0;
Söderportgymnasiet 31;73944169;Kristianstad;1290;Kommunal;Kristianstads kommun;2120000951;Svenska som andraspråk 1;16;.;43,8;56,3;14;..;..;..;2;..;..;..;
Söderportgymnasiet 31;73944169;Kristianstad;1290;Kommunal;Kristianstads kommun;2120000951;Svenska som andraspråk 3;4;..;..;..;1;..;..;..;3;..;..;..;
Söderportgymnasiet 32;59849681;Kristianstad;1290;Kommunal;Kristianstads kommun;2120000951;Engelska 5;66;21,2;71,2;7,6;35;17,1;71,4;11,4;31;25,8;71,0;3,2;
Söderportgymnasiet 32;59849681;Kristianstad;1290;Kommunal;Kristianstads kommun;2120000951;Engelska 6;114;8,8;76,3;14,9;57;12,3;68,4;19,3;57;5,3;84,2;10,5;
Söderportgymnasiet 32;59849681;Kristianstad;1290;Kommunal;Kristianstads kommun;2120000951;Matematik 1A;59;.;74,6;25,4;35;.;74,3;25,7;24;.;75,0;25,0;
Söderportgymnasiet 32;59849681;Kristianstad;1290;Kommunal;Kristianstads kommun;2120000951;Matematik 2B;38;2,6;52,6;44,7;22;.;59,1;40,9;16;6,3;43,8;50,0;
Söderportgymnasiet 32;59849681;Kristianstad;1290;Kommunal;Kristianstads kommun;2120000951;Matematik 3B;53;.;26,4;73,6;23;.;21,7;78,3;30;.;30,0;70,0;
Söderportgymnasiet 32;59849681;Kristianstad;1290;Kommunal;Kristianstads kommun;2120000951;Svenska 1;57;8,8;73,7;17,5;31;3,2;71,0;25,8;26;15,4;76,9;7,7;
Söderportgymnasiet 32;59849681;Kristianstad;1290;Kommunal;Kristianstads kommun;2120000951;Svenska 3;99;4,0;61,6;34,3;59;.;54,2;45,8;40;10,0;72,5;17,5;
Söderportgymnasiet 32;59849681;Kristianstad;1290;Kommunal;Kristianstads kommun;2120000951;Svenska som andraspråk 1;9;..;..;..;5;..;..;..;4;..;..;..;
Söderportgymnasiet 33;75105182;Kristianstad;1290;Kommunal;Kristianstads kommun;2120000951;Engelska 6;25;.;68,0;32,0;11;.;72,7;27,3;14;.;64,3;35,7;
Söderportgymnasiet 33;75105182;Kristianstad;1290;Kommunal;Kristianstads kommun;2120000951;Matematik 4;27;.;74,1;25,9;13;.;92,3;7,7;14;.;57,1;42,9;
Söderportgymnasiet 33;75105182;Kristianstad;1290;Kommunal;Kristianstads kommun;2120000951;Svenska 3;2;..;..;..;2;..;..;..;.;.;.;.;
Söderportgymnasiet 33;75105182;Kristianstad;1290;Kommunal;Kristianstads kommun;2120000951;Svenska som andraspråk 3;1;..;..;..;1;..;..;..;.;.;.;.;
Wendesgymnasiet 51;58368956;Kristianstad;1290;Kommunal;Kristianstads kommun;2120000951;Engelska 5;52;34,6;65,4;.;3;..;..;..;49;..;..;..;
Wendesgymnasiet 51;58368956;Kristianstad;1290;Kommunal;Kristianstads kommun;2120000951;Matematik 1A;54;.;72,2;27,8;3;..;..;..;51;..;..;..;
Wendesgymnasiet 51;58368956;Kristianstad;1290;Kommunal;Kristianstads kommun;2120000951;Svenska 1;52;.;80,8;19,2;3;..;..;..;49;..;..;..;
Wendesgymnasiet 51;58368956;Kristianstad;1290;Kommunal;Kristianstads kommun;2120000951;Svenska som andraspråk 1;2;..;..;..;.;.;.;.;2;..;..;..;
Wendesgymnasiet 52;73567152;Kristianstad;1290;Kommunal;Kristianstads kommun;2120000951;Engelska 5;63;15,9;71,4;12,7;7;..;..;..;56;..;..;..;
Wendesgymnasiet 52;73567152;Kristianstad;1290;Kommunal;Kristianstads kommun;2120000951;Matematik 1A;57;.;50,9;49,1;9;..;..;..;48;..;..;..;
Wendesgymnasiet 52;73567152;Kristianstad;1290;Kommunal;Kristianstads kommun;2120000951;Svenska 1;61;6,6;44,3;49,2;9;..;..;..;52;..;..;..;
Wendesgymnasiet 52;73567152;Kristianstad;1290;Kommunal;Kristianstads kommun;2120000951;Svenska som andraspråk 1;2;..;..;..;.;.;.;.;2;..;..;..;
Önnestadsgymnasiet;61547652;Kristianstad;1290;Enskild;Hushållningssällskapets Kompetensutveckling i Syd AB (HUSKAB);5567502777;Engelska 5;71;14,1;47,9;38,0;40;12,5;42,5;45,0;31;16,1;54,8;29,0;
Önnestadsgymnasiet;61547652;Kristianstad;1290;Enskild;Hushållningssällskapets Kompetensutveckling i Syd AB (HUSKAB);5567502777;Matematik 1A;66;6,1;74,2;19,7;34;8,8;67,6;23,5;32;3,1;81,3;15,6;
Önnestadsgymnasiet;61547652;Kristianstad;1290;Enskild;Hushållningssällskapets Kompetensutveckling i Syd AB (HUSKAB);5567502777;Svenska 1;67;7,5;52,2;40,3;37;10,8;43,2;45,9;30;3,3;63,3;33,3;
Österänggymnasiet 61;21702982;Kristianstad;1290;Kommunal;Kristianstads kommun;2120000951;Engelska 6;84;4,8;57,1;38,1;48;4,2;60,4;35,4;36;5,6;52,8;41,7;
Österänggymnasiet 61;21702982;Kristianstad;1290;Kommunal;Kristianstads kommun;2120000951;Matematik 4;49;.;91,8;8,2;28;.;89,3;10,7;21;.;95,2;4,8;
Österänggymnasiet 61;21702982;Kristianstad;1290;Kommunal;Kristianstads kommun;2120000951;Svenska 3;64;1,6;56,3;42,2;33;.;57,6;42,4;31;3,2;54,8;41,9;
Österänggymnasiet 61;21702982;Kristianstad;1290;Kommunal;Kristianstads kommun;2120000951;Svenska som andraspråk 3;17;.;82,4;17,6;6;..;..;..;11;..;..;..;
Österänggymnasiet 62;39329121;Kristianstad;1290;Kommunal;Kristianstads kommun;2120000951;Engelska 5;29;37,9;51,7;10,3;1;..;..;..;28;..;..;..;
Österänggymnasiet 62;39329121;Kristianstad;1290;Kommunal;Kristianstads kommun;2120000951;Matematik 1A;31;.;80,6;19,4;1;..;..;..;30;..;..;..;
Österänggymnasiet 62;39329121;Kristianstad;1290;Kommunal;Kristianstads kommun;2120000951;Svenska 1;21;4,8;42,9;52,4;1;..;..;..;20;..;..;..;
Österänggymnasiet 62;39329121;Kristianstad;1290;Kommunal;Kristianstads kommun;2120000951;Svenska som andraspråk 1;5;..;..;..;.;.;.;.;5;..;..;..;
Österänggymnasiet 63;87034307;Kristianstad;1290;Kommunal;Kristianstads kommun;2120000951;Engelska 5;9;..;..;..;.;.;.;.;9;..;..;..;
Österänggymnasiet 63;87034307;Kristianstad;1290;Kommunal;Kristianstads kommun;2120000951;Engelska 6;39;7,7;69,2;23,1;6;..;..;..;33;..;..;..;
Österänggymnasiet 63;87034307;Kristianstad;1290;Kommunal;Kristianstads kommun;2120000951;Matematik 1A;10;.;100,0;.;.;.;.;.;10;..;..;..;
Österänggymnasiet 63;87034307;Kristianstad;1290;Kommunal;Kristianstads kommun;2120000951;Matematik 4;22;.;95,5;4,5;2;..;..;..;20;..;..;..;
Österänggymnasiet 63;87034307;Kristianstad;1290;Kommunal;Kristianstads kommun;2120000951;Svenska 1;7;..;..;..;.;.;.;.;7;..;..;..;
Österänggymnasiet 63;87034307;Kristianstad;1290;Kommunal;Kristianstads kommun;2120000951;Svenska 3;39;.;74,4;25,6;9;..;..;..;30;..;..;..;
Österänggymnasiet 63;87034307;Kristianstad;1290;Kommunal;Kristianstads kommun;2120000951;Svenska som andraspråk 1;3;..;..;..;.;.;.;.;3;..;..;..;
Österänggymnasiet 63;87034307;Kristianstad;1290;Kommunal;Kristianstads kommun;2120000951;Svenska som andraspråk 3;16;.;68,8;31,3;1;..;..;..;15;..;..;..;
Österänggymnasiet 64;62104139;Kristianstad;1290;Kommunal;Kristianstads kommun;2120000951;Engelska 5;21;4,8;90,5;4,8;10;10,0;80,0;10,0;11;.;100,0;.;
Österänggymnasiet 64;62104139;Kristianstad;1290;Kommunal;Kristianstads kommun;2120000951;Engelska 6;43;11,6;74,4;14,0;25;8,0;68,0;24,0;18;16,7;83,3;.;
Österänggymnasiet 64;62104139;Kristianstad;1290;Kommunal;Kristianstads kommun;2120000951;Matematik 1A;22;.;86,4;13,6;11;.;90,9;9,1;11;.;81,8;18,2;
Österänggymnasiet 64;62104139;Kristianstad;1290;Kommunal;Kristianstads kommun;2120000951;Matematik 2B;40;.;92,5;7,5;20;.;90,0;10,0;20;.;95,0;5,0;
Österänggymnasiet 64;62104139;Kristianstad;1290;Kommunal;Kristianstads kommun;2120000951;Svenska 1;17;5,9;58,8;35,3;7;..;..;..;10;..;..;..;
Österänggymnasiet 64;62104139;Kristianstad;1290;Kommunal;Kristianstads kommun;2120000951;Svenska 3;21;.;61,9;38,1;16;..;..;..;5;..;..;..;
Österänggymnasiet 64;62104139;Kristianstad;1290;Kommunal;Kristianstads kommun;2120000951;Svenska som andraspråk 1;5;..;..;..;3;..;..;..;2;..;..;..;
Österänggymnasiet 64;62104139;Kristianstad;1290;Kommunal;Kristianstads kommun;2120000951;Svenska som andraspråk 3;5;..;..;..;3;..;..;..;2;..;..;..;
Brogymnasiet;86972402;Kristinehamn;1781;Kommunal;Kristinehamns kommun;2120001868;Engelska 5;48;4,2;87,5;8,3;11;.;90,9;9,1;37;5,4;86,5;8,1;
Brogymnasiet;86972402;Kristinehamn;1781;Kommunal;Kristinehamns kommun;2120001868;Engelska 6;51;5,9;78,4;15,7;18;5,6;72,2;22,2;33;6,1;81,8;12,1;
Brogymnasiet;86972402;Kristinehamn;1781;Kommunal;Kristinehamns kommun;2120001868;Matematik 1A;50;2,0;74,0;24,0;13;.;84,6;15,4;37;2,7;70,3;27,0;
Brogymnasiet;86972402;Kristinehamn;1781;Kommunal;Kristinehamns kommun;2120001868;Matematik 2B;47;.;66,0;34,0;36;.;61,1;38,9;11;.;81,8;18,2;
Brogymnasiet;86972402;Kristinehamn;1781;Kommunal;Kristinehamns kommun;2120001868;Matematik 3B;11;.;45,5;54,5;10;..;..;..;1;..;..;..;
Brogymnasiet;86972402;Kristinehamn;1781;Kommunal;Kristinehamns kommun;2120001868;Matematik 4;15;.;73,3;26,7;3;..;..;..;12;..;..;..;
Brogymnasiet;86972402;Kristinehamn;1781;Kommunal;Kristinehamns kommun;2120001868;Svenska 1;50;8,0;46,0;46,0;15;13,3;26,7;60,0;35;5,7;54,3;40,0;
Brogymnasiet;86972402;Kristinehamn;1781;Kommunal;Kristinehamns kommun;2120001868;Svenska 3;46;2,2;52,2;45,7;29;3,4;58,6;37,9;17;.;41,2;58,8;
Brogymnasiet;86972402;Kristinehamn;1781;Kommunal;Kristinehamns kommun;2120001868;Svenska som andraspråk 1;8;..;..;..;2;..;..;..;6;..;..;..;
Brogymnasiet;86972402;Kristinehamn;1781;Kommunal;Kristinehamns kommun;2120001868;Svenska som andraspråk 3;13;.;69,2;30,8;10;..;..;..;3;..;..;..;
Dille Gård Naturbruksgymnasium;62490359;Krokom;2309;Enskild;Dille Gård AB;5564173853;Engelska 5;45;6,7;75,6;17,8;28;7,1;75,0;17,9;17;5,9;76,5;17,6;
Dille Gård Naturbruksgymnasium;62490359;Krokom;2309;Enskild;Dille Gård AB;5564173853;Matematik 1A;41;.;39,0;61,0;25;.;44,0;56,0;16;.;31,3;68,8;
Dille Gård Naturbruksgymnasium;62490359;Krokom;2309;Enskild;Dille Gård AB;5564173853;Svenska 1;49;4,1;38,8;57,1;31;6,5;32,3;61,3;18;.;50,0;50,0;
Jämtlands Gymn, Torsta;64725297;Krokom;2309;Kommunal;Jämtlands Gymnasieförbund;2220001636;Engelska 5;42;2,4;88,1;9,5;23;.;91,3;8,7;19;5,3;84,2;10,5;
Jämtlands Gymn, Torsta;64725297;Krokom;2309;Kommunal;Jämtlands Gymnasieförbund;2220001636;Matematik 1A;49;2,0;73,5;24,5;26;3,8;73,1;23,1;23;.;73,9;26,1;
Jämtlands Gymn, Torsta;64725297;Krokom;2309;Kommunal;Jämtlands Gymnasieförbund;2220001636;Svenska 1;49;4,1;65,3;30,6;29;3,4;72,4;24,1;20;5,0;55,0;40,0;
Jämtlands Gymn, Wången;43362941;Krokom;2309;Kommunal;Jämtlands Gymnasieförbund;2220001636;Engelska 5;18;5,6;83,3;11,1;15;..;..;..;3;..;..;..;
Jämtlands Gymn, Wången;43362941;Krokom;2309;Kommunal;Jämtlands Gymnasieförbund;2220001636;Matematik 1A;20;.;80,0;20,0;17;..;..;..;3;..;..;..;
Jämtlands Gymn, Wången;43362941;Krokom;2309;Kommunal;Jämtlands Gymnasieförbund;2220001636;Svenska 1;10;10,0;60,0;30,0;10;..;..;..;.;.;.;.;
Jämtlands Gymn, Wången;43362941;Krokom;2309;Kommunal;Jämtlands Gymnasieförbund;2220001636;Svenska som andraspråk 1;7;..;..;..;5;..;..;..;2;..;..;..;
Drottning Blankas Gymnasieskola Kungsbacka;64569393;Kungsbacka;1384;Enskild;DBGY Kronan AB;5565668794;Engelska 5;29;17,2;51,7;31,0;29;..;..;..;.;.;.;.;
Drottning Blankas Gymnasieskola Kungsbacka;64569393;Kungsbacka;1384;Enskild;DBGY Kronan AB;5565668794;Engelska 6;36;8,3;69,4;22,2;25;4,0;64,0;32,0;11;18,2;81,8;.;
Drottning Blankas Gymnasieskola Kungsbacka;64569393;Kungsbacka;1384;Enskild;DBGY Kronan AB;5565668794;Matematik 1A;28;.;82,1;17,9;28;..;..;..;.;.;.;.;
Drottning Blankas Gymnasieskola Kungsbacka;64569393;Kungsbacka;1384;Enskild;DBGY Kronan AB;5565668794;Matematik 2B;19;.;63,2;36,8;18;..;..;..;1;..;..;..;
Drottning Blankas Gymnasieskola Kungsbacka;64569393;Kungsbacka;1384;Enskild;DBGY Kronan AB;5565668794;Matematik 3B;4;..;..;..;2;..;..;..;2;..;..;..;
Drottning Blankas Gymnasieskola Kungsbacka;64569393;Kungsbacka;1384;Enskild;DBGY Kronan AB;5565668794;Svenska 1;24;.;62,5;37,5;24;..;..;..;.;.;.;.;
Drottning Blankas Gymnasieskola Kungsbacka;64569393;Kungsbacka;1384;Enskild;DBGY Kronan AB;5565668794;Svenska 3;22;.;45,5;54,5;12;.;50,0;50,0;10;.;40,0;60,0;
Elof Lindälvs Gymnasium Enhet 1;87262566;Kungsbacka;1384;Kommunal;Kungsbacka kommun;2120001256;Engelska 5;71;22,5;70,4;7,0;27;14,8;70,4;14,8;44;27,3;70,5;2,3;
Elof Lindälvs Gymnasium Enhet 1;87262566;Kungsbacka;1384;Kommunal;Kungsbacka kommun;2120001256;Matematik 1A;75;.;85,3;14,7;27;.;81,5;18,5;48;.;87,5;12,5;
Elof Lindälvs Gymnasium Enhet 1;87262566;Kungsbacka;1384;Kommunal;Kungsbacka kommun;2120001256;Svenska 1;51;11,8;56,9;31,4;14;7,1;42,9;50,0;37;13,5;62,2;24,3;
Elof Lindälvs Gymnasium Enhet 1;87262566;Kungsbacka;1384;Kommunal;Kungsbacka kommun;2120001256;Svenska som andraspråk 1;2;..;..;..;.;.;.;.;2;..;..;..;
Elof Lindälvs Gymnasium Enhet 2;64160122;Kungsbacka;1384;Kommunal;Kungsbacka kommun;2120001256;Engelska 6;32;6,3;81,3;12,5;14;7,1;78,6;14,3;18;5,6;83,3;11,1;
Elof Lindälvs Gymnasium Enhet 2;64160122;Kungsbacka;1384;Kommunal;Kungsbacka kommun;2120001256;Matematik 2B;58;.;84,5;15,5;36;.;83,3;16,7;22;.;86,4;13,6;
Elof Lindälvs Gymnasium Enhet 2;64160122;Kungsbacka;1384;Kommunal;Kungsbacka kommun;2120001256;Matematik 3B;71;.;91,5;8,5;20;.;90,0;10,0;51;.;92,2;7,8;
Elof Lindälvs Gymnasium Enhet 2;64160122;Kungsbacka;1384;Kommunal;Kungsbacka kommun;2120001256;Svenska 3;122;18,0;61,5;20,5;46;10,9;56,5;32,6;76;22,4;64,5;13,2;
Elof Lindälvs Gymnasium Enhet 2;64160122;Kungsbacka;1384;Kommunal;Kungsbacka kommun;2120001256;Svenska som andraspråk 3;3;..;..;..;.;.;.;.;3;..;..;..;
Elof Lindälvs Gymnasium Enhet 3;48217580;Kungsbacka;1384;Kommunal;Kungsbacka kommun;2120001256;Engelska 6;28;21,4;67,9;10,7;4;..;..;..;24;..;..;..;
Elof Lindälvs Gymnasium Enhet 4;41844601;Kungsbacka;1384;Kommunal;Kungsbacka kommun;2120001256;Engelska 5;49;10,2;83,7;6,1;20;10,0;80,0;10,0;29;10,3;86,2;3,4;
Elof Lindälvs Gymnasium Enhet 4;41844601;Kungsbacka;1384;Kommunal;Kungsbacka kommun;2120001256;Matematik 1A;73;.;89,0;11,0;37;.;81,1;18,9;36;.;97,2;2,8;
Elof Lindälvs Gymnasium Enhet 4;41844601;Kungsbacka;1384;Kommunal;Kungsbacka kommun;2120001256;Svenska 1;59;6,8;66,1;27,1;31;.;61,3;38,7;28;14,3;71,4;14,3;
Elof Lindälvs Gymnasium Enhet 4;41844601;Kungsbacka;1384;Kommunal;Kungsbacka kommun;2120001256;Svenska som andraspråk 1;1;..;..;..;.;.;.;.;1;..;..;..;
Elof Lindälvs Gymnasium Enhet 5;51620045;Kungsbacka;1384;Kommunal;Kungsbacka kommun;2120001256;Engelska 5;48;8,3;81,3;10,4;.;.;.;.;48;..;..;..;
Elof Lindälvs Gymnasium Enhet 5;51620045;Kungsbacka;1384;Kommunal;Kungsbacka kommun;2120001256;Matematik 1A;47;.;93,6;6,4;.;.;.;.;47;..;..;..;
Elof Lindälvs Gymnasium Enhet 5;51620045;Kungsbacka;1384;Kommunal;Kungsbacka kommun;2120001256;Svenska 1;47;.;70,2;29,8;.;.;.;.;47;..;..;..;
Elof Lindälvs Gymnasium Enhet 5;51620045;Kungsbacka;1384;Kommunal;Kungsbacka kommun;2120001256;Svenska som andraspråk 1;1;..;..;..;.;.;.;.;1;..;..;..;
Elof Lindälvs Gymnasium Enhet 6;61252599;Kungsbacka;1384;Kommunal;Kungsbacka kommun;2120001256;Engelska 6;26;7,7;53,8;38,5;14;14,3;42,9;42,9;12;.;66,7;33,3;
Elof Lindälvs Gymnasium Enhet 6;61252599;Kungsbacka;1384;Kommunal;Kungsbacka kommun;2120001256;Matematik 4;16;.;87,5;12,5;5;..;..;..;11;..;..;..;
Elof Lindälvs Gymnasium Enhet 6;61252599;Kungsbacka;1384;Kommunal;Kungsbacka kommun;2120001256;Svenska 3;14;.;.;100,0;7;..;..;..;7;..;..;..;
Elof Lindälvs Gymnasium Enhet 6;61252599;Kungsbacka;1384;Kommunal;Kungsbacka kommun;2120001256;Svenska som andraspråk 3;3;..;..;..;2;..;..;..;1;..;..;..;
LBS Kreativa Gymnasiet Kungsbacka;86888278;Kungsbacka;1384;Enskild;Ljud & Bildskolan LBS AB;5564851649;Engelska 6;23;21,7;69,6;8,7;8;..;..;..;15;..;..;..;
LBS Kreativa Gymnasiet Kungsbacka;86888278;Kungsbacka;1384;Enskild;Ljud & Bildskolan LBS AB;5564851649;Matematik 1B;39;.;76,9;23,1;23;.;69,6;30,4;16;.;87,5;12,5;
LBS Kreativa Gymnasiet Kungsbacka;86888278;Kungsbacka;1384;Enskild;Ljud & Bildskolan LBS AB;5564851649;Matematik 3C;7;..;..;..;.;.;.;.;7;..;..;..;
LBS Kreativa Gymnasiet Kungsbacka;86888278;Kungsbacka;1384;Enskild;Ljud & Bildskolan LBS AB;5564851649;Svenska 3;38;2,6;68,4;28,9;10;.;80,0;20,0;28;3,6;64,3;32,1;
LBS Kreativa Gymnasiet Kungsbacka;86888278;Kungsbacka;1384;Enskild;Ljud & Bildskolan LBS AB;5564851649;Svenska som andraspråk 3;2;..;..;..;1;..;..;..;1;..;..;..;
Praktiska Gymnasiet Kungsbacka;23457902;Kungsbacka;1384;Enskild;Praktiska Sverige AB;5562575786;Engelska 5;31;22,6;77,4;.;13;7,7;92,3;.;18;33,3;66,7;.;
Praktiska Gymnasiet Kungsbacka;23457902;Kungsbacka;1384;Enskild;Praktiska Sverige AB;5562575786;Matematik 1A;25;.;64,0;36,0;9;..;..;..;16;..;..;..;
Praktiska Gymnasiet Kungsbacka;23457902;Kungsbacka;1384;Enskild;Praktiska Sverige AB;5562575786;Svenska 1;27;.;85,2;14,8;11;.;81,8;18,2;16;.;87,5;12,5;
Praktiska Gymnasiet Kungsbacka;23457902;Kungsbacka;1384;Enskild;Praktiska Sverige AB;5562575786;Svenska som andraspråk 1;1;..;..;..;.;.;.;.;1;..;..;..;
Sveriges Ridgymnasium Kungsbacka;27597104;Kungsbacka;1384;Enskild;Sveriges Ridgymnasium AB;5566814504;Engelska 5;13;.;84,6;15,4;13;..;..;..;.;.;.;.;
Sveriges Ridgymnasium Kungsbacka;27597104;Kungsbacka;1384;Enskild;Sveriges Ridgymnasium AB;5566814504;Matematik 1A;13;.;84,6;15,4;13;..;..;..;.;.;.;.;
Sveriges Ridgymnasium Kungsbacka;27597104;Kungsbacka;1384;Enskild;Sveriges Ridgymnasium AB;5566814504;Svenska 1;13;7,7;61,5;30,8;13;..;..;..;.;.;.;.;
Sveriges Ridgymnasium Kungsbacka;27597104;Kungsbacka;1384;Enskild;Sveriges Ridgymnasium AB;5566814504;Svenska som andraspråk 1;1;..;..;..;1;..;..;..;.;.;.;.;
Mimers hus Gymnasium, Skolenhet 1;90435000;Kungälv;1482;Kommunal;Kungälvs kommun;2120001371;Engelska 5;97;4,1;85,6;10,3;11;.;100,0;.;86;4,7;83,7;11,6;
Mimers hus Gymnasium, Skolenhet 1;90435000;Kungälv;1482;Kommunal;Kungälvs kommun;2120001371;Matematik 1A;102;12,7;77,5;9,8;11;36,4;54,5;9,1;91;9,9;80,2;9,9;
Mimers hus Gymnasium, Skolenhet 1;90435000;Kungälv;1482;Kommunal;Kungälvs kommun;2120001371;Svenska 1;84;2,4;65,5;32,1;7;..;..;..;77;..;..;..;
Mimers hus Gymnasium, Skolenhet 1;90435000;Kungälv;1482;Kommunal;Kungälvs kommun;2120001371;Svenska som andraspråk 1;5;..;..;..;.;.;.;.;5;..;..;..;
Mimers hus Gymnasium, Skolenhet 2;75941223;Kungälv;1482;Kommunal;Kungälvs kommun;2120001371;Engelska 6;85;1,2;82,4;16,5;40;.;80,0;20,0;45;2,2;84,4;13,3;
Mimers hus Gymnasium, Skolenhet 2;75941223;Kungälv;1482;Kommunal;Kungälvs kommun;2120001371;Matematik 1A;20;.;95,0;5,0;9;..;..;..;11;..;..;..;
Mimers hus Gymnasium, Skolenhet 2;75941223;Kungälv;1482;Kommunal;Kungälvs kommun;2120001371;Matematik 2B;87;.;88,5;11,5;41;.;90,2;9,8;46;.;87,0;13,0;
Mimers hus Gymnasium, Skolenhet 2;75941223;Kungälv;1482;Kommunal;Kungälvs kommun;2120001371;Matematik 3B;46;.;95,7;4,3;15;.;93,3;6,7;31;.;96,8;3,2;
Mimers hus Gymnasium, Skolenhet 2;75941223;Kungälv;1482;Kommunal;Kungälvs kommun;2120001371;Svenska 1;20;.;95,0;5,0;9;..;..;..;11;..;..;..;
Mimers hus Gymnasium, Skolenhet 2;75941223;Kungälv;1482;Kommunal;Kungälvs kommun;2120001371;Svenska 3;60;5,0;55,0;40,0;30;6,7;40,0;53,3;30;3,3;70,0;26,7;
Mimers hus Gymnasium, Skolenhet 3;33720955;Kungälv;1482;Kommunal;Kungälvs kommun;2120001371;Engelska 5;12;.;91,7;8,3;12;..;..;..;.;.;.;.;
Mimers hus Gymnasium, Skolenhet 3;33720955;Kungälv;1482;Kommunal;Kungälvs kommun;2120001371;Matematik 1A;13;.;69,2;30,8;13;..;..;..;.;.;.;.;
Mimers hus Gymnasium, Skolenhet 3;33720955;Kungälv;1482;Kommunal;Kungälvs kommun;2120001371;Svenska 1;8;..;..;..;8;..;..;..;.;.;.;.;
Mimers hus Gymnasium, Skolenhet 3;33720955;Kungälv;1482;Kommunal;Kungälvs kommun;2120001371;Svenska som andraspråk 1;3;..;..;..;3;..;..;..;.;.;.;.;
Mimers hus Gymnasium, Skolenhet 4;45796620;Kungälv;1482;Kommunal;Kungälvs kommun;2120001371;Engelska 6;82;3,7;89,0;7,3;23;.;82,6;17,4;59;5,1;91,5;3,4;
Mimers hus Gymnasium, Skolenhet 4;45796620;Kungälv;1482;Kommunal;Kungälvs kommun;2120001371;Matematik 1A;11;.;72,7;27,3;1;..;..;..;10;..;..;..;
Mimers hus Gymnasium, Skolenhet 4;45796620;Kungälv;1482;Kommunal;Kungälvs kommun;2120001371;Svenska 1;12;.;66,7;33,3;.;.;.;.;12;..;..;..;
Mimers hus Gymnasium, Skolenhet 4;45796620;Kungälv;1482;Kommunal;Kungälvs kommun;2120001371;Svenska 3;76;19,7;50,0;30,3;32;.;53,1;46,9;44;34,1;47,7;18,2;
Mimers hus Gymnasium, Skolenhet 4;45796620;Kungälv;1482;Kommunal;Kungälvs kommun;2120001371;Svenska som andraspråk 3;6;..;..;..;1;..;..;..;5;..;..;..;
Mimers hus Gymnasium, Skolenhet 5;38646067;Kungälv;1482;Kommunal;Kungälvs kommun;2120001371;Engelska 5;17;5,9;94,1;.;12;..;..;..;5;..;..;..;
Mimers hus Gymnasium, Skolenhet 5;38646067;Kungälv;1482;Kommunal;Kungälvs kommun;2120001371;Engelska 6;53;7,5;75,5;17,0;28;.;75,0;25,0;25;16,0;76,0;8,0;
Mimers hus Gymnasium, Skolenhet 5;38646067;Kungälv;1482;Kommunal;Kungälvs kommun;2120001371;Matematik 1A;19;.;15,8;84,2;12;..;..;..;7;..;..;..;
Mimers hus Gymnasium, Skolenhet 5;38646067;Kungälv;1482;Kommunal;Kungälvs kommun;2120001371;Matematik 2B;85;.;55,3;44,7;42;.;57,1;42,9;43;.;53,5;46,5;
Mimers hus Gymnasium, Skolenhet 5;38646067;Kungälv;1482;Kommunal;Kungälvs kommun;2120001371;Svenska 1;18;.;50,0;50,0;12;..;..;..;6;..;..;..;
Mimers hus Gymnasium, Skolenhet 5;38646067;Kungälv;1482;Kommunal;Kungälvs kommun;2120001371;Svenska 3;43;4,7;51,2;44,2;21;4,8;47,6;47,6;22;4,5;54,5;40,9;
Mimers hus Gymnasium, Skolenhet 5;38646067;Kungälv;1482;Kommunal;Kungälvs kommun;2120001371;Svenska som andraspråk 1;1;..;..;..;.;.;.;.;1;..;..;..;
Mimers hus Gymnasium, Skolenhet 5;38646067;Kungälv;1482;Kommunal;Kungälvs kommun;2120001371;Svenska som andraspråk 3;1;..;..;..;.;.;.;.;1;..;..;..;
Ullvi1;35632014;Köping;1983;Kommunal;Köpings kommun;2120002114;Engelska 5;46;32,6;65,2;2,2;16;12,5;87,5;.;30;43,3;53,3;3,3;
Ullvi1;35632014;Köping;1983;Kommunal;Köpings kommun;2120002114;Engelska 6;36;2,8;72,2;25,0;29;..;..;..;7;..;..;..;
Ullvi1;35632014;Köping;1983;Kommunal;Köpings kommun;2120002114;Matematik 1A;57;.;86,0;14,0;19;.;89,5;10,5;38;.;84,2;15,8;
Ullvi1;35632014;Köping;1983;Kommunal;Köpings kommun;2120002114;Matematik 2B;38;.;55,3;44,7;31;..;..;..;7;..;..;..;
Ullvi1;35632014;Köping;1983;Kommunal;Köpings kommun;2120002114;Svenska 1;42;.;59,5;40,5;14;.;64,3;35,7;28;.;57,1;42,9;
Ullvi1;35632014;Köping;1983;Kommunal;Köpings kommun;2120002114;Svenska 3;30;.;40,0;60,0;26;..;..;..;4;..;..;..;
Ullvi1;35632014;Köping;1983;Kommunal;Köpings kommun;2120002114;Svenska som andraspråk 1;4;..;..;..;.;.;.;.;4;..;..;..;
Ullvi1;35632014;Köping;1983;Kommunal;Köpings kommun;2120002114;Svenska som andraspråk 3;15;6,7;26,7;66,7;8;..;..;..;7;..;..;..;
Ullvi2;34412858;Köping;1983;Kommunal;Köpings kommun;2120002114;Engelska 6;38;18,4;68,4;13,2;27;18,5;66,7;14,8;11;18,2;72,7;9,1;
Ullvi2;34412858;Köping;1983;Kommunal;Köpings kommun;2120002114;Matematik 2B;23;.;56,5;43,5;17;..;..;..;6;..;..;..;
Ullvi2;34412858;Köping;1983;Kommunal;Köpings kommun;2120002114;Matematik 3B;18;.;61,1;38,9;5;..;..;..;13;..;..;..;
Ullvi2;34412858;Köping;1983;Kommunal;Köpings kommun;2120002114;Svenska 3;37;16,2;48,6;35,1;22;9,1;54,5;36,4;15;26,7;40,0;33,3;
Ullvi2;34412858;Köping;1983;Kommunal;Köpings kommun;2120002114;Svenska som andraspråk 3;5;..;..;..;1;..;..;..;4;..;..;..;
Ullvi3;34931041;Köping;1983;Kommunal;Köpings kommun;2120002114;Engelska 5;32;40,6;59,4;.;4;..;..;..;28;..;..;..;
Ullvi3;34931041;Köping;1983;Kommunal;Köpings kommun;2120002114;Engelska 6;12;.;75,0;25,0;4;..;..;..;8;..;..;..;
Ullvi3;34931041;Köping;1983;Kommunal;Köpings kommun;2120002114;Matematik 1A;34;.;97,1;2,9;4;..;..;..;30;..;..;..;
Ullvi3;34931041;Köping;1983;Kommunal;Köpings kommun;2120002114;Matematik 4;10;.;80,0;20,0;3;..;..;..;7;..;..;..;
Ullvi3;34931041;Köping;1983;Kommunal;Köpings kommun;2120002114;Svenska 1;29;6,9;58,6;34,5;3;..;..;..;26;..;..;..;
Ullvi3;34931041;Köping;1983;Kommunal;Köpings kommun;2120002114;Svenska 3;22;9,1;59,1;31,8;4;..;..;..;18;..;..;..;
Ullvi3;34931041;Köping;1983;Kommunal;Köpings kommun;2120002114;Svenska som andraspråk 1;3;..;..;..;1;..;..;..;2;..;..;..;
Ullvi3;34931041;Köping;1983;Kommunal;Köpings kommun;2120002114;Svenska som andraspråk 3;2;..;..;..;.;.;.;.;2;..;..;..;
Ullvi4;34852224;Köping;1983;Kommunal;Köpings kommun;2120002114;Engelska 5;47;21,3;53,2;25,5;24;12,5;62,5;25,0;23;30,4;43,5;26,1;
Ullvi4;34852224;Köping;1983;Kommunal;Köpings kommun;2120002114;Engelska 6;14;.;50,0;50,0;8;..;..;..;6;..;..;..;
Ullvi4;34852224;Köping;1983;Kommunal;Köpings kommun;2120002114;Matematik 1A;51;2,0;82,4;15,7;25;.;92,0;8,0;26;3,8;73,1;23,1;
Ullvi4;34852224;Köping;1983;Kommunal;Köpings kommun;2120002114;Matematik 4;18;.;55,6;44,4;12;..;..;..;6;..;..;..;
Ullvi4;34852224;Köping;1983;Kommunal;Köpings kommun;2120002114;Svenska 1;41;9,8;31,7;58,5;22;4,5;40,9;54,5;19;15,8;21,1;63,2;
Ullvi4;34852224;Köping;1983;Kommunal;Köpings kommun;2120002114;Svenska 3;12;.;75,0;25,0;6;..;..;..;6;..;..;..;
Ullvi4;34852224;Köping;1983;Kommunal;Köpings kommun;2120002114;Svenska som andraspråk 1;2;..;..;..;2;..;..;..;.;.;.;.;
Ullvi4;34852224;Köping;1983;Kommunal;Köpings kommun;2120002114;Svenska som andraspråk 3;3;..;..;..;2;..;..;..;1;..;..;..;
Osbecksgymnasiet RO1;71512894;Laholm;1381;Kommunal;Laholms kommun;2120001223;Engelska 5;20;.;90,0;10,0;10;.;80,0;20,0;10;.;100,0;.;
Osbecksgymnasiet RO1;71512894;Laholm;1381;Kommunal;Laholms kommun;2120001223;Engelska 6;61;6,6;86,9;6,6;30;3,3;83,3;13,3;31;9,7;90,3;.;
Osbecksgymnasiet RO1;71512894;Laholm;1381;Kommunal;Laholms kommun;2120001223;Matematik 1A;18;16,7;77,8;5,6;9;..;..;..;9;..;..;..;
Osbecksgymnasiet RO1;71512894;Laholm;1381;Kommunal;Laholms kommun;2120001223;Matematik 2B;41;.;58,5;41,5;27;.;59,3;40,7;14;.;57,1;42,9;
Osbecksgymnasiet RO1;71512894;Laholm;1381;Kommunal;Laholms kommun;2120001223;Matematik 3B;4;..;..;..;.;.;.;.;4;..;..;..;
Osbecksgymnasiet RO1;71512894;Laholm;1381;Kommunal;Laholms kommun;2120001223;Matematik 3C;6;..;..;..;1;..;..;..;5;..;..;..;
Osbecksgymnasiet RO1;71512894;Laholm;1381;Kommunal;Laholms kommun;2120001223;Matematik 4;6;..;..;..;2;..;..;..;4;..;..;..;
Osbecksgymnasiet RO1;71512894;Laholm;1381;Kommunal;Laholms kommun;2120001223;Svenska 1;17;5,9;52,9;41,2;8;..;..;..;9;..;..;..;
Osbecksgymnasiet RO1;71512894;Laholm;1381;Kommunal;Laholms kommun;2120001223;Svenska 3;60;18,3;60,0;21,7;31;16,1;58,1;25,8;29;20,7;62,1;17,2;
Osbecksgymnasiet RO1;71512894;Laholm;1381;Kommunal;Laholms kommun;2120001223;Svenska som andraspråk 1;3;..;..;..;3;..;..;..;.;.;.;.;
Osbecksgymnasiet RO1;71512894;Laholm;1381;Kommunal;Laholms kommun;2120001223;Svenska som andraspråk 3;8;..;..;..;4;..;..;..;4;..;..;..;
Öresundsgymnasiet Landskrona;28248021;Landskrona;1282;Kommunal;Landskrona kommun;2120001140;Engelska 5;27;22,2;44,4;33,3;13;.;53,8;46,2;14;42,9;35,7;21,4;
Öresundsgymnasiet Landskrona;28248021;Landskrona;1282;Kommunal;Landskrona kommun;2120001140;Engelska 6;34;.;47,1;52,9;20;.;35,0;65,0;14;.;64,3;35,7;
Öresundsgymnasiet Landskrona;28248021;Landskrona;1282;Kommunal;Landskrona kommun;2120001140;Matematik 1A;30;.;83,3;16,7;9;..;..;..;21;..;..;..;
Öresundsgymnasiet Landskrona;28248021;Landskrona;1282;Kommunal;Landskrona kommun;2120001140;Matematik 2B;15;13,3;66,7;20,0;13;..;..;..;2;..;..;..;
Öresundsgymnasiet Landskrona;28248021;Landskrona;1282;Kommunal;Landskrona kommun;2120001140;Matematik 3B;9;..;..;..;2;..;..;..;7;..;..;..;
Öresundsgymnasiet Landskrona;28248021;Landskrona;1282;Kommunal;Landskrona kommun;2120001140;Matematik 3C;3;..;..;..;2;..;..;..;1;..;..;..;
Öresundsgymnasiet Landskrona;28248021;Landskrona;1282;Kommunal;Landskrona kommun;2120001140;Svenska 1;21;.;38,1;61,9;1;..;..;..;20;..;..;..;
Öresundsgymnasiet Landskrona;28248021;Landskrona;1282;Kommunal;Landskrona kommun;2120001140;Svenska 3;18;.;77,8;22,2;10;..;..;..;8;..;..;..;
Öresundsgymnasiet Landskrona;28248021;Landskrona;1282;Kommunal;Landskrona kommun;2120001140;Svenska som andraspråk 1;17;5,9;88,2;5,9;10;..;..;..;7;..;..;..;
Öresundsgymnasiet Landskrona;28248021;Landskrona;1282;Kommunal;Landskrona kommun;2120001140;Svenska som andraspråk 3;37;2,7;67,6;29,7;20;5,0;45,0;50,0;17;.;94,1;5,9;
Leksands gymnasium;44417214;Leksand;2029;Kommunal;Leksands kommun;2120002163;Engelska 5;53;11,3;71,7;17,0;30;16,7;70,0;13,3;23;4,3;73,9;21,7;
Leksands gymnasium;44417214;Leksand;2029;Kommunal;Leksands kommun;2120002163;Engelska 6;82;.;82,9;17,1;43;.;86,0;14,0;39;.;79,5;20,5;
Leksands gymnasium;44417214;Leksand;2029;Kommunal;Leksands kommun;2120002163;Matematik 1A;55;.;78,2;21,8;30;.;80,0;20,0;25;.;76,0;24,0;
Leksands gymnasium;44417214;Leksand;2029;Kommunal;Leksands kommun;2120002163;Matematik 2B;22;.;68,2;31,8;13;..;..;..;9;..;..;..;
Leksands gymnasium;44417214;Leksand;2029;Kommunal;Leksands kommun;2120002163;Matematik 3B;12;.;58,3;41,7;1;..;..;..;11;..;..;..;
Leksands gymnasium;44417214;Leksand;2029;Kommunal;Leksands kommun;2120002163;Matematik 3C;9;..;..;..;5;..;..;..;4;..;..;..;
Leksands gymnasium;44417214;Leksand;2029;Kommunal;Leksands kommun;2120002163;Svenska 1;44;.;77,3;22,7;26;.;80,8;19,2;18;.;72,2;27,8;
Leksands gymnasium;44417214;Leksand;2029;Kommunal;Leksands kommun;2120002163;Svenska 3;64;4,7;60,9;34,4;25;.;64,0;36,0;39;7,7;59,0;33,3;
Leksands gymnasium;44417214;Leksand;2029;Kommunal;Leksands kommun;2120002163;Svenska som andraspråk 1;1;..;..;..;1;..;..;..;.;.;.;.;
Leksands gymnasium;44417214;Leksand;2029;Kommunal;Leksands kommun;2120002163;Svenska som andraspråk 3;1;..;..;..;1;..;..;..;.;.;.;.;
Lerums Gymnasium, skolenhet 1;25025681;Lerum;1441;Kommunal;Lerums kommun;2120001447;Engelska 5;9;..;..;..;6;..;..;..;3;..;..;..;
Lerums Gymnasium, skolenhet 1;25025681;Lerum;1441;Kommunal;Lerums kommun;2120001447;Engelska 6;53;.;90,6;9,4;33;.;87,9;12,1;20;.;95,0;5,0;
Lerums Gymnasium, skolenhet 1;25025681;Lerum;1441;Kommunal;Lerums kommun;2120001447;Matematik 1A;13;.;84,6;15,4;10;..;..;..;3;..;..;..;
Lerums Gymnasium, skolenhet 1;25025681;Lerum;1441;Kommunal;Lerums kommun;2120001447;Matematik 2B;56;.;64,3;35,7;34;.;58,8;41,2;22;.;72,7;27,3;
Lerums Gymnasium, skolenhet 1;25025681;Lerum;1441;Kommunal;Lerums kommun;2120001447;Svenska 1;10;.;80,0;20,0;7;..;..;..;3;..;..;..;
Lerums Gymnasium, skolenhet 1;25025681;Lerum;1441;Kommunal;Lerums kommun;2120001447;Svenska 3;47;2,1;51,1;46,8;29;3,4;41,4;55,2;18;.;66,7;33,3;
Lerums Gymnasium, skolenhet 2;88776535;Lerum;1441;Kommunal;Lerums kommun;2120001447;Engelska 5;29;10,3;69,0;20,7;2;..;..;..;27;..;..;..;
Lerums Gymnasium, skolenhet 2;88776535;Lerum;1441;Kommunal;Lerums kommun;2120001447;Engelska 6;90;11,1;78,9;10,0;28;10,7;71,4;17,9;62;11,3;82,3;6,5;
Lerums Gymnasium, skolenhet 2;88776535;Lerum;1441;Kommunal;Lerums kommun;2120001447;Matematik 1A;23;.;69,6;30,4;2;..;..;..;21;..;..;..;
Lerums Gymnasium, skolenhet 2;88776535;Lerum;1441;Kommunal;Lerums kommun;2120001447;Matematik 4;1;..;..;..;1;..;..;..;.;.;.;.;
Lerums Gymnasium, skolenhet 2;88776535;Lerum;1441;Kommunal;Lerums kommun;2120001447;Svenska 1;27;.;7,4;92,6;2;..;..;..;25;..;..;..;
Lerums Gymnasium, skolenhet 2;88776535;Lerum;1441;Kommunal;Lerums kommun;2120001447;Svenska 3;89;1,1;58,4;40,4;31;3,2;64,5;32,3;58;.;55,2;44,8;
Lerums Gymnasium, skolenhet 2;88776535;Lerum;1441;Kommunal;Lerums kommun;2120001447;Svenska som andraspråk 3;6;..;..;..;4;..;..;..;2;..;..;..;
Lerums Gymnasium, skolenhet 4;49488344;Lerum;1441;Kommunal;Lerums kommun;2120001447;Engelska 6;25;20,0;68,0;12,0;16;..;..;..;9;..;..;..;
Lerums Gymnasium, skolenhet 4;49488344;Lerum;1441;Kommunal;Lerums kommun;2120001447;Matematik 1B;23;.;87,0;13,0;19;..;..;..;4;..;..;..;
Lerums Gymnasium, skolenhet 4;49488344;Lerum;1441;Kommunal;Lerums kommun;2120001447;Svenska 3;23;.;47,8;52,2;15;..;..;..;8;..;..;..;
Lerums Gymnasium, skolenhet 4;49488344;Lerum;1441;Kommunal;Lerums kommun;2120001447;Svenska som andraspråk 3;1;..;..;..;1;..;..;..;.;.;.;.;
Lerums Gymnasium, skolenhet 5;74408578;Lerum;1441;Kommunal;Lerums kommun;2120001447;Engelska 5;69;7,2;92,8;.;15;6,7;93,3;.;54;7,4;92,6;.;
Lerums Gymnasium, skolenhet 5;74408578;Lerum;1441;Kommunal;Lerums kommun;2120001447;Engelska 6;83;8,4;84,3;7,2;28;10,7;75,0;14,3;55;7,3;89,1;3,6;
Lerums Gymnasium, skolenhet 5;74408578;Lerum;1441;Kommunal;Lerums kommun;2120001447;Matematik 1A;68;.;89,7;10,3;13;.;100,0;.;55;.;87,3;12,7;
Lerums Gymnasium, skolenhet 5;74408578;Lerum;1441;Kommunal;Lerums kommun;2120001447;Matematik 2B;26;.;69,2;30,8;16;.;62,5;37,5;10;.;80,0;20,0;
Lerums Gymnasium, skolenhet 5;74408578;Lerum;1441;Kommunal;Lerums kommun;2120001447;Matematik 3B;33;.;57,6;42,4;8;..;..;..;25;..;..;..;
Lerums Gymnasium, skolenhet 5;74408578;Lerum;1441;Kommunal;Lerums kommun;2120001447;Svenska 1;70;.;74,3;25,7;16;.;68,8;31,3;54;.;75,9;24,1;
Lerums Gymnasium, skolenhet 5;74408578;Lerum;1441;Kommunal;Lerums kommun;2120001447;Svenska 3;76;1,3;60,5;38,2;24;.;58,3;41,7;52;1,9;61,5;36,5;
Christinagymnasiet;76359296;Lidingö;0186;Enskild;Lidingö Gymnasium AB;5592340474;Engelska 6;40;15,0;80,0;5,0;8;..;..;..;32;..;..;..;
Christinagymnasiet;76359296;Lidingö;0186;Enskild;Lidingö Gymnasium AB;5592340474;Matematik 2B;19;.;94,7;5,3;5;..;..;..;14;..;..;..;
Christinagymnasiet;76359296;Lidingö;0186;Enskild;Lidingö Gymnasium AB;5592340474;Matematik 3B;5;..;..;..;1;..;..;..;4;..;..;..;
Christinagymnasiet;76359296;Lidingö;0186;Enskild;Lidingö Gymnasium AB;5592340474;Svenska 3;14;.;100,0;.;3;..;..;..;11;..;..;..;
Hersby gymnasium;71043974;Lidingö;0186;Kommunal;Lidingö kommun;2120000191;Engelska 6;252;9,5;79,8;10,7;88;6,8;76,1;17,0;164;11,0;81,7;7,3;
Hersby gymnasium;71043974;Lidingö;0186;Kommunal;Lidingö kommun;2120000191;Matematik 2B;154;1,3;67,5;31,2;67;.;67,2;32,8;87;2,3;67,8;29,9;
Hersby gymnasium;71043974;Lidingö;0186;Kommunal;Lidingö kommun;2120000191;Matematik 3B;89;6,7;68,5;24,7;22;.;86,4;13,6;67;9,0;62,7;28,4;
Hersby gymnasium;71043974;Lidingö;0186;Kommunal;Lidingö kommun;2120000191;Matematik 4;60;.;91,7;8,3;14;.;100,0;.;46;.;89,1;10,9;
Hersby gymnasium;71043974;Lidingö;0186;Kommunal;Lidingö kommun;2120000191;Svenska 3;290;2,8;71,4;25,9;110;2,7;70,0;27,3;180;2,8;72,2;25,0;
Hersby gymnasium;71043974;Lidingö;0186;Kommunal;Lidingö kommun;2120000191;Svenska som andraspråk 3;4;..;..;..;2;..;..;..;2;..;..;..;
Lunagymnasiet;57777751;Lidingö;0186;Enskild;Utvecklingspedagogik Sverige Aktiebolag;5564715729;Engelska 6;19;21,1;57,9;21,1;11;..;..;..;8;..;..;..;
Lunagymnasiet;57777751;Lidingö;0186;Enskild;Utvecklingspedagogik Sverige Aktiebolag;5564715729;Matematik 1B;3;..;..;..;2;..;..;..;1;..;..;..;
Lunagymnasiet;57777751;Lidingö;0186;Enskild;Utvecklingspedagogik Sverige Aktiebolag;5564715729;Matematik 2B;8;..;..;..;4;..;..;..;4;..;..;..;
Lunagymnasiet;57777751;Lidingö;0186;Enskild;Utvecklingspedagogik Sverige Aktiebolag;5564715729;Matematik 3C;2;..;..;..;.;.;.;.;2;..;..;..;
Lunagymnasiet;57777751;Lidingö;0186;Enskild;Utvecklingspedagogik Sverige Aktiebolag;5564715729;Matematik 4;2;..;..;..;.;.;.;.;2;..;..;..;
Lunagymnasiet;57777751;Lidingö;0186;Enskild;Utvecklingspedagogik Sverige Aktiebolag;5564715729;Svenska 3;6;..;..;..;2;..;..;..;4;..;..;..;
De la Gardiegymnasiet, enhet 1;89807183;Lidköping;1494;Kommunal;Lidköpings kommun;2120001694;Engelska 6;120;4,2;80,0;15,8;52;1,9;78,8;19,2;68;5,9;80,9;13,2;
De la Gardiegymnasiet, enhet 1;89807183;Lidköping;1494;Kommunal;Lidköpings kommun;2120001694;Matematik 3C;40;2,5;87,5;10,0;15;.;93,3;6,7;25;4,0;84,0;12,0;
De la Gardiegymnasiet, enhet 1;89807183;Lidköping;1494;Kommunal;Lidköpings kommun;2120001694;Svenska 3;103;8,7;51,5;39,8;44;6,8;56,8;36,4;59;10,2;47,5;42,4;
De la Gardiegymnasiet, enhet 1;89807183;Lidköping;1494;Kommunal;Lidköpings kommun;2120001694;Svenska som andraspråk 3;9;..;..;..;7;..;..;..;2;..;..;..;
De la Gardiegymnasiet, enhet 2;86724994;Lidköping;1494;Kommunal;Lidköpings kommun;2120001694;Engelska 5;83;6,0;81,9;12,0;10;.;70,0;30,0;73;6,8;83,6;9,6;
De la Gardiegymnasiet, enhet 2;86724994;Lidköping;1494;Kommunal;Lidköpings kommun;2120001694;Matematik 1A;99;7,1;80,8;12,1;9;..;..;..;90;..;..;..;
De la Gardiegymnasiet, enhet 2;86724994;Lidköping;1494;Kommunal;Lidköpings kommun;2120001694;Svenska 1;92;1,1;57,6;41,3;7;..;..;..;85;..;..;..;
De la Gardiegymnasiet, enhet 3;61161774;Lidköping;1494;Kommunal;Lidköpings kommun;2120001694;Engelska 6;116;14,7;71,6;13,8;79;11,4;73,4;15,2;37;21,6;67,6;10,8;
De la Gardiegymnasiet, enhet 3;61161774;Lidköping;1494;Kommunal;Lidköpings kommun;2120001694;Matematik 2B;159;.;64,2;35,8;101;.;61,4;38,6;58;.;69,0;31,0;
De la Gardiegymnasiet, enhet 3;61161774;Lidköping;1494;Kommunal;Lidköpings kommun;2120001694;Matematik 3B;41;.;73,2;26,8;20;.;75,0;25,0;21;.;71,4;28,6;
De la Gardiegymnasiet, enhet 3;61161774;Lidköping;1494;Kommunal;Lidköpings kommun;2120001694;Svenska 3;116;13,8;48,3;37,9;75;14,7;46,7;38,7;41;12,2;51,2;36,6;
De la Gardiegymnasiet, enhet 3;61161774;Lidköping;1494;Kommunal;Lidköpings kommun;2120001694;Svenska som andraspråk 3;6;..;..;..;1;..;..;..;5;..;..;..;
De la Gardiegymnasiet, enhet 4;86158933;Lidköping;1494;Kommunal;Lidköpings kommun;2120001694;Engelska 5;45;20,0;80,0;.;24;16,7;83,3;.;21;23,8;76,2;.;
De la Gardiegymnasiet, enhet 4;86158933;Lidköping;1494;Kommunal;Lidköpings kommun;2120001694;Engelska 6;37;.;91,9;8,1;25;.;92,0;8,0;12;.;91,7;8,3;
De la Gardiegymnasiet, enhet 4;86158933;Lidköping;1494;Kommunal;Lidköpings kommun;2120001694;Matematik 1A;33;6,1;81,8;12,1;19;.;89,5;10,5;14;14,3;71,4;14,3;
De la Gardiegymnasiet, enhet 4;86158933;Lidköping;1494;Kommunal;Lidköpings kommun;2120001694;Matematik 1B;25;4,0;84,0;12,0;16;..;..;..;9;..;..;..;
De la Gardiegymnasiet, enhet 4;86158933;Lidköping;1494;Kommunal;Lidköpings kommun;2120001694;Svenska 1;30;.;56,7;43,3;16;.;56,3;43,8;14;.;57,1;42,9;
De la Gardiegymnasiet, enhet 4;86158933;Lidköping;1494;Kommunal;Lidköpings kommun;2120001694;Svenska 3;19;5,3;68,4;26,3;12;..;..;..;7;..;..;..;
De la Gardiegymnasiet, enhet 4;86158933;Lidköping;1494;Kommunal;Lidköpings kommun;2120001694;Svenska som andraspråk 3;1;..;..;..;1;..;..;..;.;.;.;.;
De la Gardiegymnasiet, enhet 6;14102256;Lidköping;1494;Kommunal;Lidköpings kommun;2120001694;Engelska 5;92;6,5;81,5;12,0;70;8,6;81,4;10,0;22;.;81,8;18,2;
De la Gardiegymnasiet, enhet 6;14102256;Lidköping;1494;Kommunal;Lidköpings kommun;2120001694;Matematik 1A;95;5,3;87,4;7,4;74;2,7;87,8;9,5;21;14,3;85,7;.;
De la Gardiegymnasiet, enhet 6;14102256;Lidköping;1494;Kommunal;Lidköpings kommun;2120001694;Svenska 1;90;3,3;82,2;14,4;70;2,9;82,9;14,3;20;5,0;80,0;15,0;
Lindeskolan LS 1;75082280;Lindesberg;1885;Kommunal;Lindesbergs kommun;2120002015;Engelska 5;42;14,3;73,8;11,9;27;14,8;70,4;14,8;15;13,3;80,0;6,7;
Lindeskolan LS 1;75082280;Lindesberg;1885;Kommunal;Lindesbergs kommun;2120002015;Engelska 6;3;..;..;..;2;..;..;..;1;..;..;..;
Lindeskolan LS 1;75082280;Lindesberg;1885;Kommunal;Lindesbergs kommun;2120002015;Matematik 1A;43;7,0;72,1;20,9;18;11,1;88,9;.;25;4,0;60,0;36,0;
Lindeskolan LS 1;75082280;Lindesberg;1885;Kommunal;Lindesbergs kommun;2120002015;Svenska 1;33;3,0;66,7;30,3;14;7,1;57,1;35,7;19;.;73,7;26,3;
Lindeskolan LS 1;75082280;Lindesberg;1885;Kommunal;Lindesbergs kommun;2120002015;Svenska som andraspråk 1;4;..;..;..;3;..;..;..;1;..;..;..;
Lindeskolan LS 1;75082280;Lindesberg;1885;Kommunal;Lindesbergs kommun;2120002015;Svenska som andraspråk 3;1;..;..;..;.;.;.;.;1;..;..;..;
Lindeskolan LS 3;39302565;Lindesberg;1885;Kommunal;Lindesbergs kommun;2120002015;Engelska 5;25;4,0;84,0;12,0;3;..;..;..;22;..;..;..;
Lindeskolan LS 3;39302565;Lindesberg;1885;Kommunal;Lindesbergs kommun;2120002015;Engelska 6;11;.;54,5;45,5;2;..;..;..;9;..;..;..;
Lindeskolan LS 3;39302565;Lindesberg;1885;Kommunal;Lindesbergs kommun;2120002015;Matematik 1A;47;2,1;80,9;17,0;6;..;..;..;41;..;..;..;
Lindeskolan LS 3;39302565;Lindesberg;1885;Kommunal;Lindesbergs kommun;2120002015;Svenska 1;47;2,1;46,8;51,1;12;.;8,3;91,7;35;2,9;60,0;37,1;
Lindeskolan LS 3;39302565;Lindesberg;1885;Kommunal;Lindesbergs kommun;2120002015;Svenska 3;10;10,0;40,0;50,0;3;..;..;..;7;..;..;..;
Lindeskolan LS 3;39302565;Lindesberg;1885;Kommunal;Lindesbergs kommun;2120002015;Svenska som andraspråk 1;8;..;..;..;3;..;..;..;5;..;..;..;
Anders Ljungstedts gymnasium 10;89357497;Linköping;0580;Kommunal;Linköpings kommun;2120000449;Engelska 5;13;7,7;84,6;7,7;1;..;..;..;12;..;..;..;
Anders Ljungstedts gymnasium 10;89357497;Linköping;0580;Kommunal;Linköpings kommun;2120000449;Matematik 1A;15;20,0;80,0;.;1;..;..;..;14;..;..;..;
Anders Ljungstedts gymnasium 10;89357497;Linköping;0580;Kommunal;Linköpings kommun;2120000449;Svenska 1;10;10,0;10,0;80,0;1;..;..;..;9;..;..;..;
Anders Ljungstedts gymnasium 4;61432781;Linköping;0580;Kommunal;Linköpings kommun;2120000449;Engelska 5;36;13,9;77,8;8,3;11;27,3;72,7;.;25;8,0;80,0;12,0;
Anders Ljungstedts gymnasium 4;61432781;Linköping;0580;Kommunal;Linköpings kommun;2120000449;Matematik 1A;39;.;92,3;7,7;9;..;..;..;30;..;..;..;
Anders Ljungstedts gymnasium 4;61432781;Linköping;0580;Kommunal;Linköpings kommun;2120000449;Svenska 1;33;3,0;57,6;39,4;12;8,3;50,0;41,7;21;.;61,9;38,1;
Anders Ljungstedts gymnasium 7;78287294;Linköping;0580;Kommunal;Linköpings kommun;2120000449;Engelska 5;29;3,4;82,8;13,8;29;..;..;..;.;.;.;.;
Anders Ljungstedts gymnasium 7;78287294;Linköping;0580;Kommunal;Linköpings kommun;2120000449;Matematik 1A;34;.;73,5;26,5;34;..;..;..;.;.;.;.;
Anders Ljungstedts gymnasium 7;78287294;Linköping;0580;Kommunal;Linköpings kommun;2120000449;Svenska 1;29;.;62,1;37,9;28;..;..;..;1;..;..;..;
Anders Ljungstedts gymnasium 7;78287294;Linköping;0580;Kommunal;Linköpings kommun;2120000449;Svenska som andraspråk 1;8;..;..;..;2;..;..;..;6;..;..;..;
Anders Ljungstedts gymnasium 8;74316305;Linköping;0580;Kommunal;Linköpings kommun;2120000449;Engelska 5;9;..;..;..;1;..;..;..;8;..;..;..;
Anders Ljungstedts gymnasium 8;74316305;Linköping;0580;Kommunal;Linköpings kommun;2120000449;Engelska 6;12;.;91,7;8,3;1;..;..;..;11;..;..;..;
Anders Ljungstedts gymnasium 8;74316305;Linköping;0580;Kommunal;Linköpings kommun;2120000449;Matematik 1A;18;38,9;44,4;16,7;1;..;..;..;17;..;..;..;
Anders Ljungstedts gymnasium 8;74316305;Linköping;0580;Kommunal;Linköpings kommun;2120000449;Svenska 1;34;5,9;55,9;38,2;2;..;..;..;32;..;..;..;
Anders Ljungstedts gymnasium 8;74316305;Linköping;0580;Kommunal;Linköpings kommun;2120000449;Svenska som andraspråk 1;2;..;..;..;.;.;.;.;2;..;..;..;
Anders Ljungstedts gymnasium 9;39096170;Linköping;0580;Kommunal;Linköpings kommun;2120000449;Engelska 5;53;18,9;69,8;11,3;14;14,3;57,1;28,6;39;20,5;74,4;5,1;
Anders Ljungstedts gymnasium 9;39096170;Linköping;0580;Kommunal;Linköpings kommun;2120000449;Matematik 1A;56;10,7;85,7;3,6;14;7,1;85,7;7,1;42;11,9;85,7;2,4;
Anders Ljungstedts gymnasium 9;39096170;Linköping;0580;Kommunal;Linköpings kommun;2120000449;Svenska 1;53;.;49,1;50,9;13;.;38,5;61,5;40;.;52,5;47,5;
Anders Ljungstedts gymnasium 9;39096170;Linköping;0580;Kommunal;Linköpings kommun;2120000449;Svenska som andraspråk 1;1;..;..;..;1;..;..;..;.;.;.;.;
Berzeliusskolan 1;79527481;Linköping;0580;Kommunal;Linköpings kommun;2120000449;Engelska 6;143;17,5;75,5;7,0;37;13,5;70,3;16,2;106;18,9;77,4;3,8;
Berzeliusskolan 1;79527481;Linköping;0580;Kommunal;Linköpings kommun;2120000449;Matematik 3C;95;.;87,4;12,6;32;.;90,6;9,4;63;.;85,7;14,3;
Berzeliusskolan 1;79527481;Linköping;0580;Kommunal;Linköpings kommun;2120000449;Matematik 4;65;.;95,4;4,6;11;.;90,9;9,1;54;.;96,3;3,7;
Berzeliusskolan 1;79527481;Linköping;0580;Kommunal;Linköpings kommun;2120000449;Svenska 3;133;6,0;51,1;42,9;32;3,1;43,8;53,1;101;6,9;53,5;39,6;
Berzeliusskolan 1;79527481;Linköping;0580;Kommunal;Linköpings kommun;2120000449;Svenska som andraspråk 3;10;.;60,0;40,0;3;..;..;..;7;..;..;..;
Berzeliusskolan 2;67300857;Linköping;0580;Kommunal;Linköpings kommun;2120000449;Engelska 6;139;7,9;72,7;19,4;85;5,9;72,9;21,2;54;11,1;72,2;16,7;
Berzeliusskolan 2;67300857;Linköping;0580;Kommunal;Linköpings kommun;2120000449;Matematik 3C;32;3,1;87,5;9,4;25;..;..;..;7;..;..;..;
Berzeliusskolan 2;67300857;Linköping;0580;Kommunal;Linköpings kommun;2120000449;Matematik 4;115;.;93,0;7,0;57;.;94,7;5,3;58;.;91,4;8,6;
Berzeliusskolan 2;67300857;Linköping;0580;Kommunal;Linköpings kommun;2120000449;Svenska 3;125;4,8;56,8;38,4;65;1,5;64,6;33,8;60;8,3;48,3;43,3;
Berzeliusskolan 2;67300857;Linköping;0580;Kommunal;Linköpings kommun;2120000449;Svenska som andraspråk 3;11;9,1;54,5;36,4;3;..;..;..;8;..;..;..;
Birgittaskolan 1;99279503;Linköping;0580;Kommunal;Linköpings kommun;2120000449;Engelska 6;50;12,0;78,0;10,0;28;17,9;71,4;10,7;22;4,5;86,4;9,1;
Birgittaskolan 1;99279503;Linköping;0580;Kommunal;Linköpings kommun;2120000449;Matematik 2B;15;.;60,0;40,0;13;..;..;..;2;..;..;..;
Birgittaskolan 1;99279503;Linköping;0580;Kommunal;Linköpings kommun;2120000449;Matematik 3B;16;6,3;93,8;.;11;..;..;..;5;..;..;..;
Birgittaskolan 1;99279503;Linköping;0580;Kommunal;Linköpings kommun;2120000449;Svenska 3;27;.;14,8;85,2;19;..;..;..;8;..;..;..;
Birgittaskolan 1;99279503;Linköping;0580;Kommunal;Linköpings kommun;2120000449;Svenska som andraspråk 3;23;4,3;73,9;21,7;19;..;..;..;4;..;..;..;
Birgittaskolan 2;63653488;Linköping;0580;Kommunal;Linköpings kommun;2120000449;Engelska 5;3;..;..;..;.;.;.;.;3;..;..;..;
Birgittaskolan 2;63653488;Linköping;0580;Kommunal;Linköpings kommun;2120000449;Engelska 6;6;..;..;..;3;..;..;..;3;..;..;..;
Birgittaskolan 2;63653488;Linköping;0580;Kommunal;Linköpings kommun;2120000449;Matematik 1A;4;..;..;..;.;.;.;.;4;..;..;..;
Birgittaskolan 2;63653488;Linköping;0580;Kommunal;Linköpings kommun;2120000449;Matematik 2B;2;..;..;..;1;..;..;..;1;..;..;..;
Birgittaskolan 2;63653488;Linköping;0580;Kommunal;Linköpings kommun;2120000449;Svenska 1;3;..;..;..;.;.;.;.;3;..;..;..;
Birgittaskolan 2;63653488;Linköping;0580;Kommunal;Linköpings kommun;2120000449;Svenska 3;9;..;..;..;3;..;..;..;6;..;..;..;
Birgittaskolan 3;50063655;Linköping;0580;Kommunal;Linköpings kommun;2120000449;Engelska 5;61;19,7;75,4;4,9;54;..;..;..;7;..;..;..;
Birgittaskolan 3;50063655;Linköping;0580;Kommunal;Linköpings kommun;2120000449;Matematik 1A;67;4,5;86,6;9,0;56;5,4;83,9;10,7;11;.;100,0;.;
Birgittaskolan 3;50063655;Linköping;0580;Kommunal;Linköpings kommun;2120000449;Svenska 1;43;9,3;62,8;27,9;38;..;..;..;5;..;..;..;
Birgittaskolan 3;50063655;Linköping;0580;Kommunal;Linköpings kommun;2120000449;Svenska som andraspråk 1;14;14,3;57,1;28,6;11;..;..;..;3;..;..;..;
Drottning Blankas Gymnasieskola Linköping;70412563;Linköping;0580;Enskild;DBGY Kronan AB;5565668794;Engelska 6;7;..;..;..;5;..;..;..;2;..;..;..;
Drottning Blankas Gymnasieskola Linköping;70412563;Linköping;0580;Enskild;DBGY Kronan AB;5565668794;Matematik 2B;9;..;..;..;7;..;..;..;2;..;..;..;
Drottning Blankas Gymnasieskola Linköping;70412563;Linköping;0580;Enskild;DBGY Kronan AB;5565668794;Matematik 3B;1;..;..;..;1;..;..;..;.;.;.;.;
Drottning Blankas Gymnasieskola Linköping;70412563;Linköping;0580;Enskild;DBGY Kronan AB;5565668794;Svenska 3;10;.;10,0;90,0;9;..;..;..;1;..;..;..;
Drottning Blankas Gymnasieskola Linköping;70412563;Linköping;0580;Enskild;DBGY Kronan AB;5565668794;Svenska som andraspråk 3;3;..;..;..;3;..;..;..;.;.;.;.;
Folkungaskolan 1;24544503;Linköping;0580;Kommunal;Linköpings kommun;2120000449;Engelska 6;96;15,6;70,8;13,5;51;9,8;76,5;13,7;45;22,2;64,4;13,3;
Folkungaskolan 1;24544503;Linköping;0580;Kommunal;Linköpings kommun;2120000449;Matematik 1B;21;.;95,2;4,8;9;..;..;..;12;..;..;..;
Folkungaskolan 1;24544503;Linköping;0580;Kommunal;Linköpings kommun;2120000449;Matematik 2B;32;.;78,1;21,9;20;.;80,0;20,0;12;.;75,0;25,0;
Folkungaskolan 1;24544503;Linköping;0580;Kommunal;Linköpings kommun;2120000449;Matematik 3B;17;.;88,2;11,8;12;..;..;..;5;..;..;..;
Folkungaskolan 1;24544503;Linköping;0580;Kommunal;Linköpings kommun;2120000449;Svenska 3;72;.;37,5;62,5;51;.;33,3;66,7;21;.;47,6;52,4;
Folkungaskolan 2;25392789;Linköping;0580;Kommunal;Linköpings kommun;2120000449;Engelska 6;83;15,7;69,9;14,5;66;13,6;72,7;13,6;17;23,5;58,8;17,6;
Folkungaskolan 2;25392789;Linköping;0580;Kommunal;Linköpings kommun;2120000449;Matematik 2B;84;.;65,5;34,5;67;.;62,7;37,3;17;.;76,5;23,5;
Folkungaskolan 2;25392789;Linköping;0580;Kommunal;Linköpings kommun;2120000449;Svenska 3;113;.;42,5;57,5;82;.;41,5;58,5;31;.;45,2;54,8;
Fria Läroverken Linköping;69240218;Linköping;0580;Enskild;Fria Läroverken i Sverige AB;5569172041;Engelska 5;20;50,0;30,0;20,0;5;..;..;..;15;..;..;..;
Fria Läroverken Linköping;69240218;Linköping;0580;Enskild;Fria Läroverken i Sverige AB;5569172041;Engelska 6;29;3,4;69,0;27,6;13;.;46,2;53,8;16;6,3;87,5;6,3;
Fria Läroverken Linköping;69240218;Linköping;0580;Enskild;Fria Läroverken i Sverige AB;5569172041;Matematik 1A;19;10,5;89,5;.;5;..;..;..;14;..;..;..;
Fria Läroverken Linköping;69240218;Linköping;0580;Enskild;Fria Läroverken i Sverige AB;5569172041;Matematik 2B;100;2,0;90,0;8,0;49;2,0;83,7;14,3;51;2,0;96,1;2,0;
Fria Läroverken Linköping;69240218;Linköping;0580;Enskild;Fria Läroverken i Sverige AB;5569172041;Matematik 3B;32;12,5;81,3;6,3;9;..;..;..;23;..;..;..;
Fria Läroverken Linköping;69240218;Linköping;0580;Enskild;Fria Läroverken i Sverige AB;5569172041;Matematik 4;10;10,0;50,0;40,0;4;..;..;..;6;..;..;..;
Fria Läroverken Linköping;69240218;Linköping;0580;Enskild;Fria Läroverken i Sverige AB;5569172041;Svenska 1;18;.;88,9;11,1;4;..;..;..;14;..;..;..;
Fria Läroverken Linköping;69240218;Linköping;0580;Enskild;Fria Läroverken i Sverige AB;5569172041;Svenska 3;113;4,4;57,5;38,1;57;1,8;59,6;38,6;56;7,1;55,4;37,5;
Fria Läroverken Linköping;69240218;Linköping;0580;Enskild;Fria Läroverken i Sverige AB;5569172041;Svenska som andraspråk 1;3;..;..;..;1;..;..;..;2;..;..;..;
Fria Läroverken Linköping;69240218;Linköping;0580;Enskild;Fria Läroverken i Sverige AB;5569172041;Svenska som andraspråk 3;10;.;40,0;60,0;4;..;..;..;6;..;..;..;
JENSEN Gymnasium Linköping;38460895;Linköping;0580;Enskild;Jensen Education College AB;5566358759;Engelska 6;54;.;77,8;22,2;35;.;68,6;31,4;19;.;94,7;5,3;
JENSEN Gymnasium Linköping;38460895;Linköping;0580;Enskild;Jensen Education College AB;5566358759;Matematik 2B;21;.;42,9;57,1;14;..;..;..;7;..;..;..;
JENSEN Gymnasium Linköping;38460895;Linköping;0580;Enskild;Jensen Education College AB;5566358759;Matematik 3B;21;.;71,4;28,6;10;.;60,0;40,0;11;.;81,8;18,2;
JENSEN Gymnasium Linköping;38460895;Linköping;0580;Enskild;Jensen Education College AB;5566358759;Svenska 3;20;5,0;85,0;10,0;14;..;..;..;6;..;..;..;
JENSEN Gymnasium Linköping;38460895;Linköping;0580;Enskild;Jensen Education College AB;5566358759;Svenska som andraspråk 3;15;.;93,3;6,7;8;..;..;..;7;..;..;..;
Katedralskolan 1;53821161;Linköping;0580;Kommunal;Linköpings kommun;2120000449;Engelska 6;157;4,5;91,7;3,8;97;4,1;91,8;4,1;60;5,0;91,7;3,3;
Katedralskolan 1;53821161;Linköping;0580;Kommunal;Linköpings kommun;2120000449;Matematik 1B;8;..;..;..;6;..;..;..;2;..;..;..;
Katedralskolan 1;53821161;Linköping;0580;Kommunal;Linköpings kommun;2120000449;Matematik 3C;42;.;97,6;2,4;27;.;100,0;.;15;.;93,3;6,7;
Katedralskolan 1;53821161;Linköping;0580;Kommunal;Linköpings kommun;2120000449;Matematik 4;102;.;93,1;6,9;57;.;91,2;8,8;45;.;95,6;4,4;
Katedralskolan 1;53821161;Linköping;0580;Kommunal;Linköpings kommun;2120000449;Svenska 3;116;9,5;82,8;7,8;67;6,0;83,6;10,4;49;14,3;81,6;4,1;
Katedralskolan 1;53821161;Linköping;0580;Kommunal;Linköpings kommun;2120000449;Svenska som andraspråk 1;2;..;..;..;.;.;.;.;2;..;..;..;
Katedralskolan 1;53821161;Linköping;0580;Kommunal;Linköpings kommun;2120000449;Svenska som andraspråk 3;22;13,6;68,2;18,2;12;8,3;83,3;8,3;10;20,0;50,0;30,0;
Katedralskolan 2;31199511;Linköping;0580;Kommunal;Linköpings kommun;2120000449;Engelska 6;84;4,8;81,0;14,3;56;1,8;80,4;17,9;28;10,7;82,1;7,1;
Katedralskolan 2;31199511;Linköping;0580;Kommunal;Linköpings kommun;2120000449;Matematik 2B;92;2,2;78,3;19,6;61;1,6;78,7;19,7;31;3,2;77,4;19,4;
Katedralskolan 2;31199511;Linköping;0580;Kommunal;Linköpings kommun;2120000449;Svenska 3;74;8,1;70,3;21,6;64;6,3;71,9;21,9;10;20,0;60,0;20,0;
Katedralskolan 3;12934438;Linköping;0580;Kommunal;Linköpings kommun;2120000449;Engelska 5;24;8,3;79,2;12,5;10;.;80,0;20,0;14;14,3;78,6;7,1;
Katedralskolan 3;12934438;Linköping;0580;Kommunal;Linköpings kommun;2120000449;Engelska 6;119;9,2;80,7;10,1;70;10,0;82,9;7,1;49;8,2;77,6;14,3;
Katedralskolan 3;12934438;Linköping;0580;Kommunal;Linköpings kommun;2120000449;Matematik 1A;25;.;96,0;4,0;10;.;100,0;.;15;.;93,3;6,7;
Katedralskolan 3;12934438;Linköping;0580;Kommunal;Linköpings kommun;2120000449;Matematik 2B;44;.;97,7;2,3;37;..;..;..;7;..;..;..;
Katedralskolan 3;12934438;Linköping;0580;Kommunal;Linköpings kommun;2120000449;Matematik 3B;53;.;96,2;3,8;26;.;96,2;3,8;27;.;96,3;3,7;
Katedralskolan 3;12934438;Linköping;0580;Kommunal;Linköpings kommun;2120000449;Svenska 1;23;8,7;69,6;21,7;10;.;60,0;40,0;13;15,4;76,9;7,7;
Katedralskolan 3;12934438;Linköping;0580;Kommunal;Linköpings kommun;2120000449;Svenska 3;108;6,5;73,1;20,4;71;2,8;73,2;23,9;37;13,5;73,0;13,5;
KLARA Teoretiska Gymnasium Linköping;43313366;Linköping;0580;Enskild;KLARA Gymnasium Kunskap AB;5566303938;Engelska 5;25;16,0;84,0;.;14;14,3;85,7;.;11;18,2;81,8;.;
KLARA Teoretiska Gymnasium Linköping;43313366;Linköping;0580;Enskild;KLARA Gymnasium Kunskap AB;5566303938;Engelska 6;107;15,9;68,2;15,9;65;9,2;67,7;23,1;42;26,2;69,0;4,8;
KLARA Teoretiska Gymnasium Linköping;43313366;Linköping;0580;Enskild;KLARA Gymnasium Kunskap AB;5566303938;Matematik 1A;29;.;89,7;10,3;17;.;82,4;17,6;12;.;100,0;.;
KLARA Teoretiska Gymnasium Linköping;43313366;Linköping;0580;Enskild;KLARA Gymnasium Kunskap AB;5566303938;Matematik 2B;59;.;84,7;15,3;32;.;81,3;18,8;27;.;88,9;11,1;
KLARA Teoretiska Gymnasium Linköping;43313366;Linköping;0580;Enskild;KLARA Gymnasium Kunskap AB;5566303938;Matematik 3B;17;.;82,4;17,6;12;..;..;..;5;..;..;..;
KLARA Teoretiska Gymnasium Linköping;43313366;Linköping;0580;Enskild;KLARA Gymnasium Kunskap AB;5566303938;Matematik 3C;7;..;..;..;4;..;..;..;3;..;..;..;
KLARA Teoretiska Gymnasium Linköping;43313366;Linköping;0580;Enskild;KLARA Gymnasium Kunskap AB;5566303938;Matematik 4;5;..;..;..;3;..;..;..;2;..;..;..;
KLARA Teoretiska Gymnasium Linköping;43313366;Linköping;0580;Enskild;KLARA Gymnasium Kunskap AB;5566303938;Svenska 1;18;5,6;50,0;44,4;9;..;..;..;9;..;..;..;
KLARA Teoretiska Gymnasium Linköping;43313366;Linköping;0580;Enskild;KLARA Gymnasium Kunskap AB;5566303938;Svenska 3;68;1,5;51,5;47,1;43;2,3;48,8;48,8;25;.;56,0;44,0;
KLARA Teoretiska Gymnasium Linköping;43313366;Linköping;0580;Enskild;KLARA Gymnasium Kunskap AB;5566303938;Svenska som andraspråk 1;3;..;..;..;1;..;..;..;2;..;..;..;
KLARA Teoretiska Gymnasium Linköping;43313366;Linköping;0580;Enskild;KLARA Gymnasium Kunskap AB;5566303938;Svenska som andraspråk 3;27;7,4;59,3;33,3;18;..;..;..;9;..;..;..;
LBS Kreativa Gymnasiet Linköping;86787111;Linköping;0580;Enskild;Ljud & Bildskolan LBS AB;5564851649;Engelska 6;37;35,1;62,2;2,7;12;16,7;75,0;8,3;25;44,0;56,0;.;
LBS Kreativa Gymnasiet Linköping;86787111;Linköping;0580;Enskild;Ljud & Bildskolan LBS AB;5564851649;Matematik 1B;24;4,2;66,7;29,2;11;.;72,7;27,3;13;7,7;61,5;30,8;
LBS Kreativa Gymnasiet Linköping;86787111;Linköping;0580;Enskild;Ljud & Bildskolan LBS AB;5564851649;Matematik 3C;16;.;81,3;18,8;4;..;..;..;12;..;..;..;
LBS Kreativa Gymnasiet Linköping;86787111;Linköping;0580;Enskild;Ljud & Bildskolan LBS AB;5564851649;Svenska 3;63;.;50,8;49,2;22;.;50,0;50,0;41;.;51,2;48,8;
Linköpings idrottsgymnasium;98000262;Linköping;0580;Kommunal;Linköpings kommun;2120000449;Engelska 5;8;..;..;..;3;..;..;..;5;..;..;..;
Linköpings idrottsgymnasium;98000262;Linköping;0580;Kommunal;Linköpings kommun;2120000449;Matematik 1A;8;..;..;..;3;..;..;..;5;..;..;..;
Linköpings idrottsgymnasium;98000262;Linköping;0580;Kommunal;Linköpings kommun;2120000449;Svenska 1;8;..;..;..;3;..;..;..;5;..;..;..;
Mediateknikerutbildningen, MTU;97868185;Linköping;0580;Enskild;Mediateknikerutbildningen, Mtu AB;5564631983;Engelska 5;11;9,1;90,9;.;.;.;.;.;11;..;..;..;
Mediateknikerutbildningen, MTU;97868185;Linköping;0580;Enskild;Mediateknikerutbildningen, Mtu AB;5564631983;Engelska 6;19;.;63,2;36,8;8;..;..;..;11;..;..;..;
Mediateknikerutbildningen, MTU;97868185;Linköping;0580;Enskild;Mediateknikerutbildningen, Mtu AB;5564631983;Matematik 1A;9;..;..;..;.;.;.;.;9;..;..;..;
Mediateknikerutbildningen, MTU;97868185;Linköping;0580;Enskild;Mediateknikerutbildningen, Mtu AB;5564631983;Matematik 1B;15;.;53,3;46,7;5;..;..;..;10;..;..;..;
Mediateknikerutbildningen, MTU;97868185;Linköping;0580;Enskild;Mediateknikerutbildningen, Mtu AB;5564631983;Svenska 1;10;.;70,0;30,0;.;.;.;.;10;..;..;..;
Mediateknikerutbildningen, MTU;97868185;Linköping;0580;Enskild;Mediateknikerutbildningen, Mtu AB;5564631983;Svenska 3;19;.;73,7;26,3;9;..;..;..;10;..;..;..;
Praktiska Gymnasiet Linköping;81551726;Linköping;0580;Enskild;Praktiska Sverige AB;5562575786;Engelska 5;124;15,3;77,4;7,3;38;10,5;78,9;10,5;86;17,4;76,7;5,8;
Praktiska Gymnasiet Linköping;81551726;Linköping;0580;Enskild;Praktiska Sverige AB;5562575786;Matematik 1A;129;2,3;82,9;14,7;38;.;71,1;28,9;91;3,3;87,9;8,8;
Praktiska Gymnasiet Linköping;81551726;Linköping;0580;Enskild;Praktiska Sverige AB;5562575786;Svenska 1;112;4,5;50,9;44,6;32;12,5;40,6;46,9;80;1,3;55,0;43,8;
Praktiska Gymnasiet Linköping;81551726;Linköping;0580;Enskild;Praktiska Sverige AB;5562575786;Svenska som andraspråk 1;6;..;..;..;3;..;..;..;3;..;..;..;
Realgymnasiet Linköping;77823650;Linköping;0580;Enskild;Lärande i Sverige AB;5565715892;Matematik 1A;1;..;..;..;.;.;.;.;1;..;..;..;
Realgymnasiet Linköping;77823650;Linköping;0580;Enskild;Lärande i Sverige AB;5565715892;Svenska som andraspråk 1;3;..;..;..;.;.;.;.;3;..;..;..;
Realgymnasiet Linköping;77823650;Linköping;0580;Enskild;Lärande i Sverige AB;5565715892;Svenska som andraspråk 3;1;..;..;..;1;..;..;..;.;.;.;.;
S:t Lars gymnasium;84476205;Linköping;0580;Kommunal;Linköpings kommun;2120000449;Engelska 6;38;10,5;81,6;7,9;30;..;..;..;8;..;..;..;
S:t Lars gymnasium;84476205;Linköping;0580;Kommunal;Linköpings kommun;2120000449;Matematik 1B;29;.;79,3;20,7;28;..;..;..;1;..;..;..;
S:t Lars gymnasium;84476205;Linköping;0580;Kommunal;Linköpings kommun;2120000449;Matematik 4;8;..;..;..;5;..;..;..;3;..;..;..;
S:t Lars gymnasium;84476205;Linköping;0580;Kommunal;Linköpings kommun;2120000449;Svenska 3;27;3,7;59,3;37,0;20;..;..;..;7;..;..;..;
S:t Lars gymnasium;84476205;Linköping;0580;Kommunal;Linköpings kommun;2120000449;Svenska som andraspråk 3;12;.;91,7;8,3;7;..;..;..;5;..;..;..;
Thoren Business School Linköping;37550979;Linköping;0580;Enskild;Thorengruppen AB;5566139290;Matematik 3B;9;..;..;..;4;..;..;..;5;..;..;..;
Thoren Business School Linköping;37550979;Linköping;0580;Enskild;Thorengruppen AB;5566139290;Svenska 3;3;..;..;..;2;..;..;..;1;..;..;..;
Thoren Business School Linköping;37550979;Linköping;0580;Enskild;Thorengruppen AB;5566139290;Svenska som andraspråk 3;14;7,1;42,9;50,0;9;..;..;..;5;..;..;..;
Vreta utbildningscentrum;52634142;Linköping;0580;Region;Region Östergötland;2321000040;Engelska 5;140;15,7;80,0;4,3;67;16,4;77,6;6,0;73;15,1;82,2;2,7;
Vreta utbildningscentrum;52634142;Linköping;0580;Region;Region Östergötland;2321000040;Matematik 1A;146;.;98,6;1,4;69;.;98,6;1,4;77;.;98,7;1,3;
Vreta utbildningscentrum;52634142;Linköping;0580;Region;Region Östergötland;2321000040;Svenska 1;142;4,9;71,1;23,9;65;9,2;69,2;21,5;77;1,3;72,7;26,0;
Yrkesgymnasiet Linköping;76195214;Linköping;0580;Enskild;Thorengruppen AB;5566139290;Engelska 5;46;6,5;73,9;19,6;20;5,0;70,0;25,0;26;7,7;76,9;15,4;
Yrkesgymnasiet Linköping;76195214;Linköping;0580;Enskild;Thorengruppen AB;5566139290;Engelska 6;1;..;..;..;.;.;.;.;1;..;..;..;
Yrkesgymnasiet Linköping;76195214;Linköping;0580;Enskild;Thorengruppen AB;5566139290;Matematik 1A;52;.;84,6;15,4;27;.;92,6;7,4;25;.;76,0;24,0;
Yrkesgymnasiet Linköping;76195214;Linköping;0580;Enskild;Thorengruppen AB;5566139290;Svenska 1;30;10,0;50,0;40,0;16;12,5;56,3;31,3;14;7,1;42,9;50,0;
Yrkesgymnasiet Linköping;76195214;Linköping;0580;Enskild;Thorengruppen AB;5566139290;Svenska som andraspråk 1;23;.;47,8;52,2;11;.;54,5;45,5;12;.;41,7;58,3;
RyssbyGymnasiet;32705515;Ljungby;0781;Enskild;Ryssbygymnasiet AB;5566214069;Matematik 1A;62;8,1;71,0;21,0;20;.;70,0;30,0;42;11,9;71,4;16,7;
RyssbyGymnasiet;32705515;Ljungby;0781;Enskild;Ryssbygymnasiet AB;5566214069;Svenska 1;75;12,0;58,7;29,3;22;13,6;45,5;40,9;53;11,3;64,2;24,5;
Sunnerbogymnasiet 1;60214465;Ljungby;0781;Kommunal;Ljungby kommun;2120000670;Engelska 5;27;44,4;51,9;3,7;14;28,6;64,3;7,1;13;61,5;38,5;.;
Sunnerbogymnasiet 1;60214465;Ljungby;0781;Kommunal;Ljungby kommun;2120000670;Engelska 6;69;27,5;65,2;7,2;33;27,3;60,6;12,1;36;27,8;69,4;2,8;
Sunnerbogymnasiet 1;60214465;Ljungby;0781;Kommunal;Ljungby kommun;2120000670;Matematik 1A;29;.;100,0;.;15;.;100,0;.;14;.;100,0;.;
Sunnerbogymnasiet 1;60214465;Ljungby;0781;Kommunal;Ljungby kommun;2120000670;Matematik 2B;52;.;73,1;26,9;25;.;76,0;24,0;27;.;70,4;29,6;
Sunnerbogymnasiet 1;60214465;Ljungby;0781;Kommunal;Ljungby kommun;2120000670;Matematik 3B;21;.;90,5;9,5;10;.;100,0;.;11;.;81,8;18,2;
Sunnerbogymnasiet 1;60214465;Ljungby;0781;Kommunal;Ljungby kommun;2120000670;Svenska 1;22;9,1;50,0;40,9;13;..;..;..;9;..;..;..;
Sunnerbogymnasiet 1;60214465;Ljungby;0781;Kommunal;Ljungby kommun;2120000670;Svenska 3;78;3,8;57,7;38,5;57;3,5;54,4;42,1;21;4,8;66,7;28,6;
Sunnerbogymnasiet 1;60214465;Ljungby;0781;Kommunal;Ljungby kommun;2120000670;Svenska som andraspråk 1;1;..;..;..;.;.;.;.;1;..;..;..;
Sunnerbogymnasiet 1;60214465;Ljungby;0781;Kommunal;Ljungby kommun;2120000670;Svenska som andraspråk 3;8;..;..;..;5;..;..;..;3;..;..;..;
Sunnerbogymnasiet 2;70137084;Ljungby;0781;Kommunal;Ljungby kommun;2120000670;Engelska 5;68;19,1;77,9;2,9;9;..;..;..;59;..;..;..;
Sunnerbogymnasiet 2;70137084;Ljungby;0781;Kommunal;Ljungby kommun;2120000670;Matematik 1A;64;.;96,9;3,1;8;..;..;..;56;..;..;..;
Sunnerbogymnasiet 2;70137084;Ljungby;0781;Kommunal;Ljungby kommun;2120000670;Svenska 1;57;5,3;66,7;28,1;7;..;..;..;50;..;..;..;
Sunnerbogymnasiet 2;70137084;Ljungby;0781;Kommunal;Ljungby kommun;2120000670;Svenska som andraspråk 1;3;..;..;..;.;.;.;.;3;..;..;..;
Sunnerbogymnasiet 3;82002016;Ljungby;0781;Kommunal;Ljungby kommun;2120000670;Engelska 5;17;11,8;82,4;5,9;10;..;..;..;7;..;..;..;
Sunnerbogymnasiet 3;82002016;Ljungby;0781;Kommunal;Ljungby kommun;2120000670;Engelska 6;40;20,0;75,0;5,0;18;5,6;88,9;5,6;22;31,8;63,6;4,5;
Sunnerbogymnasiet 3;82002016;Ljungby;0781;Kommunal;Ljungby kommun;2120000670;Matematik 1A;17;.;100,0;.;11;..;..;..;6;..;..;..;
Sunnerbogymnasiet 3;82002016;Ljungby;0781;Kommunal;Ljungby kommun;2120000670;Svenska 1;14;.;64,3;35,7;8;..;..;..;6;..;..;..;
Sunnerbogymnasiet 3;82002016;Ljungby;0781;Kommunal;Ljungby kommun;2120000670;Svenska 3;30;20,0;46,7;33,3;8;..;..;..;22;..;..;..;
Sunnerbogymnasiet 3;82002016;Ljungby;0781;Kommunal;Ljungby kommun;2120000670;Svenska som andraspråk 1;2;..;..;..;2;..;..;..;.;.;.;.;
Sunnerbogymnasiet 3;82002016;Ljungby;0781;Kommunal;Ljungby kommun;2120000670;Svenska som andraspråk 3;4;..;..;..;2;..;..;..;2;..;..;..;
Sunnerbogymnasiet 4;21901328;Ljungby;0781;Kommunal;Ljungby kommun;2120000670;Engelska 5;10;.;100,0;.;10;..;..;..;.;.;.;.;
Sunnerbogymnasiet 4;21901328;Ljungby;0781;Kommunal;Ljungby kommun;2120000670;Matematik 1A;11;.;100,0;.;10;..;..;..;1;..;..;..;
Sunnerbogymnasiet 4;21901328;Ljungby;0781;Kommunal;Ljungby kommun;2120000670;Svenska 1;7;..;..;..;7;..;..;..;.;.;.;.;
Sunnerbogymnasiet 4;21901328;Ljungby;0781;Kommunal;Ljungby kommun;2120000670;Svenska som andraspråk 1;2;..;..;..;2;..;..;..;.;.;.;.;
Järvsögymnasiet;93674454;Ljusdal;2161;Enskild;Mästaren 22 AB;5591656151;Engelska 5;23;8,7;82,6;8,7;16;..;..;..;7;..;..;..;
Järvsögymnasiet;93674454;Ljusdal;2161;Enskild;Mästaren 22 AB;5591656151;Engelska 6;39;10,3;84,6;5,1;22;9,1;90,9;.;17;11,8;76,5;11,8;
Järvsögymnasiet;93674454;Ljusdal;2161;Enskild;Mästaren 22 AB;5591656151;Matematik 1A;35;.;91,4;8,6;23;.;87,0;13,0;12;.;100,0;.;
Järvsögymnasiet;93674454;Ljusdal;2161;Enskild;Mästaren 22 AB;5591656151;Matematik 1B;6;..;..;..;1;..;..;..;5;..;..;..;
Järvsögymnasiet;93674454;Ljusdal;2161;Enskild;Mästaren 22 AB;5591656151;Svenska 1;31;6,5;67,7;25,8;22;..;..;..;9;..;..;..;
Järvsögymnasiet;93674454;Ljusdal;2161;Enskild;Mästaren 22 AB;5591656151;Svenska 3;13;.;69,2;30,8;4;..;..;..;9;..;..;..;
Slottegymnasiet;23306658;Ljusdal;2161;Kommunal;Ljusdals kommun;2120002320;Engelska 5;36;13,9;55,6;30,6;15;.;60,0;40,0;21;23,8;52,4;23,8;
Slottegymnasiet;23306658;Ljusdal;2161;Kommunal;Ljusdals kommun;2120002320;Engelska 6;37;5,4;62,2;32,4;22;4,5;59,1;36,4;15;6,7;66,7;26,7;
Slottegymnasiet;23306658;Ljusdal;2161;Kommunal;Ljusdals kommun;2120002320;Matematik 1A;40;.;15,0;85,0;15;.;13,3;86,7;25;.;16,0;84,0;
Slottegymnasiet;23306658;Ljusdal;2161;Kommunal;Ljusdals kommun;2120002320;Matematik 2B;22;.;22,7;77,3;16;..;..;..;6;..;..;..;
Slottegymnasiet;23306658;Ljusdal;2161;Kommunal;Ljusdals kommun;2120002320;Matematik 3B;1;..;..;..;.;.;.;.;1;..;..;..;
Slottegymnasiet;23306658;Ljusdal;2161;Kommunal;Ljusdals kommun;2120002320;Matematik 4;13;.;38,5;61,5;4;..;..;..;9;..;..;..;
Slottegymnasiet;23306658;Ljusdal;2161;Kommunal;Ljusdals kommun;2120002320;Svenska 1;39;.;61,5;38,5;15;.;53,3;46,7;24;.;66,7;33,3;
Slottegymnasiet;23306658;Ljusdal;2161;Kommunal;Ljusdals kommun;2120002320;Svenska 3;24;4,2;37,5;58,3;8;..;..;..;16;..;..;..;
Slottegymnasiet;23306658;Ljusdal;2161;Kommunal;Ljusdals kommun;2120002320;Svenska som andraspråk 3;7;..;..;..;2;..;..;..;5;..;..;..;
Hitachigymnasiet Ludvika;97535124;Ludvika;2085;Enskild;Industritekniska Gymnasiet Bergslagen AB;5566081740;Matematik 3C;7;..;..;..;2;..;..;..;5;..;..;..;
Hitachigymnasiet Ludvika;97535124;Ludvika;2085;Enskild;Industritekniska Gymnasiet Bergslagen AB;5566081740;Matematik 4;23;.;78,3;21,7;8;..;..;..;15;..;..;..;
Hitachigymnasiet Ludvika;97535124;Ludvika;2085;Enskild;Industritekniska Gymnasiet Bergslagen AB;5566081740;Svenska 3;24;.;75,0;25,0;8;..;..;..;16;..;..;..;
Hitachigymnasiet Ludvika;97535124;Ludvika;2085;Enskild;Industritekniska Gymnasiet Bergslagen AB;5566081740;Svenska som andraspråk 3;5;..;..;..;2;..;..;..;3;..;..;..;
VBU Högbergsskolan 1;11102578;Ludvika;2085;Kommunal;Västerbergslagens Utbildningsförbund,Vbu;2220000802;Engelska 5;22;.;50,0;50,0;21;..;..;..;1;..;..;..;
VBU Högbergsskolan 1;11102578;Ludvika;2085;Kommunal;Västerbergslagens Utbildningsförbund,Vbu;2220000802;Engelska 6;38;2,6;76,3;21,1;26;.;69,2;30,8;12;8,3;91,7;.;
VBU Högbergsskolan 1;11102578;Ludvika;2085;Kommunal;Västerbergslagens Utbildningsförbund,Vbu;2220000802;Matematik 1A;23;.;69,6;30,4;22;..;..;..;1;..;..;..;
VBU Högbergsskolan 1;11102578;Ludvika;2085;Kommunal;Västerbergslagens Utbildningsförbund,Vbu;2220000802;Matematik 2B;48;.;62,5;37,5;32;.;68,8;31,3;16;.;50,0;50,0;
VBU Högbergsskolan 1;11102578;Ludvika;2085;Kommunal;Västerbergslagens Utbildningsförbund,Vbu;2220000802;Svenska 1;21;.;52,4;47,6;20;..;..;..;1;..;..;..;
VBU Högbergsskolan 1;11102578;Ludvika;2085;Kommunal;Västerbergslagens Utbildningsförbund,Vbu;2220000802;Svenska 3;87;2,3;65,5;32,2;55;3,6;72,7;23,6;32;.;53,1;46,9;
VBU Högbergsskolan 1;11102578;Ludvika;2085;Kommunal;Västerbergslagens Utbildningsförbund,Vbu;2220000802;Svenska som andraspråk 1;3;..;..;..;3;..;..;..;.;.;.;.;
VBU Högbergsskolan 1;11102578;Ludvika;2085;Kommunal;Västerbergslagens Utbildningsförbund,Vbu;2220000802;Svenska som andraspråk 3;12;.;100,0;.;8;..;..;..;4;..;..;..;
VBU Högbergsskolan 2;69306209;Ludvika;2085;Kommunal;Västerbergslagens Utbildningsförbund,Vbu;2220000802;Engelska 5;36;2,8;91,7;5,6;1;..;..;..;35;..;..;..;
VBU Högbergsskolan 2;69306209;Ludvika;2085;Kommunal;Västerbergslagens Utbildningsförbund,Vbu;2220000802;Engelska 6;3;..;..;..;2;..;..;..;1;..;..;..;
VBU Högbergsskolan 2;69306209;Ludvika;2085;Kommunal;Västerbergslagens Utbildningsförbund,Vbu;2220000802;Matematik 1A;5;..;..;..;.;.;.;.;5;..;..;..;
VBU Högbergsskolan 2;69306209;Ludvika;2085;Kommunal;Västerbergslagens Utbildningsförbund,Vbu;2220000802;Matematik 3C;16;.;75,0;25,0;2;..;..;..;14;..;..;..;
VBU Högbergsskolan 2;69306209;Ludvika;2085;Kommunal;Västerbergslagens Utbildningsförbund,Vbu;2220000802;Svenska 1;18;.;72,2;27,8;1;..;..;..;17;..;..;..;
VBU Högbergsskolan 2;69306209;Ludvika;2085;Kommunal;Västerbergslagens Utbildningsförbund,Vbu;2220000802;Svenska 3;32;.;71,9;28,1;12;.;58,3;41,7;20;.;80,0;20,0;
VBU Högbergsskolan 2;69306209;Ludvika;2085;Kommunal;Västerbergslagens Utbildningsförbund,Vbu;2220000802;Svenska som andraspråk 1;7;..;..;..;.;.;.;.;7;..;..;..;
VBU Högbergsskolan 2;69306209;Ludvika;2085;Kommunal;Västerbergslagens Utbildningsförbund,Vbu;2220000802;Svenska som andraspråk 3;12;25,0;75,0;.;7;..;..;..;5;..;..;..;
VBU Malmen;92651253;Ludvika;2085;Kommunal;Västerbergslagens Utbildningsförbund,Vbu;2220000802;Engelska 5;31;6,5;83,9;9,7;12;.;91,7;8,3;19;10,5;78,9;10,5;
VBU Malmen;92651253;Ludvika;2085;Kommunal;Västerbergslagens Utbildningsförbund,Vbu;2220000802;Svenska 1;35;2,9;37,1;60,0;14;.;28,6;71,4;21;4,8;42,9;52,4;
Luleå gymnasieskola, skolenhet A;31740319;Luleå;2580;Kommunal;Luleå kommun;2120002742;Engelska 5;42;7,1;92,9;.;33;..;..;..;9;..;..;..;
Luleå gymnasieskola, skolenhet A;31740319;Luleå;2580;Kommunal;Luleå kommun;2120002742;Matematik 1A;44;.;88,6;11,4;33;.;84,8;15,2;11;.;100,0;.;
Luleå gymnasieskola, skolenhet A;31740319;Luleå;2580;Kommunal;Luleå kommun;2120002742;Svenska 1;36;8,3;77,8;13,9;29;..;..;..;7;..;..;..;
Luleå gymnasieskola, skolenhet B;10129345;Luleå;2580;Kommunal;Luleå kommun;2120002742;Engelska 5;16;.;62,5;37,5;16;..;..;..;.;.;.;.;
Luleå gymnasieskola, skolenhet B;10129345;Luleå;2580;Kommunal;Luleå kommun;2120002742;Engelska 6;98;8,2;72,4;19,4;67;4,5;71,6;23,9;31;16,1;74,2;9,7;
Luleå gymnasieskola, skolenhet B;10129345;Luleå;2580;Kommunal;Luleå kommun;2120002742;Matematik 1A;16;.;100,0;.;16;..;..;..;.;.;.;.;
Luleå gymnasieskola, skolenhet B;10129345;Luleå;2580;Kommunal;Luleå kommun;2120002742;Matematik 2B;60;.;50,0;50,0;50;.;48,0;52,0;10;.;60,0;40,0;
Luleå gymnasieskola, skolenhet B;10129345;Luleå;2580;Kommunal;Luleå kommun;2120002742;Matematik 3B;27;.;59,3;40,7;6;..;..;..;21;..;..;..;
Luleå gymnasieskola, skolenhet B;10129345;Luleå;2580;Kommunal;Luleå kommun;2120002742;Svenska 1;15;.;80,0;20,0;15;..;..;..;.;.;.;.;
Luleå gymnasieskola, skolenhet B;10129345;Luleå;2580;Kommunal;Luleå kommun;2120002742;Svenska 3;89;6,7;55,1;38,2;57;5,3;52,6;42,1;32;9,4;59,4;31,3;
Luleå gymnasieskola, skolenhet B;10129345;Luleå;2580;Kommunal;Luleå kommun;2120002742;Svenska som andraspråk 3;1;..;..;..;1;..;..;..;.;.;.;.;
Luleå gymnasieskola, skolenhet C;17944628;Luleå;2580;Kommunal;Luleå kommun;2120002742;Engelska 6;43;25,6;74,4;.;25;24,0;76,0;.;18;27,8;72,2;.;
Luleå gymnasieskola, skolenhet C;17944628;Luleå;2580;Kommunal;Luleå kommun;2120002742;Matematik 2B;54;.;59,3;40,7;36;.;55,6;44,4;18;.;66,7;33,3;
Luleå gymnasieskola, skolenhet C;17944628;Luleå;2580;Kommunal;Luleå kommun;2120002742;Svenska 3;94;4,3;83,0;12,8;73;5,5;82,2;12,3;21;.;85,7;14,3;
Luleå gymnasieskola, skolenhet C;17944628;Luleå;2580;Kommunal;Luleå kommun;2120002742;Svenska som andraspråk 3;3;..;..;..;2;..;..;..;1;..;..;..;
Luleå gymnasieskola, skolenhet D;82826083;Luleå;2580;Kommunal;Luleå kommun;2120002742;Engelska 5;39;.;87,2;12,8;4;..;..;..;35;..;..;..;
Luleå gymnasieskola, skolenhet D;82826083;Luleå;2580;Kommunal;Luleå kommun;2120002742;Matematik 1A;37;.;75,7;24,3;4;..;..;..;33;..;..;..;
Luleå gymnasieskola, skolenhet D;82826083;Luleå;2580;Kommunal;Luleå kommun;2120002742;Svenska 1;38;13,2;65,8;21,1;4;..;..;..;34;..;..;..;
Luleå gymnasieskola, skolenhet E;94468610;Luleå;2580;Kommunal;Luleå kommun;2120002742;Engelska 6;43;11,6;76,7;11,6;39;..;..;..;4;..;..;..;
Luleå gymnasieskola, skolenhet E;94468610;Luleå;2580;Kommunal;Luleå kommun;2120002742;Matematik 1B;42;.;76,2;23,8;35;..;..;..;7;..;..;..;
Luleå gymnasieskola, skolenhet E;94468610;Luleå;2580;Kommunal;Luleå kommun;2120002742;Svenska 3;26;.;50,0;50,0;23;..;..;..;3;..;..;..;
Luleå gymnasieskola, skolenhet F;94090461;Luleå;2580;Kommunal;Luleå kommun;2120002742;Engelska 5;22;9,1;90,9;.;5;..;..;..;17;..;..;..;
Luleå gymnasieskola, skolenhet F;94090461;Luleå;2580;Kommunal;Luleå kommun;2120002742;Engelska 6;87;5,7;80,5;13,8;27;11,1;66,7;22,2;60;3,3;86,7;10,0;
Luleå gymnasieskola, skolenhet F;94090461;Luleå;2580;Kommunal;Luleå kommun;2120002742;Matematik 1A;21;.;90,5;9,5;5;..;..;..;16;..;..;..;
Luleå gymnasieskola, skolenhet F;94090461;Luleå;2580;Kommunal;Luleå kommun;2120002742;Matematik 3B;27;.;44,4;55,6;17;.;35,3;64,7;10;.;60,0;40,0;
Luleå gymnasieskola, skolenhet F;94090461;Luleå;2580;Kommunal;Luleå kommun;2120002742;Matematik 4;18;.;66,7;33,3;6;..;..;..;12;..;..;..;
Luleå gymnasieskola, skolenhet F;94090461;Luleå;2580;Kommunal;Luleå kommun;2120002742;Svenska 1;20;15,0;50,0;35,0;5;..;..;..;15;..;..;..;
Luleå gymnasieskola, skolenhet F;94090461;Luleå;2580;Kommunal;Luleå kommun;2120002742;Svenska 3;71;2,8;59,2;38,0;32;3,1;56,3;40,6;39;2,6;61,5;35,9;
Luleå gymnasieskola, skolenhet F;94090461;Luleå;2580;Kommunal;Luleå kommun;2120002742;Svenska som andraspråk 3;1;..;..;..;.;.;.;.;1;..;..;..;
Luleå gymnasieskola, skolenhet G;12954099;Luleå;2580;Kommunal;Luleå kommun;2120002742;Engelska 5;26;38,5;61,5;.;2;..;..;..;24;..;..;..;
Luleå gymnasieskola, skolenhet G;12954099;Luleå;2580;Kommunal;Luleå kommun;2120002742;Engelska 6;80;11,3;83,8;5,0;20;5,0;85,0;10,0;60;13,3;83,3;3,3;
Luleå gymnasieskola, skolenhet G;12954099;Luleå;2580;Kommunal;Luleå kommun;2120002742;Matematik 1A;27;.;77,8;22,2;2;..;..;..;25;..;..;..;
Luleå gymnasieskola, skolenhet G;12954099;Luleå;2580;Kommunal;Luleå kommun;2120002742;Matematik 3C;47;.;76,6;23,4;14;.;71,4;28,6;33;.;78,8;21,2;
Luleå gymnasieskola, skolenhet G;12954099;Luleå;2580;Kommunal;Luleå kommun;2120002742;Svenska 1;22;4,5;77,3;18,2;2;..;..;..;20;..;..;..;
Luleå gymnasieskola, skolenhet G;12954099;Luleå;2580;Kommunal;Luleå kommun;2120002742;Svenska 3;70;1,4;78,6;20,0;23;.;82,6;17,4;47;2,1;76,6;21,3;
Luleå gymnasieskola, skolenhet G;12954099;Luleå;2580;Kommunal;Luleå kommun;2120002742;Svenska som andraspråk 3;6;..;..;..;1;..;..;..;5;..;..;..;
Luleå gymnasieskola, skolenhet H;80931789;Luleå;2580;Kommunal;Luleå kommun;2120002742;Engelska 5;29;31,0;69,0;.;2;..;..;..;27;..;..;..;
Luleå gymnasieskola, skolenhet H;80931789;Luleå;2580;Kommunal;Luleå kommun;2120002742;Engelska 6;82;15,9;70,7;13,4;54;11,1;72,2;16,7;28;25,0;67,9;7,1;
Luleå gymnasieskola, skolenhet H;80931789;Luleå;2580;Kommunal;Luleå kommun;2120002742;Matematik 1A;30;.;90,0;10,0;2;..;..;..;28;..;..;..;
Luleå gymnasieskola, skolenhet H;80931789;Luleå;2580;Kommunal;Luleå kommun;2120002742;Svenska 1;29;10,3;62,1;27,6;2;..;..;..;27;..;..;..;
Luleå gymnasieskola, skolenhet H;80931789;Luleå;2580;Kommunal;Luleå kommun;2120002742;Svenska 3;59;1,7;52,5;45,8;40;2,5;50,0;47,5;19;.;57,9;42,1;
Luleå gymnasieskola, skolenhet H;80931789;Luleå;2580;Kommunal;Luleå kommun;2120002742;Svenska som andraspråk 3;6;..;..;..;2;..;..;..;4;..;..;..;
Luleå Gymnasieskola, skolenhet J;84098842;Luleå;2580;Kommunal;Luleå kommun;2120002742;Engelska 5;40;15,0;80,0;5,0;31;..;..;..;9;..;..;..;
Luleå Gymnasieskola, skolenhet J;84098842;Luleå;2580;Kommunal;Luleå kommun;2120002742;Engelska 6;16;.;68,8;31,3;14;..;..;..;2;..;..;..;
Luleå Gymnasieskola, skolenhet J;84098842;Luleå;2580;Kommunal;Luleå kommun;2120002742;Matematik 1A;58;.;86,2;13,8;44;.;86,4;13,6;14;.;85,7;14,3;
Luleå Gymnasieskola, skolenhet J;84098842;Luleå;2580;Kommunal;Luleå kommun;2120002742;Svenska 1;55;7,3;78,2;14,5;43;7,0;76,7;16,3;12;8,3;83,3;8,3;
NTI Gymnasiet Luleå;90473340;Luleå;2580;Enskild;NTI Gymnasiet Macro AB;5561203679;Engelska 5;19;21,1;63,2;15,8;2;..;..;..;17;..;..;..;
NTI Gymnasiet Luleå;90473340;Luleå;2580;Enskild;NTI Gymnasiet Macro AB;5561203679;Engelska 6;24;25,0;70,8;4,2;10;10,0;90,0;.;14;35,7;57,1;7,1;
NTI Gymnasiet Luleå;90473340;Luleå;2580;Enskild;NTI Gymnasiet Macro AB;5561203679;Matematik 1A;21;19,0;66,7;14,3;2;..;..;..;19;..;..;..;
NTI Gymnasiet Luleå;90473340;Luleå;2580;Enskild;NTI Gymnasiet Macro AB;5561203679;Matematik 1B;9;..;..;..;7;..;..;..;2;..;..;..;
NTI Gymnasiet Luleå;90473340;Luleå;2580;Enskild;NTI Gymnasiet Macro AB;5561203679;Matematik 3C;16;12,5;81,3;6,3;3;..;..;..;13;..;..;..;
NTI Gymnasiet Luleå;90473340;Luleå;2580;Enskild;NTI Gymnasiet Macro AB;5561203679;Svenska 1;18;.;72,2;27,8;1;..;..;..;17;..;..;..;
NTI Gymnasiet Luleå;90473340;Luleå;2580;Enskild;NTI Gymnasiet Macro AB;5561203679;Svenska 3;30;3,3;66,7;30,0;3;..;..;..;27;..;..;..;
NTI Gymnasiet Luleå;90473340;Luleå;2580;Enskild;NTI Gymnasiet Macro AB;5561203679;Svenska som andraspråk 1;1;..;..;..;1;..;..;..;.;.;.;.;
Praktiska Gymnasiet Luleå;26167236;Luleå;2580;Enskild;Praktiska Sverige AB;5562575786;Engelska 5;89;34,8;59,6;5,6;39;28,2;59,0;12,8;50;40,0;60,0;.;
Praktiska Gymnasiet Luleå;26167236;Luleå;2580;Enskild;Praktiska Sverige AB;5562575786;Engelska 6;4;..;..;..;4;..;..;..;.;.;.;.;
Praktiska Gymnasiet Luleå;26167236;Luleå;2580;Enskild;Praktiska Sverige AB;5562575786;Matematik 1A;105;1,0;46,7;52,4;47;.;57,4;42,6;58;1,7;37,9;60,3;
Praktiska Gymnasiet Luleå;26167236;Luleå;2580;Enskild;Praktiska Sverige AB;5562575786;Svenska 1;77;14,3;53,2;32,5;36;19,4;52,8;27,8;41;9,8;53,7;36,6;
Praktiska Gymnasiet Luleå;26167236;Luleå;2580;Enskild;Praktiska Sverige AB;5562575786;Svenska som andraspråk 1;4;..;..;..;3;..;..;..;1;..;..;..;
Realgymnasiet i Luleå;27023902;Luleå;2580;Enskild;Lärande i Sverige AB;5565715892;Matematik 1A;1;..;..;..;.;.;.;.;1;..;..;..;
Consensum Gymnasium Lund;69807202;Lund;1281;Enskild;Consensum Lund AB;5566023684;Engelska 5;36;.;69,4;30,6;29;..;..;..;7;..;..;..;
Consensum Gymnasium Lund;69807202;Lund;1281;Enskild;Consensum Lund AB;5566023684;Engelska 6;24;4,2;83,3;12,5;12;8,3;83,3;8,3;12;.;83,3;16,7;
Consensum Gymnasium Lund;69807202;Lund;1281;Enskild;Consensum Lund AB;5566023684;Matematik 1A;41;.;46,3;53,7;34;..;..;..;7;..;..;..;
Consensum Gymnasium Lund;69807202;Lund;1281;Enskild;Consensum Lund AB;5566023684;Svenska 1;24;.;87,5;12,5;18;..;..;..;6;..;..;..;
Consensum Gymnasium Lund;69807202;Lund;1281;Enskild;Consensum Lund AB;5566023684;Svenska 3;4;..;..;..;.;.;.;.;4;..;..;..;
Consensum Gymnasium Lund;69807202;Lund;1281;Enskild;Consensum Lund AB;5566023684;Svenska som andraspråk 3;20;20,0;65,0;15,0;10;10,0;70,0;20,0;10;30,0;60,0;10,0;
Drottning Blankas Gymnasieskola Lund;64648904;Lund;1281;Enskild;DBGY Kronan AB;5565668794;Engelska 5;19;.;94,7;5,3;19;..;..;..;.;.;.;.;
Drottning Blankas Gymnasieskola Lund;64648904;Lund;1281;Enskild;DBGY Kronan AB;5565668794;Engelska 6;121;0,8;88,4;10,7;64;1,6;87,5;10,9;57;.;89,5;10,5;
Drottning Blankas Gymnasieskola Lund;64648904;Lund;1281;Enskild;DBGY Kronan AB;5565668794;Matematik 1A;13;.;100,0;.;13;..;..;..;.;.;.;.;
Drottning Blankas Gymnasieskola Lund;64648904;Lund;1281;Enskild;DBGY Kronan AB;5565668794;Matematik 1B;21;.;85,7;14,3;21;..;..;..;.;.;.;.;
Drottning Blankas Gymnasieskola Lund;64648904;Lund;1281;Enskild;DBGY Kronan AB;5565668794;Matematik 2B;75;.;81,3;18,7;42;.;85,7;14,3;33;.;75,8;24,2;
Drottning Blankas Gymnasieskola Lund;64648904;Lund;1281;Enskild;DBGY Kronan AB;5565668794;Matematik 3B;15;.;73,3;26,7;1;..;..;..;14;..;..;..;
Drottning Blankas Gymnasieskola Lund;64648904;Lund;1281;Enskild;DBGY Kronan AB;5565668794;Svenska 1;21;.;9,5;90,5;21;..;..;..;.;.;.;.;
Drottning Blankas Gymnasieskola Lund;64648904;Lund;1281;Enskild;DBGY Kronan AB;5565668794;Svenska 3;65;.;56,9;43,1;44;.;47,7;52,3;21;.;76,2;23,8;
Flyinge Hästsportgymnasium;43450482;Lund;1281;Enskild;Flyinge Aktiebolag;5563792927;Engelska 5;27;3,7;63,0;33,3;26;..;..;..;1;..;..;..;
Flyinge Hästsportgymnasium;43450482;Lund;1281;Enskild;Flyinge Aktiebolag;5563792927;Matematik 1A;27;3,7;51,9;44,4;26;..;..;..;1;..;..;..;
Gymnasieskolan Spyken;75939593;Lund;1281;Kommunal;Lunds kommun;2120001132;Engelska 6;337;14,2;78,0;7,7;240;13,8;78,8;7,5;97;15,5;76,3;8,2;
Gymnasieskolan Spyken;75939593;Lund;1281;Kommunal;Lunds kommun;2120001132;Matematik 1B;121;0,8;95,0;4,1;93;.;94,6;5,4;28;3,6;96,4;.;
Gymnasieskolan Spyken;75939593;Lund;1281;Kommunal;Lunds kommun;2120001132;Matematik 2B;151;.;86,8;13,2;105;.;87,6;12,4;46;.;84,8;15,2;
Gymnasieskolan Spyken;75939593;Lund;1281;Kommunal;Lunds kommun;2120001132;Svenska 3;357;6,7;67,2;26,1;240;6,3;67,9;25,8;117;7,7;65,8;26,5;
Gymnasieskolan Spyken;75939593;Lund;1281;Kommunal;Lunds kommun;2120001132;Svenska som andraspråk 3;10;.;60,0;40,0;6;..;..;..;4;..;..;..;
Gymnasieskolan Vipan;63035915;Lund;1281;Kommunal;Lunds kommun;2120001132;Engelska 5;231;20,3;75,8;3,9;61;16,4;77,0;6,6;170;21,8;75,3;2,9;
Gymnasieskolan Vipan;63035915;Lund;1281;Kommunal;Lunds kommun;2120001132;Engelska 6;7;..;..;..;6;..;..;..;1;..;..;..;
Gymnasieskolan Vipan;63035915;Lund;1281;Kommunal;Lunds kommun;2120001132;Matematik 1A;232;1,7;82,8;15,5;64;.;73,4;26,6;168;2,4;86,3;11,3;
Gymnasieskolan Vipan;63035915;Lund;1281;Kommunal;Lunds kommun;2120001132;Svenska 1;148;8,8;65,5;25,7;63;9,5;61,9;28,6;85;8,2;68,2;23,5;
Gymnasieskolan Vipan;63035915;Lund;1281;Kommunal;Lunds kommun;2120001132;Svenska som andraspråk 1;18;11,1;55,6;33,3;7;..;..;..;11;..;..;..;
Hedda Anderssongymnasiet;20763964;Lund;1281;Kommunal;Lunds kommun;2120001132;Engelska 6;191;17,8;66,5;15,7;62;8,1;77,4;14,5;129;22,5;61,2;16,3;
Hedda Anderssongymnasiet;20763964;Lund;1281;Kommunal;Lunds kommun;2120001132;Matematik 2B;78;.;80,8;19,2;37;.;75,7;24,3;41;.;85,4;14,6;
Hedda Anderssongymnasiet;20763964;Lund;1281;Kommunal;Lunds kommun;2120001132;Matematik 3B;19;5,3;89,5;5,3;3;..;..;..;16;..;..;..;
Hedda Anderssongymnasiet;20763964;Lund;1281;Kommunal;Lunds kommun;2120001132;Matematik 3C;17;.;94,1;5,9;2;..;..;..;15;..;..;..;
Hedda Anderssongymnasiet;20763964;Lund;1281;Kommunal;Lunds kommun;2120001132;Matematik 4;62;1,6;90,3;8,1;20;.;95,0;5,0;42;2,4;88,1;9,5;
Hedda Anderssongymnasiet;20763964;Lund;1281;Kommunal;Lunds kommun;2120001132;Svenska 3;95;10,5;47,4;42,1;32;9,4;59,4;31,3;63;11,1;41,3;47,6;
Hedda Anderssongymnasiet;20763964;Lund;1281;Kommunal;Lunds kommun;2120001132;Svenska som andraspråk 3;18;.;44,4;55,6;8;..;..;..;10;..;..;..;
JENSEN Gymnasium Lund;26324896;Lund;1281;Enskild;Jensen Education College AB;5566358759;Engelska 5;16;.;62,5;37,5;5;..;..;..;11;..;..;..;
JENSEN Gymnasium Lund;26324896;Lund;1281;Enskild;Jensen Education College AB;5566358759;Engelska 6;72;1,4;86,1;12,5;34;.;82,4;17,6;38;2,6;89,5;7,9;
JENSEN Gymnasium Lund;26324896;Lund;1281;Enskild;Jensen Education College AB;5566358759;Matematik 1A;21;4,8;90,5;4,8;7;..;..;..;14;..;..;..;
JENSEN Gymnasium Lund;26324896;Lund;1281;Enskild;Jensen Education College AB;5566358759;Matematik 2B;63;.;63,5;36,5;30;.;56,7;43,3;33;.;69,7;30,3;
JENSEN Gymnasium Lund;26324896;Lund;1281;Enskild;Jensen Education College AB;5566358759;Matematik 3B;20;.;40,0;60,0;13;..;..;..;7;..;..;..;
JENSEN Gymnasium Lund;26324896;Lund;1281;Enskild;Jensen Education College AB;5566358759;Svenska 1;19;.;89,5;10,5;7;..;..;..;12;..;..;..;
JENSEN Gymnasium Lund;26324896;Lund;1281;Enskild;Jensen Education College AB;5566358759;Svenska 3;64;.;28,1;71,9;44;.;25,0;75,0;20;.;35,0;65,0;
JENSEN Gymnasium Lund;26324896;Lund;1281;Enskild;Jensen Education College AB;5566358759;Svenska som andraspråk 1;1;..;..;..;.;.;.;.;1;..;..;..;
JENSEN Gymnasium Lund;26324896;Lund;1281;Enskild;Jensen Education College AB;5566358759;Svenska som andraspråk 3;3;..;..;..;1;..;..;..;2;..;..;..;
Katedralskolan;56639389;Lund;1281;Kommunal;Lunds kommun;2120001132;Engelska 6;394;12,7;82,5;4,8;211;9,0;85,8;5,2;183;16,9;78,7;4,4;
Katedralskolan;56639389;Lund;1281;Kommunal;Lunds kommun;2120001132;Matematik 2B;155;.;92,3;7,7;105;.;92,4;7,6;50;.;92,0;8,0;
Katedralskolan;56639389;Lund;1281;Kommunal;Lunds kommun;2120001132;Matematik 3B;76;.;92,1;7,9;33;.;93,9;6,1;43;.;90,7;9,3;
Katedralskolan;56639389;Lund;1281;Kommunal;Lunds kommun;2120001132;Matematik 3C;29;.;86,2;13,8;14;.;85,7;14,3;15;.;86,7;13,3;
Katedralskolan;56639389;Lund;1281;Kommunal;Lunds kommun;2120001132;Svenska 3;413;1,5;78,2;20,3;228;1,3;81,6;17,1;185;1,6;74,1;24,3;
Katedralskolan;56639389;Lund;1281;Kommunal;Lunds kommun;2120001132;Svenska som andraspråk 3;8;..;..;..;3;..;..;..;5;..;..;..;
Lars-Erik Larssongymnasiet;95700485;Lund;1281;Enskild;Lars-Erik Larsson Gymnasiet;8465021015;Matematik 3C;2;..;..;..;2;..;..;..;.;.;.;.;
Lars-Erik Larssongymnasiet;95700485;Lund;1281;Enskild;Lars-Erik Larsson Gymnasiet;8465021015;Svenska 3;61;8,2;72,1;19,7;30;3,3;80,0;16,7;31;12,9;64,5;22,6;
LBS Kreativa Gymnasiet Lund;51449748;Lund;1281;Enskild;Ljud & Bildskolan LBS AB;5564851649;Engelska 6;94;14,9;73,4;11,7;43;9,3;79,1;11,6;51;19,6;68,6;11,8;
LBS Kreativa Gymnasiet Lund;51449748;Lund;1281;Enskild;Ljud & Bildskolan LBS AB;5564851649;Matematik 1B;77;7,8;61,0;31,2;45;2,2;57,8;40,0;32;15,6;65,6;18,8;
LBS Kreativa Gymnasiet Lund;51449748;Lund;1281;Enskild;Ljud & Bildskolan LBS AB;5564851649;Matematik 3C;3;..;..;..;1;..;..;..;2;..;..;..;
LBS Kreativa Gymnasiet Lund;51449748;Lund;1281;Enskild;Ljud & Bildskolan LBS AB;5564851649;Svenska 3;101;1,0;58,4;40,6;42;.;69,0;31,0;59;1,7;50,8;47,5;
LBS Kreativa Gymnasiet Lund;51449748;Lund;1281;Enskild;Ljud & Bildskolan LBS AB;5564851649;Svenska som andraspråk 3;4;..;..;..;.;.;.;.;4;..;..;..;
Lunds Dans- o Musikalgymnasium;28267726;Lund;1281;Enskild;Dans o Musikal i Lund AB;5566981766;Matematik 1B;53;13,2;77,4;9,4;46;..;..;..;7;..;..;..;
Lunds Dans- o Musikalgymnasium;28267726;Lund;1281;Enskild;Dans o Musikal i Lund AB;5566981766;Svenska 3;52;1,9;51,9;46,2;48;..;..;..;4;..;..;..;
Lunds Fordonstekniska Gymn.;28848709;Lund;1281;Enskild;Lunds Fordonstekniska Gymnasium AB;5566426630;Engelska 5;12;.;33,3;66,7;.;.;.;.;12;..;..;..;
Lunds Fordonstekniska Gymn.;28848709;Lund;1281;Enskild;Lunds Fordonstekniska Gymnasium AB;5566426630;Matematik 1A;9;..;..;..;.;.;.;.;9;..;..;..;
Lunds Fordonstekniska Gymn.;28848709;Lund;1281;Enskild;Lunds Fordonstekniska Gymnasium AB;5566426630;Svenska 1;5;..;..;..;.;.;.;.;5;..;..;..;
Lunds Fordonstekniska Gymn.;28848709;Lund;1281;Enskild;Lunds Fordonstekniska Gymnasium AB;5566426630;Svenska som andraspråk 1;5;..;..;..;.;.;.;.;5;..;..;..;
NTI Gymnasiet Lund;12613085;Lund;1281;Enskild;NTI Gymnasiet Macro AB;5561203679;Engelska 5;14;7,1;85,7;7,1;1;..;..;..;13;..;..;..;
NTI Gymnasiet Lund;12613085;Lund;1281;Enskild;NTI Gymnasiet Macro AB;5561203679;Engelska 6;19;31,6;68,4;.;.;.;.;.;19;..;..;..;
NTI Gymnasiet Lund;12613085;Lund;1281;Enskild;NTI Gymnasiet Macro AB;5561203679;Matematik 1A;18;.;94,4;5,6;1;..;..;..;17;..;..;..;
NTI Gymnasiet Lund;12613085;Lund;1281;Enskild;NTI Gymnasiet Macro AB;5561203679;Matematik 3C;21;.;100,0;.;.;.;.;.;21;..;..;..;
NTI Gymnasiet Lund;12613085;Lund;1281;Enskild;NTI Gymnasiet Macro AB;5561203679;Svenska 1;14;28,6;71,4;.;1;..;..;..;13;..;..;..;
NTI Gymnasiet Lund;12613085;Lund;1281;Enskild;NTI Gymnasiet Macro AB;5561203679;Svenska 3;18;5,6;83,3;11,1;1;..;..;..;17;..;..;..;
NTI Gymnasiet Lund;12613085;Lund;1281;Enskild;NTI Gymnasiet Macro AB;5561203679;Svenska som andraspråk 3;1;..;..;..;.;.;.;.;1;..;..;..;
NTI Vetenskapsgymnasiet Lund;15783533;Lund;1281;Enskild;NTI Gymnasiet Macro AB;5561203679;Engelska 6;10;10,0;70,0;20,0;2;..;..;..;8;..;..;..;
NTI Vetenskapsgymnasiet Lund;15783533;Lund;1281;Enskild;NTI Gymnasiet Macro AB;5561203679;Matematik 4;14;7,1;85,7;7,1;4;..;..;..;10;..;..;..;
NTI Vetenskapsgymnasiet Lund;15783533;Lund;1281;Enskild;NTI Gymnasiet Macro AB;5561203679;Svenska 3;11;.;90,9;9,1;3;..;..;..;8;..;..;..;
NTI Vetenskapsgymnasiet Lund;15783533;Lund;1281;Enskild;NTI Gymnasiet Macro AB;5561203679;Svenska som andraspråk 3;3;..;..;..;1;..;..;..;2;..;..;..;
Polhemskolan;53896162;Lund;1281;Kommunal;Lunds kommun;2120001132;Engelska 5;15;.;73,3;26,7;14;..;..;..;1;..;..;..;
Polhemskolan;53896162;Lund;1281;Kommunal;Lunds kommun;2120001132;Engelska 6;687;10,6;83,6;5,8;288;7,6;82,6;9,7;399;12,8;84,2;3,0;
Polhemskolan;53896162;Lund;1281;Kommunal;Lunds kommun;2120001132;Matematik 1A;18;.;100,0;.;17;..;..;..;1;..;..;..;
Polhemskolan;53896162;Lund;1281;Kommunal;Lunds kommun;2120001132;Matematik 2B;270;.;89,3;10,7;178;.;89,3;10,7;92;.;89,1;10,9;
Polhemskolan;53896162;Lund;1281;Kommunal;Lunds kommun;2120001132;Matematik 3B;104;.;83,7;16,3;53;.;81,1;18,9;51;.;86,3;13,7;
Polhemskolan;53896162;Lund;1281;Kommunal;Lunds kommun;2120001132;Matematik 4;225;1,3;92,9;5,8;66;1,5;87,9;10,6;159;1,3;95,0;3,8;
Polhemskolan;53896162;Lund;1281;Kommunal;Lunds kommun;2120001132;Svenska 1;16;.;62,5;37,5;15;..;..;..;1;..;..;..;
Polhemskolan;53896162;Lund;1281;Kommunal;Lunds kommun;2120001132;Svenska 3;671;2,4;69,2;28,5;307;2,0;71,3;26,7;364;2,7;67,3;29,9;
Polhemskolan;53896162;Lund;1281;Kommunal;Lunds kommun;2120001132;Svenska som andraspråk 3;33;3,0;75,8;21,2;10;.;90,0;10,0;23;4,3;69,6;26,1;
ProCivitas Privata Gymnasium Lund;17779637;Lund;1281;Enskild;ProCivitas Privata Gymnasium AB;5566157102;Engelska 6;128;3,1;90,6;6,3;80;.;96,3;3,8;48;8,3;81,3;10,4;
ProCivitas Privata Gymnasium Lund;17779637;Lund;1281;Enskild;ProCivitas Privata Gymnasium AB;5566157102;Matematik 2B;99;.;86,9;13,1;65;.;83,1;16,9;34;.;94,1;5,9;
ProCivitas Privata Gymnasium Lund;17779637;Lund;1281;Enskild;ProCivitas Privata Gymnasium AB;5566157102;Matematik 3B;15;.;100,0;.;5;..;..;..;10;..;..;..;
ProCivitas Privata Gymnasium Lund;17779637;Lund;1281;Enskild;ProCivitas Privata Gymnasium AB;5566157102;Svenska 3;85;9,4;77,6;12,9;57;10,5;78,9;10,5;28;7,1;75,0;17,9;
ProCivitas Privata Gymnasium Lund;17779637;Lund;1281;Enskild;ProCivitas Privata Gymnasium AB;5566157102;Svenska som andraspråk 3;1;..;..;..;.;.;.;.;1;..;..;..;
Realgymnasiet i Lund;11185244;Lund;1281;Enskild;Lärande i Sverige AB;5565715892;Engelska 5;57;15,8;50,9;33,3;39;15,4;48,7;35,9;18;16,7;55,6;27,8;
Realgymnasiet i Lund;11185244;Lund;1281;Enskild;Lärande i Sverige AB;5565715892;Engelska 6;12;.;41,7;58,3;10;..;..;..;2;..;..;..;
Realgymnasiet i Lund;11185244;Lund;1281;Enskild;Lärande i Sverige AB;5565715892;Matematik 1A;106;.;89,6;10,4;66;.;86,4;13,6;40;.;95,0;5,0;
Realgymnasiet i Lund;11185244;Lund;1281;Enskild;Lärande i Sverige AB;5565715892;Svenska 1;83;4,8;51,8;43,4;56;5,4;51,8;42,9;27;3,7;51,9;44,4;
Realgymnasiet i Lund;11185244;Lund;1281;Enskild;Lärande i Sverige AB;5565715892;Svenska som andraspråk 1;7;..;..;..;1;..;..;..;6;..;..;..;
Spira Teoretiska Gymnasium Lund;36208931;Lund;1281;Enskild;Eruditia AB;5593786345;Engelska 6;30;20,0;53,3;26,7;13;15,4;46,2;38,5;17;23,5;58,8;17,6;
Spira Teoretiska Gymnasium Lund;36208931;Lund;1281;Enskild;Eruditia AB;5593786345;Matematik 2B;26;3,8;80,8;15,4;11;9,1;81,8;9,1;15;.;80,0;20,0;
Spira Teoretiska Gymnasium Lund;36208931;Lund;1281;Enskild;Eruditia AB;5593786345;Matematik 3B;9;..;..;..;4;..;..;..;5;..;..;..;
Spira Teoretiska Gymnasium Lund;36208931;Lund;1281;Enskild;Eruditia AB;5593786345;Matematik 4;1;..;..;..;1;..;..;..;.;.;.;.;
Spira Teoretiska Gymnasium Lund;36208931;Lund;1281;Enskild;Eruditia AB;5593786345;Svenska 3;40;20,0;47,5;32,5;14;14,3;57,1;28,6;26;23,1;42,3;34,6;
Spira Teoretiska Gymnasium Lund;36208931;Lund;1281;Enskild;Eruditia AB;5593786345;Svenska som andraspråk 3;11;.;27,3;72,7;6;..;..;..;5;..;..;..;
Sveriges Ridgymnasium Flyinge;56211717;Lund;1281;Enskild;Sveriges Ridgymnasium AB;5566814504;Engelska 5;35;.;77,1;22,9;35;..;..;..;.;.;.;.;
Sveriges Ridgymnasium Flyinge;56211717;Lund;1281;Enskild;Sveriges Ridgymnasium AB;5566814504;Matematik 1A;36;.;47,2;52,8;36;..;..;..;.;.;.;.;
Sveriges Ridgymnasium Flyinge;56211717;Lund;1281;Enskild;Sveriges Ridgymnasium AB;5566814504;Svenska 1;34;.;55,9;44,1;34;..;..;..;.;.;.;.;
Tekniska Gymnasiet Lund;66824652;Lund;1281;Enskild;Tekniska Gymnasiet i Sverige AB;5568902653;Engelska 5;10;10,0;80,0;10,0;.;.;.;.;10;..;..;..;
Tekniska Gymnasiet Lund;66824652;Lund;1281;Enskild;Tekniska Gymnasiet i Sverige AB;5568902653;Engelska 6;32;9,4;68,8;21,9;9;..;..;..;23;..;..;..;
Tekniska Gymnasiet Lund;66824652;Lund;1281;Enskild;Tekniska Gymnasiet i Sverige AB;5568902653;Matematik 1A;11;.;72,7;27,3;.;.;.;.;11;..;..;..;
Tekniska Gymnasiet Lund;66824652;Lund;1281;Enskild;Tekniska Gymnasiet i Sverige AB;5568902653;Matematik 2B;7;..;..;..;2;..;..;..;5;..;..;..;
Tekniska Gymnasiet Lund;66824652;Lund;1281;Enskild;Tekniska Gymnasiet i Sverige AB;5568902653;Matematik 3C;14;.;57,1;42,9;3;..;..;..;11;..;..;..;
Tekniska Gymnasiet Lund;66824652;Lund;1281;Enskild;Tekniska Gymnasiet i Sverige AB;5568902653;Svenska 1;6;..;..;..;.;.;.;.;6;..;..;..;
Tekniska Gymnasiet Lund;66824652;Lund;1281;Enskild;Tekniska Gymnasiet i Sverige AB;5568902653;Svenska 3;17;11,8;11,8;76,5;4;..;..;..;13;..;..;..;
Tekniska Gymnasiet Lund;66824652;Lund;1281;Enskild;Tekniska Gymnasiet i Sverige AB;5568902653;Svenska som andraspråk 1;4;..;..;..;.;.;.;.;4;..;..;..;
Tekniska Gymnasiet Lund;66824652;Lund;1281;Enskild;Tekniska Gymnasiet i Sverige AB;5568902653;Svenska som andraspråk 3;23;.;26,1;73,9;9;..;..;..;14;..;..;..;
Gullmarsgymnasiet 1;92814975;Lysekil;1484;Kommunal;Lysekils kommun;2120001389;Engelska 5;61;3,3;82,0;14,8;22;.;81,8;18,2;39;5,1;82,1;12,8;
Gullmarsgymnasiet 1;92814975;Lysekil;1484;Kommunal;Lysekils kommun;2120001389;Matematik 1A;63;4,8;88,9;6,3;25;4,0;88,0;8,0;38;5,3;89,5;5,3;
Gullmarsgymnasiet 1;92814975;Lysekil;1484;Kommunal;Lysekils kommun;2120001389;Svenska 1;57;3,5;43,9;52,6;21;4,8;47,6;47,6;36;2,8;41,7;55,6;
Gullmarsgymnasiet 1;92814975;Lysekil;1484;Kommunal;Lysekils kommun;2120001389;Svenska som andraspråk 1;6;..;..;..;4;..;..;..;2;..;..;..;
Gullmarsgymnasiet 2;60873719;Lysekil;1484;Kommunal;Lysekils kommun;2120001389;Engelska 6;99;7,1;74,7;18,2;64;4,7;70,3;25,0;35;11,4;82,9;5,7;
Gullmarsgymnasiet 2;60873719;Lysekil;1484;Kommunal;Lysekils kommun;2120001389;Matematik 2B;35;.;34,3;65,7;25;.;36,0;64,0;10;.;30,0;70,0;
Gullmarsgymnasiet 2;60873719;Lysekil;1484;Kommunal;Lysekils kommun;2120001389;Matematik 3B;5;..;..;..;2;..;..;..;3;..;..;..;
Gullmarsgymnasiet 2;60873719;Lysekil;1484;Kommunal;Lysekils kommun;2120001389;Matematik 3C;5;..;..;..;.;.;.;.;5;..;..;..;
Gullmarsgymnasiet 2;60873719;Lysekil;1484;Kommunal;Lysekils kommun;2120001389;Matematik 4;44;.;50,0;50,0;21;.;57,1;42,9;23;.;43,5;56,5;
Gullmarsgymnasiet 2;60873719;Lysekil;1484;Kommunal;Lysekils kommun;2120001389;Svenska 3;84;3,6;40,5;56,0;53;1,9;35,8;62,3;31;6,5;48,4;45,2;
Gullmarsgymnasiet 2;60873719;Lysekil;1484;Kommunal;Lysekils kommun;2120001389;Svenska som andraspråk 3;5;..;..;..;1;..;..;..;4;..;..;..;
Agnesfrids gymnasium;28770304;Malmö;1280;Kommunal;Malmö kommun;2120001124;Engelska 5;29;10,3;69,0;20,7;1;..;..;..;28;..;..;..;
Agnesfrids gymnasium;28770304;Malmö;1280;Kommunal;Malmö kommun;2120001124;Matematik 1A;35;.;91,4;8,6;2;..;..;..;33;..;..;..;
Agnesfrids gymnasium;28770304;Malmö;1280;Kommunal;Malmö kommun;2120001124;Svenska 1;13;.;61,5;38,5;1;..;..;..;12;..;..;..;
Agnesfrids gymnasium;28770304;Malmö;1280;Kommunal;Malmö kommun;2120001124;Svenska som andraspråk 1;15;.;73,3;26,7;.;.;.;.;15;..;..;..;
Bladins gymnasium;21938183;Malmö;1280;Enskild;Bladins Skola, Stiftelsen;8460010948;Engelska 6;68;2,9;73,5;23,5;43;.;72,1;27,9;25;8,0;76,0;16,0;
Bladins gymnasium;21938183;Malmö;1280;Enskild;Bladins Skola, Stiftelsen;8460010948;Matematik 2B;45;.;75,6;24,4;25;.;76,0;24,0;20;.;75,0;25,0;
Bladins gymnasium;21938183;Malmö;1280;Enskild;Bladins Skola, Stiftelsen;8460010948;Matematik 4;24;.;83,3;16,7;15;..;..;..;9;..;..;..;
Bladins gymnasium;21938183;Malmö;1280;Enskild;Bladins Skola, Stiftelsen;8460010948;Svenska 3;77;.;54,5;45,5;40;.;57,5;42,5;37;.;51,4;48,6;
Bladins gymnasium;21938183;Malmö;1280;Enskild;Bladins Skola, Stiftelsen;8460010948;Svenska som andraspråk 3;13;.;92,3;7,7;8;..;..;..;5;..;..;..;
Bryggeriets Gymnasium;71472793;Malmö;1280;Enskild;Bryggeriets Bildnings Byrå (Bbb);8465017070;Engelska 6;39;12,8;66,7;20,5;20;15,0;75,0;10,0;19;10,5;57,9;31,6;
Bryggeriets Gymnasium;71472793;Malmö;1280;Enskild;Bryggeriets Bildnings Byrå (Bbb);8465017070;Matematik 1B;64;.;71,9;28,1;34;.;67,6;32,4;30;.;76,7;23,3;
Bryggeriets Gymnasium;71472793;Malmö;1280;Enskild;Bryggeriets Bildnings Byrå (Bbb);8465017070;Svenska 3;22;4,5;45,5;50,0;15;..;..;..;7;..;..;..;
Bryggeriets Gymnasium;71472793;Malmö;1280;Enskild;Bryggeriets Bildnings Byrå (Bbb);8465017070;Svenska som andraspråk 3;16;.;50,0;50,0;1;..;..;..;15;..;..;..;
Designgymnasiet Malmö;42662249;Malmö;1280;Enskild;Designgymnasiet i Sverige AB;5569320681;Engelska 6;62;.;82,3;17,7;52;.;82,7;17,3;10;.;80,0;20,0;
Designgymnasiet Malmö;42662249;Malmö;1280;Enskild;Designgymnasiet i Sverige AB;5569320681;Matematik 1B;40;.;42,5;57,5;32;..;..;..;8;..;..;..;
Designgymnasiet Malmö;42662249;Malmö;1280;Enskild;Designgymnasiet i Sverige AB;5569320681;Matematik 3C;11;.;45,5;54,5;8;..;..;..;3;..;..;..;
Designgymnasiet Malmö;42662249;Malmö;1280;Enskild;Designgymnasiet i Sverige AB;5569320681;Svenska 3;27;.;74,1;25,9;14;.;78,6;21,4;13;.;69,2;30,8;
Designgymnasiet Malmö;42662249;Malmö;1280;Enskild;Designgymnasiet i Sverige AB;5569320681;Svenska som andraspråk 3;14;.;85,7;14,3;11;..;..;..;3;..;..;..;
Drottning Blankas Gymnasieskola Malmö City;77609073;Malmö;1280;Enskild;DBGY Kronan AB;5565668794;Engelska 5;54;5,6;81,5;13,0;24;8,3;87,5;4,2;30;3,3;76,7;20,0;
Drottning Blankas Gymnasieskola Malmö City;77609073;Malmö;1280;Enskild;DBGY Kronan AB;5565668794;Engelska 6;73;16,4;67,1;16,4;52;11,5;67,3;21,2;21;28,6;66,7;4,8;
Drottning Blankas Gymnasieskola Malmö City;77609073;Malmö;1280;Enskild;DBGY Kronan AB;5565668794;Matematik 1A;61;.;86,9;13,1;27;.;77,8;22,2;34;.;94,1;5,9;
Drottning Blankas Gymnasieskola Malmö City;77609073;Malmö;1280;Enskild;DBGY Kronan AB;5565668794;Matematik 1B;13;.;69,2;30,8;11;..;..;..;2;..;..;..;
Drottning Blankas Gymnasieskola Malmö City;77609073;Malmö;1280;Enskild;DBGY Kronan AB;5565668794;Matematik 2B;34;.;55,9;44,1;24;.;54,2;45,8;10;.;60,0;40,0;
Drottning Blankas Gymnasieskola Malmö City;77609073;Malmö;1280;Enskild;DBGY Kronan AB;5565668794;Matematik 3B;22;.;68,2;31,8;11;.;81,8;18,2;11;.;54,5;45,5;
Drottning Blankas Gymnasieskola Malmö City;77609073;Malmö;1280;Enskild;DBGY Kronan AB;5565668794;Svenska 1;45;.;75,6;24,4;23;.;78,3;21,7;22;.;72,7;27,3;
Drottning Blankas Gymnasieskola Malmö City;77609073;Malmö;1280;Enskild;DBGY Kronan AB;5565668794;Svenska 3;45;2,2;48,9;48,9;25;.;52,0;48,0;20;5,0;45,0;50,0;
Drottning Blankas Gymnasieskola Malmö City;77609073;Malmö;1280;Enskild;DBGY Kronan AB;5565668794;Svenska som andraspråk 1;17;.;88,2;11,8;2;..;..;..;15;..;..;..;
Drottning Blankas Gymnasieskola Malmö City;77609073;Malmö;1280;Enskild;DBGY Kronan AB;5565668794;Svenska som andraspråk 3;26;.;76,9;23,1;23;..;..;..;3;..;..;..;
Drottning Blankas Gymnasieskola Malmö Söderport;35894996;Malmö;1280;Enskild;DBGY Kronan AB;5565668794;Engelska 5;59;.;93,2;6,8;54;..;..;..;5;..;..;..;
Drottning Blankas Gymnasieskola Malmö Söderport;35894996;Malmö;1280;Enskild;DBGY Kronan AB;5565668794;Engelska 6;45;2,2;82,2;15,6;39;..;..;..;6;..;..;..;
Drottning Blankas Gymnasieskola Malmö Söderport;35894996;Malmö;1280;Enskild;DBGY Kronan AB;5565668794;Matematik 1A;25;.;72,0;28,0;20;..;..;..;5;..;..;..;
Drottning Blankas Gymnasieskola Malmö Söderport;35894996;Malmö;1280;Enskild;DBGY Kronan AB;5565668794;Svenska 1;52;.;76,9;23,1;48;..;..;..;4;..;..;..;
Drottning Blankas Gymnasieskola Malmö Söderport;35894996;Malmö;1280;Enskild;DBGY Kronan AB;5565668794;Svenska 3;41;.;87,8;12,2;31;.;83,9;16,1;10;.;100,0;.;
Drottning Blankas Gymnasieskola Malmö Söderport;35894996;Malmö;1280;Enskild;DBGY Kronan AB;5565668794;Svenska som andraspråk 1;15;.;66,7;33,3;14;..;..;..;1;..;..;..;
Drottning Blankas Gymnasieskola Malmö Söderport;35894996;Malmö;1280;Enskild;DBGY Kronan AB;5565668794;Svenska som andraspråk 3;9;..;..;..;8;..;..;..;1;..;..;..;
Einar Hansengymnasiet;12926770;Malmö;1280;Enskild;Folkuniversitetet Stiftelsen Kurs- Verksamheten vid Lunds Universitet;8450003481;Engelska 6;77;1,3;77,9;20,8;42;.;76,2;23,8;35;2,9;80,0;17,1;
Einar Hansengymnasiet;12926770;Malmö;1280;Enskild;Folkuniversitetet Stiftelsen Kurs- Verksamheten vid Lunds Universitet;8450003481;Matematik 2B;24;.;95,8;4,2;10;.;90,0;10,0;14;.;100,0;.;
Einar Hansengymnasiet;12926770;Malmö;1280;Enskild;Folkuniversitetet Stiftelsen Kurs- Verksamheten vid Lunds Universitet;8450003481;Svenska 3;39;5,1;46,2;48,7;29;.;44,8;55,2;10;20,0;50,0;30,0;
Einar Hansengymnasiet;12926770;Malmö;1280;Enskild;Folkuniversitetet Stiftelsen Kurs- Verksamheten vid Lunds Universitet;8450003481;Svenska som andraspråk 3;36;.;44,4;55,6;26;.;46,2;53,8;10;.;40,0;60,0;
Fria Läroverken Malmö;68748767;Malmö;1280;Enskild;Fria Läroverken i Sverige AB;5569172041;Engelska 5;37;8,1;91,9;.;19;5,3;94,7;.;18;11,1;88,9;.;
Fria Läroverken Malmö;68748767;Malmö;1280;Enskild;Fria Läroverken i Sverige AB;5569172041;Engelska 6;77;13,0;72,7;14,3;34;5,9;64,7;29,4;43;18,6;79,1;2,3;
Fria Läroverken Malmö;68748767;Malmö;1280;Enskild;Fria Läroverken i Sverige AB;5569172041;Matematik 1A;35;.;11,4;88,6;19;.;10,5;89,5;16;.;12,5;87,5;
Fria Läroverken Malmö;68748767;Malmö;1280;Enskild;Fria Läroverken i Sverige AB;5569172041;Matematik 2B;39;5,1;92,3;2,6;20;.;95,0;5,0;19;10,5;89,5;.;
Fria Läroverken Malmö;68748767;Malmö;1280;Enskild;Fria Läroverken i Sverige AB;5569172041;Matematik 3B;5;..;..;..;.;.;.;.;5;..;..;..;
Fria Läroverken Malmö;68748767;Malmö;1280;Enskild;Fria Läroverken i Sverige AB;5569172041;Matematik 4;8;..;..;..;1;..;..;..;7;..;..;..;
Fria Läroverken Malmö;68748767;Malmö;1280;Enskild;Fria Läroverken i Sverige AB;5569172041;Svenska 1;29;3,4;58,6;37,9;17;5,9;58,8;35,3;12;.;58,3;41,7;
Fria Läroverken Malmö;68748767;Malmö;1280;Enskild;Fria Läroverken i Sverige AB;5569172041;Svenska som andraspråk 1;7;..;..;..;3;..;..;..;4;..;..;..;
Gymnasieskolan Gripen;28085125;Malmö;1280;Enskild;Gymnasieskolan Gripen AB;5567622682;Engelska 6;37;10,8;70,3;18,9;18;11,1;66,7;22,2;19;10,5;73,7;15,8;
Gymnasieskolan Gripen;28085125;Malmö;1280;Enskild;Gymnasieskolan Gripen AB;5567622682;Matematik 1B;1;..;..;..;1;..;..;..;.;.;.;.;
Gymnasieskolan Gripen;28085125;Malmö;1280;Enskild;Gymnasieskolan Gripen AB;5567622682;Matematik 2B;12;.;75,0;25,0;6;..;..;..;6;..;..;..;
Gymnasieskolan Gripen;28085125;Malmö;1280;Enskild;Gymnasieskolan Gripen AB;5567622682;Svenska 3;14;21,4;28,6;50,0;7;..;..;..;7;..;..;..;
Gymnasieskolan Gripen;28085125;Malmö;1280;Enskild;Gymnasieskolan Gripen AB;5567622682;Svenska som andraspråk 3;9;..;..;..;5;..;..;..;4;..;..;..;
JENSEN Gymnasium Malmö;48593439;Malmö;1280;Enskild;Jensen Education College AB;5566358759;Engelska 6;128;.;77,3;22,7;65;.;64,6;35,4;63;.;90,5;9,5;
JENSEN Gymnasium Malmö;48593439;Malmö;1280;Enskild;Jensen Education College AB;5566358759;Matematik 2B;75;.;74,7;25,3;44;.;72,7;27,3;31;.;77,4;22,6;
JENSEN Gymnasium Malmö;48593439;Malmö;1280;Enskild;Jensen Education College AB;5566358759;Matematik 3B;26;.;76,9;23,1;6;..;..;..;20;..;..;..;
JENSEN Gymnasium Malmö;48593439;Malmö;1280;Enskild;Jensen Education College AB;5566358759;Matematik 4;15;.;60,0;40,0;9;..;..;..;6;..;..;..;
JENSEN Gymnasium Malmö;48593439;Malmö;1280;Enskild;Jensen Education College AB;5566358759;Svenska 3;67;.;83,6;16,4;36;.;83,3;16,7;31;.;83,9;16,1;
JENSEN Gymnasium Malmö;48593439;Malmö;1280;Enskild;Jensen Education College AB;5566358759;Svenska som andraspråk 3;58;.;79,3;20,7;33;.;84,8;15,2;25;.;72,0;28,0;
KLARA Teoretiska Gymnasium Malmö;23548714;Malmö;1280;Enskild;KLARA Gymnasium Bildning AB;5565286696;Engelska 6;75;5,3;68,0;26,7;38;.;60,5;39,5;37;10,8;75,7;13,5;
KLARA Teoretiska Gymnasium Malmö;23548714;Malmö;1280;Enskild;KLARA Gymnasium Bildning AB;5565286696;Matematik 2B;22;.;13,6;86,4;11;.;.;100,0;11;.;27,3;72,7;
KLARA Teoretiska Gymnasium Malmö;23548714;Malmö;1280;Enskild;KLARA Gymnasium Bildning AB;5565286696;Matematik 3B;14;7,1;85,7;7,1;7;..;..;..;7;..;..;..;
KLARA Teoretiska Gymnasium Malmö;23548714;Malmö;1280;Enskild;KLARA Gymnasium Bildning AB;5565286696;Svenska 3;23;8,7;39,1;52,2;16;..;..;..;7;..;..;..;
KLARA Teoretiska Gymnasium Malmö;23548714;Malmö;1280;Enskild;KLARA Gymnasium Bildning AB;5565286696;Svenska som andraspråk 3;27;29,6;59,3;11,1;18;..;..;..;9;..;..;..;
Kunskapsgymnasiet Malmö;91773491;Malmö;1280;Enskild;Kunskapsskolan i Sverige Aktiebolag;5565661815;Engelska 6;102;3,9;54,9;41,2;56;3,6;50,0;46,4;46;4,3;60,9;34,8;
Kunskapsgymnasiet Malmö;91773491;Malmö;1280;Enskild;Kunskapsskolan i Sverige Aktiebolag;5565661815;Matematik 2B;22;.;86,4;13,6;12;.;91,7;8,3;10;.;80,0;20,0;
Kunskapsgymnasiet Malmö;91773491;Malmö;1280;Enskild;Kunskapsskolan i Sverige Aktiebolag;5565661815;Matematik 3B;10;.;100,0;.;7;..;..;..;3;..;..;..;
Kunskapsgymnasiet Malmö;91773491;Malmö;1280;Enskild;Kunskapsskolan i Sverige Aktiebolag;5565661815;Matematik 4;46;.;89,1;10,9;24;.;87,5;12,5;22;.;90,9;9,1;
Kunskapsgymnasiet Malmö;91773491;Malmö;1280;Enskild;Kunskapsskolan i Sverige Aktiebolag;5565661815;Svenska 3;48;12,5;62,5;25,0;32;.;68,8;31,3;16;37,5;50,0;12,5;
Kunskapsgymnasiet Malmö;91773491;Malmö;1280;Enskild;Kunskapsskolan i Sverige Aktiebolag;5565661815;Svenska som andraspråk 3;41;9,8;78,0;12,2;29;10,3;72,4;17,2;12;8,3;91,7;.;
LBS Kreativa Gymnasiet Malmö;97931189;Malmö;1280;Enskild;Ljud & Bildskolan LBS AB;5564851649;Engelska 6;61;13,1;55,7;31,1;17;.;52,9;47,1;44;18,2;56,8;25,0;
LBS Kreativa Gymnasiet Malmö;97931189;Malmö;1280;Enskild;Ljud & Bildskolan LBS AB;5564851649;Matematik 1B;56;.;73,2;26,8;31;.;80,6;19,4;25;.;64,0;36,0;
LBS Kreativa Gymnasiet Malmö;97931189;Malmö;1280;Enskild;Ljud & Bildskolan LBS AB;5564851649;Matematik 3C;26;.;73,1;26,9;2;..;..;..;24;..;..;..;
LBS Kreativa Gymnasiet Malmö;97931189;Malmö;1280;Enskild;Ljud & Bildskolan LBS AB;5564851649;Svenska 3;50;4,0;62,0;34,0;16;.;50,0;50,0;34;5,9;67,6;26,5;
LBS Kreativa Gymnasiet Malmö;97931189;Malmö;1280;Enskild;Ljud & Bildskolan LBS AB;5564851649;Svenska som andraspråk 3;16;6,3;75,0;18,8;6;..;..;..;10;..;..;..;
Malmö Borgarskola Ro 1;30361243;Malmö;1280;Kommunal;Malmö kommun;2120001124;Engelska 5;28;.;92,9;7,1;7;..;..;..;21;..;..;..;
Malmö Borgarskola Ro 1;30361243;Malmö;1280;Kommunal;Malmö kommun;2120001124;Engelska 6;254;15,0;74,4;10,6;129;12,4;74,4;13,2;125;17,6;74,4;8,0;
Malmö Borgarskola Ro 1;30361243;Malmö;1280;Kommunal;Malmö kommun;2120001124;Matematik 1A;76;.;82,9;17,1;48;.;81,3;18,8;28;.;85,7;14,3;
Malmö Borgarskola Ro 1;30361243;Malmö;1280;Kommunal;Malmö kommun;2120001124;Matematik 2B;104;.;74,0;26,0;67;.;76,1;23,9;37;.;70,3;29,7;
Malmö Borgarskola Ro 1;30361243;Malmö;1280;Kommunal;Malmö kommun;2120001124;Matematik 3B;55;.;90,9;9,1;17;.;88,2;11,8;38;.;92,1;7,9;
Malmö Borgarskola Ro 1;30361243;Malmö;1280;Kommunal;Malmö kommun;2120001124;Matematik 3C;14;.;57,1;42,9;1;..;..;..;13;..;..;..;
Malmö Borgarskola Ro 1;30361243;Malmö;1280;Kommunal;Malmö kommun;2120001124;Svenska 1;62;4,8;74,2;21,0;37;8,1;73,0;18,9;25;.;76,0;24,0;
Malmö Borgarskola Ro 1;30361243;Malmö;1280;Kommunal;Malmö kommun;2120001124;Svenska 3;211;6,6;74,9;18,5;108;3,7;75,0;21,3;103;9,7;74,8;15,5;
Malmö Borgarskola Ro 1;30361243;Malmö;1280;Kommunal;Malmö kommun;2120001124;Svenska som andraspråk 1;5;..;..;..;3;..;..;..;2;..;..;..;
Malmö Borgarskola Ro 1;30361243;Malmö;1280;Kommunal;Malmö kommun;2120001124;Svenska som andraspråk 3;59;6,8;72,9;20,3;30;.;73,3;26,7;29;13,8;72,4;13,8;
Malmö Citadellsgymnasium;57072964;Malmö;1280;Kommunal;Malmö kommun;2120001124;Engelska 5;15;.;60,0;40,0;3;..;..;..;12;..;..;..;
Malmö Citadellsgymnasium;57072964;Malmö;1280;Kommunal;Malmö kommun;2120001124;Engelska 6;99;4,0;81,8;14,1;31;6,5;90,3;3,2;68;2,9;77,9;19,1;
Malmö Citadellsgymnasium;57072964;Malmö;1280;Kommunal;Malmö kommun;2120001124;Matematik 1A;21;.;90,5;9,5;7;..;..;..;14;..;..;..;
Malmö Citadellsgymnasium;57072964;Malmö;1280;Kommunal;Malmö kommun;2120001124;Matematik 2B;13;.;92,3;7,7;5;..;..;..;8;..;..;..;
Malmö Citadellsgymnasium;57072964;Malmö;1280;Kommunal;Malmö kommun;2120001124;Matematik 3C;16;.;75,0;25,0;2;..;..;..;14;..;..;..;
Malmö Citadellsgymnasium;57072964;Malmö;1280;Kommunal;Malmö kommun;2120001124;Svenska 1;20;.;35,0;65,0;7;..;..;..;13;..;..;..;
Malmö Latinskola Ro 1;65722876;Malmö;1280;Kommunal;Malmö kommun;2120001124;Engelska 6;338;13,0;77,8;9,2;236;8,9;79,7;11,4;102;22,5;73,5;3,9;
Malmö Latinskola Ro 1;65722876;Malmö;1280;Kommunal;Malmö kommun;2120001124;Matematik 1B;196;.;95,9;4,1;154;.;94,8;5,2;42;.;100,0;.;
Malmö Latinskola Ro 1;65722876;Malmö;1280;Kommunal;Malmö kommun;2120001124;Matematik 2B;122;.;83,6;16,4;84;.;81,0;19,0;38;.;89,5;10,5;
Malmö Latinskola Ro 1;65722876;Malmö;1280;Kommunal;Malmö kommun;2120001124;Matematik 4;61;.;90,2;9,8;41;.;87,8;12,2;20;.;95,0;5,0;
Malmö lärlingscenter;65407241;Malmö;1280;Kommunal;Malmö kommun;2120001124;Engelska 5;41;.;92,7;7,3;28;.;100,0;.;13;.;76,9;23,1;
Malmö lärlingscenter;65407241;Malmö;1280;Kommunal;Malmö kommun;2120001124;Matematik 1A;36;.;86,1;13,9;18;.;88,9;11,1;18;.;83,3;16,7;
Malmö lärlingscenter;65407241;Malmö;1280;Kommunal;Malmö kommun;2120001124;Svenska 1;33;6,1;81,8;12,1;21;4,8;76,2;19,0;12;8,3;91,7;.;
Malmö lärlingscenter;65407241;Malmö;1280;Kommunal;Malmö kommun;2120001124;Svenska som andraspråk 1;18;.;77,8;22,2;9;..;..;..;9;..;..;..;
Malmö Restaurangskola;11608031;Malmö;1280;Kommunal;Malmö kommun;2120001124;Engelska 5;44;4,5;84,1;11,4;16;6,3;87,5;6,3;28;3,6;82,1;14,3;
Malmö Restaurangskola;11608031;Malmö;1280;Kommunal;Malmö kommun;2120001124;Matematik 1A;46;4,3;93,5;2,2;18;.;94,4;5,6;28;7,1;92,9;.;
Malmö Restaurangskola;11608031;Malmö;1280;Kommunal;Malmö kommun;2120001124;Svenska 1;44;4,5;63,6;31,8;18;11,1;50,0;38,9;26;.;73,1;26,9;
Malmö Restaurangskola;11608031;Malmö;1280;Kommunal;Malmö kommun;2120001124;Svenska som andraspråk 1;2;..;..;..;1;..;..;..;1;..;..;..;
NTI Gymnasiet Malmö;52129378;Malmö;1280;Enskild;NTI Gymnasiet Macro AB;5561203679;Engelska 5;36;.;88,9;11,1;3;..;..;..;33;..;..;..;
NTI Gymnasiet Malmö;52129378;Malmö;1280;Enskild;NTI Gymnasiet Macro AB;5561203679;Engelska 6;26;3,8;34,6;61,5;1;..;..;..;25;..;..;..;
NTI Gymnasiet Malmö;52129378;Malmö;1280;Enskild;NTI Gymnasiet Macro AB;5561203679;Matematik 1A;42;2,4;90,5;7,1;4;..;..;..;38;..;..;..;
NTI Gymnasiet Malmö;52129378;Malmö;1280;Enskild;NTI Gymnasiet Macro AB;5561203679;Matematik 3C;21;.;76,2;23,8;1;..;..;..;20;..;..;..;
NTI Gymnasiet Malmö;52129378;Malmö;1280;Enskild;NTI Gymnasiet Macro AB;5561203679;Svenska 1;28;7,1;89,3;3,6;2;..;..;..;26;..;..;..;
NTI Gymnasiet Malmö;52129378;Malmö;1280;Enskild;NTI Gymnasiet Macro AB;5561203679;Svenska 3;21;4,8;76,2;19,0;1;..;..;..;20;..;..;..;
NTI Gymnasiet Malmö;52129378;Malmö;1280;Enskild;NTI Gymnasiet Macro AB;5561203679;Svenska som andraspråk 1;6;..;..;..;1;..;..;..;5;..;..;..;
NTI Gymnasiet Malmö;52129378;Malmö;1280;Enskild;NTI Gymnasiet Macro AB;5561203679;Svenska som andraspråk 3;14;.;85,7;14,3;1;..;..;..;13;..;..;..;
Pauliskolan;65381163;Malmö;1280;Kommunal;Malmö kommun;2120001124;Engelska 5;44;.;61,4;38,6;21;.;71,4;28,6;23;.;52,2;47,8;
Pauliskolan;65381163;Malmö;1280;Kommunal;Malmö kommun;2120001124;Engelska 6;236;9,3;64,8;25,8;90;6,7;58,9;34,4;146;11,0;68,5;20,5;
Pauliskolan;65381163;Malmö;1280;Kommunal;Malmö kommun;2120001124;Matematik 1A;47;.;55,3;44,7;22;.;27,3;72,7;25;.;80,0;20,0;
Pauliskolan;65381163;Malmö;1280;Kommunal;Malmö kommun;2120001124;Matematik 2B;97;.;27,8;72,2;43;.;23,3;76,7;54;.;31,5;68,5;
Pauliskolan;65381163;Malmö;1280;Kommunal;Malmö kommun;2120001124;Matematik 3C;62;.;90,3;9,7;14;.;85,7;14,3;48;.;91,7;8,3;
Pauliskolan;65381163;Malmö;1280;Kommunal;Malmö kommun;2120001124;Matematik 4;34;.;76,5;23,5;21;.;81,0;19,0;13;.;69,2;30,8;
Pauliskolan;65381163;Malmö;1280;Kommunal;Malmö kommun;2120001124;Svenska 1;31;3,2;61,3;35,5;15;.;86,7;13,3;16;6,3;37,5;56,3;
Pauliskolan;65381163;Malmö;1280;Kommunal;Malmö kommun;2120001124;Svenska som andraspråk 1;28;3,6;39,3;57,1;14;.;35,7;64,3;14;7,1;42,9;50,0;
Peabskolan Malmö;98541468;Malmö;1280;Enskild;Peabskolan AB;5564427432;Engelska 5;9;..;..;..;.;.;.;.;9;..;..;..;
Peabskolan Malmö;98541468;Malmö;1280;Enskild;Peabskolan AB;5564427432;Matematik 1A;17;5,9;35,3;58,8;1;..;..;..;16;..;..;..;
Peabskolan Malmö;98541468;Malmö;1280;Enskild;Peabskolan AB;5564427432;Svenska 1;14;.;50,0;50,0;1;..;..;..;13;..;..;..;
Peabskolan Malmö;98541468;Malmö;1280;Enskild;Peabskolan AB;5564427432;Svenska som andraspråk 1;2;..;..;..;.;.;.;.;2;..;..;..;
Praktiska Gymnasiet Malmö City;25648215;Malmö;1280;Enskild;Praktiska Sverige AB;5562575786;Engelska 5;33;.;97,0;3,0;16;.;93,8;6,3;17;.;100,0;.;
Praktiska Gymnasiet Malmö City;25648215;Malmö;1280;Enskild;Praktiska Sverige AB;5562575786;Matematik 1A;17;.;52,9;47,1;7;..;..;..;10;..;..;..;
Praktiska Gymnasiet Malmö City;25648215;Malmö;1280;Enskild;Praktiska Sverige AB;5562575786;Svenska 1;10;.;30,0;70,0;6;..;..;..;4;..;..;..;
Praktiska Gymnasiet Malmö City;25648215;Malmö;1280;Enskild;Praktiska Sverige AB;5562575786;Svenska som andraspråk 1;10;.;60,0;40,0;4;..;..;..;6;..;..;..;
Praktiska Gymnasiet Malmö Limhamn;61823258;Malmö;1280;Enskild;Praktiska Sverige AB;5562575786;Engelska 5;41;.;90,2;9,8;10;.;70,0;30,0;31;.;96,8;3,2;
Praktiska Gymnasiet Malmö Limhamn;61823258;Malmö;1280;Enskild;Praktiska Sverige AB;5562575786;Matematik 1A;52;1,9;61,5;36,5;11;.;54,5;45,5;41;2,4;63,4;34,1;
Praktiska Gymnasiet Malmö Limhamn;61823258;Malmö;1280;Enskild;Praktiska Sverige AB;5562575786;Svenska 1;23;.;52,2;47,8;7;..;..;..;16;..;..;..;
Praktiska Gymnasiet Malmö Limhamn;61823258;Malmö;1280;Enskild;Praktiska Sverige AB;5562575786;Svenska som andraspråk 1;14;.;42,9;57,1;2;..;..;..;12;..;..;..;
Praktiska Gymnasiet Malmö Norra;17119840;Malmö;1280;Enskild;Praktiska Studier Riks AB;5565755500;Engelska 5;42;9,5;76,2;14,3;2;..;..;..;40;..;..;..;
Praktiska Gymnasiet Malmö Norra;17119840;Malmö;1280;Enskild;Praktiska Studier Riks AB;5565755500;Matematik 1A;17;.;64,7;35,3;1;..;..;..;16;..;..;..;
Praktiska Gymnasiet Malmö Norra;17119840;Malmö;1280;Enskild;Praktiska Studier Riks AB;5565755500;Svenska 1;10;.;70,0;30,0;1;..;..;..;9;..;..;..;
Praktiska Gymnasiet Malmö Norra;17119840;Malmö;1280;Enskild;Praktiska Studier Riks AB;5565755500;Svenska som andraspråk 1;8;..;..;..;.;.;.;.;8;..;..;..;
ProCivitas Privata Gymnasium Malmö;84424083;Malmö;1280;Enskild;ProCivitas Privata Gymnasium AB;5566157102;Engelska 6;208;0,5;96,6;2,9;136;0,7;95,6;3,7;72;.;98,6;1,4;
ProCivitas Privata Gymnasium Malmö;84424083;Malmö;1280;Enskild;ProCivitas Privata Gymnasium AB;5566157102;Matematik 2B;107;.;95,3;4,7;72;.;94,4;5,6;35;.;97,1;2,9;
ProCivitas Privata Gymnasium Malmö;84424083;Malmö;1280;Enskild;ProCivitas Privata Gymnasium AB;5566157102;Matematik 3B;71;.;93,0;7,0;37;.;91,9;8,1;34;.;94,1;5,9;
ProCivitas Privata Gymnasium Malmö;84424083;Malmö;1280;Enskild;ProCivitas Privata Gymnasium AB;5566157102;Matematik 4;18;.;100,0;.;10;..;..;..;8;..;..;..;
ProCivitas Privata Gymnasium Malmö;84424083;Malmö;1280;Enskild;ProCivitas Privata Gymnasium AB;5566157102;Svenska 3;221;0,9;89,6;9,5;128;.;91,4;8,6;93;2,2;87,1;10,8;
ProCivitas Privata Gymnasium Malmö;84424083;Malmö;1280;Enskild;ProCivitas Privata Gymnasium AB;5566157102;Svenska som andraspråk 3;23;.;95,7;4,3;13;.;100,0;.;10;.;90,0;10,0;
Rytmus Malmö;49231191;Malmö;1280;Enskild;Rytmus AB;5564648979;Engelska 6;51;17,6;76,5;5,9;24;8,3;79,2;12,5;27;25,9;74,1;.;
Rytmus Malmö;49231191;Malmö;1280;Enskild;Rytmus AB;5564648979;Matematik 1B;55;.;61,8;38,2;32;.;56,3;43,8;23;.;69,6;30,4;
Rytmus Malmö;49231191;Malmö;1280;Enskild;Rytmus AB;5564648979;Svenska 3;42;2,4;92,9;4,8;15;6,7;86,7;6,7;27;.;96,3;3,7;
Rytmus Malmö;49231191;Malmö;1280;Enskild;Rytmus AB;5564648979;Svenska som andraspråk 3;4;..;..;..;1;..;..;..;3;..;..;..;
Sjölins Gymnasium Malmö;37692021;Malmö;1280;Enskild;Sjölins Gymnasium AB;5563758399;Engelska 6;91;3,3;91,2;5,5;49;2,0;89,8;8,2;42;4,8;92,9;2,4;
Sjölins Gymnasium Malmö;37692021;Malmö;1280;Enskild;Sjölins Gymnasium AB;5563758399;Matematik 2B;37;.;97,3;2,7;23;.;95,7;4,3;14;.;100,0;.;
S:t Petri skola;78231062;Malmö;1280;Kommunal;Malmö kommun;2120001124;Engelska 6;257;8,2;85,2;6,6;159;5,7;84,9;9,4;98;12,2;85,7;2,0;
S:t Petri skola;78231062;Malmö;1280;Kommunal;Malmö kommun;2120001124;Matematik 2B;123;.;82,9;17,1;94;.;84,0;16,0;29;.;79,3;20,7;
S:t Petri skola;78231062;Malmö;1280;Kommunal;Malmö kommun;2120001124;Matematik 4;148;.;87,2;12,8;74;.;86,5;13,5;74;.;87,8;12,2;
S:t Petri skola;78231062;Malmö;1280;Kommunal;Malmö kommun;2120001124;Svenska 3;258;2,3;69,8;27,9;177;2,3;72,9;24,9;81;2,5;63,0;34,6;
S:t Petri skola;78231062;Malmö;1280;Kommunal;Malmö kommun;2120001124;Svenska som andraspråk 3;12;.;83,3;16,7;7;..;..;..;5;..;..;..;
Thoren Business School Malmö;10481541;Malmö;1280;Enskild;Thorengruppen AB;5566139290;Engelska 6;59;1,7;52,5;45,8;31;.;45,2;54,8;28;3,6;60,7;35,7;
Thoren Business School Malmö;10481541;Malmö;1280;Enskild;Thorengruppen AB;5566139290;Matematik 2B;20;.;40,0;60,0;13;..;..;..;7;..;..;..;
Thoren Business School Malmö;10481541;Malmö;1280;Enskild;Thorengruppen AB;5566139290;Matematik 3B;18;.;77,8;22,2;8;..;..;..;10;..;..;..;
Thoren Business School Malmö;10481541;Malmö;1280;Enskild;Thorengruppen AB;5566139290;Matematik 4;6;..;..;..;2;..;..;..;4;..;..;..;
Thoren Business School Malmö;10481541;Malmö;1280;Enskild;Thorengruppen AB;5566139290;Svenska 3;29;.;51,7;48,3;19;.;52,6;47,4;10;.;50,0;50,0;
Thoren Business School Malmö;10481541;Malmö;1280;Enskild;Thorengruppen AB;5566139290;Svenska som andraspråk 3;47;4,3;38,3;57,4;23;.;43,5;56,5;24;8,3;33,3;58,3;
Thoren Innovation School Malmö 2;45355980;Malmö;1280;Enskild;Tekniska Gymnasiet i Sverige AB;5568902653;Engelska 6;13;.;46,2;53,8;6;..;..;..;7;..;..;..;
Thoren Innovation School Malmö 2;45355980;Malmö;1280;Enskild;Tekniska Gymnasiet i Sverige AB;5568902653;Matematik 2B;4;..;..;..;3;..;..;..;1;..;..;..;
Thoren Innovation School Malmö 2;45355980;Malmö;1280;Enskild;Tekniska Gymnasiet i Sverige AB;5568902653;Matematik 4;13;15,4;61,5;23,1;6;..;..;..;7;..;..;..;
Thoren Innovation School Malmö 2;45355980;Malmö;1280;Enskild;Tekniska Gymnasiet i Sverige AB;5568902653;Svenska 3;6;..;..;..;.;.;.;.;6;..;..;..;
Thoren Innovation School Malmö 2;45355980;Malmö;1280;Enskild;Tekniska Gymnasiet i Sverige AB;5568902653;Svenska som andraspråk 3;22;13,6;54,5;31,8;8;..;..;..;14;..;..;..;
Universitetsholmens gymnasium;68006362;Malmö;1280;Kommunal;Malmö kommun;2120001124;Engelska 5;134;16,4;67,9;15,7;36;5,6;77,8;16,7;98;20,4;64,3;15,3;
Universitetsholmens gymnasium;68006362;Malmö;1280;Kommunal;Malmö kommun;2120001124;Matematik 1A;120;0,8;90,0;9,2;17;.;64,7;35,3;103;1,0;94,2;4,9;
Universitetsholmens gymnasium;68006362;Malmö;1280;Kommunal;Malmö kommun;2120001124;Svenska 1;83;8,4;42,2;49,4;10;.;40,0;60,0;73;9,6;42,5;47,9;
Universitetsholmens gymnasium;68006362;Malmö;1280;Kommunal;Malmö kommun;2120001124;Svenska som andraspråk 1;43;.;67,4;32,6;15;.;73,3;26,7;28;.;64,3;35,7;
Yrkesgymnasiet Malmö;86762103;Malmö;1280;Enskild;Thorengruppen AB;5566139290;Engelska 5;81;1,2;63,0;35,8;31;.;45,2;54,8;50;2,0;74,0;24,0;
Yrkesgymnasiet Malmö;86762103;Malmö;1280;Enskild;Thorengruppen AB;5566139290;Matematik 1A;69;4,3;44,9;50,7;30;3,3;26,7;70,0;39;5,1;59,0;35,9;
Yrkesgymnasiet Malmö;86762103;Malmö;1280;Enskild;Thorengruppen AB;5566139290;Svenska 1;44;.;43,2;56,8;17;.;35,3;64,7;27;.;48,1;51,9;
Yrkesgymnasiet Malmö;86762103;Malmö;1280;Enskild;Thorengruppen AB;5566139290;Svenska som andraspråk 1;32;3,1;34,4;62,5;12;8,3;25,0;66,7;20;.;40,0;60,0;
Malung-Sälens gymnasieskola;68381790;Malung-Sälen;2023;Kommunal;Malung-Sälens kommun;2120002148;Engelska 5;17;.;100,0;.;1;..;..;..;16;..;..;..;
Malung-Sälens gymnasieskola;68381790;Malung-Sälen;2023;Kommunal;Malung-Sälens kommun;2120002148;Engelska 6;81;8,6;71,6;19,8;38;2,6;81,6;15,8;43;14,0;62,8;23,3;
Malung-Sälens gymnasieskola;68381790;Malung-Sälen;2023;Kommunal;Malung-Sälens kommun;2120002148;Matematik 1A;36;5,6;72,2;22,2;7;..;..;..;29;..;..;..;
Malung-Sälens gymnasieskola;68381790;Malung-Sälen;2023;Kommunal;Malung-Sälens kommun;2120002148;Matematik 2B;23;.;56,5;43,5;14;..;..;..;9;..;..;..;
Malung-Sälens gymnasieskola;68381790;Malung-Sälen;2023;Kommunal;Malung-Sälens kommun;2120002148;Matematik 3C;3;..;..;..;2;..;..;..;1;..;..;..;
Malung-Sälens gymnasieskola;68381790;Malung-Sälen;2023;Kommunal;Malung-Sälens kommun;2120002148;Matematik 4;6;..;..;..;3;..;..;..;3;..;..;..;
Malung-Sälens gymnasieskola;68381790;Malung-Sälen;2023;Kommunal;Malung-Sälens kommun;2120002148;Svenska 1;38;5,3;60,5;34,2;7;..;..;..;31;..;..;..;
Vadsbogymnasiet enhet 1;14384562;Mariestad;1493;Kommunal;Mariestads kommun;2120001686;Engelska 5;53;9,4;79,2;11,3;14;.;78,6;21,4;39;12,8;79,5;7,7;
Vadsbogymnasiet enhet 1;14384562;Mariestad;1493;Kommunal;Mariestads kommun;2120001686;Engelska 6;28;.;75,0;25,0;11;.;63,6;36,4;17;.;82,4;17,6;
Vadsbogymnasiet enhet 1;14384562;Mariestad;1493;Kommunal;Mariestads kommun;2120001686;Matematik 1A;54;1,9;72,2;25,9;14;.;57,1;42,9;40;2,5;77,5;20,0;
Vadsbogymnasiet enhet 1;14384562;Mariestad;1493;Kommunal;Mariestads kommun;2120001686;Matematik 2B;9;..;..;..;7;..;..;..;2;..;..;..;
Vadsbogymnasiet enhet 1;14384562;Mariestad;1493;Kommunal;Mariestads kommun;2120001686;Matematik 3B;21;.;71,4;28,6;7;..;..;..;14;..;..;..;
Vadsbogymnasiet enhet 1;14384562;Mariestad;1493;Kommunal;Mariestads kommun;2120001686;Svenska 1;52;9,6;53,8;36,5;14;14,3;50,0;35,7;38;7,9;55,3;36,8;
Vadsbogymnasiet enhet 1;14384562;Mariestad;1493;Kommunal;Mariestads kommun;2120001686;Svenska 3;40;7,5;65,0;27,5;25;8,0;60,0;32,0;15;6,7;73,3;20,0;
Vadsbogymnasiet enhet 1;14384562;Mariestad;1493;Kommunal;Mariestads kommun;2120001686;Svenska som andraspråk 3;3;..;..;..;2;..;..;..;1;..;..;..;
Vadsbogymnasiet enhet 2;14414747;Mariestad;1493;Kommunal;Mariestads kommun;2120001686;Engelska 5;39;2,6;56,4;41,0;17;.;64,7;35,3;22;4,5;50,0;45,5;
Vadsbogymnasiet enhet 2;14414747;Mariestad;1493;Kommunal;Mariestads kommun;2120001686;Engelska 6;16;.;93,8;6,3;2;..;..;..;14;..;..;..;
Vadsbogymnasiet enhet 2;14414747;Mariestad;1493;Kommunal;Mariestads kommun;2120001686;Matematik 1A;39;.;76,9;23,1;16;.;81,3;18,8;23;.;73,9;26,1;
Vadsbogymnasiet enhet 2;14414747;Mariestad;1493;Kommunal;Mariestads kommun;2120001686;Matematik 3C;6;..;..;..;.;.;.;.;6;..;..;..;
Vadsbogymnasiet enhet 2;14414747;Mariestad;1493;Kommunal;Mariestads kommun;2120001686;Matematik 4;9;..;..;..;4;..;..;..;5;..;..;..;
Vadsbogymnasiet enhet 2;14414747;Mariestad;1493;Kommunal;Mariestads kommun;2120001686;Svenska 1;21;4,8;33,3;61,9;1;..;..;..;20;..;..;..;
Vadsbogymnasiet enhet 2;14414747;Mariestad;1493;Kommunal;Mariestads kommun;2120001686;Svenska 3;24;.;58,3;41,7;7;..;..;..;17;..;..;..;
Vadsbogymnasiet enhet 2;14414747;Mariestad;1493;Kommunal;Mariestads kommun;2120001686;Svenska som andraspråk 3;1;..;..;..;1;..;..;..;.;.;.;.;
Vadsbogymnasiet enhet 3;14550581;Mariestad;1493;Kommunal;Mariestads kommun;2120001686;Engelska 6;50;14,0;62,0;24,0;26;11,5;73,1;15,4;24;16,7;50,0;33,3;
Vadsbogymnasiet enhet 3;14550581;Mariestad;1493;Kommunal;Mariestads kommun;2120001686;Matematik 2B;28;.;89,3;10,7;15;.;86,7;13,3;13;.;92,3;7,7;
Vadsbogymnasiet enhet 3;14550581;Mariestad;1493;Kommunal;Mariestads kommun;2120001686;Matematik 3C;5;..;..;..;3;..;..;..;2;..;..;..;
Vadsbogymnasiet enhet 3;14550581;Mariestad;1493;Kommunal;Mariestads kommun;2120001686;Matematik 4;7;..;..;..;4;..;..;..;3;..;..;..;
Vadsbogymnasiet enhet 3;14550581;Mariestad;1493;Kommunal;Mariestads kommun;2120001686;Svenska 3;26;.;80,8;19,2;20;..;..;..;6;..;..;..;
Vadsbogymnasiet enhet 3;14550581;Mariestad;1493;Kommunal;Mariestads kommun;2120001686;Svenska som andraspråk 3;2;..;..;..;1;..;..;..;1;..;..;..;
Vänergymnasiet;76007769;Mariestad;1493;Enskild;Vänergymnasiet AB;5566269014;Engelska 5;40;.;62,5;37,5;15;.;46,7;53,3;25;.;72,0;28,0;
Vänergymnasiet;76007769;Mariestad;1493;Enskild;Vänergymnasiet AB;5566269014;Matematik 1A;40;2,5;35,0;62,5;13;.;23,1;76,9;27;3,7;40,7;55,6;
Vänergymnasiet;76007769;Mariestad;1493;Enskild;Vänergymnasiet AB;5566269014;Svenska 1;40;.;40,0;60,0;14;.;50,0;50,0;26;.;34,6;65,4;
Marks Gymnasieskola, enhet A;60294546;Mark;1463;Kommunal;Marks kommun;2120001504;Engelska 5;27;3,7;85,2;11,1;9;..;..;..;18;..;..;..;
Marks Gymnasieskola, enhet A;60294546;Mark;1463;Kommunal;Marks kommun;2120001504;Engelska 6;26;19,2;65,4;15,4;17;..;..;..;9;..;..;..;
Marks Gymnasieskola, enhet A;60294546;Mark;1463;Kommunal;Marks kommun;2120001504;Matematik 3C;5;..;..;..;2;..;..;..;3;..;..;..;
Marks Gymnasieskola, enhet A;60294546;Mark;1463;Kommunal;Marks kommun;2120001504;Matematik 4;1;..;..;..;.;.;.;.;1;..;..;..;
Marks Gymnasieskola, enhet A;60294546;Mark;1463;Kommunal;Marks kommun;2120001504;Svenska 1;24;4,2;75,0;20,8;10;.;90,0;10,0;14;7,1;64,3;28,6;
Marks Gymnasieskola, enhet A;60294546;Mark;1463;Kommunal;Marks kommun;2120001504;Svenska 3;15;.;66,7;33,3;8;..;..;..;7;..;..;..;
Marks Gymnasieskola, enhet A;60294546;Mark;1463;Kommunal;Marks kommun;2120001504;Svenska som andraspråk 1;8;..;..;..;3;..;..;..;5;..;..;..;
Marks Gymnasieskola, enhet A;60294546;Mark;1463;Kommunal;Marks kommun;2120001504;Svenska som andraspråk 3;2;..;..;..;2;..;..;..;.;.;.;.;
Marks Gymnasieskola, enhet B;60183866;Mark;1463;Kommunal;Marks kommun;2120001504;Engelska 6;50;16,0;66,0;18,0;37;16,2;70,3;13,5;13;15,4;53,8;30,8;
Marks Gymnasieskola, enhet B;60183866;Mark;1463;Kommunal;Marks kommun;2120001504;Svenska 3;35;14,3;40,0;45,7;27;..;..;..;8;..;..;..;
Marks Gymnasieskola, enhet B;60183866;Mark;1463;Kommunal;Marks kommun;2120001504;Svenska som andraspråk 3;2;..;..;..;1;..;..;..;1;..;..;..;
Marks Gymnasieskola, enhet C;60155358;Mark;1463;Kommunal;Marks kommun;2120001504;Engelska 6;52;.;71,2;28,8;17;.;70,6;29,4;35;.;71,4;28,6;
Marks Gymnasieskola, enhet C;60155358;Mark;1463;Kommunal;Marks kommun;2120001504;Matematik 2B;8;..;..;..;8;..;..;..;.;.;.;.;
Marks Gymnasieskola, enhet C;60155358;Mark;1463;Kommunal;Marks kommun;2120001504;Matematik 3B;24;.;62,5;37,5;16;..;..;..;8;..;..;..;
Marks Gymnasieskola, enhet C;60155358;Mark;1463;Kommunal;Marks kommun;2120001504;Svenska 3;43;2,3;44,2;53,5;28;.;35,7;64,3;15;6,7;60,0;33,3;
Marks Gymnasieskola, enhet C;60155358;Mark;1463;Kommunal;Marks kommun;2120001504;Svenska som andraspråk 3;3;..;..;..;1;..;..;..;2;..;..;..;
Marks Gymnasieskola, enhet D;60878131;Mark;1463;Kommunal;Marks kommun;2120001504;Engelska 5;53;15,1;73,6;11,3;20;25,0;75,0;.;33;9,1;72,7;18,2;
Marks Gymnasieskola, enhet D;60878131;Mark;1463;Kommunal;Marks kommun;2120001504;Engelska 6;22;.;77,3;22,7;3;..;..;..;19;..;..;..;
Marks Gymnasieskola, enhet D;60878131;Mark;1463;Kommunal;Marks kommun;2120001504;Matematik 3C;25;.;72,0;28,0;5;..;..;..;20;..;..;..;
Marks Gymnasieskola, enhet D;60878131;Mark;1463;Kommunal;Marks kommun;2120001504;Svenska 1;55;7,3;67,3;25,5;21;14,3;71,4;14,3;34;2,9;64,7;32,4;
Marks Gymnasieskola, enhet D;60878131;Mark;1463;Kommunal;Marks kommun;2120001504;Svenska 3;23;13,0;52,2;34,8;2;..;..;..;21;..;..;..;
Marks Gymnasieskola, enhet D;60878131;Mark;1463;Kommunal;Marks kommun;2120001504;Svenska som andraspråk 1;3;..;..;..;2;..;..;..;1;..;..;..;
Marks Gymnasieskola, enhet D;60878131;Mark;1463;Kommunal;Marks kommun;2120001504;Svenska som andraspråk 3;1;..;..;..;.;.;.;.;1;..;..;..;
Strömma Naturbrukscentrum;93486713;Mark;1463;Enskild;Strömma Naturbrukscentrum AB;5590488465;Engelska 5;54;.;66,7;33,3;42;.;69,0;31,0;12;.;58,3;41,7;
Strömma Naturbrukscentrum;93486713;Mark;1463;Enskild;Strömma Naturbrukscentrum AB;5590488465;Matematik 1A;51;.;70,6;29,4;39;.;76,9;23,1;12;.;50,0;50,0;
Strömma Naturbrukscentrum;93486713;Mark;1463;Enskild;Strömma Naturbrukscentrum AB;5590488465;Svenska 1;53;.;49,1;50,9;41;.;46,3;53,7;12;.;58,3;41,7;
Gymnasieskolan;58187973;Markaryd;0767;Kommunal;Markaryds kommun;2120000654;Engelska 5;31;9,7;90,3;.;10;.;100,0;.;21;14,3;85,7;.;
Gymnasieskolan;58187973;Markaryd;0767;Kommunal;Markaryds kommun;2120000654;Engelska 6;38;7,9;71,1;21,1;25;8,0;80,0;12,0;13;7,7;53,8;38,5;
Gymnasieskolan;58187973;Markaryd;0767;Kommunal;Markaryds kommun;2120000654;Matematik 1A;17;.;58,8;41,2;.;.;.;.;17;..;..;..;
Gymnasieskolan;58187973;Markaryd;0767;Kommunal;Markaryds kommun;2120000654;Matematik 2B;26;3,8;80,8;15,4;18;..;..;..;8;..;..;..;
Gymnasieskolan;58187973;Markaryd;0767;Kommunal;Markaryds kommun;2120000654;Matematik 3B;4;..;..;..;1;..;..;..;3;..;..;..;
Gymnasieskolan;58187973;Markaryd;0767;Kommunal;Markaryds kommun;2120000654;Matematik 3C;6;..;..;..;3;..;..;..;3;..;..;..;
Gymnasieskolan;58187973;Markaryd;0767;Kommunal;Markaryds kommun;2120000654;Svenska 1;26;19,2;53,8;26,9;7;..;..;..;19;..;..;..;
Gymnasieskolan;58187973;Markaryd;0767;Kommunal;Markaryds kommun;2120000654;Svenska 3;39;2,6;82,1;15,4;28;.;85,7;14,3;11;9,1;72,7;18,2;
Gymnasieskolan;58187973;Markaryd;0767;Kommunal;Markaryds kommun;2120000654;Svenska som andraspråk 1;3;..;..;..;1;..;..;..;2;..;..;..;
Gymnasieskolan;58187973;Markaryd;0767;Kommunal;Markaryds kommun;2120000654;Svenska som andraspråk 3;6;..;..;..;3;..;..;..;3;..;..;..;
Dahlstiernska gymnasiet;88894245;Mellerud;1461;Kommunal;Melleruds kommun;2120001488;Engelska 5;10;20,0;50,0;30,0;3;..;..;..;7;..;..;..;
Dackeskolan MG3;80376589;Mjölby;0586;Kommunal;Mjölby kommun;2120000480;Engelska 5;29;24,1;72,4;3,4;6;..;..;..;23;..;..;..;
Dackeskolan MG3;80376589;Mjölby;0586;Kommunal;Mjölby kommun;2120000480;Matematik 1A;28;17,9;67,9;14,3;3;..;..;..;25;..;..;..;
Dackeskolan MG3;80376589;Mjölby;0586;Kommunal;Mjölby kommun;2120000480;Svenska 1;28;.;64,3;35,7;5;..;..;..;23;..;..;..;
Dackeskolan MG3;80376589;Mjölby;0586;Kommunal;Mjölby kommun;2120000480;Svenska som andraspråk 1;1;..;..;..;.;.;.;.;1;..;..;..;
Dackeskolan MG4;67752682;Mjölby;0586;Kommunal;Mjölby kommun;2120000480;Engelska 5;23;34,8;60,9;4,3;.;.;.;.;23;..;..;..;
Dackeskolan MG4;67752682;Mjölby;0586;Kommunal;Mjölby kommun;2120000480;Matematik 1A;22;4,5;77,3;18,2;2;..;..;..;20;..;..;..;
Dackeskolan MG4;67752682;Mjölby;0586;Kommunal;Mjölby kommun;2120000480;Svenska 1;25;4,0;60,0;36,0;3;..;..;..;22;..;..;..;
Dackeskolan MG4;67752682;Mjölby;0586;Kommunal;Mjölby kommun;2120000480;Svenska som andraspråk 1;1;..;..;..;.;.;.;.;1;..;..;..;
Kungshögaskolan MG1;31870541;Mjölby;0586;Kommunal;Mjölby kommun;2120000480;Engelska 6;18;.;72,2;27,8;10;..;..;..;8;..;..;..;
Kungshögaskolan MG1;31870541;Mjölby;0586;Kommunal;Mjölby kommun;2120000480;Matematik 2B;14;.;100,0;.;9;..;..;..;5;..;..;..;
Kungshögaskolan MG1;31870541;Mjölby;0586;Kommunal;Mjölby kommun;2120000480;Matematik 3C;8;..;..;..;3;..;..;..;5;..;..;..;
Kungshögaskolan MG1;31870541;Mjölby;0586;Kommunal;Mjölby kommun;2120000480;Matematik 4;5;..;..;..;2;..;..;..;3;..;..;..;
Kungshögaskolan MG1;31870541;Mjölby;0586;Kommunal;Mjölby kommun;2120000480;Svenska 3;19;21,1;57,9;21,1;8;..;..;..;11;..;..;..;
Kungshögaskolan MG2;71160225;Mjölby;0586;Kommunal;Mjölby kommun;2120000480;Engelska 5;24;4,2;79,2;16,7;12;.;91,7;8,3;12;8,3;66,7;25,0;
Kungshögaskolan MG2;71160225;Mjölby;0586;Kommunal;Mjölby kommun;2120000480;Engelska 6;41;17,1;63,4;19,5;18;11,1;72,2;16,7;23;21,7;56,5;21,7;
Kungshögaskolan MG2;71160225;Mjölby;0586;Kommunal;Mjölby kommun;2120000480;Matematik 1A;27;.;96,3;3,7;12;.;91,7;8,3;15;.;100,0;.;
Kungshögaskolan MG2;71160225;Mjölby;0586;Kommunal;Mjölby kommun;2120000480;Matematik 2B;29;.;93,1;6,9;14;.;92,9;7,1;15;.;93,3;6,7;
Kungshögaskolan MG2;71160225;Mjölby;0586;Kommunal;Mjölby kommun;2120000480;Matematik 3C;4;..;..;..;.;.;.;.;4;..;..;..;
Kungshögaskolan MG2;71160225;Mjölby;0586;Kommunal;Mjölby kommun;2120000480;Matematik 4;4;..;..;..;1;..;..;..;3;..;..;..;
Kungshögaskolan MG2;71160225;Mjölby;0586;Kommunal;Mjölby kommun;2120000480;Svenska 1;19;.;73,7;26,3;11;..;..;..;8;..;..;..;
Kungshögaskolan MG2;71160225;Mjölby;0586;Kommunal;Mjölby kommun;2120000480;Svenska 3;29;13,8;62,1;24,1;12;16,7;58,3;25,0;17;11,8;64,7;23,5;
Kungshögaskolan MG2;71160225;Mjölby;0586;Kommunal;Mjölby kommun;2120000480;Svenska som andraspråk 1;7;..;..;..;1;..;..;..;6;..;..;..;
Mora gymnasium;15056010;Mora;2062;Kommunal;Mora kommun;2120002213;Engelska 5;105;18,1;68,6;13,3;42;11,9;69,0;19,0;63;22,2;68,3;9,5;
Mora gymnasium;15056010;Mora;2062;Kommunal;Mora kommun;2120002213;Engelska 6;118;9,3;61,0;29,7;64;10,9;53,1;35,9;54;7,4;70,4;22,2;
Mora gymnasium;15056010;Mora;2062;Kommunal;Mora kommun;2120002213;Matematik 1A;96;5,2;90,6;4,2;33;9,1;84,8;6,1;63;3,2;93,7;3,2;
Mora gymnasium;15056010;Mora;2062;Kommunal;Mora kommun;2120002213;Matematik 2B;47;2,1;72,3;25,5;34;2,9;70,6;26,5;13;.;76,9;23,1;
Mora gymnasium;15056010;Mora;2062;Kommunal;Mora kommun;2120002213;Matematik 3B;25;.;100,0;.;11;.;100,0;.;14;.;100,0;.;
Mora gymnasium;15056010;Mora;2062;Kommunal;Mora kommun;2120002213;Matematik 3C;12;.;100,0;.;6;..;..;..;6;..;..;..;
Mora gymnasium;15056010;Mora;2062;Kommunal;Mora kommun;2120002213;Matematik 4;28;.;96,4;3,6;12;.;100,0;.;16;.;93,8;6,3;
Mora gymnasium;15056010;Mora;2062;Kommunal;Mora kommun;2120002213;Svenska 1;106;2,8;70,8;26,4;42;2,4;69,0;28,6;64;3,1;71,9;25,0;
Mora gymnasium;15056010;Mora;2062;Kommunal;Mora kommun;2120002213;Svenska 3;130;2,3;54,6;43,1;68;1,5;54,4;44,1;62;3,2;54,8;41,9;
Mora gymnasium;15056010;Mora;2062;Kommunal;Mora kommun;2120002213;Svenska som andraspråk 1;6;..;..;..;1;..;..;..;5;..;..;..;
Mora gymnasium;15056010;Mora;2062;Kommunal;Mora kommun;2120002213;Svenska som andraspråk 3;9;..;..;..;5;..;..;..;4;..;..;..;
Carlsund utbildningscentrum 1;36670439;Motala;0583;Kommunal;Motala kommun;2120002817;Engelska 5;37;2,7;86,5;10,8;3;..;..;..;34;..;..;..;
Carlsund utbildningscentrum 1;36670439;Motala;0583;Kommunal;Motala kommun;2120002817;Engelska 6;21;.;95,2;4,8;18;..;..;..;3;..;..;..;
Carlsund utbildningscentrum 1;36670439;Motala;0583;Kommunal;Motala kommun;2120002817;Matematik 1A;52;9,6;86,5;3,8;20;25,0;70,0;5,0;32;.;96,9;3,1;
Carlsund utbildningscentrum 1;36670439;Motala;0583;Kommunal;Motala kommun;2120002817;Svenska 1;49;.;81,6;18,4;17;.;64,7;35,3;32;.;90,6;9,4;
Carlsund utbildningscentrum 2;22220001;Motala;0583;Kommunal;Motala kommun;2120002817;Engelska 5;56;.;89,3;10,7;23;.;87,0;13,0;33;.;90,9;9,1;
Carlsund utbildningscentrum 2;22220001;Motala;0583;Kommunal;Motala kommun;2120002817;Matematik 1A;60;11,7;85,0;3,3;21;9,5;90,5;.;39;12,8;82,1;5,1;
Carlsund utbildningscentrum 2;22220001;Motala;0583;Kommunal;Motala kommun;2120002817;Svenska 1;57;.;86,0;14,0;23;.;73,9;26,1;34;.;94,1;5,9;
Carlsund utbildningscentrum 2;22220001;Motala;0583;Kommunal;Motala kommun;2120002817;Svenska som andraspråk 1;3;..;..;..;.;.;.;.;3;..;..;..;
Platengymnasiet 1;31822012;Motala;0583;Kommunal;Motala kommun;2120002817;Engelska 6;100;9,0;81,0;10,0;59;6,8;83,1;10,2;41;12,2;78,0;9,8;
Platengymnasiet 1;31822012;Motala;0583;Kommunal;Motala kommun;2120002817;Matematik 2B;64;.;96,9;3,1;42;.;95,2;4,8;22;.;100,0;.;
Platengymnasiet 1;31822012;Motala;0583;Kommunal;Motala kommun;2120002817;Matematik 3B;21;.;85,7;14,3;10;.;70,0;30,0;11;.;100,0;.;
Platengymnasiet 1;31822012;Motala;0583;Kommunal;Motala kommun;2120002817;Svenska 3;88;11,4;62,5;26,1;67;10,4;58,2;31,3;21;14,3;76,2;9,5;
Platengymnasiet 1;31822012;Motala;0583;Kommunal;Motala kommun;2120002817;Svenska som andraspråk 3;19;10,5;89,5;.;8;..;..;..;11;..;..;..;
Platengymnasiet 2;83161201;Motala;0583;Kommunal;Motala kommun;2120002817;Engelska 6;67;17,9;74,6;7,5;25;12,0;84,0;4,0;42;21,4;69,0;9,5;
Platengymnasiet 2;83161201;Motala;0583;Kommunal;Motala kommun;2120002817;Matematik 3C;44;2,3;93,2;4,5;10;.;100,0;.;34;2,9;91,2;5,9;
Platengymnasiet 2;83161201;Motala;0583;Kommunal;Motala kommun;2120002817;Svenska 3;80;11,3;61,3;27,5;29;10,3;69,0;20,7;51;11,8;56,9;31,4;
Platengymnasiet 4;94843889;Motala;0583;Kommunal;Motala kommun;2120002817;Matematik 1A;6;..;..;..;6;..;..;..;.;.;.;.;
Platengymnasiet 4;94843889;Motala;0583;Kommunal;Motala kommun;2120002817;Svenska 1;6;..;..;..;6;..;..;..;.;.;.;.;
Dinglegymnasiet;97090958;Munkedal;1430;Enskild;Naturbruk Väst AB;5590475611;Matematik 1A;11;.;63,6;36,4;9;..;..;..;2;..;..;..;
Processtekniska Gymnasiet;55421481;Munkedal;1430;Kommunal;Munkedals kommun;2120001330;Engelska 5;17;.;100,0;.;.;.;.;.;17;..;..;..;
Processtekniska Gymnasiet;55421481;Munkedal;1430;Kommunal;Munkedals kommun;2120001330;Matematik 1A;17;.;58,8;41,2;.;.;.;.;17;..;..;..;
Processtekniska Gymnasiet;55421481;Munkedal;1430;Kommunal;Munkedals kommun;2120001330;Svenska 1;15;6,7;66,7;26,7;.;.;.;.;15;..;..;..;
Yrkesgymnasiet Munkedal;15100079;Munkedal;1430;Enskild;Lärlingsgymnasiet i Sverige AB;5567628176;Engelska 5;21;19,0;71,4;9,5;5;..;..;..;16;..;..;..;
Yrkesgymnasiet Munkedal;15100079;Munkedal;1430;Enskild;Lärlingsgymnasiet i Sverige AB;5567628176;Matematik 1A;21;.;90,5;9,5;4;..;..;..;17;..;..;..;
Yrkesgymnasiet Munkedal;15100079;Munkedal;1430;Enskild;Lärlingsgymnasiet i Sverige AB;5567628176;Svenska 1;20;.;70,0;30,0;3;..;..;..;17;..;..;..;
Franklins gymnasium;76562396;Mölndal;1481;Kommunal;Mölndals kommun;2120001363;Engelska 6;78;7,7;91,0;1,3;36;11,1;88,9;.;42;4,8;92,9;2,4;
Franklins gymnasium;76562396;Mölndal;1481;Kommunal;Mölndals kommun;2120001363;Matematik 4;76;.;89,5;10,5;33;.;84,8;15,2;43;.;93,0;7,0;
Franklins gymnasium;76562396;Mölndal;1481;Kommunal;Mölndals kommun;2120001363;Svenska 3;38;5,3;73,7;21,1;15;6,7;80,0;13,3;23;4,3;69,6;26,1;
Franklins gymnasium;76562396;Mölndal;1481;Kommunal;Mölndals kommun;2120001363;Svenska som andraspråk 3;4;..;..;..;2;..;..;..;2;..;..;..;
Krokslättsgymnasiet Skolenhet 1;76470241;Mölndal;1481;Kommunal;Mölndals kommun;2120001363;Engelska 5;41;7,3;61,0;31,7;13;15,4;61,5;23,1;28;3,6;60,7;35,7;
Krokslättsgymnasiet Skolenhet 1;76470241;Mölndal;1481;Kommunal;Mölndals kommun;2120001363;Matematik 1A;22;.;72,7;27,3;11;.;72,7;27,3;11;.;72,7;27,3;
Krokslättsgymnasiet Skolenhet 1;76470241;Mölndal;1481;Kommunal;Mölndals kommun;2120001363;Svenska 1;19;.;31,6;68,4;4;..;..;..;15;..;..;..;
Krokslättsgymnasiet Skolenhet 1;76470241;Mölndal;1481;Kommunal;Mölndals kommun;2120001363;Svenska som andraspråk 1;2;..;..;..;1;..;..;..;1;..;..;..;
Krokslättsgymnasiet Skolenhet 2;99356671;Mölndal;1481;Kommunal;Mölndals kommun;2120001363;Engelska 5;29;3,4;82,8;13,8;24;..;..;..;5;..;..;..;
Krokslättsgymnasiet Skolenhet 2;99356671;Mölndal;1481;Kommunal;Mölndals kommun;2120001363;Matematik 1A;28;.;75,0;25,0;23;..;..;..;5;..;..;..;
Krokslättsgymnasiet Skolenhet 2;99356671;Mölndal;1481;Kommunal;Mölndals kommun;2120001363;Svenska 1;25;8,0;76,0;16,0;21;..;..;..;4;..;..;..;
Krokslättsgymnasiet Skolenhet 2;99356671;Mölndal;1481;Kommunal;Mölndals kommun;2120001363;Svenska som andraspråk 1;5;..;..;..;4;..;..;..;1;..;..;..;
Mönsteråsgymnasiet;16702464;Mönsterås;0861;Kommunal;Mönsterås kommun;2120000720;Engelska 5;10;40,0;60,0;.;1;..;..;..;9;..;..;..;
Mönsteråsgymnasiet;16702464;Mönsterås;0861;Kommunal;Mönsterås kommun;2120000720;Engelska 6;9;..;..;..;5;..;..;..;4;..;..;..;
Mönsteråsgymnasiet;16702464;Mönsterås;0861;Kommunal;Mönsterås kommun;2120000720;Matematik 1A;13;.;69,2;30,8;1;..;..;..;12;..;..;..;
Mönsteråsgymnasiet;16702464;Mönsterås;0861;Kommunal;Mönsterås kommun;2120000720;Matematik 2B;8;..;..;..;6;..;..;..;2;..;..;..;
Mönsteråsgymnasiet;16702464;Mönsterås;0861;Kommunal;Mönsterås kommun;2120000720;Matematik 4;1;..;..;..;.;.;.;.;1;..;..;..;
Mönsteråsgymnasiet;16702464;Mönsterås;0861;Kommunal;Mönsterås kommun;2120000720;Svenska 1;8;..;..;..;1;..;..;..;7;..;..;..;
Mönsteråsgymnasiet;16702464;Mönsterås;0861;Kommunal;Mönsterås kommun;2120000720;Svenska 3;11;.;45,5;54,5;8;..;..;..;3;..;..;..;
Mönsteråsgymnasiet;16702464;Mönsterås;0861;Kommunal;Mönsterås kommun;2120000720;Svenska som andraspråk 1;2;..;..;..;.;.;.;.;2;..;..;..;
Mönsteråsgymnasiet;16702464;Mönsterås;0861;Kommunal;Mönsterås kommun;2120000720;Svenska som andraspråk 3;10;20,0;.;80,0;5;..;..;..;5;..;..;..;
Designgymnasiet Sickla;14355031;Nacka;0182;Enskild;Designgymnasiet i Sverige AB;5569320681;Engelska 5;16;12,5;68,8;18,8;15;..;..;..;1;..;..;..;
Designgymnasiet Sickla;14355031;Nacka;0182;Enskild;Designgymnasiet i Sverige AB;5569320681;Engelska 6;67;31,3;53,7;14,9;46;28,3;56,5;15,2;21;38,1;47,6;14,3;
Designgymnasiet Sickla;14355031;Nacka;0182;Enskild;Designgymnasiet i Sverige AB;5569320681;Matematik 1A;19;.;78,9;21,1;18;..;..;..;1;..;..;..;
Designgymnasiet Sickla;14355031;Nacka;0182;Enskild;Designgymnasiet i Sverige AB;5569320681;Matematik 1B;57;.;93,0;7,0;48;..;..;..;9;..;..;..;
Designgymnasiet Sickla;14355031;Nacka;0182;Enskild;Designgymnasiet i Sverige AB;5569320681;Matematik 3C;19;.;94,7;5,3;5;..;..;..;14;..;..;..;
Designgymnasiet Sickla;14355031;Nacka;0182;Enskild;Designgymnasiet i Sverige AB;5569320681;Svenska 1;20;.;50,0;50,0;19;..;..;..;1;..;..;..;
Designgymnasiet Sickla;14355031;Nacka;0182;Enskild;Designgymnasiet i Sverige AB;5569320681;Svenska 3;82;6,1;45,1;48,8;53;.;50,9;49,1;29;17,2;34,5;48,3;
Drottning Blankas Gymnasieskola Nacka;68602647;Nacka;0182;Enskild;DBGY Kronan AB;5565668794;Engelska 5;70;17,1;68,6;14,3;55;12,7;70,9;16,4;15;33,3;60,0;6,7;
Drottning Blankas Gymnasieskola Nacka;68602647;Nacka;0182;Enskild;DBGY Kronan AB;5565668794;Engelska 6;110;7,3;90,9;1,8;59;6,8;89,8;3,4;51;7,8;92,2;.;
Drottning Blankas Gymnasieskola Nacka;68602647;Nacka;0182;Enskild;DBGY Kronan AB;5565668794;Matematik 1A;68;.;92,6;7,4;53;.;90,6;9,4;15;.;100,0;.;
Drottning Blankas Gymnasieskola Nacka;68602647;Nacka;0182;Enskild;DBGY Kronan AB;5565668794;Matematik 2B;46;.;84,8;15,2;29;.;86,2;13,8;17;.;82,4;17,6;
Drottning Blankas Gymnasieskola Nacka;68602647;Nacka;0182;Enskild;DBGY Kronan AB;5565668794;Matematik 3B;17;5,9;76,5;17,6;4;..;..;..;13;..;..;..;
Drottning Blankas Gymnasieskola Nacka;68602647;Nacka;0182;Enskild;DBGY Kronan AB;5565668794;Svenska 1;75;2,7;50,7;46,7;61;1,6;49,2;49,2;14;7,1;57,1;35,7;
Drottning Blankas Gymnasieskola Nacka;68602647;Nacka;0182;Enskild;DBGY Kronan AB;5565668794;Svenska 3;74;5,4;41,9;52,7;35;8,6;48,6;42,9;39;2,6;35,9;61,5;
Drottning Blankas Gymnasieskola Nacka;68602647;Nacka;0182;Enskild;DBGY Kronan AB;5565668794;Svenska som andraspråk 1;4;..;..;..;3;..;..;..;1;..;..;..;
Drottning Blankas Gymnasieskola Nacka;68602647;Nacka;0182;Enskild;DBGY Kronan AB;5565668794;Svenska som andraspråk 3;6;..;..;..;3;..;..;..;3;..;..;..;
Ebba Brahe Gymnasium;16755988;Nacka;0182;Enskild;Ebba Braheskolan AB;5590468624;Engelska 6;79;7,6;79,7;12,7;33;6,1;81,8;12,1;46;8,7;78,3;13,0;
Ebba Brahe Gymnasium;16755988;Nacka;0182;Enskild;Ebba Braheskolan AB;5590468624;Matematik 2B;41;2,4;90,2;7,3;20;5,0;85,0;10,0;21;.;95,2;4,8;
Ebba Brahe Gymnasium;16755988;Nacka;0182;Enskild;Ebba Braheskolan AB;5590468624;Matematik 3B;25;.;100,0;.;5;..;..;..;20;..;..;..;
Ebba Brahe Gymnasium;16755988;Nacka;0182;Enskild;Ebba Braheskolan AB;5590468624;Svenska 3;65;1,5;83,1;15,4;15;6,7;80,0;13,3;50;.;84,0;16,0;
Ebba Brahe Gymnasium;16755988;Nacka;0182;Enskild;Ebba Braheskolan AB;5590468624;Svenska som andraspråk 3;2;..;..;..;1;..;..;..;1;..;..;..;
JENSEN Gymnasium Nacka Strand;42053960;Nacka;0182;Enskild;Jensen Education College AB;5566358759;Engelska 6;54;.;57,4;42,6;33;.;45,5;54,5;21;.;76,2;23,8;
JENSEN Gymnasium Nacka Strand;42053960;Nacka;0182;Enskild;Jensen Education College AB;5566358759;Matematik 2B;33;.;54,5;45,5;23;.;47,8;52,2;10;.;70,0;30,0;
Magelungens Gymnasium Danvikstull;71353314;Nacka;0182;Enskild;Magelungen Utveckling AB;5564891447;Engelska 5;8;..;..;..;4;..;..;..;4;..;..;..;
Magelungens Gymnasium Danvikstull;71353314;Nacka;0182;Enskild;Magelungen Utveckling AB;5564891447;Matematik 1A;14;.;92,9;7,1;9;..;..;..;5;..;..;..;
Magelungens Gymnasium Danvikstull;71353314;Nacka;0182;Enskild;Magelungen Utveckling AB;5564891447;Svenska 1;10;.;50,0;50,0;6;..;..;..;4;..;..;..;
Nacka Enskilda Gymnasium;62855448;Nacka;0182;Enskild;Nacka Enskilda Gymnasium AB;5567841977;Engelska 6;45;28,9;53,3;17,8;10;20,0;70,0;10,0;35;31,4;48,6;20,0;
Nacka Enskilda Gymnasium;62855448;Nacka;0182;Enskild;Nacka Enskilda Gymnasium AB;5567841977;Matematik 2B;25;.;48,0;52,0;8;..;..;..;17;..;..;..;
Nacka Enskilda Gymnasium;62855448;Nacka;0182;Enskild;Nacka Enskilda Gymnasium AB;5567841977;Matematik 3B;19;.;10,5;89,5;4;..;..;..;15;..;..;..;
Nacka Enskilda Gymnasium;62855448;Nacka;0182;Enskild;Nacka Enskilda Gymnasium AB;5567841977;Svenska 3;37;2,7;75,7;21,6;7;..;..;..;30;..;..;..;
Nacka Enskilda Gymnasium;62855448;Nacka;0182;Enskild;Nacka Enskilda Gymnasium AB;5567841977;Svenska som andraspråk 3;1;..;..;..;1;..;..;..;.;.;.;.;
Nacka Gymnasium;92506886;Nacka;0182;Kommunal;Nacka kommun;2120000167;Engelska 5;39;20,5;74,4;5,1;.;.;.;.;39;..;..;..;
Nacka Gymnasium;92506886;Nacka;0182;Kommunal;Nacka kommun;2120000167;Engelska 6;390;14,9;77,2;7,9;107;14,0;80,4;5,6;283;15,2;76,0;8,8;
Nacka Gymnasium;92506886;Nacka;0182;Kommunal;Nacka kommun;2120000167;Matematik 1A;44;.;90,9;9,1;.;.;.;.;44;..;..;..;
Nacka Gymnasium;92506886;Nacka;0182;Kommunal;Nacka kommun;2120000167;Matematik 2B;177;.;85,3;14,7;89;.;87,6;12,4;88;.;83,0;17,0;
Nacka Gymnasium;92506886;Nacka;0182;Kommunal;Nacka kommun;2120000167;Matematik 3B;114;.;79,8;20,2;39;.;79,5;20,5;75;.;80,0;20,0;
Nacka Gymnasium;92506886;Nacka;0182;Kommunal;Nacka kommun;2120000167;Matematik 3C;45;.;82,2;17,8;17;.;82,4;17,6;28;.;82,1;17,9;
Nacka Gymnasium;92506886;Nacka;0182;Kommunal;Nacka kommun;2120000167;Matematik 4;133;.;94,7;5,3;35;.;97,1;2,9;98;.;93,9;6,1;
Nacka Gymnasium;92506886;Nacka;0182;Kommunal;Nacka kommun;2120000167;Svenska 1;61;.;80,3;19,7;.;.;.;.;61;..;..;..;
Nacka Gymnasium;92506886;Nacka;0182;Kommunal;Nacka kommun;2120000167;Svenska 3;532;5,5;45,9;48,7;214;3,7;45,8;50,5;318;6,6;45,9;47,5;
Nacka Gymnasium;92506886;Nacka;0182;Kommunal;Nacka kommun;2120000167;Svenska som andraspråk 3;14;7,1;85,7;7,1;4;..;..;..;10;..;..;..;
Nacka Idrottsgymnasium;35265260;Nacka;0182;Enskild;Idrottsgymnasiet i Nacka AB;5592790397;Engelska 6;59;.;88,1;11,9;11;.;81,8;18,2;48;.;89,6;10,4;
Nacka Idrottsgymnasium;35265260;Nacka;0182;Enskild;Idrottsgymnasiet i Nacka AB;5592790397;Matematik 3B;8;..;..;..;2;..;..;..;6;..;..;..;
Nacka Strands Gymnasium;29449669;Nacka;0182;Enskild;Nacka Strands Gymnasium AB;5566765995;Engelska 6;110;11,8;80,9;7,3;38;2,6;89,5;7,9;72;16,7;76,4;6,9;
Nacka Strands Gymnasium;29449669;Nacka;0182;Enskild;Nacka Strands Gymnasium AB;5566765995;Matematik 1B;41;.;73,2;26,8;14;.;71,4;28,6;27;.;74,1;25,9;
Nacka Strands Gymnasium;29449669;Nacka;0182;Enskild;Nacka Strands Gymnasium AB;5566765995;Matematik 2B;42;.;52,4;47,6;22;.;50,0;50,0;20;.;55,0;45,0;
Nacka Strands Gymnasium;29449669;Nacka;0182;Enskild;Nacka Strands Gymnasium AB;5566765995;Matematik 3C;10;.;80,0;20,0;.;.;.;.;10;..;..;..;
Nacka Strands Gymnasium;29449669;Nacka;0182;Enskild;Nacka Strands Gymnasium AB;5566765995;Svenska 3;62;19,4;71,0;9,7;19;5,3;89,5;5,3;43;25,6;62,8;11,6;
NTI Gymnasiet Nacka Strand;31071774;Nacka;0182;Enskild;NTI Gymnasiet Macro AB;5561203679;Engelska 5;16;.;75,0;25,0;.;.;.;.;16;..;..;..;
NTI Gymnasiet Nacka Strand;31071774;Nacka;0182;Enskild;NTI Gymnasiet Macro AB;5561203679;Engelska 6;38;10,5;86,8;2,6;3;..;..;..;35;..;..;..;
NTI Gymnasiet Nacka Strand;31071774;Nacka;0182;Enskild;NTI Gymnasiet Macro AB;5561203679;Matematik 1A;17;5,9;88,2;5,9;.;.;.;.;17;..;..;..;
NTI Gymnasiet Nacka Strand;31071774;Nacka;0182;Enskild;NTI Gymnasiet Macro AB;5561203679;Matematik 3C;28;.;75,0;25,0;1;..;..;..;27;..;..;..;
NTI Gymnasiet Nacka Strand;31071774;Nacka;0182;Enskild;NTI Gymnasiet Macro AB;5561203679;Matematik 4;21;4,8;90,5;4,8;3;..;..;..;18;..;..;..;
NTI Gymnasiet Nacka Strand;31071774;Nacka;0182;Enskild;NTI Gymnasiet Macro AB;5561203679;Svenska 1;16;.;75,0;25,0;.;.;.;.;16;..;..;..;
NTI Gymnasiet Nacka Strand;31071774;Nacka;0182;Enskild;NTI Gymnasiet Macro AB;5561203679;Svenska 3;72;12,5;65,3;22,2;2;..;..;..;70;..;..;..;
NTI Gymnasiet Nacka Strand;31071774;Nacka;0182;Enskild;NTI Gymnasiet Macro AB;5561203679;Svenska som andraspråk 1;1;..;..;..;.;.;.;.;1;..;..;..;
NTI Gymnasiet Nacka Strand;31071774;Nacka;0182;Enskild;NTI Gymnasiet Macro AB;5561203679;Svenska som andraspråk 3;6;..;..;..;.;.;.;.;6;..;..;..;
Praktiska Gymnasiet Nacka;72891848;Nacka;0182;Enskild;Praktiska Sverige AB;5562575786;Engelska 5;66;25,8;66,7;7,6;18;11,1;83,3;5,6;48;31,3;60,4;8,3;
Praktiska Gymnasiet Nacka;72891848;Nacka;0182;Enskild;Praktiska Sverige AB;5562575786;Matematik 1A;82;.;80,5;19,5;23;.;82,6;17,4;59;.;79,7;20,3;
Praktiska Gymnasiet Nacka;72891848;Nacka;0182;Enskild;Praktiska Sverige AB;5562575786;Svenska 1;52;19,2;65,4;15,4;18;16,7;66,7;16,7;34;20,6;64,7;14,7;
Praktiska Gymnasiet Nacka;72891848;Nacka;0182;Enskild;Praktiska Sverige AB;5562575786;Svenska som andraspråk 1;8;..;..;..;1;..;..;..;7;..;..;..;
Rytmus Stockholm;46611859;Nacka;0182;Enskild;Rytmus AB;5564648979;Engelska 6;184;15,8;74,5;9,8;96;12,5;76,0;11,5;88;19,3;72,7;8,0;
Rytmus Stockholm;46611859;Nacka;0182;Enskild;Rytmus AB;5564648979;Matematik 1B;184;5,4;79,9;14,7;73;6,8;74,0;19,2;111;4,5;83,8;11,7;
Rytmus Stockholm;46611859;Nacka;0182;Enskild;Rytmus AB;5564648979;Svenska 3;168;1,8;61,9;36,3;87;.;62,1;37,9;81;3,7;61,7;34,6;
Rytmus Stockholm;46611859;Nacka;0182;Enskild;Rytmus AB;5564648979;Svenska som andraspråk 3;5;..;..;..;2;..;..;..;3;..;..;..;
Sjölins Gymnasium Nacka;58907711;Nacka;0182;Enskild;Sjölins Gymnasium AB;5563758399;Engelska 6;146;0,7;70,5;28,8;73;.;64,4;35,6;73;1,4;76,7;21,9;
Sjölins Gymnasium Nacka;58907711;Nacka;0182;Enskild;Sjölins Gymnasium AB;5563758399;Matematik 2B;57;.;77,2;22,8;38;.;76,3;23,7;19;.;78,9;21,1;
Sjölins Gymnasium Nacka;58907711;Nacka;0182;Enskild;Sjölins Gymnasium AB;5563758399;Matematik 3B;33;.;75,8;24,2;8;..;..;..;25;..;..;..;
Sjölins Gymnasium Nacka;58907711;Nacka;0182;Enskild;Sjölins Gymnasium AB;5563758399;Matematik 4;20;.;70,0;30,0;12;..;..;..;8;..;..;..;
Sjölins Gymnasium Nacka;58907711;Nacka;0182;Enskild;Sjölins Gymnasium AB;5563758399;Svenska 3;136;4,4;49,3;46,3;83;3,6;48,2;48,2;53;5,7;50,9;43,4;
Sjölins Gymnasium Nacka;58907711;Nacka;0182;Enskild;Sjölins Gymnasium AB;5563758399;Svenska som andraspråk 3;1;..;..;..;1;..;..;..;.;.;.;.;
YBC, Young Business Creatives;68285560;Nacka;0182;Kommunal;Nacka kommun;2120000167;Engelska 6;177;6,2;83,1;10,7;105;5,7;81,0;13,3;72;6,9;86,1;6,9;
YBC, Young Business Creatives;68285560;Nacka;0182;Kommunal;Nacka kommun;2120000167;Matematik 2B;95;.;84,2;15,8;62;.;85,5;14,5;33;.;81,8;18,2;
YBC, Young Business Creatives;68285560;Nacka;0182;Kommunal;Nacka kommun;2120000167;Matematik 3B;60;.;93,3;6,7;26;.;96,2;3,8;34;.;91,2;8,8;
YBC, Young Business Creatives;68285560;Nacka;0182;Kommunal;Nacka kommun;2120000167;Matematik 4;25;.;56,0;44,0;7;..;..;..;18;..;..;..;
YBC, Young Business Creatives;68285560;Nacka;0182;Kommunal;Nacka kommun;2120000167;Svenska 3;173;1,7;63,6;34,7;81;2,5;65,4;32,1;92;1,1;62,0;37,0;
YBC, Young Business Creatives;68285560;Nacka;0182;Kommunal;Nacka kommun;2120000167;Svenska som andraspråk 3;3;..;..;..;1;..;..;..;2;..;..;..;
Bråvallagymnasiet 1;83805032;Norrköping;0581;Kommunal;Norrköpings kommun;2120000456;Engelska 5;29;.;96,6;3,4;.;.;.;.;29;..;..;..;
Bråvallagymnasiet 2;48862305;Norrköping;0581;Kommunal;Norrköpings kommun;2120000456;Engelska 5;42;19,0;73,8;7,1;6;..;..;..;36;..;..;..;
Bråvallagymnasiet 2;48862305;Norrköping;0581;Kommunal;Norrköpings kommun;2120000456;Matematik 1A;36;5,6;63,9;30,6;7;..;..;..;29;..;..;..;
Bråvallagymnasiet 3;32887559;Norrköping;0581;Kommunal;Norrköpings kommun;2120000456;Engelska 5;27;59,3;40,7;.;7;..;..;..;20;..;..;..;
De Geergymnasiet 1;58544422;Norrköping;0581;Kommunal;Norrköpings kommun;2120000456;Engelska 6;77;15,6;70,1;14,3;51;11,8;68,6;19,6;26;23,1;73,1;3,8;
De Geergymnasiet 1;58544422;Norrköping;0581;Kommunal;Norrköpings kommun;2120000456;Matematik 1A;27;.;100,0;.;22;..;..;..;5;..;..;..;
De Geergymnasiet 1;58544422;Norrköping;0581;Kommunal;Norrköpings kommun;2120000456;Matematik 2B;86;1,2;80,2;18,6;57;1,8;75,4;22,8;29;.;89,7;10,3;
De Geergymnasiet 1;58544422;Norrköping;0581;Kommunal;Norrköpings kommun;2120000456;Svenska 1;25;.;12,0;88,0;20;..;..;..;5;..;..;..;
De Geergymnasiet 1;58544422;Norrköping;0581;Kommunal;Norrköpings kommun;2120000456;Svenska 3;71;4,2;31,0;64,8;32;3,1;37,5;59,4;39;5,1;25,6;69,2;
De Geergymnasiet 1;58544422;Norrköping;0581;Kommunal;Norrköpings kommun;2120000456;Svenska som andraspråk 3;5;..;..;..;3;..;..;..;2;..;..;..;
De Geergymnasiet 3;65150019;Norrköping;0581;Kommunal;Norrköpings kommun;2120000456;Engelska 6;62;29,0;66,1;4,8;50;24,0;70,0;6,0;12;50,0;50,0;.;
De Geergymnasiet 3;65150019;Norrköping;0581;Kommunal;Norrköpings kommun;2120000456;Matematik 1B;83;1,2;95,2;3,6;60;1,7;95,0;3,3;23;.;95,7;4,3;
De Geergymnasiet 3;65150019;Norrköping;0581;Kommunal;Norrköpings kommun;2120000456;Svenska 3;53;1,9;67,9;30,2;38;.;63,2;36,8;15;6,7;80,0;13,3;
De Geergymnasiet 3;65150019;Norrköping;0581;Kommunal;Norrköpings kommun;2120000456;Svenska som andraspråk 3;2;..;..;..;2;..;..;..;.;.;.;.;
De Geergymnasiet 6;22426680;Norrköping;0581;Kommunal;Norrköpings kommun;2120000456;Engelska 6;9;..;..;..;7;..;..;..;2;..;..;..;
De Geergymnasiet 6;22426680;Norrköping;0581;Kommunal;Norrköpings kommun;2120000456;Matematik 1B;33;.;97,0;3,0;25;..;..;..;8;..;..;..;
De Geergymnasiet 6;22426680;Norrköping;0581;Kommunal;Norrköpings kommun;2120000456;Svenska 3;24;4,2;16,7;79,2;19;..;..;..;5;..;..;..;
Drottning Blankas Gymnasieskola Norrköping;28023078;Norrköping;0581;Enskild;DBGY Juvelen AB;5565789129;Engelska 5;32;.;78,1;21,9;28;..;..;..;4;..;..;..;
Drottning Blankas Gymnasieskola Norrköping;28023078;Norrköping;0581;Enskild;DBGY Juvelen AB;5565789129;Engelska 6;16;.;100,0;.;12;..;..;..;4;..;..;..;
Drottning Blankas Gymnasieskola Norrköping;28023078;Norrköping;0581;Enskild;DBGY Juvelen AB;5565789129;Matematik 1A;41;.;90,2;9,8;35;..;..;..;6;..;..;..;
Drottning Blankas Gymnasieskola Norrköping;28023078;Norrköping;0581;Enskild;DBGY Juvelen AB;5565789129;Matematik 2B;15;.;93,3;6,7;12;..;..;..;3;..;..;..;
Drottning Blankas Gymnasieskola Norrköping;28023078;Norrköping;0581;Enskild;DBGY Juvelen AB;5565789129;Svenska 1;27;.;70,4;29,6;25;..;..;..;2;..;..;..;
Drottning Blankas Gymnasieskola Norrköping;28023078;Norrköping;0581;Enskild;DBGY Juvelen AB;5565789129;Svenska 3;17;.;52,9;47,1;15;..;..;..;2;..;..;..;
Drottning Blankas Gymnasieskola Norrköping;28023078;Norrköping;0581;Enskild;DBGY Juvelen AB;5565789129;Svenska som andraspråk 1;8;..;..;..;5;..;..;..;3;..;..;..;
Drottning Blankas Gymnasieskola Norrköping;28023078;Norrköping;0581;Enskild;DBGY Juvelen AB;5565789129;Svenska som andraspråk 3;8;..;..;..;5;..;..;..;3;..;..;..;
Ebersteinska gymnasiet  4;53832505;Norrköping;0581;Kommunal;Norrköpings kommun;2120000456;Matematik 3C;45;.;88,9;11,1;11;.;100,0;.;34;.;85,3;14,7;
Ebersteinska gymnasiet 5;71541108;Norrköping;0581;Kommunal;Norrköpings kommun;2120000456;Matematik 1A;21;.;100,0;.;21;..;..;..;.;.;.;.;
Ebersteinska gymnasiet 5;71541108;Norrköping;0581;Kommunal;Norrköpings kommun;2120000456;Matematik 2B;26;.;73,1;26,9;18;..;..;..;8;..;..;..;
Ebersteinska gymnasiet 6;62956050;Norrköping;0581;Kommunal;Norrköpings kommun;2120000456;Matematik 3B;20;.;90,0;10,0;7;..;..;..;13;..;..;..;
Ebersteinska gymnasiet 6;62956050;Norrköping;0581;Kommunal;Norrköpings kommun;2120000456;Svenska som andraspråk 3;15;.;86,7;13,3;6;..;..;..;9;..;..;..;
Ebersteinska gymnasiet 7;88412374;Norrköping;0581;Kommunal;Norrköpings kommun;2120000456;Matematik 1A;17;5,9;94,1;.;2;..;..;..;15;..;..;..;
Ebersteinska gymnasiet 7;88412374;Norrköping;0581;Kommunal;Norrköpings kommun;2120000456;Svenska 1;13;.;69,2;30,8;2;..;..;..;11;..;..;..;
Ebersteinska gymnasiet 7;88412374;Norrköping;0581;Kommunal;Norrköpings kommun;2120000456;Svenska som andraspråk 1;2;..;..;..;.;.;.;.;2;..;..;..;
Film & Musikgymnasiet;47537928;Norrköping;0581;Enskild;Studiefrämjandet Östergötland;8220038460;Engelska 6;22;9,1;72,7;18,2;14;..;..;..;8;..;..;..;
Film & Musikgymnasiet;47537928;Norrköping;0581;Enskild;Studiefrämjandet Östergötland;8220038460;Matematik 1B;12;.;75,0;25,0;6;..;..;..;6;..;..;..;
Film & Musikgymnasiet;47537928;Norrköping;0581;Enskild;Studiefrämjandet Östergötland;8220038460;Svenska 3;32;3,1;43,8;53,1;22;.;54,5;45,5;10;10,0;20,0;70,0;
Film & Musikgymnasiet;47537928;Norrköping;0581;Enskild;Studiefrämjandet Östergötland;8220038460;Svenska som andraspråk 3;2;..;..;..;1;..;..;..;1;..;..;..;
Fria Läroverken Norrköping;69471748;Norrköping;0581;Enskild;Fria Läroverken i Sverige AB;5569172041;Engelska 5;9;..;..;..;1;..;..;..;8;..;..;..;
Fria Läroverken Norrköping;69471748;Norrköping;0581;Enskild;Fria Läroverken i Sverige AB;5569172041;Engelska 6;60;.;93,3;6,7;38;.;92,1;7,9;22;.;95,5;4,5;
Fria Läroverken Norrköping;69471748;Norrköping;0581;Enskild;Fria Läroverken i Sverige AB;5569172041;Matematik 1A;10;.;100,0;.;1;..;..;..;9;..;..;..;
Fria Läroverken Norrköping;69471748;Norrköping;0581;Enskild;Fria Läroverken i Sverige AB;5569172041;Matematik 2B;33;.;87,9;12,1;19;.;84,2;15,8;14;.;92,9;7,1;
Fria Läroverken Norrköping;69471748;Norrköping;0581;Enskild;Fria Läroverken i Sverige AB;5569172041;Matematik 3B;9;..;..;..;5;..;..;..;4;..;..;..;
Fria Läroverken Norrköping;69471748;Norrköping;0581;Enskild;Fria Läroverken i Sverige AB;5569172041;Svenska 1;8;..;..;..;2;..;..;..;6;..;..;..;
Fria Läroverken Norrköping;69471748;Norrköping;0581;Enskild;Fria Läroverken i Sverige AB;5569172041;Svenska 3;15;6,7;86,7;6,7;11;..;..;..;4;..;..;..;
Fria Läroverken Norrköping;69471748;Norrköping;0581;Enskild;Fria Läroverken i Sverige AB;5569172041;Svenska som andraspråk 1;3;..;..;..;.;.;.;.;3;..;..;..;
Fria Läroverken Norrköping;69471748;Norrköping;0581;Enskild;Fria Läroverken i Sverige AB;5569172041;Svenska som andraspråk 3;45;.;84,4;15,6;30;.;80,0;20,0;15;.;93,3;6,7;
Hagagymnasiet skolenhet Blå;49750031;Norrköping;0581;Kommunal;Norrköpings kommun;2120000456;Engelska 6;94;7,4;63,8;28,7;61;3,3;55,7;41,0;33;15,2;78,8;6,1;
Hagagymnasiet skolenhet Blå;49750031;Norrköping;0581;Kommunal;Norrköpings kommun;2120000456;Matematik 2B;63;.;92,1;7,9;43;.;90,7;9,3;20;.;95,0;5,0;
Hagagymnasiet skolenhet Blå;49750031;Norrköping;0581;Kommunal;Norrköpings kommun;2120000456;Matematik 3C;22;.;90,9;9,1;12;.;83,3;16,7;10;.;100,0;.;
Hagagymnasiet skolenhet grön;76485705;Norrköping;0581;Kommunal;Norrköpings kommun;2120000456;Engelska 6;25;16,0;72,0;12,0;14;21,4;71,4;7,1;11;9,1;72,7;18,2;
Hagagymnasiet skolenhet grön;76485705;Norrköping;0581;Kommunal;Norrköpings kommun;2120000456;Matematik 3C;17;.;94,1;5,9;7;..;..;..;10;..;..;..;
Hagagymnasiet skolenhet grön;76485705;Norrköping;0581;Kommunal;Norrköpings kommun;2120000456;Svenska 3;42;.;59,5;40,5;28;.;60,7;39,3;14;.;57,1;42,9;
Hagagymnasiet skolenhet grön;76485705;Norrköping;0581;Kommunal;Norrköpings kommun;2120000456;Svenska som andraspråk 3;16;.;81,3;18,8;11;..;..;..;5;..;..;..;
Hagagymnasiet skolenhet röd;93239262;Norrköping;0581;Kommunal;Norrköpings kommun;2120000456;Engelska 5;38;.;97,4;2,6;22;.;100,0;.;16;.;93,8;6,3;
Hagagymnasiet skolenhet röd;93239262;Norrköping;0581;Kommunal;Norrköpings kommun;2120000456;Svenska 1;44;.;81,8;18,2;28;.;85,7;14,3;16;.;75,0;25,0;
Hagagymnasiet skolenhet röd;93239262;Norrköping;0581;Kommunal;Norrköpings kommun;2120000456;Svenska som andraspråk 1;11;.;81,8;18,2;6;..;..;..;5;..;..;..;
Himmelstalunds utbildningscentrum;25745773;Norrköping;0581;Region;Region Östergötland;2321000040;Engelska 5;38;2,6;89,5;7,9;36;..;..;..;2;..;..;..;
Himmelstalunds utbildningscentrum;25745773;Norrköping;0581;Region;Region Östergötland;2321000040;Matematik 1A;51;.;98,0;2,0;42;..;..;..;9;..;..;..;
Himmelstalunds utbildningscentrum;25745773;Norrköping;0581;Region;Region Östergötland;2321000040;Svenska 1;33;.;66,7;33,3;32;..;..;..;1;..;..;..;
Himmelstalunds utbildningscentrum;25745773;Norrköping;0581;Region;Region Östergötland;2321000040;Svenska som andraspråk 1;1;..;..;..;.;.;.;.;1;..;..;..;
JENSEN Gymnasium Norrköping;97378761;Norrköping;0581;Enskild;Jensen Education College AB;5566358759;Engelska 6;52;.;92,3;7,7;30;.;90,0;10,0;22;.;95,5;4,5;
JENSEN Gymnasium Norrköping;97378761;Norrköping;0581;Enskild;Jensen Education College AB;5566358759;Matematik 2B;19;.;68,4;31,6;16;..;..;..;3;..;..;..;
JENSEN Gymnasium Norrköping;97378761;Norrköping;0581;Enskild;Jensen Education College AB;5566358759;Matematik 3B;14;.;64,3;35,7;6;..;..;..;8;..;..;..;
JENSEN Gymnasium Norrköping;97378761;Norrköping;0581;Enskild;Jensen Education College AB;5566358759;Matematik 4;15;.;73,3;26,7;12;..;..;..;3;..;..;..;
JENSEN Gymnasium Norrköping;97378761;Norrköping;0581;Enskild;Jensen Education College AB;5566358759;Svenska 3;42;7,1;61,9;31,0;29;6,9;55,2;37,9;13;7,7;76,9;15,4;
JENSEN Gymnasium Norrköping;97378761;Norrköping;0581;Enskild;Jensen Education College AB;5566358759;Svenska som andraspråk 3;15;13,3;53,3;33,3;10;..;..;..;5;..;..;..;
Kungsgårdsgymnasiet 1;99976753;Norrköping;0581;Kommunal;Norrköpings kommun;2120000456;Engelska 6;85;7,1;74,1;18,8;45;4,4;75,6;20,0;40;10,0;72,5;17,5;
Kungsgårdsgymnasiet 1;99976753;Norrköping;0581;Kommunal;Norrköpings kommun;2120000456;Matematik 2B;8;..;..;..;7;..;..;..;1;..;..;..;
Kungsgårdsgymnasiet 1;99976753;Norrköping;0581;Kommunal;Norrköpings kommun;2120000456;Matematik 3B;53;.;83,0;17,0;22;.;81,8;18,2;31;.;83,9;16,1;
Kungsgårdsgymnasiet 1;99976753;Norrköping;0581;Kommunal;Norrköpings kommun;2120000456;Svenska 3;76;7,9;68,4;23,7;42;2,4;71,4;26,2;34;14,7;64,7;20,6;
Kungsgårdsgymnasiet 1;99976753;Norrköping;0581;Kommunal;Norrköpings kommun;2120000456;Svenska som andraspråk 3;5;..;..;..;2;..;..;..;3;..;..;..;
Kungsgårdsgymnasiet 3;14278480;Norrköping;0581;Kommunal;Norrköpings kommun;2120000456;Engelska 5;50;4,0;62,0;34,0;43;..;..;..;7;..;..;..;
Kungsgårdsgymnasiet 3;14278480;Norrköping;0581;Kommunal;Norrköpings kommun;2120000456;Matematik 1A;56;.;55,4;44,6;46;.;47,8;52,2;10;.;90,0;10,0;
Kungsgårdsgymnasiet 3;14278480;Norrköping;0581;Kommunal;Norrköpings kommun;2120000456;Svenska 1;53;3,8;58,5;37,7;44;..;..;..;9;..;..;..;
Kunskapsgymnasiet Norrköping;75575321;Norrköping;0581;Enskild;Kunskapsskolan i Sverige Aktiebolag;5565661815;Engelska 6;195;9,2;83,1;7,7;115;6,1;86,1;7,8;80;13,8;78,8;7,5;
Kunskapsgymnasiet Norrköping;75575321;Norrköping;0581;Enskild;Kunskapsskolan i Sverige Aktiebolag;5565661815;Matematik 2B;75;2,7;89,3;8,0;58;3,4;87,9;8,6;17;.;94,1;5,9;
Kunskapsgymnasiet Norrköping;75575321;Norrköping;0581;Enskild;Kunskapsskolan i Sverige Aktiebolag;5565661815;Matematik 3B;45;2,2;84,4;13,3;18;.;88,9;11,1;27;3,7;81,5;14,8;
Kunskapsgymnasiet Norrköping;75575321;Norrköping;0581;Enskild;Kunskapsskolan i Sverige Aktiebolag;5565661815;Matematik 3C;17;11,8;76,5;11,8;4;..;..;..;13;..;..;..;
Kunskapsgymnasiet Norrköping;75575321;Norrköping;0581;Enskild;Kunskapsskolan i Sverige Aktiebolag;5565661815;Svenska 3;154;2,6;76,0;21,4;87;3,4;69,0;27,6;67;1,5;85,1;13,4;
Kunskapsgymnasiet Norrköping;75575321;Norrköping;0581;Enskild;Kunskapsskolan i Sverige Aktiebolag;5565661815;Svenska som andraspråk 3;14;7,1;71,4;21,4;7;..;..;..;7;..;..;..;
Norrköpings Lärlingsgymnasium 1;17204216;Norrköping;0581;Kommunal;Norrköpings kommun;2120000456;Engelska 5;18;.;88,9;11,1;14;..;..;..;4;..;..;..;
Norrköpings Lärlingsgymnasium 1;17204216;Norrköping;0581;Kommunal;Norrköpings kommun;2120000456;Engelska 6;2;..;..;..;1;..;..;..;1;..;..;..;
Norrköpings Lärlingsgymnasium 1;17204216;Norrköping;0581;Kommunal;Norrköpings kommun;2120000456;Matematik 1A;60;15,0;75,0;10,0;31;3,2;83,9;12,9;29;27,6;65,5;6,9;
Praktiska Gymnasiet Norrköping;62458752;Norrköping;0581;Enskild;Praktiska Sverige AB;5562575786;Engelska 5;60;21,7;66,7;11,7;8;..;..;..;52;..;..;..;
Praktiska Gymnasiet Norrköping;62458752;Norrköping;0581;Enskild;Praktiska Sverige AB;5562575786;Engelska 6;2;..;..;..;2;..;..;..;.;.;.;.;
Praktiska Gymnasiet Norrköping;62458752;Norrköping;0581;Enskild;Praktiska Sverige AB;5562575786;Matematik 1A;89;6,7;75,3;18,0;25;8,0;76,0;16,0;64;6,3;75,0;18,8;
Praktiska Gymnasiet Norrköping;62458752;Norrköping;0581;Enskild;Praktiska Sverige AB;5562575786;Svenska 1;59;5,1;44,1;50,8;14;7,1;28,6;64,3;45;4,4;48,9;46,7;
Praktiska Gymnasiet Norrköping;62458752;Norrköping;0581;Enskild;Praktiska Sverige AB;5562575786;Svenska som andraspråk 1;18;16,7;72,2;11,1;5;..;..;..;13;..;..;..;
Yrkesgymnasiet Norrköping;67842103;Norrköping;0581;Enskild;Thorengruppen AB;5566139290;Engelska 5;44;15,9;68,2;15,9;16;25,0;50,0;25,0;28;10,7;78,6;10,7;
Yrkesgymnasiet Norrköping;67842103;Norrköping;0581;Enskild;Thorengruppen AB;5566139290;Matematik 1A;46;.;87,0;13,0;17;.;100,0;.;29;.;79,3;20,7;
Yrkesgymnasiet Norrköping;67842103;Norrköping;0581;Enskild;Thorengruppen AB;5566139290;Svenska 1;37;10,8;67,6;21,6;17;11,8;58,8;29,4;20;10,0;75,0;15,0;
Yrkesgymnasiet Norrköping;67842103;Norrköping;0581;Enskild;Thorengruppen AB;5566139290;Svenska som andraspråk 1;1;..;..;..;.;.;.;.;1;..;..;..;
Ekebyholmsskolan, gy;24194577;Norrtälje;0188;Enskild;Ekebyholmsskolan Aktiebolag;5562512425;Engelska 6;6;..;..;..;2;..;..;..;4;..;..;..;
Ekebyholmsskolan, gy;24194577;Norrtälje;0188;Enskild;Ekebyholmsskolan Aktiebolag;5562512425;Matematik 2B;3;..;..;..;2;..;..;..;1;..;..;..;
Ekebyholmsskolan, gy;24194577;Norrtälje;0188;Enskild;Ekebyholmsskolan Aktiebolag;5562512425;Matematik 3C;2;..;..;..;1;..;..;..;1;..;..;..;
Ekebyholmsskolan, gy;24194577;Norrtälje;0188;Enskild;Ekebyholmsskolan Aktiebolag;5562512425;Svenska 3;10;.;70,0;30,0;4;..;..;..;6;..;..;..;
Ekebyholmsskolan, gy;24194577;Norrtälje;0188;Enskild;Ekebyholmsskolan Aktiebolag;5562512425;Svenska som andraspråk 3;1;..;..;..;.;.;.;.;1;..;..;..;
Rodengymnasiet;42258644;Norrtälje;0188;Kommunal;Norrtälje kommun;2120000217;Engelska 5;87;16,1;73,6;10,3;30;13,3;76,7;10,0;57;17,5;71,9;10,5;
Rodengymnasiet;42258644;Norrtälje;0188;Kommunal;Norrtälje kommun;2120000217;Engelska 6;207;7,2;78,3;14,5;111;7,2;74,8;18,0;96;7,3;82,3;10,4;
Rodengymnasiet;42258644;Norrtälje;0188;Kommunal;Norrtälje kommun;2120000217;Matematik 1A;111;.;78,4;21,6;37;.;67,6;32,4;74;.;83,8;16,2;
Rodengymnasiet;42258644;Norrtälje;0188;Kommunal;Norrtälje kommun;2120000217;Matematik 2B;75;.;53,3;46,7;59;.;50,8;49,2;16;.;62,5;37,5;
Rodengymnasiet;42258644;Norrtälje;0188;Kommunal;Norrtälje kommun;2120000217;Matematik 3B;51;.;13,7;86,3;24;.;12,5;87,5;27;.;14,8;85,2;
Rodengymnasiet;42258644;Norrtälje;0188;Kommunal;Norrtälje kommun;2120000217;Matematik 3C;44;.;77,3;22,7;9;..;..;..;35;..;..;..;
Rodengymnasiet;42258644;Norrtälje;0188;Kommunal;Norrtälje kommun;2120000217;Svenska 1;85;2,4;70,6;27,1;25;.;72,0;28,0;60;3,3;70,0;26,7;
Rodengymnasiet;42258644;Norrtälje;0188;Kommunal;Norrtälje kommun;2120000217;Svenska 3;182;9,9;59,9;30,2;88;10,2;60,2;29,5;94;9,6;59,6;30,9;
Rodengymnasiet;42258644;Norrtälje;0188;Kommunal;Norrtälje kommun;2120000217;Svenska som andraspråk 1;8;..;..;..;5;..;..;..;3;..;..;..;
Rodengymnasiet;42258644;Norrtälje;0188;Kommunal;Norrtälje kommun;2120000217;Svenska som andraspråk 3;4;..;..;..;3;..;..;..;1;..;..;..;
Skärgårdsgymnasiet Norrtälje;26267406;Norrtälje;0188;Enskild;Norrtelje teknikgymnasium AB;5567916761;Engelska 5;83;3,6;85,5;10,8;37;.;83,8;16,2;46;6,5;87,0;6,5;
Skärgårdsgymnasiet Norrtälje;26267406;Norrtälje;0188;Enskild;Norrtelje teknikgymnasium AB;5567916761;Matematik 1A;81;.;60,5;39,5;34;.;32,4;67,6;47;.;80,9;19,1;
Skärgårdsgymnasiet Norrtälje;26267406;Norrtälje;0188;Enskild;Norrtelje teknikgymnasium AB;5567916761;Svenska 1;86;3,5;64,0;32,6;37;2,7;64,9;32,4;49;4,1;63,3;32,7;
Skärgårdsgymnasiet Norrtälje;26267406;Norrtälje;0188;Enskild;Norrtelje teknikgymnasium AB;5567916761;Svenska som andraspråk 1;4;..;..;..;1;..;..;..;3;..;..;..;
Åkrahällskolan Akra01;35035671;Nybro;0881;Kommunal;Nybro kommun;2120000753;Engelska 5;1;..;..;..;1;..;..;..;.;.;.;.;
Åkrahällskolan Akra01;35035671;Nybro;0881;Kommunal;Nybro kommun;2120000753;Matematik 1A;37;.;70,3;29,7;18;.;77,8;22,2;19;.;63,2;36,8;
Åkrahällskolan Akra01;35035671;Nybro;0881;Kommunal;Nybro kommun;2120000753;Svenska 1;39;2,6;56,4;41,0;18;5,6;44,4;50,0;21;.;66,7;33,3;
Åkrahällskolan Akra01;35035671;Nybro;0881;Kommunal;Nybro kommun;2120000753;Svenska som andraspråk 1;1;..;..;..;1;..;..;..;.;.;.;.;
Åkrahällskolan Akra02;12130801;Nybro;0881;Kommunal;Nybro kommun;2120000753;Matematik 2B;17;.;17,6;82,4;10;..;..;..;7;..;..;..;
Åkrahällskolan Akra02;12130801;Nybro;0881;Kommunal;Nybro kommun;2120000753;Matematik 3B;16;.;43,8;56,3;6;..;..;..;10;..;..;..;
Åkrahällskolan Akra02;12130801;Nybro;0881;Kommunal;Nybro kommun;2120000753;Svenska 3;37;10,8;48,6;40,5;21;.;66,7;33,3;16;25,0;25,0;50,0;
Åkrahällskolan Akra02;12130801;Nybro;0881;Kommunal;Nybro kommun;2120000753;Svenska som andraspråk 3;5;..;..;..;1;..;..;..;4;..;..;..;
Åkrahällskolan Akra03;51736304;Nybro;0881;Kommunal;Nybro kommun;2120000753;Engelska 5;6;..;..;..;1;..;..;..;5;..;..;..;
Åkrahällskolan Akra03;51736304;Nybro;0881;Kommunal;Nybro kommun;2120000753;Engelska 6;18;.;50,0;50,0;4;..;..;..;14;..;..;..;
Åkrahällskolan Akra03;51736304;Nybro;0881;Kommunal;Nybro kommun;2120000753;Matematik 3C;9;..;..;..;2;..;..;..;7;..;..;..;
Åkrahällskolan Akra03;51736304;Nybro;0881;Kommunal;Nybro kommun;2120000753;Matematik 4;9;..;..;..;4;..;..;..;5;..;..;..;
Åkrahällskolan Akra03;51736304;Nybro;0881;Kommunal;Nybro kommun;2120000753;Svenska 1;16;.;56,3;43,8;1;..;..;..;15;..;..;..;
Åkrahällskolan Akra03;51736304;Nybro;0881;Kommunal;Nybro kommun;2120000753;Svenska 3;18;11,1;50,0;38,9;3;..;..;..;15;..;..;..;
Åkrahällskolan Akra03;51736304;Nybro;0881;Kommunal;Nybro kommun;2120000753;Svenska som andraspråk 1;2;..;..;..;.;.;.;.;2;..;..;..;
Åkrahällskolan Akra03;51736304;Nybro;0881;Kommunal;Nybro kommun;2120000753;Svenska som andraspråk 3;6;..;..;..;2;..;..;..;4;..;..;..;
Praktiska Gymnasiet Nykvarn;53180719;Nykvarn;0140;Enskild;Praktiska Sverige AB;5562575786;Engelska 5;31;3,2;51,6;45,2;11;.;45,5;54,5;20;5,0;55,0;40,0;
Praktiska Gymnasiet Nykvarn;53180719;Nykvarn;0140;Enskild;Praktiska Sverige AB;5562575786;Matematik 1A;44;.;72,7;27,3;15;.;73,3;26,7;29;.;72,4;27,6;
Praktiska Gymnasiet Nykvarn;53180719;Nykvarn;0140;Enskild;Praktiska Sverige AB;5562575786;Svenska 1;23;.;56,5;43,5;10;.;40,0;60,0;13;.;69,2;30,8;
Praktiska Gymnasiet Nykvarn;53180719;Nykvarn;0140;Enskild;Praktiska Sverige AB;5562575786;Svenska som andraspråk 1;12;8,3;16,7;75,0;5;..;..;..;7;..;..;..;
Elteknikbranschens gymnasium;27489137;Nyköping;0480;Enskild;Elteknikbranschens Gymnasium i Nyköping AB;5567106637;Engelska 5;28;7,1;75,0;17,9;4;..;..;..;24;..;..;..;
Elteknikbranschens gymnasium;27489137;Nyköping;0480;Enskild;Elteknikbranschens Gymnasium i Nyköping AB;5567106637;Matematik 1A;30;6,7;76,7;16,7;4;..;..;..;26;..;..;..;
Elteknikbranschens gymnasium;27489137;Nyköping;0480;Enskild;Elteknikbranschens Gymnasium i Nyköping AB;5567106637;Svenska 1;30;.;66,7;33,3;4;..;..;..;26;..;..;..;
LBS Kreativa Gymnasiet Nyköping;44285075;Nyköping;0480;Enskild;Ljud & Bildskolan LBS AB;5564851649;Engelska 6;48;.;87,5;12,5;21;.;90,5;9,5;27;.;85,2;14,8;
LBS Kreativa Gymnasiet Nyköping;44285075;Nyköping;0480;Enskild;Ljud & Bildskolan LBS AB;5564851649;Matematik 1B;43;2,3;72,1;25,6;25;.;72,0;28,0;18;5,6;72,2;22,2;
LBS Kreativa Gymnasiet Nyköping;44285075;Nyköping;0480;Enskild;Ljud & Bildskolan LBS AB;5564851649;Matematik 3C;12;.;75,0;25,0;.;.;.;.;12;..;..;..;
LBS Kreativa Gymnasiet Nyköping;44285075;Nyköping;0480;Enskild;Ljud & Bildskolan LBS AB;5564851649;Svenska 3;39;.;87,2;12,8;15;.;93,3;6,7;24;.;83,3;16,7;
LBS Kreativa Gymnasiet Nyköping;44285075;Nyköping;0480;Enskild;Ljud & Bildskolan LBS AB;5564851649;Svenska som andraspråk 3;2;..;..;..;1;..;..;..;1;..;..;..;
Nyköping Strand Utbildn.center;60424371;Nyköping;0480;Enskild;Nyköping Strand Utbildningscentrum AB;5564710795;Engelska 5;35;.;100,0;.;13;.;100,0;.;22;.;100,0;.;
Nyköping Strand Utbildn.center;60424371;Nyköping;0480;Enskild;Nyköping Strand Utbildningscentrum AB;5564710795;Engelska 6;13;.;84,6;15,4;12;..;..;..;1;..;..;..;
Nyköping Strand Utbildn.center;60424371;Nyköping;0480;Enskild;Nyköping Strand Utbildningscentrum AB;5564710795;Matematik 1A;50;.;68,0;32,0;27;.;70,4;29,6;23;.;65,2;34,8;
Nyköping Strand Utbildn.center;60424371;Nyköping;0480;Enskild;Nyköping Strand Utbildningscentrum AB;5564710795;Svenska 1;50;.;84,0;16,0;25;.;84,0;16,0;25;.;84,0;16,0;
Nyköping Strand Utbildn.center;60424371;Nyköping;0480;Enskild;Nyköping Strand Utbildningscentrum AB;5564710795;Svenska som andraspråk 1;3;..;..;..;2;..;..;..;1;..;..;..;
Nyköpings Enskilda Gymnasium;95785055;Nyköping;0480;Enskild;Erastos AB;5564418449;Engelska 6;172;2,3;83,7;14,0;107;3,7;76,6;19,6;65;.;95,4;4,6;
Nyköpings Enskilda Gymnasium;95785055;Nyköping;0480;Enskild;Erastos AB;5564418449;Matematik 2B;73;.;84,9;15,1;60;.;83,3;16,7;13;.;92,3;7,7;
Nyköpings Enskilda Gymnasium;95785055;Nyköping;0480;Enskild;Erastos AB;5564418449;Matematik 4;46;.;93,5;6,5;21;.;90,5;9,5;25;.;96,0;4,0;
Nyköpings Enskilda Gymnasium;95785055;Nyköping;0480;Enskild;Erastos AB;5564418449;Svenska 3;152;10,5;60,5;28,9;96;12,5;58,3;29,2;56;7,1;64,3;28,6;
Nyköpings Enskilda Gymnasium;95785055;Nyköping;0480;Enskild;Erastos AB;5564418449;Svenska som andraspråk 3;9;..;..;..;7;..;..;..;2;..;..;..;
Nyköpings gymnasium Gripen;68655578;Nyköping;0480;Kommunal;Nyköpings kommun;2120002940;Engelska 5;111;2,7;90,1;7,2;46;.;95,7;4,3;65;4,6;86,2;9,2;
Nyköpings gymnasium Gripen;68655578;Nyköping;0480;Kommunal;Nyköpings kommun;2120002940;Engelska 6;169;13,0;72,2;14,8;92;8,7;71,7;19,6;77;18,2;72,7;9,1;
Nyköpings gymnasium Gripen;68655578;Nyköping;0480;Kommunal;Nyköpings kommun;2120002940;Matematik 1A;119;1,7;71,4;26,9;49;2,0;75,5;22,4;70;1,4;68,6;30,0;
Nyköpings gymnasium Gripen;68655578;Nyköping;0480;Kommunal;Nyköpings kommun;2120002940;Matematik 1B;13;.;69,2;30,8;6;..;..;..;7;..;..;..;
Nyköpings gymnasium Gripen;68655578;Nyköping;0480;Kommunal;Nyköpings kommun;2120002940;Matematik 2B;91;.;69,2;30,8;62;.;66,1;33,9;29;.;75,9;24,1;
Nyköpings gymnasium Gripen;68655578;Nyköping;0480;Kommunal;Nyköpings kommun;2120002940;Matematik 3C;33;.;78,8;21,2;6;..;..;..;27;..;..;..;
Nyköpings gymnasium Gripen;68655578;Nyköping;0480;Kommunal;Nyköpings kommun;2120002940;Matematik 4;21;.;95,2;4,8;12;..;..;..;9;..;..;..;
Nyköpings gymnasium Gripen;68655578;Nyköping;0480;Kommunal;Nyköpings kommun;2120002940;Svenska 1;96;2,1;54,2;43,8;41;2,4;56,1;41,5;55;1,8;52,7;45,5;
Nyköpings gymnasium Gripen;68655578;Nyköping;0480;Kommunal;Nyköpings kommun;2120002940;Svenska 3;136;5,1;50,7;44,1;70;4,3;41,4;54,3;66;6,1;60,6;33,3;
Nyköpings gymnasium Gripen;68655578;Nyköping;0480;Kommunal;Nyköpings kommun;2120002940;Svenska som andraspråk 1;10;.;60,0;40,0;3;..;..;..;7;..;..;..;
Nyköpings gymnasium Gripen;68655578;Nyköping;0480;Kommunal;Nyköpings kommun;2120002940;Svenska som andraspråk 3;40;2,5;45,0;52,5;26;3,8;50,0;46,2;14;.;35,7;64,3;
Nyköpings gymnasium Nico;68741484;Nyköping;0480;Kommunal;Nyköpings kommun;2120002940;Engelska 5;48;8,3;85,4;6,3;29;3,4;86,2;10,3;19;15,8;84,2;.;
Nyköpings gymnasium Nico;68741484;Nyköping;0480;Kommunal;Nyköpings kommun;2120002940;Engelska 6;61;3,3;55,7;41,0;28;.;46,4;53,6;33;6,1;63,6;30,3;
Nyköpings gymnasium Nico;68741484;Nyköping;0480;Kommunal;Nyköpings kommun;2120002940;Matematik 1A;49;.;59,2;40,8;28;.;60,7;39,3;21;.;57,1;42,9;
Nyköpings gymnasium Nico;68741484;Nyköping;0480;Kommunal;Nyköpings kommun;2120002940;Matematik 2B;25;.;76,0;24,0;15;.;73,3;26,7;10;.;80,0;20,0;
Nyköpings gymnasium Nico;68741484;Nyköping;0480;Kommunal;Nyköpings kommun;2120002940;Matematik 3B;30;.;63,3;36,7;6;..;..;..;24;..;..;..;
Nyköpings gymnasium Nico;68741484;Nyköping;0480;Kommunal;Nyköpings kommun;2120002940;Svenska 1;32;3,1;71,9;25,0;17;5,9;58,8;35,3;15;.;86,7;13,3;
Nyköpings gymnasium Nico;68741484;Nyköping;0480;Kommunal;Nyköpings kommun;2120002940;Svenska 3;51;.;41,2;58,8;21;.;33,3;66,7;30;.;46,7;53,3;
Nyköpings gymnasium Nico;68741484;Nyköping;0480;Kommunal;Nyköpings kommun;2120002940;Svenska som andraspråk 1;15;.;26,7;73,3;12;..;..;..;3;..;..;..;
Nyköpings gymnasium Nico;68741484;Nyköping;0480;Kommunal;Nyköpings kommun;2120002940;Svenska som andraspråk 3;11;.;27,3;72,7;3;..;..;..;8;..;..;..;
Nyköpings gymnasium Skavsta;17062663;Nyköping;0480;Kommunal;Nyköpings kommun;2120002940;Engelska 5;46;54,3;45,7;.;6;..;..;..;40;..;..;..;
Nyköpings gymnasium Skavsta;17062663;Nyköping;0480;Kommunal;Nyköpings kommun;2120002940;Engelska 6;16;50,0;43,8;6,3;2;..;..;..;14;..;..;..;
Nyköpings gymnasium Skavsta;17062663;Nyköping;0480;Kommunal;Nyköpings kommun;2120002940;Matematik 1A;75;2,7;61,3;36,0;7;..;..;..;68;..;..;..;
Nyköpings gymnasium Skavsta;17062663;Nyköping;0480;Kommunal;Nyköpings kommun;2120002940;Svenska 1;63;3,2;47,6;49,2;7;..;..;..;56;..;..;..;
Nyköpings gymnasium Skavsta;17062663;Nyköping;0480;Kommunal;Nyköpings kommun;2120002940;Svenska som andraspråk 1;6;..;..;..;.;.;.;.;6;..;..;..;
Praktiska Gymnasiet Nyköping;15609112;Nyköping;0480;Enskild;Praktiska Lärande AB;5565304481;Engelska 5;40;5,0;90,0;5,0;11;.;100,0;.;29;6,9;86,2;6,9;
Praktiska Gymnasiet Nyköping;15609112;Nyköping;0480;Enskild;Praktiska Lärande AB;5565304481;Matematik 1A;42;2,4;85,7;11,9;12;8,3;91,7;.;30;.;83,3;16,7;
Praktiska Gymnasiet Nyköping;15609112;Nyköping;0480;Enskild;Praktiska Lärande AB;5565304481;Svenska 1;32;.;78,1;21,9;5;..;..;..;27;..;..;..;
Praktiska Gymnasiet Nyköping;15609112;Nyköping;0480;Enskild;Praktiska Lärande AB;5565304481;Svenska som andraspråk 1;2;..;..;..;2;..;..;..;.;.;.;.;
Öknaskolan;34990065;Nyköping;0480;Region;Region Sörmland;2321000032;Engelska 5;35;5,7;85,7;8,6;16;6,3;81,3;12,5;19;5,3;89,5;5,3;
Öknaskolan;34990065;Nyköping;0480;Region;Region Sörmland;2321000032;Matematik 1A;63;1,6;63,5;34,9;32;.;62,5;37,5;31;3,2;64,5;32,3;
Öknaskolan;34990065;Nyköping;0480;Region;Region Sörmland;2321000032;Svenska 1;56;12,5;48,2;39,3;26;23,1;50,0;26,9;30;3,3;46,7;50,0;
Nynäshamns gymnasium;37054246;Nynäshamn;0192;Kommunal;Nynäshamns kommun;2120000233;Engelska 5;23;21,7;60,9;17,4;2;..;..;..;21;..;..;..;
Nynäshamns gymnasium;37054246;Nynäshamn;0192;Kommunal;Nynäshamns kommun;2120000233;Engelska 6;39;17,9;66,7;15,4;24;4,2;75,0;20,8;15;40,0;53,3;6,7;
Nynäshamns gymnasium;37054246;Nynäshamn;0192;Kommunal;Nynäshamns kommun;2120000233;Matematik 1A;54;.;74,1;25,9;7;..;..;..;47;..;..;..;
Nynäshamns gymnasium;37054246;Nynäshamn;0192;Kommunal;Nynäshamns kommun;2120000233;Matematik 2B;6;..;..;..;2;..;..;..;4;..;..;..;
Nynäshamns gymnasium;37054246;Nynäshamn;0192;Kommunal;Nynäshamns kommun;2120000233;Matematik 4;7;..;..;..;3;..;..;..;4;..;..;..;
Nynäshamns gymnasium;37054246;Nynäshamn;0192;Kommunal;Nynäshamns kommun;2120000233;Svenska 1;18;.;44,4;55,6;3;..;..;..;15;..;..;..;
Nynäshamns gymnasium;37054246;Nynäshamn;0192;Kommunal;Nynäshamns kommun;2120000233;Svenska 3;31;6,5;41,9;51,6;13;.;46,2;53,8;18;11,1;38,9;50,0;
Nynäshamns gymnasium;37054246;Nynäshamn;0192;Kommunal;Nynäshamns kommun;2120000233;Svenska som andraspråk 1;3;..;..;..;.;.;.;.;3;..;..;..;
Nynäshamns gymnasium;37054246;Nynäshamn;0192;Kommunal;Nynäshamns kommun;2120000233;Svenska som andraspråk 3;4;..;..;..;2;..;..;..;2;..;..;..;
Brinellgymnasiet 2;56739540;Nässjö;0682;Kommunal;Nässjö kommun;2120000548;Engelska 5;71;9,9;76,1;14,1;11;.;54,5;45,5;60;11,7;80,0;8,3;
Brinellgymnasiet 2;56739540;Nässjö;0682;Kommunal;Nässjö kommun;2120000548;Engelska 6;45;6,7;57,8;35,6;18;.;50,0;50,0;27;11,1;63,0;25,9;
Brinellgymnasiet 2;56739540;Nässjö;0682;Kommunal;Nässjö kommun;2120000548;Matematik 1A;80;.;62,5;37,5;13;.;61,5;38,5;67;.;62,7;37,3;
Brinellgymnasiet 2;56739540;Nässjö;0682;Kommunal;Nässjö kommun;2120000548;Matematik 3C;28;.;57,1;42,9;8;..;..;..;20;..;..;..;
Brinellgymnasiet 2;56739540;Nässjö;0682;Kommunal;Nässjö kommun;2120000548;Matematik 4;17;.;70,6;29,4;5;..;..;..;12;..;..;..;
Brinellgymnasiet 2;56739540;Nässjö;0682;Kommunal;Nässjö kommun;2120000548;Svenska 1;65;1,5;47,7;50,8;9;..;..;..;56;..;..;..;
Brinellgymnasiet 2;56739540;Nässjö;0682;Kommunal;Nässjö kommun;2120000548;Svenska 3;47;6,4;44,7;48,9;12;8,3;50,0;41,7;35;5,7;42,9;51,4;
Brinellgymnasiet 2;56739540;Nässjö;0682;Kommunal;Nässjö kommun;2120000548;Svenska som andraspråk 1;4;..;..;..;1;..;..;..;3;..;..;..;
Brinellgymnasiet 2;56739540;Nässjö;0682;Kommunal;Nässjö kommun;2120000548;Svenska som andraspråk 3;12;.;50,0;50,0;2;..;..;..;10;..;..;..;
Brinellgymnasiet 3;37220633;Nässjö;0682;Kommunal;Nässjö kommun;2120000548;Engelska 5;51;25,5;60,8;13,7;44;..;..;..;7;..;..;..;
Brinellgymnasiet 3;37220633;Nässjö;0682;Kommunal;Nässjö kommun;2120000548;Engelska 6;90;15,6;60,0;24,4;51;15,7;52,9;31,4;39;15,4;69,2;15,4;
Brinellgymnasiet 3;37220633;Nässjö;0682;Kommunal;Nässjö kommun;2120000548;Matematik 1A;46;4,3;71,7;23,9;39;..;..;..;7;..;..;..;
Brinellgymnasiet 3;37220633;Nässjö;0682;Kommunal;Nässjö kommun;2120000548;Matematik 1B;11;.;81,8;18,2;10;..;..;..;1;..;..;..;
Brinellgymnasiet 3;37220633;Nässjö;0682;Kommunal;Nässjö kommun;2120000548;Matematik 2B;50;.;80,0;20,0;37;.;86,5;13,5;13;.;61,5;38,5;
Brinellgymnasiet 3;37220633;Nässjö;0682;Kommunal;Nässjö kommun;2120000548;Matematik 3B;15;.;53,3;46,7;7;..;..;..;8;..;..;..;
Brinellgymnasiet 3;37220633;Nässjö;0682;Kommunal;Nässjö kommun;2120000548;Svenska 1;32;.;31,3;68,8;30;..;..;..;2;..;..;..;
Brinellgymnasiet 3;37220633;Nässjö;0682;Kommunal;Nässjö kommun;2120000548;Svenska 3;75;6,7;41,3;52,0;51;2,0;41,2;56,9;24;16,7;41,7;41,7;
Brinellgymnasiet 3;37220633;Nässjö;0682;Kommunal;Nässjö kommun;2120000548;Svenska som andraspråk 1;16;.;43,8;56,3;12;..;..;..;4;..;..;..;
Brinellgymnasiet 3;37220633;Nässjö;0682;Kommunal;Nässjö kommun;2120000548;Svenska som andraspråk 3;17;.;70,6;29,4;13;..;..;..;4;..;..;..;
Nordenbergsskolan 1;59655752;Olofström;1060;Kommunal;Olofströms kommun;2120000811;Engelska 5;36;11,1;77,8;11,1;5;..;..;..;31;..;..;..;
Nordenbergsskolan 1;59655752;Olofström;1060;Kommunal;Olofströms kommun;2120000811;Engelska 6;41;19,5;68,3;12,2;12;.;66,7;33,3;29;27,6;69,0;3,4;
Nordenbergsskolan 1;59655752;Olofström;1060;Kommunal;Olofströms kommun;2120000811;Matematik 3C;18;.;88,9;11,1;4;..;..;..;14;..;..;..;
Nordenbergsskolan 1;59655752;Olofström;1060;Kommunal;Olofströms kommun;2120000811;Svenska 1;32;3,1;53,1;43,8;5;..;..;..;27;..;..;..;
Nordenbergsskolan 2;88750078;Olofström;1060;Kommunal;Olofströms kommun;2120000811;Engelska 5;18;.;94,4;5,6;16;..;..;..;2;..;..;..;
Nordenbergsskolan 2;88750078;Olofström;1060;Kommunal;Olofströms kommun;2120000811;Engelska 6;23;26,1;73,9;.;18;..;..;..;5;..;..;..;
Nordenbergsskolan 2;88750078;Olofström;1060;Kommunal;Olofströms kommun;2120000811;Matematik 2B;16;.;75,0;25,0;12;..;..;..;4;..;..;..;
Nordenbergsskolan 2;88750078;Olofström;1060;Kommunal;Olofströms kommun;2120000811;Svenska 1;20;.;70,0;30,0;17;..;..;..;3;..;..;..;
Nordenbergsskolan 2;88750078;Olofström;1060;Kommunal;Olofströms kommun;2120000811;Svenska som andraspråk 1;1;..;..;..;1;..;..;..;.;.;.;.;
Ekbackeskolan;41555549;Osby;1273;Kommunal;Osby kommun;2120000902;Engelska 5;33;30,3;66,7;3,0;12;25,0;75,0;.;21;33,3;61,9;4,8;
Ekbackeskolan;41555549;Osby;1273;Kommunal;Osby kommun;2120000902;Engelska 6;47;25,5;57,4;17,0;25;8,0;76,0;16,0;22;45,5;36,4;18,2;
Ekbackeskolan;41555549;Osby;1273;Kommunal;Osby kommun;2120000902;Matematik 1A;44;.;97,7;2,3;20;.;100,0;.;24;.;95,8;4,2;
Ekbackeskolan;41555549;Osby;1273;Kommunal;Osby kommun;2120000902;Matematik 2B;23;.;95,7;4,3;12;.;91,7;8,3;11;.;100,0;.;
Ekbackeskolan;41555549;Osby;1273;Kommunal;Osby kommun;2120000902;Matematik 3B;10;.;80,0;20,0;6;..;..;..;4;..;..;..;
Ekbackeskolan;41555549;Osby;1273;Kommunal;Osby kommun;2120000902;Matematik 3C;3;..;..;..;1;..;..;..;2;..;..;..;
Ekbackeskolan;41555549;Osby;1273;Kommunal;Osby kommun;2120000902;Svenska 1;39;2,6;69,2;28,2;18;.;72,2;27,8;21;4,8;66,7;28,6;
Ekbackeskolan;41555549;Osby;1273;Kommunal;Osby kommun;2120000902;Svenska 3;52;11,5;26,9;61,5;27;11,1;18,5;70,4;25;12,0;36,0;52,0;
Ekbackeskolan;41555549;Osby;1273;Kommunal;Osby kommun;2120000902;Svenska som andraspråk 1;1;..;..;..;.;.;.;.;1;..;..;..;
Ekbackeskolan;41555549;Osby;1273;Kommunal;Osby kommun;2120000902;Svenska som andraspråk 3;5;..;..;..;2;..;..;..;3;..;..;..;
Etec Teknikutbildning AB;22383788;Oskarshamn;0882;Enskild;Etec Teknikutbildning AB;5562216027;Engelska 5;22;.;90,9;9,1;.;.;.;.;22;..;..;..;
Etec Teknikutbildning AB;22383788;Oskarshamn;0882;Enskild;Etec Teknikutbildning AB;5562216027;Matematik 1A;24;.;100,0;.;.;.;.;.;24;..;..;..;
Etec Teknikutbildning AB;22383788;Oskarshamn;0882;Enskild;Etec Teknikutbildning AB;5562216027;Svenska 1;25;4,0;80,0;16,0;.;.;.;.;25;..;..;..;
Oscarsgymnasiet A;85459854;Oskarshamn;0882;Kommunal;Oskarshamns kommun;2120000761;Engelska 5;21;4,8;81,0;14,3;12;..;..;..;9;..;..;..;
Oscarsgymnasiet A;85459854;Oskarshamn;0882;Kommunal;Oskarshamns kommun;2120000761;Engelska 6;29;6,9;44,8;48,3;15;.;40,0;60,0;14;14,3;50,0;35,7;
Oscarsgymnasiet A;85459854;Oskarshamn;0882;Kommunal;Oskarshamns kommun;2120000761;Matematik 1A;24;4,2;58,3;37,5;15;..;..;..;9;..;..;..;
Oscarsgymnasiet A;85459854;Oskarshamn;0882;Kommunal;Oskarshamns kommun;2120000761;Matematik 2B;44;.;70,5;29,5;24;.;62,5;37,5;20;.;80,0;20,0;
Oscarsgymnasiet A;85459854;Oskarshamn;0882;Kommunal;Oskarshamns kommun;2120000761;Svenska 1;23;.;47,8;52,2;14;..;..;..;9;..;..;..;
Oscarsgymnasiet A;85459854;Oskarshamn;0882;Kommunal;Oskarshamns kommun;2120000761;Svenska 3;47;25,5;63,8;10,6;27;22,2;70,4;7,4;20;30,0;55,0;15,0;
Oscarsgymnasiet A;85459854;Oskarshamn;0882;Kommunal;Oskarshamns kommun;2120000761;Svenska som andraspråk 1;1;..;..;..;1;..;..;..;.;.;.;.;
Oscarsgymnasiet B;81876614;Oskarshamn;0882;Kommunal;Oskarshamns kommun;2120000761;Engelska 5;18;33,3;61,1;5,6;.;.;.;.;18;..;..;..;
Oscarsgymnasiet B;81876614;Oskarshamn;0882;Kommunal;Oskarshamns kommun;2120000761;Engelska 6;48;.;64,6;35,4;16;.;43,8;56,3;32;.;75,0;25,0;
Oscarsgymnasiet B;81876614;Oskarshamn;0882;Kommunal;Oskarshamns kommun;2120000761;Matematik 1A;32;3,1;84,4;12,5;1;..;..;..;31;..;..;..;
Oscarsgymnasiet B;81876614;Oskarshamn;0882;Kommunal;Oskarshamns kommun;2120000761;Svenska 1;21;.;76,2;23,8;.;.;.;.;21;..;..;..;
Oscarsgymnasiet B;81876614;Oskarshamn;0882;Kommunal;Oskarshamns kommun;2120000761;Svenska som andraspråk 1;1;..;..;..;.;.;.;.;1;..;..;..;
Oscarsgymnasiet C;44963095;Oskarshamn;0882;Kommunal;Oskarshamns kommun;2120000761;Engelska 5;29;.;79,3;20,7;12;.;83,3;16,7;17;.;76,5;23,5;
Oscarsgymnasiet C;44963095;Oskarshamn;0882;Kommunal;Oskarshamns kommun;2120000761;Engelska 6;25;4,0;60,0;36,0;19;..;..;..;6;..;..;..;
Oscarsgymnasiet C;44963095;Oskarshamn;0882;Kommunal;Oskarshamns kommun;2120000761;Matematik 1A;28;3,6;89,3;7,1;12;.;83,3;16,7;16;6,3;93,8;.;
Oscarsgymnasiet C;44963095;Oskarshamn;0882;Kommunal;Oskarshamns kommun;2120000761;Matematik 2B;18;.;61,1;38,9;15;..;..;..;3;..;..;..;
Oscarsgymnasiet C;44963095;Oskarshamn;0882;Kommunal;Oskarshamns kommun;2120000761;Matematik 3B;14;.;92,9;7,1;6;..;..;..;8;..;..;..;
Oscarsgymnasiet C;44963095;Oskarshamn;0882;Kommunal;Oskarshamns kommun;2120000761;Svenska 1;28;.;42,9;57,1;11;.;45,5;54,5;17;.;41,2;58,8;
Oscarsgymnasiet C;44963095;Oskarshamn;0882;Kommunal;Oskarshamns kommun;2120000761;Svenska 3;25;.;68,0;32,0;16;..;..;..;9;..;..;..;
Oscarsgymnasiet C;44963095;Oskarshamn;0882;Kommunal;Oskarshamns kommun;2120000761;Svenska som andraspråk 1;1;..;..;..;.;.;.;.;1;..;..;..;
Oscarsgymnasiet C;44963095;Oskarshamn;0882;Kommunal;Oskarshamns kommun;2120000761;Svenska som andraspråk 3;14;.;57,1;42,9;11;..;..;..;3;..;..;..;
Oscarsgymnasiet D;18711877;Oskarshamn;0882;Kommunal;Oskarshamns kommun;2120000761;Engelska 5;29;6,9;89,7;3,4;20;..;..;..;9;..;..;..;
Oscarsgymnasiet D;18711877;Oskarshamn;0882;Kommunal;Oskarshamns kommun;2120000761;Engelska 6;23;.;100,0;.;15;..;..;..;8;..;..;..;
Oscarsgymnasiet D;18711877;Oskarshamn;0882;Kommunal;Oskarshamns kommun;2120000761;Matematik 1A;9;..;..;..;8;..;..;..;1;..;..;..;
Oscarsgymnasiet D;18711877;Oskarshamn;0882;Kommunal;Oskarshamns kommun;2120000761;Matematik 1B;20;.;70,0;30,0;15;..;..;..;5;..;..;..;
Oscarsgymnasiet D;18711877;Oskarshamn;0882;Kommunal;Oskarshamns kommun;2120000761;Svenska 1;28;7,1;75,0;17,9;20;..;..;..;8;..;..;..;
Oscarsgymnasiet D;18711877;Oskarshamn;0882;Kommunal;Oskarshamns kommun;2120000761;Svenska 3;12;.;66,7;33,3;6;..;..;..;6;..;..;..;
Voxnadalens gymnasium;67071618;Ovanåker;2121;Kommunal;Ovanåkers kommun;2120002304;Engelska 5;9;..;..;..;4;..;..;..;5;..;..;..;
Voxnadalens gymnasium;67071618;Ovanåker;2121;Kommunal;Ovanåkers kommun;2120002304;Engelska 6;51;5,9;88,2;5,9;20;.;100,0;.;31;9,7;80,6;9,7;
Voxnadalens gymnasium;67071618;Ovanåker;2121;Kommunal;Ovanåkers kommun;2120002304;Matematik 1A;4;..;..;..;.;.;.;.;4;..;..;..;
Voxnadalens gymnasium;67071618;Ovanåker;2121;Kommunal;Ovanåkers kommun;2120002304;Matematik 2B;9;..;..;..;2;..;..;..;7;..;..;..;
Voxnadalens gymnasium;67071618;Ovanåker;2121;Kommunal;Ovanåkers kommun;2120002304;Matematik 3B;23;.;21,7;78,3;12;.;16,7;83,3;11;.;27,3;72,7;
Voxnadalens gymnasium;67071618;Ovanåker;2121;Kommunal;Ovanåkers kommun;2120002304;Matematik 3C;10;10,0;90,0;.;.;.;.;.;10;..;..;..;
Voxnadalens gymnasium;67071618;Ovanåker;2121;Kommunal;Ovanåkers kommun;2120002304;Svenska 1;10;.;50,0;50,0;5;..;..;..;5;..;..;..;
Voxnadalens gymnasium;67071618;Ovanåker;2121;Kommunal;Ovanåkers kommun;2120002304;Svenska 3;50;6,0;82,0;12,0;28;.;85,7;14,3;22;13,6;77,3;9,1;
Voxnadalens gymnasium;67071618;Ovanåker;2121;Kommunal;Ovanåkers kommun;2120002304;Svenska som andraspråk 3;11;.;63,6;36,4;1;..;..;..;10;..;..;..;
Lapplands Gymnasium Pajala;75324351;Pajala;2521;Kommunal;Lapplands Kommunalförbund;2220000760;Engelska 6;14;.;64,3;35,7;13;..;..;..;1;..;..;..;
Lapplands Gymnasium Pajala;75324351;Pajala;2521;Kommunal;Lapplands Kommunalförbund;2220000760;Matematik 1A;28;7,1;50,0;42,9;12;.;50,0;50,0;16;12,5;50,0;37,5;
Lapplands Gymnasium Pajala;75324351;Pajala;2521;Kommunal;Lapplands Kommunalförbund;2220000760;Matematik 2B;8;..;..;..;8;..;..;..;.;.;.;.;
Lapplands Gymnasium Pajala;75324351;Pajala;2521;Kommunal;Lapplands Kommunalförbund;2220000760;Matematik 4;3;..;..;..;3;..;..;..;.;.;.;.;
Lapplands Gymnasium Pajala;75324351;Pajala;2521;Kommunal;Lapplands Kommunalförbund;2220000760;Svenska 1;24;.;37,5;62,5;10;.;60,0;40,0;14;.;21,4;78,6;
Lapplands Gymnasium Pajala;75324351;Pajala;2521;Kommunal;Lapplands Kommunalförbund;2220000760;Svenska 3;9;..;..;..;6;..;..;..;3;..;..;..;
Lapplands Gymnasium Pajala;75324351;Pajala;2521;Kommunal;Lapplands Kommunalförbund;2220000760;Svenska som andraspråk 1;1;..;..;..;.;.;.;.;1;..;..;..;
Lapplands Gymnasium Pajala;75324351;Pajala;2521;Kommunal;Lapplands Kommunalförbund;2220000760;Svenska som andraspråk 3;2;..;..;..;2;..;..;..;.;.;.;.;
Partille Gymnasium;61229217;Partille;1402;Kommunal;Partille kommun;2120001272;Engelska 5;36;11,1;75,0;13,9;1;..;..;..;35;..;..;..;
Partille Gymnasium;61229217;Partille;1402;Kommunal;Partille kommun;2120001272;Engelska 6;42;.;54,8;45,2;13;.;76,9;23,1;29;.;44,8;55,2;
Partille Gymnasium;61229217;Partille;1402;Kommunal;Partille kommun;2120001272;Matematik 1A;38;.;92,1;7,9;1;..;..;..;37;..;..;..;
Partille Gymnasium;61229217;Partille;1402;Kommunal;Partille kommun;2120001272;Matematik 1B;3;..;..;..;.;.;.;.;3;..;..;..;
Partille Gymnasium;61229217;Partille;1402;Kommunal;Partille kommun;2120001272;Matematik 2B;33;.;75,8;24,2;16;.;81,3;18,8;17;.;70,6;29,4;
Partille Gymnasium;61229217;Partille;1402;Kommunal;Partille kommun;2120001272;Matematik 3C;3;..;..;..;.;.;.;.;3;..;..;..;
Partille Gymnasium;61229217;Partille;1402;Kommunal;Partille kommun;2120001272;Matematik 4;8;..;..;..;3;..;..;..;5;..;..;..;
Partille Gymnasium;61229217;Partille;1402;Kommunal;Partille kommun;2120001272;Svenska 1;33;.;84,8;15,2;1;..;..;..;32;..;..;..;
Partille Gymnasium;61229217;Partille;1402;Kommunal;Partille kommun;2120001272;Svenska 3;39;.;64,1;35,9;19;.;68,4;31,6;20;.;60,0;40,0;
Partille Gymnasium;61229217;Partille;1402;Kommunal;Partille kommun;2120001272;Svenska som andraspråk 1;1;..;..;..;.;.;.;.;1;..;..;..;
Partille Gymnasium;61229217;Partille;1402;Kommunal;Partille kommun;2120001272;Svenska som andraspråk 3;20;5,0;85,0;10,0;10;.;80,0;20,0;10;10,0;90,0;.;
Perstorp Tekniska Gymnasium;58929357;Perstorp;1275;Enskild;Perstorp Aktiebolag;5560246513;Engelska 5;15;.;100,0;.;2;..;..;..;13;..;..;..;
Perstorp Tekniska Gymnasium;58929357;Perstorp;1275;Enskild;Perstorp Aktiebolag;5560246513;Matematik 3C;11;.;100,0;.;2;..;..;..;9;..;..;..;
Perstorp Tekniska Gymnasium;58929357;Perstorp;1275;Enskild;Perstorp Aktiebolag;5560246513;Svenska 1;13;.;100,0;.;2;..;..;..;11;..;..;..;
Grans naturbruksgymnasium;42517257;Piteå;2581;Kommunal;Piteå kommun;2120002759;Engelska 5;32;15,6;84,4;.;22;13,6;86,4;.;10;20,0;80,0;.;
Grans naturbruksgymnasium;42517257;Piteå;2581;Kommunal;Piteå kommun;2120002759;Matematik 1A;20;.;80,0;20,0;9;..;..;..;11;..;..;..;
Grans naturbruksgymnasium;42517257;Piteå;2581;Kommunal;Piteå kommun;2120002759;Svenska 1;37;2,7;48,6;48,6;34;..;..;..;3;..;..;..;
Strömbacka Hugin;59575030;Piteå;2581;Kommunal;Piteå kommun;2120002759;Engelska 5;11;27,3;72,7;.;11;..;..;..;.;.;.;.;
Strömbacka Hugin;59575030;Piteå;2581;Kommunal;Piteå kommun;2120002759;Engelska 6;77;16,9;74,0;9,1;30;10,0;80,0;10,0;47;21,3;70,2;8,5;
Strömbacka Hugin;59575030;Piteå;2581;Kommunal;Piteå kommun;2120002759;Matematik 1A;12;.;100,0;.;11;..;..;..;1;..;..;..;
Strömbacka Hugin;59575030;Piteå;2581;Kommunal;Piteå kommun;2120002759;Matematik 3C;53;3,8;90,6;5,7;7;..;..;..;46;..;..;..;
Strömbacka Hugin;59575030;Piteå;2581;Kommunal;Piteå kommun;2120002759;Svenska 1;11;.;81,8;18,2;11;..;..;..;.;.;.;.;
Strömbacka Hugin;59575030;Piteå;2581;Kommunal;Piteå kommun;2120002759;Svenska 3;74;1,4;81,1;17,6;21;.;81,0;19,0;53;1,9;81,1;17,0;
Strömbacka Magne;93503103;Piteå;2581;Kommunal;Piteå kommun;2120002759;Engelska 5;59;6,8;76,3;16,9;10;.;80,0;20,0;49;8,2;75,5;16,3;
Strömbacka Magne;93503103;Piteå;2581;Kommunal;Piteå kommun;2120002759;Matematik 1A;49;14,3;71,4;14,3;11;27,3;63,6;9,1;38;10,5;73,7;15,8;
Strömbacka Magne;93503103;Piteå;2581;Kommunal;Piteå kommun;2120002759;Svenska 1;53;.;79,2;20,8;10;.;50,0;50,0;43;.;86,0;14,0;
Strömbacka Magne;93503103;Piteå;2581;Kommunal;Piteå kommun;2120002759;Svenska som andraspråk 1;5;..;..;..;.;.;.;.;5;..;..;..;
Strömbacka Mimer;18617410;Piteå;2581;Kommunal;Piteå kommun;2120002759;Engelska 5;24;16,7;58,3;25,0;14;7,1;71,4;21,4;10;30,0;40,0;30,0;
Strömbacka Mimer;18617410;Piteå;2581;Kommunal;Piteå kommun;2120002759;Engelska 6;41;9,8;61,0;29,3;33;..;..;..;8;..;..;..;
Strömbacka Mimer;18617410;Piteå;2581;Kommunal;Piteå kommun;2120002759;Matematik 1A;23;.;52,2;47,8;13;.;53,8;46,2;10;.;50,0;50,0;
Strömbacka Mimer;18617410;Piteå;2581;Kommunal;Piteå kommun;2120002759;Matematik 2B;38;.;57,9;42,1;29;..;..;..;9;..;..;..;
Strömbacka Mimer;18617410;Piteå;2581;Kommunal;Piteå kommun;2120002759;Svenska 1;22;.;68,2;31,8;13;..;..;..;9;..;..;..;
Strömbacka Mimer;18617410;Piteå;2581;Kommunal;Piteå kommun;2120002759;Svenska 3;27;14,8;63,0;22,2;27;..;..;..;.;.;.;.;
Strömbacka Mimer;18617410;Piteå;2581;Kommunal;Piteå kommun;2120002759;Svenska som andraspråk 1;1;..;..;..;.;.;.;.;1;..;..;..;
Strömbacka Mjölner;41697930;Piteå;2581;Kommunal;Piteå kommun;2120002759;Engelska 5;84;17,9;65,5;16,7;10;.;60,0;40,0;74;20,3;66,2;13,5;
Strömbacka Mjölner;41697930;Piteå;2581;Kommunal;Piteå kommun;2120002759;Matematik 1A;76;3,9;86,8;9,2;9;..;..;..;67;..;..;..;
Strömbacka Mjölner;41697930;Piteå;2581;Kommunal;Piteå kommun;2120002759;Svenska 1;76;6,6;78,9;14,5;11;.;72,7;27,3;65;7,7;80,0;12,3;
Strömbacka Mjölner;41697930;Piteå;2581;Kommunal;Piteå kommun;2120002759;Svenska som andraspråk 1;3;..;..;..;.;.;.;.;3;..;..;..;
Strömbacka Munin;28025244;Piteå;2581;Kommunal;Piteå kommun;2120002759;Engelska 5;14;.;78,6;21,4;10;..;..;..;4;..;..;..;
Strömbacka Munin;28025244;Piteå;2581;Kommunal;Piteå kommun;2120002759;Engelska 6;76;15,8;53,9;30,3;55;9,1;56,4;34,5;21;33,3;47,6;19,0;
Strömbacka Munin;28025244;Piteå;2581;Kommunal;Piteå kommun;2120002759;Matematik 1A;16;.;100,0;.;11;..;..;..;5;..;..;..;
Strömbacka Munin;28025244;Piteå;2581;Kommunal;Piteå kommun;2120002759;Matematik 1B;18;.;77,8;22,2;10;..;..;..;8;..;..;..;
Strömbacka Munin;28025244;Piteå;2581;Kommunal;Piteå kommun;2120002759;Matematik 2B;8;..;..;..;5;..;..;..;3;..;..;..;
Strömbacka Munin;28025244;Piteå;2581;Kommunal;Piteå kommun;2120002759;Matematik 3B;37;.;70,3;29,7;15;.;66,7;33,3;22;.;72,7;27,3;
Strömbacka Munin;28025244;Piteå;2581;Kommunal;Piteå kommun;2120002759;Svenska 1;12;.;33,3;66,7;8;..;..;..;4;..;..;..;
Strömbacka Munin;28025244;Piteå;2581;Kommunal;Piteå kommun;2120002759;Svenska 3;75;6,7;61,3;32,0;38;5,3;55,3;39,5;37;8,1;67,6;24,3;
Strömbacka Munin;28025244;Piteå;2581;Kommunal;Piteå kommun;2120002759;Svenska som andraspråk 1;1;..;..;..;.;.;.;.;1;..;..;..;
Jämtlands Gymn, Bispgården;17184072;Ragunda;2303;Kommunal;Jämtlands Gymnasieförbund;2220001636;Engelska 5;15;33,3;60,0;6,7;8;..;..;..;7;..;..;..;
Jämtlands Gymn, Bispgården;17184072;Ragunda;2303;Kommunal;Jämtlands Gymnasieförbund;2220001636;Matematik 1A;16;12,5;56,3;31,3;9;..;..;..;7;..;..;..;
Jämtlands Gymn, Bispgården;17184072;Ragunda;2303;Kommunal;Jämtlands Gymnasieförbund;2220001636;Svenska 1;16;.;68,8;31,3;9;..;..;..;7;..;..;..;
Blekinge Naturbruksgymnasium;86896907;Ronneby;1081;Kommunal;Ronneby kommun;2120000837;Engelska 5;26;3,8;76,9;19,2;11;9,1;72,7;18,2;15;.;80,0;20,0;
Blekinge Naturbruksgymnasium;86896907;Ronneby;1081;Kommunal;Ronneby kommun;2120000837;Matematik 1A;28;10,7;71,4;17,9;11;.;63,6;36,4;17;17,6;76,5;5,9;
Blekinge Naturbruksgymnasium;86896907;Ronneby;1081;Kommunal;Ronneby kommun;2120000837;Svenska 1;27;14,8;51,9;33,3;12;8,3;58,3;33,3;15;20,0;46,7;33,3;
Blekinge Naturbruksgymnasium;86896907;Ronneby;1081;Kommunal;Ronneby kommun;2120000837;Svenska som andraspråk 1;1;..;..;..;1;..;..;..;.;.;.;.;
Gymnasieskolan Knut Hahn 1;40338843;Ronneby;1081;Kommunal;Ronneby kommun;2120000837;Engelska 5;36;2,8;80,6;16,7;24;4,2;75,0;20,8;12;.;91,7;8,3;
Gymnasieskolan Knut Hahn 1;40338843;Ronneby;1081;Kommunal;Ronneby kommun;2120000837;Engelska 6;98;9,2;66,3;24,5;66;9,1;57,6;33,3;32;9,4;84,4;6,3;
Gymnasieskolan Knut Hahn 1;40338843;Ronneby;1081;Kommunal;Ronneby kommun;2120000837;Matematik 1A;47;.;100,0;.;32;.;100,0;.;15;.;100,0;.;
Gymnasieskolan Knut Hahn 1;40338843;Ronneby;1081;Kommunal;Ronneby kommun;2120000837;Matematik 1B;7;..;..;..;7;..;..;..;.;.;.;.;
Gymnasieskolan Knut Hahn 1;40338843;Ronneby;1081;Kommunal;Ronneby kommun;2120000837;Matematik 2B;54;.;96,3;3,7;39;.;94,9;5,1;15;.;100,0;.;
Gymnasieskolan Knut Hahn 1;40338843;Ronneby;1081;Kommunal;Ronneby kommun;2120000837;Matematik 3B;11;.;90,9;9,1;6;..;..;..;5;..;..;..;
Gymnasieskolan Knut Hahn 1;40338843;Ronneby;1081;Kommunal;Ronneby kommun;2120000837;Svenska 1;29;6,9;44,8;48,3;19;10,5;47,4;42,1;10;.;40,0;60,0;
Gymnasieskolan Knut Hahn 1;40338843;Ronneby;1081;Kommunal;Ronneby kommun;2120000837;Svenska 3;52;5,8;65,4;28,8;37;5,4;70,3;24,3;15;6,7;53,3;40,0;
Gymnasieskolan Knut Hahn 1;40338843;Ronneby;1081;Kommunal;Ronneby kommun;2120000837;Svenska som andraspråk 1;13;.;61,5;38,5;7;..;..;..;6;..;..;..;
Gymnasieskolan Knut Hahn 1;40338843;Ronneby;1081;Kommunal;Ronneby kommun;2120000837;Svenska som andraspråk 3;29;3,4;69,0;27,6;16;.;68,8;31,3;13;7,7;69,2;23,1;
Gymnasieskolan Knut Hahn 2;77440824;Ronneby;1081;Kommunal;Ronneby kommun;2120000837;Engelska 5;31;12,9;71,0;16,1;3;..;..;..;28;..;..;..;
Gymnasieskolan Knut Hahn 2;77440824;Ronneby;1081;Kommunal;Ronneby kommun;2120000837;Engelska 6;48;8,3;66,7;25,0;20;5,0;75,0;20,0;28;10,7;60,7;28,6;
Gymnasieskolan Knut Hahn 2;77440824;Ronneby;1081;Kommunal;Ronneby kommun;2120000837;Matematik 1A;38;.;100,0;.;3;..;..;..;35;..;..;..;
Gymnasieskolan Knut Hahn 2;77440824;Ronneby;1081;Kommunal;Ronneby kommun;2120000837;Matematik 4;25;.;84,0;16,0;18;..;..;..;7;..;..;..;
Gymnasieskolan Knut Hahn 2;77440824;Ronneby;1081;Kommunal;Ronneby kommun;2120000837;Svenska 1;33;9,1;57,6;33,3;2;..;..;..;31;..;..;..;
Gymnasieskolan Knut Hahn 2;77440824;Ronneby;1081;Kommunal;Ronneby kommun;2120000837;Svenska 3;36;5,6;52,8;41,7;9;..;..;..;27;..;..;..;
Gymnasieskolan Knut Hahn 4;71069359;Ronneby;1081;Kommunal;Ronneby kommun;2120000837;Engelska 6;20;.;65,0;35,0;5;..;..;..;15;..;..;..;
Gymnasieskolan Knut Hahn 4;71069359;Ronneby;1081;Kommunal;Ronneby kommun;2120000837;Matematik 1A;19;.;73,7;26,3;4;..;..;..;15;..;..;..;
Gymnasieskolan Knut Hahn 4;71069359;Ronneby;1081;Kommunal;Ronneby kommun;2120000837;Svenska 1;19;.;31,6;68,4;4;..;..;..;15;..;..;..;
Stiernhööksgymnasiet;14292382;Rättvik;2031;Kommunal;Rättviks kommun;2120002171;Engelska 5;96;10,4;68,8;20,8;50;6,0;72,0;22,0;46;15,2;65,2;19,6;
Stiernhööksgymnasiet;14292382;Rättvik;2031;Kommunal;Rättviks kommun;2120002171;Engelska 6;59;5,1;78,0;16,9;35;2,9;74,3;22,9;24;8,3;83,3;8,3;
Stiernhööksgymnasiet;14292382;Rättvik;2031;Kommunal;Rättviks kommun;2120002171;Matematik 1A;102;.;57,8;42,2;54;.;57,4;42,6;48;.;58,3;41,7;
Stiernhööksgymnasiet;14292382;Rättvik;2031;Kommunal;Rättviks kommun;2120002171;Matematik 2B;20;.;25,0;75,0;17;..;..;..;3;..;..;..;
Stiernhööksgymnasiet;14292382;Rättvik;2031;Kommunal;Rättviks kommun;2120002171;Matematik 3B;11;.;54,5;45,5;3;..;..;..;8;..;..;..;
Stiernhööksgymnasiet;14292382;Rättvik;2031;Kommunal;Rättviks kommun;2120002171;Matematik 3C;4;..;..;..;.;.;.;.;4;..;..;..;
Stiernhööksgymnasiet;14292382;Rättvik;2031;Kommunal;Rättviks kommun;2120002171;Svenska 1;89;3,4;57,3;39,3;43;2,3;65,1;32,6;46;4,3;50,0;45,7;
Stiernhööksgymnasiet;14292382;Rättvik;2031;Kommunal;Rättviks kommun;2120002171;Svenska 3;30;.;53,3;46,7;17;.;52,9;47,1;13;.;53,8;46,2;
Stiernhööksgymnasiet;14292382;Rättvik;2031;Kommunal;Rättviks kommun;2120002171;Svenska som andraspråk 3;1;..;..;..;1;..;..;..;.;.;.;.;
Kungsängsgymnasiet;87859089;Sala;1981;Kommunal;Sala kommun;2120002098;Engelska 5;18;22,2;77,8;.;2;..;..;..;16;..;..;..;
Kungsängsgymnasiet;87859089;Sala;1981;Kommunal;Sala kommun;2120002098;Engelska 6;62;3,2;75,8;21,0;27;.;74,1;25,9;35;5,7;77,1;17,1;
Kungsängsgymnasiet;87859089;Sala;1981;Kommunal;Sala kommun;2120002098;Matematik 1A;42;.;61,9;38,1;15;.;53,3;46,7;27;.;66,7;33,3;
Kungsängsgymnasiet;87859089;Sala;1981;Kommunal;Sala kommun;2120002098;Matematik 2B;19;.;78,9;21,1;12;..;..;..;7;..;..;..;
Kungsängsgymnasiet;87859089;Sala;1981;Kommunal;Sala kommun;2120002098;Matematik 3B;11;.;18,2;81,8;5;..;..;..;6;..;..;..;
Kungsängsgymnasiet;87859089;Sala;1981;Kommunal;Sala kommun;2120002098;Matematik 3C;11;.;81,8;18,2;2;..;..;..;9;..;..;..;
Kungsängsgymnasiet;87859089;Sala;1981;Kommunal;Sala kommun;2120002098;Svenska 1;32;12,5;53,1;34,4;12;8,3;75,0;16,7;20;15,0;40,0;45,0;
Kungsängsgymnasiet;87859089;Sala;1981;Kommunal;Sala kommun;2120002098;Svenska 3;44;2,3;47,7;50,0;20;5,0;45,0;50,0;24;.;50,0;50,0;
Ösbygymnasiet;54764253;Sala;1981;Kommunal;Sala kommun;2120002098;Engelska 5;68;8,8;60,3;30,9;29;10,3;48,3;41,4;39;7,7;69,2;23,1;
Ösbygymnasiet;54764253;Sala;1981;Kommunal;Sala kommun;2120002098;Matematik 1A;20;.;50,0;50,0;12;..;..;..;8;..;..;..;
Ösbygymnasiet;54764253;Sala;1981;Kommunal;Sala kommun;2120002098;Svenska 1;68;.;66,2;33,8;28;.;57,1;42,9;40;.;72,5;27,5;
Rönninge gymnasium;98908403;Salem;0128;Kommunal;Salems kommun;2120002874;Engelska 5;10;40,0;60,0;.;4;..;..;..;6;..;..;..;
Rönninge gymnasium;98908403;Salem;0128;Kommunal;Salems kommun;2120002874;Engelska 6;63;9,5;66,7;23,8;37;8,1;64,9;27,0;26;11,5;69,2;19,2;
Rönninge gymnasium;98908403;Salem;0128;Kommunal;Salems kommun;2120002874;Matematik 1A;11;.;90,9;9,1;5;..;..;..;6;..;..;..;
Rönninge gymnasium;98908403;Salem;0128;Kommunal;Salems kommun;2120002874;Matematik 2B;49;.;81,6;18,4;30;.;86,7;13,3;19;.;73,7;26,3;
Rönninge gymnasium;98908403;Salem;0128;Kommunal;Salems kommun;2120002874;Matematik 4;12;.;91,7;8,3;7;..;..;..;5;..;..;..;
Rönninge gymnasium;98908403;Salem;0128;Kommunal;Salems kommun;2120002874;Svenska 1;10;10,0;70,0;20,0;6;..;..;..;4;..;..;..;
Rönninge gymnasium;98908403;Salem;0128;Kommunal;Salems kommun;2120002874;Svenska 3;30;6,7;43,3;50,0;26;..;..;..;4;..;..;..;
Rönninge gymnasium;98908403;Salem;0128;Kommunal;Salems kommun;2120002874;Svenska som andraspråk 1;3;..;..;..;.;.;.;.;3;..;..;..;
Rönninge gymnasium;98908403;Salem;0128;Kommunal;Salems kommun;2120002874;Svenska som andraspråk 3;26;.;53,8;46,2;12;.;25,0;75,0;14;.;78,6;21,4;
Bessemerskolan;16493131;Sandviken;2181;Kommunal;Sandvikens kommun;2120002346;Engelska 5;135;8,9;60,0;31,1;57;5,3;54,4;40,4;78;11,5;64,1;24,4;
Bessemerskolan;16493131;Sandviken;2181;Kommunal;Sandvikens kommun;2120002346;Engelska 6;115;7,0;62,6;30,4;62;8,1;54,8;37,1;53;5,7;71,7;22,6;
Bessemerskolan;16493131;Sandviken;2181;Kommunal;Sandvikens kommun;2120002346;Matematik 1A;137;0,7;90,5;8,8;54;.;87,0;13,0;83;1,2;92,8;6,0;
Bessemerskolan;16493131;Sandviken;2181;Kommunal;Sandvikens kommun;2120002346;Matematik 2B;44;.;75,0;25,0;26;.;65,4;34,6;18;.;88,9;11,1;
Bessemerskolan;16493131;Sandviken;2181;Kommunal;Sandvikens kommun;2120002346;Matematik 3B;18;.;88,9;11,1;11;..;..;..;7;..;..;..;
Bessemerskolan;16493131;Sandviken;2181;Kommunal;Sandvikens kommun;2120002346;Matematik 3C;12;.;91,7;8,3;1;..;..;..;11;..;..;..;
Bessemerskolan;16493131;Sandviken;2181;Kommunal;Sandvikens kommun;2120002346;Matematik 4;24;.;91,7;8,3;10;.;100,0;.;14;.;85,7;14,3;
Bessemerskolan;16493131;Sandviken;2181;Kommunal;Sandvikens kommun;2120002346;Svenska 1;111;0,9;64,0;35,1;48;2,1;58,3;39,6;63;.;68,3;31,7;
Bessemerskolan;16493131;Sandviken;2181;Kommunal;Sandvikens kommun;2120002346;Svenska 3;91;7,7;53,8;38,5;51;9,8;51,0;39,2;40;5,0;57,5;37,5;
Bessemerskolan;16493131;Sandviken;2181;Kommunal;Sandvikens kommun;2120002346;Svenska som andraspråk 1;9;..;..;..;7;..;..;..;2;..;..;..;
Bessemerskolan;16493131;Sandviken;2181;Kommunal;Sandvikens kommun;2120002346;Svenska som andraspråk 3;29;3,4;65,5;31,0;15;.;66,7;33,3;14;7,1;64,3;28,6;
Göranssonska skolan;41119610;Sandviken;2181;Enskild;Sandvik Utbildningsaktiebolag;5563048791;Engelska 5;66;1,5;90,9;7,6;16;6,3;81,3;12,5;50;.;94,0;6,0;
Göranssonska skolan;41119610;Sandviken;2181;Enskild;Sandvik Utbildningsaktiebolag;5563048791;Svenska 1;64;7,8;51,6;40,6;16;6,3;18,8;75,0;48;8,3;62,5;29,2;
Göranssonska skolan;41119610;Sandviken;2181;Enskild;Sandvik Utbildningsaktiebolag;5563048791;Svenska som andraspråk 1;2;..;..;..;.;.;.;.;2;..;..;..;
Arlandagymnasiet 1;83272868;Sigtuna;0191;Kommunal;Sigtuna kommun;2120000225;Engelska 6;154;3,9;72,1;24,0;67;3,0;71,6;25,4;87;4,6;72,4;23,0;
Arlandagymnasiet 1;83272868;Sigtuna;0191;Kommunal;Sigtuna kommun;2120000225;Matematik 2B;73;.;53,4;46,6;37;.;51,4;48,6;36;.;55,6;44,4;
Arlandagymnasiet 1;83272868;Sigtuna;0191;Kommunal;Sigtuna kommun;2120000225;Matematik 3B;24;.;16,7;83,3;7;..;..;..;17;..;..;..;
Arlandagymnasiet 1;83272868;Sigtuna;0191;Kommunal;Sigtuna kommun;2120000225;Matematik 3C;17;.;52,9;47,1;1;..;..;..;16;..;..;..;
Arlandagymnasiet 1;83272868;Sigtuna;0191;Kommunal;Sigtuna kommun;2120000225;Svenska 3;127;4,7;35,4;59,8;64;1,6;34,4;64,1;63;7,9;36,5;55,6;
Arlandagymnasiet 1;83272868;Sigtuna;0191;Kommunal;Sigtuna kommun;2120000225;Svenska som andraspråk 3;34;.;38,2;61,8;19;.;36,8;63,2;15;.;40,0;60,0;
Arlandagymnasiet 3;48304166;Sigtuna;0191;Kommunal;Sigtuna kommun;2120000225;Engelska 5;39;5,1;82,1;12,8;16;6,3;81,3;12,5;23;4,3;82,6;13,0;
Arlandagymnasiet 3;48304166;Sigtuna;0191;Kommunal;Sigtuna kommun;2120000225;Matematik 1A;103;.;74,8;25,2;19;.;68,4;31,6;84;.;76,2;23,8;
Arlandagymnasiet 3;48304166;Sigtuna;0191;Kommunal;Sigtuna kommun;2120000225;Svenska 1;66;6,1;84,8;9,1;13;15,4;84,6;.;53;3,8;84,9;11,3;
Arlandagymnasiet 3;48304166;Sigtuna;0191;Kommunal;Sigtuna kommun;2120000225;Svenska som andraspråk 1;27;.;88,9;11,1;5;..;..;..;22;..;..;..;
Bergstrands Gymnasium Sigtuna;11674477;Sigtuna;0191;Enskild;Bergstrands Gymnasium AB;5566753736;Engelska 5;14;21,4;50,0;28,6;.;.;.;.;14;..;..;..;
Bergstrands Gymnasium Sigtuna;11674477;Sigtuna;0191;Enskild;Bergstrands Gymnasium AB;5566753736;Matematik 1A;18;.;50,0;50,0;1;..;..;..;17;..;..;..;
Bergstrands Gymnasium Sigtuna;11674477;Sigtuna;0191;Enskild;Bergstrands Gymnasium AB;5566753736;Svenska 1;18;11,1;38,9;50,0;1;..;..;..;17;..;..;..;
JENSEN Gymnasium Wenngarn;65615078;Sigtuna;0191;Enskild;Jensen Education College AB;5566358759;Engelska 5;18;5,6;61,1;33,3;17;..;..;..;1;..;..;..;
JENSEN Gymnasium Wenngarn;65615078;Sigtuna;0191;Enskild;Jensen Education College AB;5566358759;Svenska 1;21;.;57,1;42,9;20;..;..;..;1;..;..;..;
Praktiska Gymnasiet Märsta;24982097;Sigtuna;0191;Enskild;Praktiska Sverige AB;5562575786;Engelska 5;26;.;88,5;11,5;10;.;90,0;10,0;16;.;87,5;12,5;
Praktiska Gymnasiet Märsta;24982097;Sigtuna;0191;Enskild;Praktiska Sverige AB;5562575786;Matematik 1A;30;.;90,0;10,0;13;.;100,0;.;17;.;82,4;17,6;
Praktiska Gymnasiet Märsta;24982097;Sigtuna;0191;Enskild;Praktiska Sverige AB;5562575786;Svenska 1;16;.;93,8;6,3;7;..;..;..;9;..;..;..;
Praktiska Gymnasiet Märsta;24982097;Sigtuna;0191;Enskild;Praktiska Sverige AB;5562575786;Svenska som andraspråk 1;12;.;83,3;16,7;5;..;..;..;7;..;..;..;
Sigtunaskolan hum. läroverket, gy;45552626;Sigtuna;0191;Enskild;Sigtuna Skolstiftelse;8148002879;Matematik 3B;45;2,2;88,9;8,9;21;4,8;76,2;19,0;24;.;100,0;.;
Sigtunaskolan hum. läroverket, gy;45552626;Sigtuna;0191;Enskild;Sigtuna Skolstiftelse;8148002879;Svenska 3;71;1,4;54,9;43,7;44;.;50,0;50,0;27;3,7;63,0;33,3;
Sigtunaskolan hum. läroverket, gy;45552626;Sigtuna;0191;Enskild;Sigtuna Skolstiftelse;8148002879;Svenska som andraspråk 3;6;..;..;..;4;..;..;..;2;..;..;..;
Nova gymnasium;16748680;Simrishamn;1291;Kommunal;Simrishamns kommun;2120000969;Engelska 5;16;.;81,3;18,8;10;..;..;..;6;..;..;..;
Nova gymnasium;16748680;Simrishamn;1291;Kommunal;Simrishamns kommun;2120000969;Engelska 6;35;11,4;51,4;37,1;20;10,0;50,0;40,0;15;13,3;53,3;33,3;
Nova gymnasium;16748680;Simrishamn;1291;Kommunal;Simrishamns kommun;2120000969;Matematik 1A;23;.;82,6;17,4;17;..;..;..;6;..;..;..;
Nova gymnasium;16748680;Simrishamn;1291;Kommunal;Simrishamns kommun;2120000969;Matematik 2B;14;.;85,7;14,3;12;..;..;..;2;..;..;..;
Nova gymnasium;16748680;Simrishamn;1291;Kommunal;Simrishamns kommun;2120000969;Matematik 3B;18;.;77,8;22,2;7;..;..;..;11;..;..;..;
Nova gymnasium;16748680;Simrishamn;1291;Kommunal;Simrishamns kommun;2120000969;Matematik 4;4;..;..;..;1;..;..;..;3;..;..;..;
Nova gymnasium;16748680;Simrishamn;1291;Kommunal;Simrishamns kommun;2120000969;Svenska 1;18;.;100,0;.;12;..;..;..;6;..;..;..;
Nova gymnasium;16748680;Simrishamn;1291;Kommunal;Simrishamns kommun;2120000969;Svenska 3;47;4,3;80,9;14,9;23;.;78,3;21,7;24;8,3;83,3;8,3;
Nova gymnasium;16748680;Simrishamn;1291;Kommunal;Simrishamns kommun;2120000969;Svenska som andraspråk 1;2;..;..;..;1;..;..;..;1;..;..;..;
Nova gymnasium;16748680;Simrishamn;1291;Kommunal;Simrishamns kommun;2120000969;Svenska som andraspråk 3;11;.;81,8;18,2;3;..;..;..;8;..;..;..;
Malenagymnasiet;27964873;Sjöbo;1265;Kommunal;Sjöbo kommun;2120001090;Engelska 5;40;.;70,0;30,0;11;.;72,7;27,3;29;.;69,0;31,0;
Malenagymnasiet;27964873;Sjöbo;1265;Kommunal;Sjöbo kommun;2120001090;Matematik 1A;30;.;60,0;40,0;10;.;70,0;30,0;20;.;55,0;45,0;
Malenagymnasiet;27964873;Sjöbo;1265;Kommunal;Sjöbo kommun;2120001090;Svenska 1;40;.;57,5;42,5;10;.;40,0;60,0;30;.;63,3;36,7;
Katedralskolan Skara Enhet 2;30706655;Skara;1495;Kommunal;Skara kommun;2120001702;Engelska 5;48;12,5;62,5;25,0;13;.;46,2;53,8;35;17,1;68,6;14,3;
Katedralskolan Skara Enhet 2;30706655;Skara;1495;Kommunal;Skara kommun;2120001702;Matematik 1A;28;.;75,0;25,0;12;.;66,7;33,3;16;.;81,3;18,8;
Katedralskolan Skara Enhet 2;30706655;Skara;1495;Kommunal;Skara kommun;2120001702;Svenska 1;41;12,2;70,7;17,1;13;.;84,6;15,4;28;17,9;64,3;17,9;
Katedralskolan Skara Enhet 2;30706655;Skara;1495;Kommunal;Skara kommun;2120001702;Svenska som andraspråk 1;5;..;..;..;1;..;..;..;4;..;..;..;
Katedralskolan Skara Enhet 3;92332557;Skara;1495;Kommunal;Skara kommun;2120001702;Engelska 6;54;9,3;87,0;3,7;28;3,6;92,9;3,6;26;15,4;80,8;3,8;
Katedralskolan Skara Enhet 3;92332557;Skara;1495;Kommunal;Skara kommun;2120001702;Matematik 2B;28;.;85,7;14,3;14;.;71,4;28,6;14;.;100,0;.;
Katedralskolan Skara Enhet 3;92332557;Skara;1495;Kommunal;Skara kommun;2120001702;Matematik 3B;15;.;53,3;46,7;4;..;..;..;11;..;..;..;
Katedralskolan Skara Enhet 3;92332557;Skara;1495;Kommunal;Skara kommun;2120001702;Matematik 3C;12;.;66,7;33,3;3;..;..;..;9;..;..;..;
Katedralskolan Skara Enhet 3;92332557;Skara;1495;Kommunal;Skara kommun;2120001702;Matematik 4;10;.;80,0;20,0;5;..;..;..;5;..;..;..;
Katedralskolan Skara Enhet 3;92332557;Skara;1495;Kommunal;Skara kommun;2120001702;Svenska 3;16;6,3;37,5;56,3;6;..;..;..;10;..;..;..;
Katedralskolan Skara Enhet 3;92332557;Skara;1495;Kommunal;Skara kommun;2120001702;Svenska som andraspråk 3;8;..;..;..;3;..;..;..;5;..;..;..;
Katedralskolan Skara Enhet 4;25535510;Skara;1495;Kommunal;Skara kommun;2120001702;Engelska 5;13;7,7;61,5;30,8;12;..;..;..;1;..;..;..;
Katedralskolan Skara Enhet 4;25535510;Skara;1495;Kommunal;Skara kommun;2120001702;Engelska 6;30;.;73,3;26,7;21;..;..;..;9;..;..;..;
Katedralskolan Skara Enhet 4;25535510;Skara;1495;Kommunal;Skara kommun;2120001702;Matematik 1A;13;.;92,3;7,7;12;..;..;..;1;..;..;..;
Katedralskolan Skara Enhet 4;25535510;Skara;1495;Kommunal;Skara kommun;2120001702;Matematik 1B;16;.;100,0;.;12;..;..;..;4;..;..;..;
Katedralskolan Skara Enhet 4;25535510;Skara;1495;Kommunal;Skara kommun;2120001702;Matematik 2B;8;..;..;..;4;..;..;..;4;..;..;..;
Katedralskolan Skara Enhet 4;25535510;Skara;1495;Kommunal;Skara kommun;2120001702;Svenska 1;11;.;90,9;9,1;11;..;..;..;.;.;.;.;
Katedralskolan Skara Enhet 4;25535510;Skara;1495;Kommunal;Skara kommun;2120001702;Svenska 3;23;.;73,9;26,1;18;..;..;..;5;..;..;..;
Katedralskolan Skara Enhet 4;25535510;Skara;1495;Kommunal;Skara kommun;2120001702;Svenska som andraspråk 1;3;..;..;..;2;..;..;..;1;..;..;..;
Katedralskolan Skara Enhet 4;25535510;Skara;1495;Kommunal;Skara kommun;2120001702;Svenska som andraspråk 3;8;..;..;..;6;..;..;..;2;..;..;..;
Naturbruksskolan Uddetorp;46332927;Skara;1495;Region;Västra Götalandsregionen;2321000131;Engelska 5;49;16,3;77,6;6,1;16;6,3;81,3;12,5;33;21,2;75,8;3,0;
Naturbruksskolan Uddetorp;46332927;Skara;1495;Region;Västra Götalandsregionen;2321000131;Matematik 1A;53;7,5;88,7;3,8;16;.;100,0;.;37;10,8;83,8;5,4;
Naturbruksskolan Uddetorp;46332927;Skara;1495;Region;Västra Götalandsregionen;2321000131;Svenska 1;46;2,2;56,5;41,3;15;.;46,7;53,3;31;3,2;61,3;35,5;
Olinsgymnasiet i Skara;16555851;Skara;1495;Enskild;Olinsgymnasiet i Skara AB;5569998932;Engelska 6;40;5,0;85,0;10,0;26;3,8;88,5;7,7;14;7,1;78,6;14,3;
Olinsgymnasiet i Skara;16555851;Skara;1495;Enskild;Olinsgymnasiet i Skara AB;5569998932;Svenska 3;19;31,6;57,9;10,5;9;..;..;..;10;..;..;..;
Olinsgymnasiet i Skara;16555851;Skara;1495;Enskild;Olinsgymnasiet i Skara AB;5569998932;Svenska som andraspråk 3;1;..;..;..;1;..;..;..;.;.;.;.;
Anderstorpsgymnasiet 1;78821574;Skellefteå;2482;Kommunal;Skellefteå kommun;2120002643;Engelska 5;21;9,5;57,1;33,3;4;..;..;..;17;..;..;..;
Anderstorpsgymnasiet 1;78821574;Skellefteå;2482;Kommunal;Skellefteå kommun;2120002643;Matematik 1A;26;7,7;61,5;30,8;4;..;..;..;22;..;..;..;
Anderstorpsgymnasiet 1;78821574;Skellefteå;2482;Kommunal;Skellefteå kommun;2120002643;Svenska 1;19;.;68,4;31,6;3;..;..;..;16;..;..;..;
Anderstorpsgymnasiet 2;70408763;Skellefteå;2482;Kommunal;Skellefteå kommun;2120002643;Engelska 6;24;8,3;79,2;12,5;17;..;..;..;7;..;..;..;
Anderstorpsgymnasiet 2;70408763;Skellefteå;2482;Kommunal;Skellefteå kommun;2120002643;Matematik 1B;75;.;76,0;24,0;60;.;73,3;26,7;15;.;86,7;13,3;
Anderstorpsgymnasiet 2;70408763;Skellefteå;2482;Kommunal;Skellefteå kommun;2120002643;Svenska 3;34;5,9;44,1;50,0;25;..;..;..;9;..;..;..;
Anderstorpsgymnasiet 4;42440084;Skellefteå;2482;Kommunal;Skellefteå kommun;2120002643;Engelska 5;26;26,9;73,1;.;13;23,1;76,9;.;13;30,8;69,2;.;
Anderstorpsgymnasiet 4;42440084;Skellefteå;2482;Kommunal;Skellefteå kommun;2120002643;Engelska 6;61;21,3;65,6;13,1;40;20,0;62,5;17,5;21;23,8;71,4;4,8;
Anderstorpsgymnasiet 4;42440084;Skellefteå;2482;Kommunal;Skellefteå kommun;2120002643;Matematik 1A;41;.;43,9;56,1;22;.;50,0;50,0;19;.;36,8;63,2;
Anderstorpsgymnasiet 4;42440084;Skellefteå;2482;Kommunal;Skellefteå kommun;2120002643;Matematik 2B;70;.;27,1;72,9;43;.;23,3;76,7;27;.;33,3;66,7;
Anderstorpsgymnasiet 4;42440084;Skellefteå;2482;Kommunal;Skellefteå kommun;2120002643;Svenska 1;35;2,9;42,9;54,3;20;.;30,0;70,0;15;6,7;60,0;33,3;
Anderstorpsgymnasiet 4;42440084;Skellefteå;2482;Kommunal;Skellefteå kommun;2120002643;Svenska 3;79;10,1;57,0;32,9;54;7,4;59,3;33,3;25;16,0;52,0;32,0;
Anderstorpsgymnasiet 4;42440084;Skellefteå;2482;Kommunal;Skellefteå kommun;2120002643;Svenska som andraspråk 1;2;..;..;..;1;..;..;..;1;..;..;..;
Anderstorpsgymnasiet 4;42440084;Skellefteå;2482;Kommunal;Skellefteå kommun;2120002643;Svenska som andraspråk 3;1;..;..;..;1;..;..;..;.;.;.;.;
Anderstorpsgymnasiet 5;70815774;Skellefteå;2482;Kommunal;Skellefteå kommun;2120002643;Engelska 5;39;33,3;59,0;7,7;1;..;..;..;38;..;..;..;
Anderstorpsgymnasiet 5;70815774;Skellefteå;2482;Kommunal;Skellefteå kommun;2120002643;Matematik 1A;38;.;68,4;31,6;1;..;..;..;37;..;..;..;
Anderstorpsgymnasiet 5;70815774;Skellefteå;2482;Kommunal;Skellefteå kommun;2120002643;Svenska 1;34;5,9;41,2;52,9;1;..;..;..;33;..;..;..;
Anderstorpsgymnasiet Hammarängen;24653673;Skellefteå;2482;Kommunal;Skellefteå kommun;2120002643;Engelska 5;13;7,7;61,5;30,8;1;..;..;..;12;..;..;..;
Anderstorpsgymnasiet Hammarängen;24653673;Skellefteå;2482;Kommunal;Skellefteå kommun;2120002643;Matematik 1A;16;12,5;62,5;25,0;1;..;..;..;15;..;..;..;
Anderstorpsgymnasiet Hammarängen;24653673;Skellefteå;2482;Kommunal;Skellefteå kommun;2120002643;Svenska 1;13;.;61,5;38,5;.;.;.;.;13;..;..;..;
Anderstorpsgymnasiet Hammarängen;24653673;Skellefteå;2482;Kommunal;Skellefteå kommun;2120002643;Svenska som andraspråk 1;1;..;..;..;1;..;..;..;.;.;.;.;
Anderstorpsgymnasiet Hammarängen 2;20942261;Skellefteå;2482;Kommunal;Skellefteå kommun;2120002643;Engelska 5;13;15,4;61,5;23,1;7;..;..;..;6;..;..;..;
Anderstorpsgymnasiet Hammarängen 2;20942261;Skellefteå;2482;Kommunal;Skellefteå kommun;2120002643;Matematik 1A;15;.;73,3;26,7;8;..;..;..;7;..;..;..;
Anderstorpsgymnasiet Hammarängen 2;20942261;Skellefteå;2482;Kommunal;Skellefteå kommun;2120002643;Svenska 1;13;.;46,2;53,8;8;..;..;..;5;..;..;..;
Baldergymnasiet 1;58200871;Skellefteå;2482;Kommunal;Skellefteå kommun;2120002643;Engelska 5;29;10,3;86,2;3,4;2;..;..;..;27;..;..;..;
Baldergymnasiet 1;58200871;Skellefteå;2482;Kommunal;Skellefteå kommun;2120002643;Engelska 6;49;.;87,8;12,2;29;.;82,8;17,2;20;.;95,0;5,0;
Baldergymnasiet 1;58200871;Skellefteå;2482;Kommunal;Skellefteå kommun;2120002643;Matematik 1A;28;.;89,3;10,7;2;..;..;..;26;..;..;..;
Baldergymnasiet 1;58200871;Skellefteå;2482;Kommunal;Skellefteå kommun;2120002643;Svenska 1;28;3,6;32,1;64,3;2;..;..;..;26;..;..;..;
Baldergymnasiet 1;58200871;Skellefteå;2482;Kommunal;Skellefteå kommun;2120002643;Svenska 3;60;11,7;48,3;40,0;38;13,2;50,0;36,8;22;9,1;45,5;45,5;
Baldergymnasiet 1;58200871;Skellefteå;2482;Kommunal;Skellefteå kommun;2120002643;Svenska som andraspråk 3;8;..;..;..;4;..;..;..;4;..;..;..;
Baldergymnasiet 4;83880861;Skellefteå;2482;Kommunal;Skellefteå kommun;2120002643;Engelska 5;5;..;..;..;1;..;..;..;4;..;..;..;
Baldergymnasiet 4;83880861;Skellefteå;2482;Kommunal;Skellefteå kommun;2120002643;Engelska 6;64;.;92,2;7,8;7;..;..;..;57;..;..;..;
Baldergymnasiet 4;83880861;Skellefteå;2482;Kommunal;Skellefteå kommun;2120002643;Matematik 1A;5;..;..;..;2;..;..;..;3;..;..;..;
Baldergymnasiet 4;83880861;Skellefteå;2482;Kommunal;Skellefteå kommun;2120002643;Svenska 1;4;..;..;..;1;..;..;..;3;..;..;..;
Baldergymnasiet 4;83880861;Skellefteå;2482;Kommunal;Skellefteå kommun;2120002643;Svenska 3;71;9,9;43,7;46,5;22;4,5;45,5;50,0;49;12,2;42,9;44,9;
Baldergymnasiet 4;83880861;Skellefteå;2482;Kommunal;Skellefteå kommun;2120002643;Svenska som andraspråk 3;3;..;..;..;.;.;.;.;3;..;..;..;
Baldergymnasiet 5;71099568;Skellefteå;2482;Kommunal;Skellefteå kommun;2120002643;Engelska 5;21;.;95,2;4,8;18;..;..;..;3;..;..;..;
Baldergymnasiet 5;71099568;Skellefteå;2482;Kommunal;Skellefteå kommun;2120002643;Matematik 1A;20;5,0;90,0;5,0;18;..;..;..;2;..;..;..;
Baldergymnasiet 5;71099568;Skellefteå;2482;Kommunal;Skellefteå kommun;2120002643;Svenska 1;13;.;46,2;53,8;12;..;..;..;1;..;..;..;
Baldergymnasiet 5;71099568;Skellefteå;2482;Kommunal;Skellefteå kommun;2120002643;Svenska som andraspråk 1;8;..;..;..;6;..;..;..;2;..;..;..;
Baldergymnasiet 6;51145165;Skellefteå;2482;Kommunal;Skellefteå kommun;2120002643;Engelska 5;44;4,5;81,8;13,6;30;3,3;83,3;13,3;14;7,1;78,6;14,3;
Baldergymnasiet 6;51145165;Skellefteå;2482;Kommunal;Skellefteå kommun;2120002643;Matematik 1A;43;2,3;90,7;7,0;29;3,4;89,7;6,9;14;.;92,9;7,1;
Baldergymnasiet 6;51145165;Skellefteå;2482;Kommunal;Skellefteå kommun;2120002643;Svenska 1;35;11,4;65,7;22,9;24;8,3;62,5;29,2;11;18,2;72,7;9,1;
Baldergymnasiet 6;51145165;Skellefteå;2482;Kommunal;Skellefteå kommun;2120002643;Svenska som andraspråk 1;3;..;..;..;1;..;..;..;2;..;..;..;
Guldstadsgymnasiet i Skellefteå;90990441;Skellefteå;2482;Enskild;Honesta Skolutveckling AB;5569173635;Engelska 5;30;23,3;66,7;10,0;16;18,8;68,8;12,5;14;28,6;64,3;7,1;
Guldstadsgymnasiet i Skellefteå;90990441;Skellefteå;2482;Enskild;Honesta Skolutveckling AB;5569173635;Engelska 6;9;..;..;..;5;..;..;..;4;..;..;..;
Guldstadsgymnasiet i Skellefteå;90990441;Skellefteå;2482;Enskild;Honesta Skolutveckling AB;5569173635;Matematik 1A;34;.;76,5;23,5;15;.;60,0;40,0;19;.;89,5;10,5;
Guldstadsgymnasiet i Skellefteå;90990441;Skellefteå;2482;Enskild;Honesta Skolutveckling AB;5569173635;Matematik 1B;3;..;..;..;1;..;..;..;2;..;..;..;
Guldstadsgymnasiet i Skellefteå;90990441;Skellefteå;2482;Enskild;Honesta Skolutveckling AB;5569173635;Matematik 3B;1;..;..;..;1;..;..;..;.;.;.;.;
Guldstadsgymnasiet i Skellefteå;90990441;Skellefteå;2482;Enskild;Honesta Skolutveckling AB;5569173635;Svenska 1;25;.;64,0;36,0;14;.;64,3;35,7;11;.;63,6;36,4;
Guldstadsgymnasiet i Skellefteå;90990441;Skellefteå;2482;Enskild;Honesta Skolutveckling AB;5569173635;Svenska 3;4;..;..;..;2;..;..;..;2;..;..;..;
Guldstadsgymnasiet i Skellefteå;90990441;Skellefteå;2482;Enskild;Honesta Skolutveckling AB;5569173635;Svenska som andraspråk 1;2;..;..;..;.;.;.;.;2;..;..;..;
Kanalskolan;85015577;Skellefteå;2482;Kommunal;Skellefteå kommun;2120002643;Engelska 6;105;3,8;49,5;46,7;67;1,5;47,8;50,7;38;7,9;52,6;39,5;
Kanalskolan;85015577;Skellefteå;2482;Kommunal;Skellefteå kommun;2120002643;Matematik 2B;32;.;25,0;75,0;24;..;..;..;8;..;..;..;
Kanalskolan;85015577;Skellefteå;2482;Kommunal;Skellefteå kommun;2120002643;Matematik 3B;23;.;30,4;69,6;5;..;..;..;18;..;..;..;
Kanalskolan;85015577;Skellefteå;2482;Kommunal;Skellefteå kommun;2120002643;Svenska 3;106;6,6;44,3;49,1;59;10,2;40,7;49,2;47;2,1;48,9;48,9;
Naturbruksgymnasiet i Burträsk;86319615;Skellefteå;2482;Kommunal;Skellefteå kommun;2120002643;Engelska 5;21;33,3;52,4;14,3;10;.;80,0;20,0;11;63,6;27,3;9,1;
Naturbruksgymnasiet i Burträsk;86319615;Skellefteå;2482;Kommunal;Skellefteå kommun;2120002643;Matematik 1A;22;22,7;72,7;4,5;10;40,0;50,0;10,0;12;8,3;91,7;.;
Naturbruksgymnasiet i Burträsk;86319615;Skellefteå;2482;Kommunal;Skellefteå kommun;2120002643;Svenska 1;20;.;50,0;50,0;11;..;..;..;9;..;..;..;
Praktiska Gymnasiet Skellefteå;87303004;Skellefteå;2482;Enskild;Praktiska Sverige AB;5562575786;Engelska 5;31;12,9;80,6;6,5;4;..;..;..;27;..;..;..;
Praktiska Gymnasiet Skellefteå;87303004;Skellefteå;2482;Enskild;Praktiska Sverige AB;5562575786;Engelska 6;3;..;..;..;2;..;..;..;1;..;..;..;
Praktiska Gymnasiet Skellefteå;87303004;Skellefteå;2482;Enskild;Praktiska Sverige AB;5562575786;Matematik 1A;35;.;91,4;8,6;11;.;81,8;18,2;24;.;95,8;4,2;
Praktiska Gymnasiet Skellefteå;87303004;Skellefteå;2482;Enskild;Praktiska Sverige AB;5562575786;Svenska 1;31;19,4;61,3;19,4;8;..;..;..;23;..;..;..;
Praktiska Gymnasiet Skellefteå;87303004;Skellefteå;2482;Enskild;Praktiska Sverige AB;5562575786;Svenska som andraspråk 1;6;..;..;..;3;..;..;..;3;..;..;..;
Yrkesgymnasiet Skellefteå;97835550;Skellefteå;2482;Enskild;Thorengruppen AB;5566139290;Engelska 5;11;.;72,7;27,3;1;..;..;..;10;..;..;..;
Yrkesgymnasiet Skellefteå;97835550;Skellefteå;2482;Enskild;Thorengruppen AB;5566139290;Matematik 1A;11;.;18,2;81,8;2;..;..;..;9;..;..;..;
Yrkesgymnasiet Skellefteå;97835550;Skellefteå;2482;Enskild;Thorengruppen AB;5566139290;Svenska 1;10;.;20,0;80,0;2;..;..;..;8;..;..;..;
Yrkesgymnasiet Skellefteå;97835550;Skellefteå;2482;Enskild;Thorengruppen AB;5566139290;Svenska som andraspråk 1;2;..;..;..;.;.;.;.;2;..;..;..;
Drottning Blankas Gymnasieskola Skövde;26508763;Skövde;1496;Enskild;DBGY Juvelen AB;5565789129;Engelska 5;45;13,3;84,4;2,2;40;..;..;..;5;..;..;..;
Drottning Blankas Gymnasieskola Skövde;26508763;Skövde;1496;Enskild;DBGY Juvelen AB;5565789129;Engelska 6;63;4,8;88,9;6,3;50;2,0;92,0;6,0;13;15,4;76,9;7,7;
Drottning Blankas Gymnasieskola Skövde;26508763;Skövde;1496;Enskild;DBGY Juvelen AB;5565789129;Matematik 1A;58;1,7;62,1;36,2;51;..;..;..;7;..;..;..;
Drottning Blankas Gymnasieskola Skövde;26508763;Skövde;1496;Enskild;DBGY Juvelen AB;5565789129;Matematik 2B;44;.;65,9;34,1;37;..;..;..;7;..;..;..;
Drottning Blankas Gymnasieskola Skövde;26508763;Skövde;1496;Enskild;DBGY Juvelen AB;5565789129;Matematik 3B;8;..;..;..;5;..;..;..;3;..;..;..;
Drottning Blankas Gymnasieskola Skövde;26508763;Skövde;1496;Enskild;DBGY Juvelen AB;5565789129;Svenska 1;44;6,8;70,5;22,7;40;..;..;..;4;..;..;..;
Drottning Blankas Gymnasieskola Skövde;26508763;Skövde;1496;Enskild;DBGY Juvelen AB;5565789129;Svenska 3;46;4,3;63,0;32,6;31;6,5;64,5;29,0;15;.;60,0;40,0;
Drottning Blankas Gymnasieskola Skövde;26508763;Skövde;1496;Enskild;DBGY Juvelen AB;5565789129;Svenska som andraspråk 1;8;..;..;..;7;..;..;..;1;..;..;..;
Drottning Blankas Gymnasieskola Skövde;26508763;Skövde;1496;Enskild;DBGY Juvelen AB;5565789129;Svenska som andraspråk 3;6;..;..;..;5;..;..;..;1;..;..;..;
Kavelbro 1;42287353;Skövde;1496;Kommunal;Skövde kommun;2120001710;Engelska 5;39;15,4;76,9;7,7;22;9,1;86,4;4,5;17;23,5;64,7;11,8;
Kavelbro 1;42287353;Skövde;1496;Kommunal;Skövde kommun;2120001710;Matematik 1A;100;5,0;81,0;14,0;50;6,0;82,0;12,0;50;4,0;80,0;16,0;
Kavelbro 1;42287353;Skövde;1496;Kommunal;Skövde kommun;2120001710;Svenska 1;95;12,6;60,0;27,4;49;18,4;57,1;24,5;46;6,5;63,0;30,4;
Kavelbro 1;42287353;Skövde;1496;Kommunal;Skövde kommun;2120001710;Svenska som andraspråk 1;1;..;..;..;.;.;.;.;1;..;..;..;
Kavelbro 3;42911621;Skövde;1496;Kommunal;Skövde kommun;2120001710;Engelska 5;106;22,6;72,6;4,7;12;25,0;75,0;.;94;22,3;72,3;5,3;
Kavelbro 3;42911621;Skövde;1496;Kommunal;Skövde kommun;2120001710;Matematik 1A;112;0,9;82,1;17,0;14;.;64,3;35,7;98;1,0;84,7;14,3;
Kavelbro 3;42911621;Skövde;1496;Kommunal;Skövde kommun;2120001710;Svenska 1;108;4,6;70,4;25,0;14;.;57,1;42,9;94;5,3;72,3;22,3;
Kavelbro 3;42911621;Skövde;1496;Kommunal;Skövde kommun;2120001710;Svenska som andraspråk 1;1;..;..;..;.;.;.;.;1;..;..;..;
Lichron Teknikgymnasium Skövde;75027822;Skövde;1496;Enskild;Lichron Teknik AB;5567560635;Engelska 5;31;16,1;77,4;6,5;3;..;..;..;28;..;..;..;
Lichron Teknikgymnasium Skövde;75027822;Skövde;1496;Enskild;Lichron Teknik AB;5567560635;Matematik 1A;35;8,6;91,4;.;3;..;..;..;32;..;..;..;
Lichron Teknikgymnasium Skövde;75027822;Skövde;1496;Enskild;Lichron Teknik AB;5567560635;Svenska 1;33;.;93,9;6,1;3;..;..;..;30;..;..;..;
Lichron Teknikgymnasium Skövde;75027822;Skövde;1496;Enskild;Lichron Teknik AB;5567560635;Svenska som andraspråk 1;2;..;..;..;.;.;.;.;2;..;..;..;
NTI Gymnasiet Skövde;26671095;Skövde;1496;Enskild;NTI Gymnasiet Ellips AB;5565970471;Engelska 5;19;26,3;68,4;5,3;.;.;.;.;19;..;..;..;
NTI Gymnasiet Skövde;26671095;Skövde;1496;Enskild;NTI Gymnasiet Ellips AB;5565970471;Engelska 6;27;11,1;77,8;11,1;2;..;..;..;25;..;..;..;
NTI Gymnasiet Skövde;26671095;Skövde;1496;Enskild;NTI Gymnasiet Ellips AB;5565970471;Matematik 3C;33;.;84,8;15,2;2;..;..;..;31;..;..;..;
NTI Gymnasiet Skövde;26671095;Skövde;1496;Enskild;NTI Gymnasiet Ellips AB;5565970471;Svenska 1;14;.;71,4;28,6;.;.;.;.;14;..;..;..;
NTI Gymnasiet Skövde;26671095;Skövde;1496;Enskild;NTI Gymnasiet Ellips AB;5565970471;Svenska 3;16;12,5;75,0;12,5;4;..;..;..;12;..;..;..;
NTI Gymnasiet Skövde;26671095;Skövde;1496;Enskild;NTI Gymnasiet Ellips AB;5565970471;Svenska som andraspråk 1;6;..;..;..;.;.;.;.;6;..;..;..;
NTI Gymnasiet Skövde;26671095;Skövde;1496;Enskild;NTI Gymnasiet Ellips AB;5565970471;Svenska som andraspråk 3;3;..;..;..;1;..;..;..;2;..;..;..;
Olinsgymnasiet Sparresäter;89287364;Skövde;1496;Enskild;Olinsgymnasiet i Skara AB;5569998932;Engelska 5;9;..;..;..;.;.;.;.;9;..;..;..;
Olinsgymnasiet Sparresäter;89287364;Skövde;1496;Enskild;Olinsgymnasiet i Skara AB;5569998932;Svenska 1;8;..;..;..;.;.;.;.;8;..;..;..;
Praktiska Gymnasiet Skövde;14504503;Skövde;1496;Enskild;Praktiska Sverige AB;5562575786;Engelska 5;33;.;100,0;.;8;..;..;..;25;..;..;..;
Praktiska Gymnasiet Skövde;14504503;Skövde;1496;Enskild;Praktiska Sverige AB;5562575786;Matematik 1A;39;.;64,1;35,9;12;.;58,3;41,7;27;.;66,7;33,3;
Praktiska Gymnasiet Skövde;14504503;Skövde;1496;Enskild;Praktiska Sverige AB;5562575786;Svenska 1;29;.;58,6;41,4;11;.;45,5;54,5;18;.;66,7;33,3;
Praktiska Gymnasiet Skövde;14504503;Skövde;1496;Enskild;Praktiska Sverige AB;5562575786;Svenska som andraspråk 1;7;..;..;..;3;..;..;..;4;..;..;..;
Realgymnasiet i Skövde;76361202;Skövde;1496;Enskild;Lärande i Sverige AB;5565715892;Engelska 5;24;8,3;79,2;12,5;23;..;..;..;1;..;..;..;
Realgymnasiet i Skövde;76361202;Skövde;1496;Enskild;Lärande i Sverige AB;5565715892;Matematik 1A;25;.;72,0;28,0;24;..;..;..;1;..;..;..;
Realgymnasiet i Skövde;76361202;Skövde;1496;Enskild;Lärande i Sverige AB;5565715892;Svenska 1;24;12,5;75,0;12,5;23;..;..;..;1;..;..;..;
Volvogymnasiet Skövde;21850904;Skövde;1496;Enskild;Volvo Industrial Academy AB;5592205149;Engelska 5;47;.;78,7;21,3;14;.;71,4;28,6;33;.;81,8;18,2;
Volvogymnasiet Skövde;21850904;Skövde;1496;Enskild;Volvo Industrial Academy AB;5592205149;Svenska 1;46;.;54,3;45,7;14;.;57,1;42,9;32;.;53,1;46,9;
Västerhöjd 1;77544055;Skövde;1496;Kommunal;Skövde kommun;2120001710;Engelska 5;31;3,2;90,3;6,5;15;6,7;86,7;6,7;16;.;93,8;6,3;
Västerhöjd 1;77544055;Skövde;1496;Kommunal;Skövde kommun;2120001710;Engelska 6;94;3,2;84,0;12,8;48;4,2;83,3;12,5;46;2,2;84,8;13,0;
Västerhöjd 1;77544055;Skövde;1496;Kommunal;Skövde kommun;2120001710;Matematik 1A;30;.;80,0;20,0;14;.;64,3;35,7;16;.;93,8;6,3;
Västerhöjd 1;77544055;Skövde;1496;Kommunal;Skövde kommun;2120001710;Svenska 1;26;.;84,6;15,4;11;.;81,8;18,2;15;.;86,7;13,3;
Västerhöjd 1;77544055;Skövde;1496;Kommunal;Skövde kommun;2120001710;Svenska 3;84;2,4;51,2;46,4;56;1,8;62,5;35,7;28;3,6;28,6;67,9;
Västerhöjd 1;77544055;Skövde;1496;Kommunal;Skövde kommun;2120001710;Svenska som andraspråk 1;2;..;..;..;2;..;..;..;.;.;.;.;
Västerhöjd 1;77544055;Skövde;1496;Kommunal;Skövde kommun;2120001710;Svenska som andraspråk 3;2;..;..;..;2;..;..;..;.;.;.;.;
Västerhöjd 2;30279258;Skövde;1496;Kommunal;Skövde kommun;2120001710;Engelska 6;141;7,8;82,3;9,9;99;9,1;77,8;13,1;42;4,8;92,9;2,4;
Västerhöjd 2;30279258;Skövde;1496;Kommunal;Skövde kommun;2120001710;Matematik 1B;54;.;85,2;14,8;43;.;83,7;16,3;11;.;90,9;9,1;
Västerhöjd 2;30279258;Skövde;1496;Kommunal;Skövde kommun;2120001710;Matematik 2B;84;.;88,1;11,9;54;.;87,0;13,0;30;.;90,0;10,0;
Västerhöjd 2;30279258;Skövde;1496;Kommunal;Skövde kommun;2120001710;Svenska 3;102;9,8;69,6;20,6;80;6,3;71,3;22,5;22;22,7;63,6;13,6;
Västerhöjd 2;30279258;Skövde;1496;Kommunal;Skövde kommun;2120001710;Svenska som andraspråk 3;10;.;90,0;10,0;7;..;..;..;3;..;..;..;
Västerhöjd 3;65320354;Skövde;1496;Kommunal;Skövde kommun;2120001710;Engelska 5;26;3,8;88,5;7,7;22;..;..;..;4;..;..;..;
Västerhöjd 3;65320354;Skövde;1496;Kommunal;Skövde kommun;2120001710;Engelska 6;130;6,2;83,1;10,8;56;.;89,3;10,7;74;10,8;78,4;10,8;
Västerhöjd 3;65320354;Skövde;1496;Kommunal;Skövde kommun;2120001710;Matematik 1A;26;.;88,5;11,5;22;..;..;..;4;..;..;..;
Västerhöjd 3;65320354;Skövde;1496;Kommunal;Skövde kommun;2120001710;Matematik 3C;48;.;81,3;18,8;18;.;61,1;38,9;30;.;93,3;6,7;
Västerhöjd 3;65320354;Skövde;1496;Kommunal;Skövde kommun;2120001710;Svenska 1;24;4,2;58,3;37,5;22;..;..;..;2;..;..;..;
Västerhöjd 3;65320354;Skövde;1496;Kommunal;Skövde kommun;2120001710;Svenska 3;113;3,5;71,7;24,8;60;3,3;71,7;25,0;53;3,8;71,7;24,5;
Västerhöjd 3;65320354;Skövde;1496;Kommunal;Skövde kommun;2120001710;Svenska som andraspråk 3;6;..;..;..;3;..;..;..;3;..;..;..;
VBU Smeden;12496135;Smedjebacken;2061;Kommunal;Västerbergslagens Utbildningsförbund,Vbu;2220000802;Engelska 5;3;..;..;..;2;..;..;..;1;..;..;..;
KLARA Teoretiska Gymnasium Sollentuna;49141105;Sollentuna;0163;Enskild;KLARA Gymnasium Lärande AB;5565583282;Engelska 6;69;8,7;50,7;40,6;46;6,5;50,0;43,5;23;13,0;52,2;34,8;
KLARA Teoretiska Gymnasium Sollentuna;49141105;Sollentuna;0163;Enskild;KLARA Gymnasium Lärande AB;5565583282;Matematik 2B;42;.;76,2;23,8;28;.;82,1;17,9;14;.;64,3;35,7;
KLARA Teoretiska Gymnasium Sollentuna;49141105;Sollentuna;0163;Enskild;KLARA Gymnasium Lärande AB;5565583282;Matematik 3B;6;..;..;..;5;..;..;..;1;..;..;..;
KLARA Teoretiska Gymnasium Sollentuna;49141105;Sollentuna;0163;Enskild;KLARA Gymnasium Lärande AB;5565583282;Matematik 3C;3;..;..;..;1;..;..;..;2;..;..;..;
KLARA Teoretiska Gymnasium Sollentuna;49141105;Sollentuna;0163;Enskild;KLARA Gymnasium Lärande AB;5565583282;Matematik 4;10;.;70,0;30,0;5;..;..;..;5;..;..;..;
KLARA Teoretiska Gymnasium Sollentuna;49141105;Sollentuna;0163;Enskild;KLARA Gymnasium Lärande AB;5565583282;Svenska 3;28;3,6;64,3;32,1;21;..;..;..;7;..;..;..;
KLARA Teoretiska Gymnasium Sollentuna;49141105;Sollentuna;0163;Enskild;KLARA Gymnasium Lärande AB;5565583282;Svenska som andraspråk 3;23;.;78,3;21,7;11;.;72,7;27,3;12;.;83,3;16,7;
NTI Gymnasiet Sollentuna;15870428;Sollentuna;0163;Enskild;NTI Gymnasiet Macro AB;5561203679;Engelska 5;21;.;76,2;23,8;1;..;..;..;20;..;..;..;
NTI Gymnasiet Sollentuna;15870428;Sollentuna;0163;Enskild;NTI Gymnasiet Macro AB;5561203679;Engelska 6;23;.;78,3;21,7;.;.;.;.;23;..;..;..;
NTI Gymnasiet Sollentuna;15870428;Sollentuna;0163;Enskild;NTI Gymnasiet Macro AB;5561203679;Matematik 1A;21;.;57,1;42,9;1;..;..;..;20;..;..;..;
NTI Gymnasiet Sollentuna;15870428;Sollentuna;0163;Enskild;NTI Gymnasiet Macro AB;5561203679;Matematik 3C;15;.;53,3;46,7;.;.;.;.;15;..;..;..;
NTI Gymnasiet Sollentuna;15870428;Sollentuna;0163;Enskild;NTI Gymnasiet Macro AB;5561203679;Svenska 1;15;.;53,3;46,7;.;.;.;.;15;..;..;..;
NTI Gymnasiet Sollentuna;15870428;Sollentuna;0163;Enskild;NTI Gymnasiet Macro AB;5561203679;Svenska 3;23;4,3;78,3;17,4;2;..;..;..;21;..;..;..;
NTI Gymnasiet Sollentuna;15870428;Sollentuna;0163;Enskild;NTI Gymnasiet Macro AB;5561203679;Svenska som andraspråk 1;9;..;..;..;1;..;..;..;8;..;..;..;
NTI Gymnasiet Sollentuna;15870428;Sollentuna;0163;Enskild;NTI Gymnasiet Macro AB;5561203679;Svenska som andraspråk 3;6;..;..;..;.;.;.;.;6;..;..;..;
Rudbeck AST-enheten;53709553;Sollentuna;0163;Kommunal;Sollentuna kommun;2120000134;Svenska 3;1;..;..;..;1;..;..;..;.;.;.;.;
Rudbeck AST-enheten;53709553;Sollentuna;0163;Kommunal;Sollentuna kommun;2120000134;Svenska som andraspråk 3;1;..;..;..;1;..;..;..;.;.;.;.;
Rudbeck Ekonomiprogrammet;26646080;Sollentuna;0163;Kommunal;Sollentuna kommun;2120000134;Engelska 6;162;9,3;78,4;12,3;68;5,9;73,5;20,6;94;11,7;81,9;6,4;
Rudbeck Ekonomiprogrammet;26646080;Sollentuna;0163;Kommunal;Sollentuna kommun;2120000134;Matematik 2B;62;1,6;88,7;9,7;38;.;86,8;13,2;24;4,2;91,7;4,2;
Rudbeck Ekonomiprogrammet;26646080;Sollentuna;0163;Kommunal;Sollentuna kommun;2120000134;Matematik 3B;78;5,1;82,1;12,8;31;6,5;80,6;12,9;47;4,3;83,0;12,8;
Rudbeck Ekonomiprogrammet;26646080;Sollentuna;0163;Kommunal;Sollentuna kommun;2120000134;Svenska 3;153;7,2;52,3;40,5;73;5,5;47,9;46,6;80;8,8;56,3;35,0;
Rudbeck Ekonomiprogrammet;26646080;Sollentuna;0163;Kommunal;Sollentuna kommun;2120000134;Svenska som andraspråk 3;16;.;56,3;43,8;9;..;..;..;7;..;..;..;
Rudbeck El- och Teknikprogrammet;26750052;Sollentuna;0163;Kommunal;Sollentuna kommun;2120000134;Engelska 6;92;17,4;72,8;9,8;14;7,1;92,9;.;78;19,2;69,2;11,5;
Rudbeck El- och Teknikprogrammet;26750052;Sollentuna;0163;Kommunal;Sollentuna kommun;2120000134;Matematik 1A;33;6,1;90,9;3,0;.;.;.;.;33;..;..;..;
Rudbeck El- och Teknikprogrammet;26750052;Sollentuna;0163;Kommunal;Sollentuna kommun;2120000134;Matematik 3C;9;..;..;..;1;..;..;..;8;..;..;..;
Rudbeck El- och Teknikprogrammet;26750052;Sollentuna;0163;Kommunal;Sollentuna kommun;2120000134;Matematik 4;55;1,8;85,5;12,7;5;..;..;..;50;..;..;..;
Rudbeck El- och Teknikprogrammet;26750052;Sollentuna;0163;Kommunal;Sollentuna kommun;2120000134;Svenska 1;28;.;50,0;50,0;.;.;.;.;28;..;..;..;
Rudbeck El- och Teknikprogrammet;26750052;Sollentuna;0163;Kommunal;Sollentuna kommun;2120000134;Svenska 3;113;1,8;47,8;50,4;19;.;63,2;36,8;94;2,1;44,7;53,2;
Rudbeck El- och Teknikprogrammet;26750052;Sollentuna;0163;Kommunal;Sollentuna kommun;2120000134;Svenska som andraspråk 3;4;..;..;..;1;..;..;..;3;..;..;..;
Rudbeck Humanistiska och Estetiska programmet;26996566;Sollentuna;0163;Kommunal;Sollentuna kommun;2120000134;Engelska 6;3;..;..;..;2;..;..;..;1;..;..;..;
Rudbeck Humanistiska och Estetiska programmet;26996566;Sollentuna;0163;Kommunal;Sollentuna kommun;2120000134;Matematik 1B;21;19,0;71,4;9,5;11;9,1;72,7;18,2;10;30,0;70,0;.;
Rudbeck Humanistiska och Estetiska programmet;26996566;Sollentuna;0163;Kommunal;Sollentuna kommun;2120000134;Matematik 2B;5;..;..;..;5;..;..;..;.;.;.;.;
Rudbeck Humanistiska och Estetiska programmet;26996566;Sollentuna;0163;Kommunal;Sollentuna kommun;2120000134;Matematik 3C;1;..;..;..;.;.;.;.;1;..;..;..;
Rudbeck Humanistiska och Estetiska programmet;26996566;Sollentuna;0163;Kommunal;Sollentuna kommun;2120000134;Matematik 4;2;..;..;..;.;.;.;.;2;..;..;..;
Rudbeck Humanistiska och Estetiska programmet;26996566;Sollentuna;0163;Kommunal;Sollentuna kommun;2120000134;Svenska 3;13;15,4;61,5;23,1;11;..;..;..;2;..;..;..;
Rudbeck Humanistiska och Estetiska programmet;26996566;Sollentuna;0163;Kommunal;Sollentuna kommun;2120000134;Svenska som andraspråk 3;4;..;..;..;3;..;..;..;1;..;..;..;
Rudbeck Introduktionsprogrammet och Löpargymnasiet;15832056;Sollentuna;0163;Kommunal;Sollentuna kommun;2120000134;Engelska 6;7;..;..;..;4;..;..;..;3;..;..;..;
Rudbeck Introduktionsprogrammet och Löpargymnasiet;15832056;Sollentuna;0163;Kommunal;Sollentuna kommun;2120000134;Matematik 2B;4;..;..;..;4;..;..;..;.;.;.;.;
Rudbeck Introduktionsprogrammet och Löpargymnasiet;15832056;Sollentuna;0163;Kommunal;Sollentuna kommun;2120000134;Matematik 3B;6;..;..;..;3;..;..;..;3;..;..;..;
Rudbeck Introduktionsprogrammet och Löpargymnasiet;15832056;Sollentuna;0163;Kommunal;Sollentuna kommun;2120000134;Matematik 3C;2;..;..;..;1;..;..;..;1;..;..;..;
Rudbeck Introduktionsprogrammet och Löpargymnasiet;15832056;Sollentuna;0163;Kommunal;Sollentuna kommun;2120000134;Matematik 4;7;..;..;..;3;..;..;..;4;..;..;..;
Rudbeck Introduktionsprogrammet och Löpargymnasiet;15832056;Sollentuna;0163;Kommunal;Sollentuna kommun;2120000134;Svenska 3;10;.;60,0;40,0;8;..;..;..;2;..;..;..;
Rudbeck Naturvetenskapsprogrammet;27704246;Sollentuna;0163;Kommunal;Sollentuna kommun;2120000134;Engelska 6;128;4,7;82,8;12,5;65;6,2;84,6;9,2;63;3,2;81,0;15,9;
Rudbeck Naturvetenskapsprogrammet;27704246;Sollentuna;0163;Kommunal;Sollentuna kommun;2120000134;Matematik 3C;23;4,3;78,3;17,4;14;..;..;..;9;..;..;..;
Rudbeck Naturvetenskapsprogrammet;27704246;Sollentuna;0163;Kommunal;Sollentuna kommun;2120000134;Matematik 4;81;1,2;81,5;17,3;41;.;80,5;19,5;40;2,5;82,5;15,0;
Rudbeck Naturvetenskapsprogrammet;27704246;Sollentuna;0163;Kommunal;Sollentuna kommun;2120000134;Svenska 3;124;3,2;46,8;50,0;64;3,1;51,6;45,3;60;3,3;41,7;55,0;
Rudbeck Naturvetenskapsprogrammet;27704246;Sollentuna;0163;Kommunal;Sollentuna kommun;2120000134;Svenska som andraspråk 3;17;.;64,7;35,3;10;..;..;..;7;..;..;..;
Rudbeck Samhällsvetenskapsprogrammet;57246966;Sollentuna;0163;Kommunal;Sollentuna kommun;2120000134;Engelska 6;135;11,1;74,8;14,1;90;8,9;73,3;17,8;45;15,6;77,8;6,7;
Rudbeck Samhällsvetenskapsprogrammet;57246966;Sollentuna;0163;Kommunal;Sollentuna kommun;2120000134;Matematik 2B;151;0,7;88,1;11,3;94;.;85,1;14,9;57;1,8;93,0;5,3;
Rudbeck Samhällsvetenskapsprogrammet;57246966;Sollentuna;0163;Kommunal;Sollentuna kommun;2120000134;Svenska 3;125;4,0;50,4;45,6;82;3,7;52,4;43,9;43;4,7;46,5;48,8;
Rudbeck Samhällsvetenskapsprogrammet;57246966;Sollentuna;0163;Kommunal;Sollentuna kommun;2120000134;Svenska som andraspråk 3;13;.;76,9;23,1;9;..;..;..;4;..;..;..;
Vård- och omsorgsgymnasiet Sollentuna AB;68649663;Sollentuna;0163;Enskild;Vård och omsorgsgymnasiet i Sollentuna AB;5592575061;Engelska 5;20;5,0;70,0;25,0;17;..;..;..;3;..;..;..;
Vård- och omsorgsgymnasiet Sollentuna AB;68649663;Sollentuna;0163;Enskild;Vård och omsorgsgymnasiet i Sollentuna AB;5592575061;Matematik 1A;7;..;..;..;7;..;..;..;.;.;.;.;
Vård- och omsorgsgymnasiet Sollentuna AB;68649663;Sollentuna;0163;Enskild;Vård och omsorgsgymnasiet i Sollentuna AB;5592575061;Svenska 1;7;..;..;..;5;..;..;..;2;..;..;..;
Vård- och omsorgsgymnasiet Sollentuna AB;68649663;Sollentuna;0163;Enskild;Vård och omsorgsgymnasiet i Sollentuna AB;5592575061;Svenska som andraspråk 1;8;..;..;..;7;..;..;..;1;..;..;..;
Yrkesgymnasiet Sollentuna;81997762;Sollentuna;0163;Enskild;Thorengruppen AB;5566139290;Engelska 5;34;38,2;50,0;11,8;15;40,0;40,0;20,0;19;36,8;57,9;5,3;
Yrkesgymnasiet Sollentuna;81997762;Sollentuna;0163;Enskild;Thorengruppen AB;5566139290;Engelska 6;2;..;..;..;2;..;..;..;.;.;.;.;
Yrkesgymnasiet Sollentuna;81997762;Sollentuna;0163;Enskild;Thorengruppen AB;5566139290;Matematik 1A;35;2,9;85,7;11,4;14;7,1;71,4;21,4;21;.;95,2;4,8;
Yrkesgymnasiet Sollentuna;81997762;Sollentuna;0163;Enskild;Thorengruppen AB;5566139290;Svenska 1;24;37,5;54,2;8,3;14;50,0;35,7;14,3;10;20,0;80,0;.;
Yrkesgymnasiet Sollentuna;81997762;Sollentuna;0163;Enskild;Thorengruppen AB;5566139290;Svenska som andraspråk 1;11;27,3;54,5;18,2;4;..;..;..;7;..;..;..;
Ingridskolan, gymnasiet;28967085;Solna;0184;Enskild;Ingridskolan AB;5566222013;Matematik 1B;5;..;..;..;5;..;..;..;.;.;.;.;
Ingridskolan, gymnasiet;28967085;Solna;0184;Enskild;Ingridskolan AB;5566222013;Matematik 4;1;..;..;..;1;..;..;..;.;.;.;.;
Johan Movingers Gymnasium;69747871;Solna;0184;Enskild;Johan Movingers Gymnasium;8024142781;Engelska 5;3;..;..;..;2;..;..;..;1;..;..;..;
Johan Movingers Gymnasium;69747871;Solna;0184;Enskild;Johan Movingers Gymnasium;8024142781;Engelska 6;16;.;62,5;37,5;8;..;..;..;8;..;..;..;
Johan Movingers Gymnasium;69747871;Solna;0184;Enskild;Johan Movingers Gymnasium;8024142781;Matematik 1A;5;..;..;..;4;..;..;..;1;..;..;..;
Johan Movingers Gymnasium;69747871;Solna;0184;Enskild;Johan Movingers Gymnasium;8024142781;Matematik 4;3;..;..;..;2;..;..;..;1;..;..;..;
Johan Movingers Gymnasium;69747871;Solna;0184;Enskild;Johan Movingers Gymnasium;8024142781;Svenska 1;2;..;..;..;1;..;..;..;1;..;..;..;
Johan Movingers Gymnasium;69747871;Solna;0184;Enskild;Johan Movingers Gymnasium;8024142781;Svenska 3;4;..;..;..;2;..;..;..;2;..;..;..;
Johan Movingers Gymnasium;69747871;Solna;0184;Enskild;Johan Movingers Gymnasium;8024142781;Svenska som andraspråk 1;1;..;..;..;1;..;..;..;.;.;.;.;
Johan Movingers Gymnasium;69747871;Solna;0184;Enskild;Johan Movingers Gymnasium;8024142781;Svenska som andraspråk 3;5;..;..;..;3;..;..;..;2;..;..;..;
LBS Kreativa Gymnasiet Stockholm Norra;18106851;Solna;0184;Enskild;Ljud & Bildskolan LBS AB;5564851649;Engelska 6;84;11,9;56,0;32,1;21;19,0;47,6;33,3;63;9,5;58,7;31,7;
LBS Kreativa Gymnasiet Stockholm Norra;18106851;Solna;0184;Enskild;Ljud & Bildskolan LBS AB;5564851649;Matematik 1B;49;.;61,2;38,8;18;.;77,8;22,2;31;.;51,6;48,4;
LBS Kreativa Gymnasiet Stockholm Norra;18106851;Solna;0184;Enskild;Ljud & Bildskolan LBS AB;5564851649;Matematik 3C;49;.;26,5;73,5;7;..;..;..;42;..;..;..;
LBS Kreativa Gymnasiet Stockholm Norra;18106851;Solna;0184;Enskild;Ljud & Bildskolan LBS AB;5564851649;Svenska 3;86;3,5;68,6;27,9;15;6,7;66,7;26,7;71;2,8;69,0;28,2;
LBS Kreativa Gymnasiet Stockholm Norra;18106851;Solna;0184;Enskild;Ljud & Bildskolan LBS AB;5564851649;Svenska som andraspråk 3;9;..;..;..;1;..;..;..;8;..;..;..;
NTI Vetenskapsgymnasiet Solna;71164175;Solna;0184;Enskild;NTI Gymnasiet Macro AB;5561203679;Engelska 6;31;6,5;90,3;3,2;5;..;..;..;26;..;..;..;
NTI Vetenskapsgymnasiet Solna;71164175;Solna;0184;Enskild;NTI Gymnasiet Macro AB;5561203679;Matematik 4;31;3,2;83,9;12,9;3;..;..;..;28;..;..;..;
NTI Vetenskapsgymnasiet Solna;71164175;Solna;0184;Enskild;NTI Gymnasiet Macro AB;5561203679;Svenska 3;19;21,1;78,9;.;4;..;..;..;15;..;..;..;
NTI Vetenskapsgymnasiet Solna;71164175;Solna;0184;Enskild;NTI Gymnasiet Macro AB;5561203679;Svenska som andraspråk 3;12;16,7;66,7;16,7;5;..;..;..;7;..;..;..;
ProCivitas Privata Gymnasium Karlberg;29733255;Solna;0184;Enskild;ProCivitas Privata Gymnasium AB;5566157102;Engelska 6;116;7,8;82,8;9,5;78;7,7;80,8;11,5;38;7,9;86,8;5,3;
ProCivitas Privata Gymnasium Karlberg;29733255;Solna;0184;Enskild;ProCivitas Privata Gymnasium AB;5566157102;Matematik 2B;66;.;72,7;27,3;44;.;68,2;31,8;22;.;81,8;18,2;
ProCivitas Privata Gymnasium Karlberg;29733255;Solna;0184;Enskild;ProCivitas Privata Gymnasium AB;5566157102;Matematik 3C;11;.;90,9;9,1;7;..;..;..;4;..;..;..;
ProCivitas Privata Gymnasium Karlberg;29733255;Solna;0184;Enskild;ProCivitas Privata Gymnasium AB;5566157102;Svenska 3;55;.;87,3;12,7;38;.;92,1;7,9;17;.;76,5;23,5;
ProCivitas Privata Gymnasium Karlberg;29733255;Solna;0184;Enskild;ProCivitas Privata Gymnasium AB;5566157102;Svenska som andraspråk 3;2;..;..;..;.;.;.;.;2;..;..;..;
Psykologigymnasiet;31151740;Solna;0184;Enskild;Psykologigymnasiet Sverige AB;5567295885;Engelska 6;31;.;16,1;83,9;23;..;..;..;8;..;..;..;
Psykologigymnasiet;31151740;Solna;0184;Enskild;Psykologigymnasiet Sverige AB;5567295885;Matematik 2B;35;.;17,1;82,9;25;.;20,0;80,0;10;.;10,0;90,0;
Psykologigymnasiet;31151740;Solna;0184;Enskild;Psykologigymnasiet Sverige AB;5567295885;Svenska 3;24;4,2;54,2;41,7;22;..;..;..;2;..;..;..;
Psykologigymnasiet;31151740;Solna;0184;Enskild;Psykologigymnasiet Sverige AB;5567295885;Svenska som andraspråk 3;6;..;..;..;5;..;..;..;1;..;..;..;
Solna Gymnasium;79346084;Solna;0184;Kommunal;Solna kommun;2120000183;Matematik 1A;56;.;98,2;1,8;7;..;..;..;49;..;..;..;
Solna Gymnasium;79346084;Solna;0184;Kommunal;Solna kommun;2120000183;Matematik 2B;31;.;96,8;3,2;21;.;95,2;4,8;10;.;100,0;.;
Solna Gymnasium;79346084;Solna;0184;Kommunal;Solna kommun;2120000183;Matematik 3B;31;.;80,6;19,4;8;..;..;..;23;..;..;..;
Solna Gymnasium;79346084;Solna;0184;Kommunal;Solna kommun;2120000183;Matematik 4;31;.;100,0;.;18;.;100,0;.;13;.;100,0;.;
Solna Gymnasium;79346084;Solna;0184;Kommunal;Solna kommun;2120000183;Svenska 3;27;7,4;74,1;18,5;12;8,3;91,7;.;15;6,7;60,0;33,3;
Tekniska Gymnasiet Solna;63837179;Solna;0184;Enskild;Tekniska Gymnasiet i Sverige AB;5568902653;Engelska 6;60;13,3;45,0;41,7;20;5,0;35,0;60,0;40;17,5;50,0;32,5;
Tekniska Gymnasiet Solna;63837179;Solna;0184;Enskild;Tekniska Gymnasiet i Sverige AB;5568902653;Matematik 2B;20;.;65,0;35,0;7;..;..;..;13;..;..;..;
Tekniska Gymnasiet Solna;63837179;Solna;0184;Enskild;Tekniska Gymnasiet i Sverige AB;5568902653;Matematik 3C;7;..;..;..;.;.;.;.;7;..;..;..;
Tekniska Gymnasiet Solna;63837179;Solna;0184;Enskild;Tekniska Gymnasiet i Sverige AB;5568902653;Matematik 4;27;.;33,3;66,7;10;.;40,0;60,0;17;.;29,4;70,6;
Tekniska Gymnasiet Solna;63837179;Solna;0184;Enskild;Tekniska Gymnasiet i Sverige AB;5568902653;Svenska 3;36;.;61,1;38,9;5;..;..;..;31;..;..;..;
Tekniska Gymnasiet Solna;63837179;Solna;0184;Enskild;Tekniska Gymnasiet i Sverige AB;5568902653;Svenska som andraspråk 3;19;.;73,7;26,3;5;..;..;..;14;..;..;..;
Yrkesgymnasiet Solna;63437833;Solna;0184;Enskild;Thorengruppen AB;5566139290;Engelska 5;25;4,0;52,0;44,0;15;.;60,0;40,0;10;10,0;40,0;50,0;
Yrkesgymnasiet Solna;63437833;Solna;0184;Enskild;Thorengruppen AB;5566139290;Engelska 6;6;..;..;..;4;..;..;..;2;..;..;..;
Yrkesgymnasiet Solna;63437833;Solna;0184;Enskild;Thorengruppen AB;5566139290;Matematik 1A;39;.;76,9;23,1;22;.;72,7;27,3;17;.;82,4;17,6;
Yrkesgymnasiet Solna;63437833;Solna;0184;Enskild;Thorengruppen AB;5566139290;Svenska 1;17;17,6;47,1;35,3;12;..;..;..;5;..;..;..;
Yrkesgymnasiet Solna;63437833;Solna;0184;Enskild;Thorengruppen AB;5566139290;Svenska som andraspråk 1;9;..;..;..;6;..;..;..;3;..;..;..;
Hvilangymnasiet;34222422;Staffanstorp;1230;Enskild;Hvilan Utbildning AB;5566066980;Engelska 5;12;16,7;66,7;16,7;8;..;..;..;4;..;..;..;
Hvilangymnasiet;34222422;Staffanstorp;1230;Enskild;Hvilan Utbildning AB;5566066980;Matematik 1A;15;.;53,3;46,7;10;..;..;..;5;..;..;..;
Hvilangymnasiet;34222422;Staffanstorp;1230;Enskild;Hvilan Utbildning AB;5566066980;Svenska 1;11;.;81,8;18,2;8;..;..;..;3;..;..;..;
Hvilangymnasiet;34222422;Staffanstorp;1230;Enskild;Hvilan Utbildning AB;5566066980;Svenska som andraspråk 1;2;..;..;..;.;.;.;.;2;..;..;..;
Nösnäsgymnasiet 1;42060237;Stenungsund;1415;Kommunal;Stenungsunds kommun;2120001298;Engelska 5;66;21,2;69,7;9,1;5;..;..;..;61;..;..;..;
Nösnäsgymnasiet 1;42060237;Stenungsund;1415;Kommunal;Stenungsunds kommun;2120001298;Engelska 6;2;..;..;..;2;..;..;..;.;.;.;.;
Nösnäsgymnasiet 1;42060237;Stenungsund;1415;Kommunal;Stenungsunds kommun;2120001298;Matematik 1A;53;.;71,7;28,3;10;.;40,0;60,0;43;.;79,1;20,9;
Nösnäsgymnasiet 1;42060237;Stenungsund;1415;Kommunal;Stenungsunds kommun;2120001298;Svenska 1;68;7,4;67,6;25,0;10;10,0;50,0;40,0;58;6,9;70,7;22,4;
Nösnäsgymnasiet 2;89816391;Stenungsund;1415;Kommunal;Stenungsunds kommun;2120001298;Engelska 5;28;10,7;85,7;3,6;21;..;..;..;7;..;..;..;
Nösnäsgymnasiet 2;89816391;Stenungsund;1415;Kommunal;Stenungsunds kommun;2120001298;Engelska 6;25;24,0;72,0;4,0;9;..;..;..;16;..;..;..;
Nösnäsgymnasiet 2;89816391;Stenungsund;1415;Kommunal;Stenungsunds kommun;2120001298;Matematik 1A;39;.;69,2;30,8;22;.;63,6;36,4;17;.;76,5;23,5;
Nösnäsgymnasiet 2;89816391;Stenungsund;1415;Kommunal;Stenungsunds kommun;2120001298;Matematik 2B;42;.;64,3;35,7;26;.;53,8;46,2;16;.;81,3;18,8;
Nösnäsgymnasiet 2;89816391;Stenungsund;1415;Kommunal;Stenungsunds kommun;2120001298;Matematik 3C;32;.;78,1;21,9;18;.;77,8;22,2;14;.;78,6;21,4;
Nösnäsgymnasiet 2;89816391;Stenungsund;1415;Kommunal;Stenungsunds kommun;2120001298;Matematik 4;21;.;61,9;38,1;10;.;50,0;50,0;11;.;72,7;27,3;
Nösnäsgymnasiet 2;89816391;Stenungsund;1415;Kommunal;Stenungsunds kommun;2120001298;Svenska 1;29;.;65,5;34,5;18;.;66,7;33,3;11;.;63,6;36,4;
Nösnäsgymnasiet 2;89816391;Stenungsund;1415;Kommunal;Stenungsunds kommun;2120001298;Svenska 3;40;17,5;27,5;55,0;30;16,7;30,0;53,3;10;20,0;20,0;60,0;
Nösnäsgymnasiet 2;89816391;Stenungsund;1415;Kommunal;Stenungsunds kommun;2120001298;Svenska som andraspråk 3;5;..;..;..;3;..;..;..;2;..;..;..;
Nösnäsgymnasiet 3;14448619;Stenungsund;1415;Kommunal;Stenungsunds kommun;2120001298;Engelska 5;34;17,6;82,4;.;22;9,1;90,9;.;12;33,3;66,7;.;
Nösnäsgymnasiet 3;14448619;Stenungsund;1415;Kommunal;Stenungsunds kommun;2120001298;Engelska 6;78;2,6;75,6;21,8;53;1,9;71,7;26,4;25;4,0;84,0;12,0;
Nösnäsgymnasiet 3;14448619;Stenungsund;1415;Kommunal;Stenungsunds kommun;2120001298;Matematik 1A;37;.;94,6;5,4;23;.;95,7;4,3;14;.;92,9;7,1;
Nösnäsgymnasiet 3;14448619;Stenungsund;1415;Kommunal;Stenungsunds kommun;2120001298;Matematik 2B;54;.;66,7;33,3;42;.;61,9;38,1;12;.;83,3;16,7;
Nösnäsgymnasiet 3;14448619;Stenungsund;1415;Kommunal;Stenungsunds kommun;2120001298;Matematik 3B;37;.;43,2;56,8;16;.;31,3;68,8;21;.;52,4;47,6;
Nösnäsgymnasiet 3;14448619;Stenungsund;1415;Kommunal;Stenungsunds kommun;2120001298;Svenska 1;30;3,3;86,7;10,0;20;5,0;85,0;10,0;10;.;90,0;10,0;
Nösnäsgymnasiet 3;14448619;Stenungsund;1415;Kommunal;Stenungsunds kommun;2120001298;Svenska 3;67;1,5;56,7;41,8;42;2,4;59,5;38,1;25;.;52,0;48,0;
Nösnäsgymnasiet 3;14448619;Stenungsund;1415;Kommunal;Stenungsunds kommun;2120001298;Svenska som andraspråk 3;3;..;..;..;1;..;..;..;2;..;..;..;
Nösnäsgymnasiet 4;12546590;Stenungsund;1415;Kommunal;Stenungsunds kommun;2120001298;Engelska 5;15;13,3;86,7;.;4;..;..;..;11;..;..;..;
Nösnäsgymnasiet 4;12546590;Stenungsund;1415;Kommunal;Stenungsunds kommun;2120001298;Engelska 6;82;19,5;74,4;6,1;20;10,0;80,0;10,0;62;22,6;72,6;4,8;
Nösnäsgymnasiet 4;12546590;Stenungsund;1415;Kommunal;Stenungsunds kommun;2120001298;Matematik 1A;14;.;92,9;7,1;3;..;..;..;11;..;..;..;
Nösnäsgymnasiet 4;12546590;Stenungsund;1415;Kommunal;Stenungsunds kommun;2120001298;Matematik 3C;38;.;71,1;28,9;14;.;71,4;28,6;24;.;70,8;29,2;
Nösnäsgymnasiet 4;12546590;Stenungsund;1415;Kommunal;Stenungsunds kommun;2120001298;Svenska 3;52;5,8;55,8;38,5;9;..;..;..;43;..;..;..;
Nösnäsgymnasiet 4;12546590;Stenungsund;1415;Kommunal;Stenungsunds kommun;2120001298;Svenska som andraspråk 3;3;..;..;..;2;..;..;..;1;..;..;..;
Amerikanska Gymnasiet Stockholm;16631623;Stockholm;0180;Enskild;Amerikanska Gymnasiet i Sverige AB;5590415591;Engelska 6;142;15,5;73,2;11,3;73;8,2;79,5;12,3;69;23,2;66,7;10,1;
Amerikanska Gymnasiet Stockholm;16631623;Stockholm;0180;Enskild;Amerikanska Gymnasiet i Sverige AB;5590415591;Matematik 2B;93;.;51,6;48,4;52;.;46,2;53,8;41;.;58,5;41,5;
Amerikanska Gymnasiet Stockholm;16631623;Stockholm;0180;Enskild;Amerikanska Gymnasiet i Sverige AB;5590415591;Matematik 3B;19;.;52,6;47,4;5;..;..;..;14;..;..;..;
Amerikanska Gymnasiet Stockholm;16631623;Stockholm;0180;Enskild;Amerikanska Gymnasiet i Sverige AB;5590415591;Matematik 4;14;.;57,1;42,9;11;..;..;..;3;..;..;..;
Amerikanska Gymnasiet Stockholm;16631623;Stockholm;0180;Enskild;Amerikanska Gymnasiet i Sverige AB;5590415591;Svenska 3;106;12,3;54,7;33,0;58;13,8;50,0;36,2;48;10,4;60,4;29,2;
Amerikanska Gymnasiet Stockholm;16631623;Stockholm;0180;Enskild;Amerikanska Gymnasiet i Sverige AB;5590415591;Svenska som andraspråk 3;17;.;76,5;23,5;6;..;..;..;11;..;..;..;
Anna Whitlocks gymnasium 54040574;54040574;Stockholm;0180;Kommunal;Stockholms kommun;2120000142;Engelska 6;637;4,7;80,8;14,4;422;3,3;80,3;16,4;215;7,4;81,9;10,7;
Anna Whitlocks gymnasium 54040574;54040574;Stockholm;0180;Kommunal;Stockholms kommun;2120000142;Matematik 1B;30;3,3;90,0;6,7;24;..;..;..;6;..;..;..;
Anna Whitlocks gymnasium 54040574;54040574;Stockholm;0180;Kommunal;Stockholms kommun;2120000142;Matematik 2B;308;0,3;46,4;53,2;229;0,4;48,0;51,5;79;.;41,8;58,2;
Anna Whitlocks gymnasium 54040574;54040574;Stockholm;0180;Kommunal;Stockholms kommun;2120000142;Matematik 3B;83;.;59,0;41,0;41;.;58,5;41,5;42;.;59,5;40,5;
Anna Whitlocks gymnasium 54040574;54040574;Stockholm;0180;Kommunal;Stockholms kommun;2120000142;Matematik 4;152;.;88,8;11,2;82;.;89,0;11,0;70;.;88,6;11,4;
Anna Whitlocks gymnasium 54040574;54040574;Stockholm;0180;Kommunal;Stockholms kommun;2120000142;Svenska 3;593;0,8;44,5;54,6;437;0,9;43,5;55,6;156;0,6;47,4;51,9;
Anna Whitlocks gymnasium 54040574;54040574;Stockholm;0180;Kommunal;Stockholms kommun;2120000142;Svenska som andraspråk 3;12;.;66,7;33,3;11;..;..;..;1;..;..;..;
Arena Academy Stockholm;35084976;Stockholm;0180;Enskild;Edinit AB;5563114445;Engelska 6;97;20,6;75,3;4,1;32;18,8;71,9;9,4;65;21,5;76,9;1,5;
Arena Academy Stockholm;35084976;Stockholm;0180;Enskild;Edinit AB;5563114445;Matematik 2B;18;.;55,6;44,4;8;..;..;..;10;..;..;..;
Arena Academy Stockholm;35084976;Stockholm;0180;Enskild;Edinit AB;5563114445;Matematik 3B;10;.;50,0;50,0;3;..;..;..;7;..;..;..;
Arena Academy Stockholm;35084976;Stockholm;0180;Enskild;Edinit AB;5563114445;Matematik 3C;22;.;95,5;4,5;.;.;.;.;22;..;..;..;
Arena Academy Stockholm;35084976;Stockholm;0180;Enskild;Edinit AB;5563114445;Matematik 4;26;.;65,4;34,6;15;.;66,7;33,3;11;.;63,6;36,4;
Arena Academy Stockholm;35084976;Stockholm;0180;Enskild;Edinit AB;5563114445;Svenska 3;49;8,2;46,9;44,9;16;6,3;50,0;43,8;33;9,1;45,5;45,5;
Arena Academy Stockholm;35084976;Stockholm;0180;Enskild;Edinit AB;5563114445;Svenska som andraspråk 3;44;.;45,5;54,5;24;.;45,8;54,2;20;.;45,0;55,0;
Bergstrands Gymnasium Stockholm;26298615;Stockholm;0180;Enskild;Bergstrands Gymnasium AB;5566753736;Engelska 5;43;2,3;76,7;20,9;3;..;..;..;40;..;..;..;
Bergstrands Gymnasium Stockholm;26298615;Stockholm;0180;Enskild;Bergstrands Gymnasium AB;5566753736;Matematik 1A;40;.;22,5;77,5;4;..;..;..;36;..;..;..;
Bergstrands Gymnasium Stockholm;26298615;Stockholm;0180;Enskild;Bergstrands Gymnasium AB;5566753736;Svenska 1;28;.;78,6;21,4;3;..;..;..;25;..;..;..;
Bergstrands Gymnasium Stockholm;26298615;Stockholm;0180;Enskild;Bergstrands Gymnasium AB;5566753736;Svenska som andraspråk 1;2;..;..;..;.;.;.;.;2;..;..;..;
Bernadottegymnasiet 77176811;77176811;Stockholm;0180;Kommunal;Stockholms kommun;2120000142;Engelska 6;125;4,0;84,0;12,0;63;3,2;85,7;11,1;62;4,8;82,3;12,9;
Bernadottegymnasiet 77176811;77176811;Stockholm;0180;Kommunal;Stockholms kommun;2120000142;Matematik 2B;117;1,7;77,8;20,5;59;1,7;79,7;18,6;58;1,7;75,9;22,4;
Bernadottegymnasiet 77176811;77176811;Stockholm;0180;Kommunal;Stockholms kommun;2120000142;Svenska 3;111;3,6;60,4;36,0;57;7,0;56,1;36,8;54;.;64,8;35,2;
Betty Petterssons gymnasium;29445330;Stockholm;0180;Kommunal;Stockholms kommun;2120000142;Engelska 6;68;32,4;66,2;1,5;25;12,0;84,0;4,0;43;44,2;55,8;.;
Betty Petterssons gymnasium;29445330;Stockholm;0180;Kommunal;Stockholms kommun;2120000142;Matematik 2B;35;.;94,3;5,7;17;.;100,0;.;18;.;88,9;11,1;
Birger Jarls Gymnasium Norra;70404319;Stockholm;0180;Enskild;Vasiliou Education AB;5568920218;Engelska 6;29;.;20,7;79,3;20;..;..;..;9;..;..;..;
Birger Jarls Gymnasium Norra;70404319;Stockholm;0180;Enskild;Vasiliou Education AB;5568920218;Matematik 2B;29;.;17,2;82,8;18;.;16,7;83,3;11;.;18,2;81,8;
Birger Jarls Gymnasium Norra;70404319;Stockholm;0180;Enskild;Vasiliou Education AB;5568920218;Matematik 3B;15;.;6,7;93,3;2;..;..;..;13;..;..;..;
Birger Jarls Gymnasium Norra;70404319;Stockholm;0180;Enskild;Vasiliou Education AB;5568920218;Svenska 3;24;4,2;33,3;62,5;17;..;..;..;7;..;..;..;
Birger Jarls Gymnasium Norra;70404319;Stockholm;0180;Enskild;Vasiliou Education AB;5568920218;Svenska som andraspråk 3;13;.;23,1;76,9;6;..;..;..;7;..;..;..;
Blackebergs gymnasium 85152591;85152591;Stockholm;0180;Kommunal;Stockholms kommun;2120000142;Engelska 6;197;8,1;84,3;7,6;94;5,3;86,2;8,5;103;10,7;82,5;6,8;
Blackebergs gymnasium 85152591;85152591;Stockholm;0180;Kommunal;Stockholms kommun;2120000142;Matematik 2B;63;.;81,0;19,0;52;.;78,8;21,2;11;.;90,9;9,1;
Blackebergs gymnasium 85152591;85152591;Stockholm;0180;Kommunal;Stockholms kommun;2120000142;Matematik 3B;97;.;85,6;14,4;48;.;87,5;12,5;49;.;83,7;16,3;
Blackebergs gymnasium 85152591;85152591;Stockholm;0180;Kommunal;Stockholms kommun;2120000142;Matematik 3C;31;.;93,5;6,5;22;..;..;..;9;..;..;..;
Blackebergs gymnasium 85152591;85152591;Stockholm;0180;Kommunal;Stockholms kommun;2120000142;Matematik 4;93;.;86,0;14,0;30;.;80,0;20,0;63;.;88,9;11,1;
Blackebergs gymnasium 85152591;85152591;Stockholm;0180;Kommunal;Stockholms kommun;2120000142;Svenska 3;261;3,4;74,7;21,8;124;3,2;77,4;19,4;137;3,6;72,3;24,1;
Blackebergs gymnasium 85152591;85152591;Stockholm;0180;Kommunal;Stockholms kommun;2120000142;Svenska som andraspråk 3;17;5,9;82,4;11,8;8;..;..;..;9;..;..;..;
Bromma gymnasium 54117171;54117171;Stockholm;0180;Kommunal;Stockholms kommun;2120000142;Engelska 6;357;2,0;80,7;17,4;117;1,7;75,2;23,1;240;2,1;83,3;14,6;
Bromma gymnasium 54117171;54117171;Stockholm;0180;Kommunal;Stockholms kommun;2120000142;Matematik 2B;141;.;76,6;23,4;55;.;70,9;29,1;86;.;80,2;19,8;
Bromma gymnasium 54117171;54117171;Stockholm;0180;Kommunal;Stockholms kommun;2120000142;Matematik 3B;125;.;72,8;27,2;37;.;75,7;24,3;88;.;71,6;28,4;
Bromma gymnasium 54117171;54117171;Stockholm;0180;Kommunal;Stockholms kommun;2120000142;Matematik 3C;21;.;76,2;23,8;.;.;.;.;21;..;..;..;
Bromma gymnasium 54117171;54117171;Stockholm;0180;Kommunal;Stockholms kommun;2120000142;Matematik 4;57;.;82,5;17,5;11;.;72,7;27,3;46;.;84,8;15,2;
Bromma gymnasium 54117171;54117171;Stockholm;0180;Kommunal;Stockholms kommun;2120000142;Svenska 3;346;6,1;62,4;31,5;128;2,3;60,9;36,7;218;8,3;63,3;28,4;
Bromma gymnasium 54117171;54117171;Stockholm;0180;Kommunal;Stockholms kommun;2120000142;Svenska som andraspråk 3;18;.;88,9;11,1;6;..;..;..;12;..;..;..;
Campus Manilla Gymnasium;48120273;Stockholm;0180;Enskild;Campus Manilla Utbildning AB;5568834765;Engelska 6;78;1,3;94,9;3,8;47;2,1;95,7;2,1;31;.;93,5;6,5;
Campus Manilla Gymnasium;48120273;Stockholm;0180;Enskild;Campus Manilla Utbildning AB;5568834765;Matematik 2B;28;.;89,3;10,7;20;..;..;..;8;..;..;..;
Campus Manilla Gymnasium;48120273;Stockholm;0180;Enskild;Campus Manilla Utbildning AB;5568834765;Matematik 3B;29;.;96,6;3,4;14;.;92,9;7,1;15;.;100,0;.;
Campus Manilla Gymnasium;48120273;Stockholm;0180;Enskild;Campus Manilla Utbildning AB;5568834765;Matematik 4;24;.;100,0;.;12;.;100,0;.;12;.;100,0;.;
Campus Manilla Gymnasium;48120273;Stockholm;0180;Enskild;Campus Manilla Utbildning AB;5568834765;Svenska 3;70;.;78,6;21,4;44;.;77,3;22,7;26;.;80,8;19,2;
Campus Manilla Gymnasium;48120273;Stockholm;0180;Enskild;Campus Manilla Utbildning AB;5568834765;Svenska som andraspråk 3;1;..;..;..;.;.;.;.;1;..;..;..;
Cybergymnasiet Stockholm;94167577;Stockholm;0180;Enskild;Cybergymnasiet Stockholm AB;5565547964;Engelska 5;32;34,4;56,3;9,4;16;18,8;75,0;6,3;16;50,0;37,5;12,5;
Cybergymnasiet Stockholm;94167577;Stockholm;0180;Enskild;Cybergymnasiet Stockholm AB;5565547964;Engelska 6;187;12,3;74,9;12,8;100;10,0;71,0;19,0;87;14,9;79,3;5,7;
Cybergymnasiet Stockholm;94167577;Stockholm;0180;Enskild;Cybergymnasiet Stockholm AB;5565547964;Matematik 1A;36;.;97,2;2,8;18;.;94,4;5,6;18;.;100,0;.;
Cybergymnasiet Stockholm;94167577;Stockholm;0180;Enskild;Cybergymnasiet Stockholm AB;5565547964;Matematik 1B;32;.;90,6;9,4;14;.;92,9;7,1;18;.;88,9;11,1;
Cybergymnasiet Stockholm;94167577;Stockholm;0180;Enskild;Cybergymnasiet Stockholm AB;5565547964;Matematik 2B;81;.;64,2;35,8;55;.;61,8;38,2;26;.;69,2;30,8;
Cybergymnasiet Stockholm;94167577;Stockholm;0180;Enskild;Cybergymnasiet Stockholm AB;5565547964;Matematik 3B;6;..;..;..;3;..;..;..;3;..;..;..;
Cybergymnasiet Stockholm;94167577;Stockholm;0180;Enskild;Cybergymnasiet Stockholm AB;5565547964;Matematik 3C;42;.;73,8;26,2;9;..;..;..;33;..;..;..;
Cybergymnasiet Stockholm;94167577;Stockholm;0180;Enskild;Cybergymnasiet Stockholm AB;5565547964;Svenska 1;23;4,3;34,8;60,9;18;..;..;..;5;..;..;..;
Cybergymnasiet Stockholm;94167577;Stockholm;0180;Enskild;Cybergymnasiet Stockholm AB;5565547964;Svenska 3;115;9,6;58,3;32,2;68;7,4;63,2;29,4;47;12,8;51,1;36,2;
Cybergymnasiet Stockholm;94167577;Stockholm;0180;Enskild;Cybergymnasiet Stockholm AB;5565547964;Svenska som andraspråk 1;9;..;..;..;2;..;..;..;7;..;..;..;
Cybergymnasiet Stockholm;94167577;Stockholm;0180;Enskild;Cybergymnasiet Stockholm AB;5565547964;Svenska som andraspråk 3;81;8,6;51,9;39,5;43;4,7;48,8;46,5;38;13,2;55,3;31,6;
Designgymnasiet Kungsholmen;27023528;Stockholm;0180;Enskild;Designgymnasiet i Sverige AB;5569320681;Engelska 5;27;18,5;63,0;18,5;10;.;50,0;50,0;17;29,4;70,6;.;
Designgymnasiet Kungsholmen;27023528;Stockholm;0180;Enskild;Designgymnasiet i Sverige AB;5569320681;Engelska 6;60;6,7;63,3;30,0;36;5,6;63,9;30,6;24;8,3;62,5;29,2;
Designgymnasiet Kungsholmen;27023528;Stockholm;0180;Enskild;Designgymnasiet i Sverige AB;5569320681;Matematik 1A;28;.;35,7;64,3;11;.;54,5;45,5;17;.;23,5;76,5;
Designgymnasiet Kungsholmen;27023528;Stockholm;0180;Enskild;Designgymnasiet i Sverige AB;5569320681;Matematik 1B;22;.;54,5;45,5;16;..;..;..;6;..;..;..;
Designgymnasiet Kungsholmen;27023528;Stockholm;0180;Enskild;Designgymnasiet i Sverige AB;5569320681;Matematik 3C;36;.;41,7;58,3;13;.;53,8;46,2;23;.;34,8;65,2;
Designgymnasiet Kungsholmen;27023528;Stockholm;0180;Enskild;Designgymnasiet i Sverige AB;5569320681;Svenska 1;20;.;70,0;30,0;8;..;..;..;12;..;..;..;
Designgymnasiet Kungsholmen;27023528;Stockholm;0180;Enskild;Designgymnasiet i Sverige AB;5569320681;Svenska 3;63;.;71,4;28,6;40;.;70,0;30,0;23;.;73,9;26,1;
Designgymnasiet Kungsholmen;27023528;Stockholm;0180;Enskild;Designgymnasiet i Sverige AB;5569320681;Svenska som andraspråk 1;5;..;..;..;3;..;..;..;2;..;..;..;
Designgymnasiet Kungsholmen;27023528;Stockholm;0180;Enskild;Designgymnasiet i Sverige AB;5569320681;Svenska som andraspråk 3;10;.;100,0;.;6;..;..;..;4;..;..;..;
Didaktus Liljeholmen;53903798;Stockholm;0180;Enskild;DBGY Manteln AB;5564732856;Engelska 5;20;30,0;50,0;20,0;16;..;..;..;4;..;..;..;
Didaktus Liljeholmen;53903798;Stockholm;0180;Enskild;DBGY Manteln AB;5564732856;Engelska 6;1;..;..;..;1;..;..;..;.;.;.;.;
Didaktus Liljeholmen;53903798;Stockholm;0180;Enskild;DBGY Manteln AB;5564732856;Matematik 1A;17;.;76,5;23,5;13;..;..;..;4;..;..;..;
Didaktus Liljeholmen;53903798;Stockholm;0180;Enskild;DBGY Manteln AB;5564732856;Svenska 1;13;.;23,1;76,9;12;..;..;..;1;..;..;..;
Didaktus Liljeholmen;53903798;Stockholm;0180;Enskild;DBGY Manteln AB;5564732856;Svenska 3;4;..;..;..;4;..;..;..;.;.;.;.;
Didaktus Liljeholmen;53903798;Stockholm;0180;Enskild;DBGY Manteln AB;5564732856;Svenska som andraspråk 1;3;..;..;..;2;..;..;..;1;..;..;..;
Didaktus Liljeholmen;53903798;Stockholm;0180;Enskild;DBGY Manteln AB;5564732856;Svenska som andraspråk 3;5;..;..;..;3;..;..;..;2;..;..;..;
Distra Gymnasium;85782695;Stockholm;0180;Enskild;Distra Utbildnings Center AB;5566064209;Engelska 5;33;6,1;81,8;12,1;7;..;..;..;26;..;..;..;
Distra Gymnasium;85782695;Stockholm;0180;Enskild;Distra Utbildnings Center AB;5566064209;Matematik 1A;40;.;87,5;12,5;10;.;90,0;10,0;30;.;86,7;13,3;
Distra Gymnasium;85782695;Stockholm;0180;Enskild;Distra Utbildnings Center AB;5566064209;Svenska 1;24;12,5;4,2;83,3;8;..;..;..;16;..;..;..;
Distra Gymnasium;85782695;Stockholm;0180;Enskild;Distra Utbildnings Center AB;5566064209;Svenska som andraspråk 1;7;..;..;..;.;.;.;.;7;..;..;..;
Djurgymnasiet Stockholm;98815582;Stockholm;0180;Enskild;Animallogos AB;5566205455;Engelska 5;103;11,7;76,7;11,7;87;10,3;78,2;11,5;16;18,8;68,8;12,5;
Djurgymnasiet Stockholm;98815582;Stockholm;0180;Enskild;Animallogos AB;5566205455;Matematik 1A;100;2,0;95,0;3,0;82;.;96,3;3,7;18;11,1;88,9;.;
Djurgymnasiet Stockholm;98815582;Stockholm;0180;Enskild;Animallogos AB;5566205455;Svenska 1;86;4,7;75,6;19,8;73;5,5;74,0;20,5;13;.;84,6;15,4;
Djurgymnasiet Stockholm;98815582;Stockholm;0180;Enskild;Animallogos AB;5566205455;Svenska som andraspråk 1;1;..;..;..;1;..;..;..;.;.;.;.;
Drottning Blankas Gymnasieskola Stockholm Södra;97770837;Stockholm;0180;Enskild;DBGY Kronan AB;5565668794;Engelska 5;51;3,9;66,7;29,4;42;..;..;..;9;..;..;..;
Drottning Blankas Gymnasieskola Stockholm Södra;97770837;Stockholm;0180;Enskild;DBGY Kronan AB;5565668794;Engelska 6;129;7,0;84,5;8,5;107;6,5;83,2;10,3;22;9,1;90,9;.;
Drottning Blankas Gymnasieskola Stockholm Södra;97770837;Stockholm;0180;Enskild;DBGY Kronan AB;5565668794;Matematik 1A;57;.;80,7;19,3;48;..;..;..;9;..;..;..;
Drottning Blankas Gymnasieskola Stockholm Södra;97770837;Stockholm;0180;Enskild;DBGY Kronan AB;5565668794;Matematik 2B;129;1,6;76,0;22,5;104;1,9;73,1;25,0;25;.;88,0;12,0;
Drottning Blankas Gymnasieskola Stockholm Södra;97770837;Stockholm;0180;Enskild;DBGY Kronan AB;5565668794;Svenska 1;44;4,5;45,5;50,0;39;..;..;..;5;..;..;..;
Drottning Blankas Gymnasieskola Stockholm Södra;97770837;Stockholm;0180;Enskild;DBGY Kronan AB;5565668794;Svenska 3;140;5,0;72,1;22,9;108;4,6;76,9;18,5;32;6,3;56,3;37,5;
Drottning Blankas Gymnasieskola Stockholm Södra;97770837;Stockholm;0180;Enskild;DBGY Kronan AB;5565668794;Svenska som andraspråk 1;10;.;60,0;40,0;8;..;..;..;2;..;..;..;
Drottning Blankas Gymnasieskola Stockholm Södra;97770837;Stockholm;0180;Enskild;DBGY Kronan AB;5565668794;Svenska som andraspråk 3;1;..;..;..;1;..;..;..;.;.;.;.;
Drottning Blankas Gymnasieskola Stockholm Vasastan;85516596;Stockholm;0180;Enskild;DBGY Juvelen AB;5565789129;Engelska 5;106;0,9;90,6;8,5;77;.;92,2;7,8;29;3,4;86,2;10,3;
Drottning Blankas Gymnasieskola Stockholm Vasastan;85516596;Stockholm;0180;Enskild;DBGY Juvelen AB;5565789129;Engelska 6;56;1,8;71,4;26,8;33;.;63,6;36,4;23;4,3;82,6;13,0;
Drottning Blankas Gymnasieskola Stockholm Vasastan;85516596;Stockholm;0180;Enskild;DBGY Juvelen AB;5565789129;Matematik 1A;112;.;54,5;45,5;80;.;52,5;47,5;32;.;59,4;40,6;
Drottning Blankas Gymnasieskola Stockholm Vasastan;85516596;Stockholm;0180;Enskild;DBGY Juvelen AB;5565789129;Matematik 2B;31;.;45,2;54,8;23;..;..;..;8;..;..;..;
Drottning Blankas Gymnasieskola Stockholm Vasastan;85516596;Stockholm;0180;Enskild;DBGY Juvelen AB;5565789129;Matematik 3B;21;.;85,7;14,3;10;.;90,0;10,0;11;.;81,8;18,2;
Drottning Blankas Gymnasieskola Stockholm Vasastan;85516596;Stockholm;0180;Enskild;DBGY Juvelen AB;5565789129;Svenska 1;100;.;63,0;37,0;73;.;61,6;38,4;27;.;66,7;33,3;
Drottning Blankas Gymnasieskola Stockholm Vasastan;85516596;Stockholm;0180;Enskild;DBGY Juvelen AB;5565789129;Svenska 3;48;4,2;60,4;35,4;25;4,0;56,0;40,0;23;4,3;65,2;30,4;
Drottning Blankas Gymnasieskola Stockholm Vasastan;85516596;Stockholm;0180;Enskild;DBGY Juvelen AB;5565789129;Svenska som andraspråk 1;3;..;..;..;.;.;.;.;3;..;..;..;
Elektrikergymnasiet;21312503;Stockholm;0180;Enskild;Stockholms El-utbildning AB;5566814801;Engelska 5;45;2,2;91,1;6,7;.;.;.;.;45;..;..;..;
Elektrikergymnasiet;21312503;Stockholm;0180;Enskild;Stockholms El-utbildning AB;5566814801;Matematik 1A;45;.;91,1;8,9;.;.;.;.;45;..;..;..;
Elektrikergymnasiet;21312503;Stockholm;0180;Enskild;Stockholms El-utbildning AB;5566814801;Svenska 1;27;3,7;63,0;33,3;.;.;.;.;27;..;..;..;
Enskilda gymnasiet, gy;69650864;Stockholm;0180;Enskild;Enskilda Gymnasiet;8020126531;Engelska 6;89;3,4;91,0;5,6;52;1,9;96,2;1,9;37;5,4;83,8;10,8;
Enskilda gymnasiet, gy;69650864;Stockholm;0180;Enskild;Enskilda Gymnasiet;8020126531;Matematik 2B;28;.;64,3;35,7;16;.;50,0;50,0;12;.;83,3;16,7;
Enskilda gymnasiet, gy;69650864;Stockholm;0180;Enskild;Enskilda Gymnasiet;8020126531;Svenska 3;88;6,8;80,7;12,5;51;5,9;78,4;15,7;37;8,1;83,8;8,1;
Enskilda gymnasiet, gy;69650864;Stockholm;0180;Enskild;Enskilda Gymnasiet;8020126531;Svenska som andraspråk 3;1;..;..;..;.;.;.;.;1;..;..;..;
ESS-gymnasiet 84286715;84286715;Stockholm;0180;Kommunal;Stockholms kommun;2120000142;Engelska 6;26;26,9;61,5;11,5;12;33,3;58,3;8,3;14;21,4;64,3;14,3;
ESS-gymnasiet 84286715;84286715;Stockholm;0180;Kommunal;Stockholms kommun;2120000142;Matematik 2B;23;.;26,1;73,9;11;.;9,1;90,9;12;.;41,7;58,3;
ESS-gymnasiet 84286715;84286715;Stockholm;0180;Kommunal;Stockholms kommun;2120000142;Svenska 3;26;7,7;7,7;84,6;9;..;..;..;17;..;..;..;
Franska Skolan/Ecole francaise Gymnasium;41938272;Stockholm;0180;Enskild;Stiftelsen Franska Skolan;8020061530;Engelska 6;75;18,7;64,0;17,3;37;16,2;64,9;18,9;38;21,1;63,2;15,8;
Franska Skolan/Ecole francaise Gymnasium;41938272;Stockholm;0180;Enskild;Stiftelsen Franska Skolan;8020061530;Matematik 2B;20;.;70,0;30,0;12;..;..;..;8;..;..;..;
Franska Skolan/Ecole francaise Gymnasium;41938272;Stockholm;0180;Enskild;Stiftelsen Franska Skolan;8020061530;Matematik 4;27;3,7;88,9;7,4;13;7,7;84,6;7,7;14;.;92,9;7,1;
Franska Skolan/Ecole francaise Gymnasium;41938272;Stockholm;0180;Enskild;Stiftelsen Franska Skolan;8020061530;Svenska 3;82;6,1;65,9;28,0;45;2,2;53,3;44,4;37;10,8;81,1;8,1;
Franska Skolan/Ecole francaise Gymnasium;41938272;Stockholm;0180;Enskild;Stiftelsen Franska Skolan;8020061530;Svenska som andraspråk 3;3;..;..;..;3;..;..;..;.;.;.;.;
Globala gymnasiet 76054399;76054399;Stockholm;0180;Kommunal;Stockholms kommun;2120000142;Engelska 6;159;15,7;72,3;11,9;93;14,0;75,3;10,8;66;18,2;68,2;13,6;
Globala gymnasiet 76054399;76054399;Stockholm;0180;Kommunal;Stockholms kommun;2120000142;Matematik 2B;59;1,7;74,6;23,7;39;.;74,4;25,6;20;5,0;75,0;20,0;
Globala gymnasiet 76054399;76054399;Stockholm;0180;Kommunal;Stockholms kommun;2120000142;Matematik 3B;27;.;70,4;29,6;9;..;..;..;18;..;..;..;
Globala gymnasiet 76054399;76054399;Stockholm;0180;Kommunal;Stockholms kommun;2120000142;Matematik 3C;29;3,4;93,1;3,4;18;5,6;88,9;5,6;11;.;100,0;.;
Globala gymnasiet 76054399;76054399;Stockholm;0180;Kommunal;Stockholms kommun;2120000142;Matematik 4;27;.;81,5;18,5;14;.;64,3;35,7;13;.;100,0;.;
Globala gymnasiet 76054399;76054399;Stockholm;0180;Kommunal;Stockholms kommun;2120000142;Svenska 3;149;2,0;49,0;49,0;87;2,3;55,2;42,5;62;1,6;40,3;58,1;
Globala gymnasiet 76054399;76054399;Stockholm;0180;Kommunal;Stockholms kommun;2120000142;Svenska som andraspråk 3;3;..;..;..;2;..;..;..;1;..;..;..;
Grillska Gymnasiet Kungsholmen;21627442;Stockholm;0180;Enskild;Stadsmissionens Skolstiftelse;8020170794;Engelska 5;44;4,5;84,1;11,4;23;4,3;87,0;8,7;21;4,8;81,0;14,3;
Grillska Gymnasiet Kungsholmen;21627442;Stockholm;0180;Enskild;Stadsmissionens Skolstiftelse;8020170794;Engelska 6;22;4,5;90,9;4,5;6;..;..;..;16;..;..;..;
Grillska Gymnasiet Kungsholmen;21627442;Stockholm;0180;Enskild;Stadsmissionens Skolstiftelse;8020170794;Matematik 1A;44;.;93,2;6,8;26;.;96,2;3,8;18;.;88,9;11,1;
Grillska Gymnasiet Kungsholmen;21627442;Stockholm;0180;Enskild;Stadsmissionens Skolstiftelse;8020170794;Matematik 3B;14;.;78,6;21,4;4;..;..;..;10;..;..;..;
Grillska Gymnasiet Kungsholmen;21627442;Stockholm;0180;Enskild;Stadsmissionens Skolstiftelse;8020170794;Svenska 1;13;.;84,6;15,4;6;..;..;..;7;..;..;..;
Grillska Gymnasiet Kungsholmen;21627442;Stockholm;0180;Enskild;Stadsmissionens Skolstiftelse;8020170794;Svenska 3;14;.;92,9;7,1;5;..;..;..;9;..;..;..;
Grillska Gymnasiet Kungsholmen;21627442;Stockholm;0180;Enskild;Stadsmissionens Skolstiftelse;8020170794;Svenska som andraspråk 1;6;..;..;..;3;..;..;..;3;..;..;..;
Grillska Gymnasiet Kungsholmen;21627442;Stockholm;0180;Enskild;Stadsmissionens Skolstiftelse;8020170794;Svenska som andraspråk 3;5;..;..;..;.;.;.;.;5;..;..;..;
Grillska Gymnasiet Liljeholmen;33132452;Stockholm;0180;Enskild;Stadsmissionens Skolstiftelse;8020170794;Engelska 5;32;3,1;56,3;40,6;8;..;..;..;24;..;..;..;
Grillska Gymnasiet Liljeholmen;33132452;Stockholm;0180;Enskild;Stadsmissionens Skolstiftelse;8020170794;Engelska 6;46;13,0;63,0;23,9;28;10,7;60,7;28,6;18;16,7;66,7;16,7;
Grillska Gymnasiet Liljeholmen;33132452;Stockholm;0180;Enskild;Stadsmissionens Skolstiftelse;8020170794;Matematik 1A;45;.;64,4;35,6;17;.;47,1;52,9;28;.;75,0;25,0;
Grillska Gymnasiet Liljeholmen;33132452;Stockholm;0180;Enskild;Stadsmissionens Skolstiftelse;8020170794;Matematik 2B;32;.;50,0;50,0;14;.;21,4;78,6;18;.;72,2;27,8;
Grillska Gymnasiet Liljeholmen;33132452;Stockholm;0180;Enskild;Stadsmissionens Skolstiftelse;8020170794;Svenska 1;19;.;31,6;68,4;8;..;..;..;11;..;..;..;
Grillska Gymnasiet Liljeholmen;33132452;Stockholm;0180;Enskild;Stadsmissionens Skolstiftelse;8020170794;Svenska 3;31;.;35,5;64,5;15;.;40,0;60,0;16;.;31,3;68,8;
Grillska Gymnasiet Liljeholmen;33132452;Stockholm;0180;Enskild;Stadsmissionens Skolstiftelse;8020170794;Svenska som andraspråk 3;9;..;..;..;5;..;..;..;4;..;..;..;
Internationella Engelska Gymnasiet Södermalm;77632411;Stockholm;0180;Enskild;Internationella Engelska Skolan i Sverige AB;5564624368;Engelska 6;150;2,7;81,3;16,0;86;2,3;76,7;20,9;64;3,1;87,5;9,4;
Internationella Engelska Gymnasiet Södermalm;77632411;Stockholm;0180;Enskild;Internationella Engelska Skolan i Sverige AB;5564624368;Matematik 1B;23;.;82,6;17,4;19;..;..;..;4;..;..;..;
Internationella Engelska Gymnasiet Södermalm;77632411;Stockholm;0180;Enskild;Internationella Engelska Skolan i Sverige AB;5564624368;Matematik 2B;32;.;78,1;21,9;19;.;73,7;26,3;13;.;84,6;15,4;
Internationella Engelska Gymnasiet Södermalm;77632411;Stockholm;0180;Enskild;Internationella Engelska Skolan i Sverige AB;5564624368;Matematik 4;57;.;75,4;24,6;30;.;70,0;30,0;27;.;81,5;18,5;
Internationella Engelska Gymnasiet Södermalm;77632411;Stockholm;0180;Enskild;Internationella Engelska Skolan i Sverige AB;5564624368;Svenska 3;77;10,4;83,1;6,5;44;6,8;84,1;9,1;33;15,2;81,8;3,0;
Internationella Engelska Gymnasiet Södermalm;77632411;Stockholm;0180;Enskild;Internationella Engelska Skolan i Sverige AB;5564624368;Svenska som andraspråk 3;80;1,3;83,8;15,0;54;1,9;79,6;18,5;26;.;92,3;7,7;
Internationella Hotell- och Restaurangskolan;56653353;Stockholm;0180;Enskild;Internationella hotell- och restaurangskolan IHR AB;5569828451;Engelska 5;65;27,7;52,3;20,0;26;15,4;57,7;26,9;39;35,9;48,7;15,4;
Internationella Hotell- och Restaurangskolan;56653353;Stockholm;0180;Enskild;Internationella hotell- och restaurangskolan IHR AB;5569828451;Engelska 6;24;.;58,3;41,7;20;..;..;..;4;..;..;..;
Internationella Hotell- och Restaurangskolan;56653353;Stockholm;0180;Enskild;Internationella hotell- och restaurangskolan IHR AB;5569828451;Matematik 1A;95;.;62,1;37,9;44;.;56,8;43,2;51;.;66,7;33,3;
Internationella Hotell- och Restaurangskolan;56653353;Stockholm;0180;Enskild;Internationella hotell- och restaurangskolan IHR AB;5569828451;Svenska 1;87;2,3;71,3;26,4;41;.;70,7;29,3;46;4,3;71,7;23,9;
Internationella Hotell- och Restaurangskolan;56653353;Stockholm;0180;Enskild;Internationella hotell- och restaurangskolan IHR AB;5569828451;Svenska som andraspråk 1;4;..;..;..;2;..;..;..;2;..;..;..;
JENSEN Gymnasium Gamla stan;97510495;Stockholm;0180;Enskild;Jensen Education College AB;5566358759;Engelska 5;25;4,0;76,0;20,0;12;.;83,3;16,7;13;7,7;69,2;23,1;
JENSEN Gymnasium Gamla stan;97510495;Stockholm;0180;Enskild;Jensen Education College AB;5566358759;Engelska 6;173;6,4;80,9;12,7;82;4,9;81,7;13,4;91;7,7;80,2;12,1;
JENSEN Gymnasium Gamla stan;97510495;Stockholm;0180;Enskild;Jensen Education College AB;5566358759;Matematik 1A;26;.;100,0;.;13;.;100,0;.;13;.;100,0;.;
JENSEN Gymnasium Gamla stan;97510495;Stockholm;0180;Enskild;Jensen Education College AB;5566358759;Matematik 2B;98;1,0;66,3;32,7;66;.;71,2;28,8;32;3,1;56,3;40,6;
JENSEN Gymnasium Gamla stan;97510495;Stockholm;0180;Enskild;Jensen Education College AB;5566358759;Matematik 3B;48;.;54,2;45,8;19;.;52,6;47,4;29;.;55,2;44,8;
JENSEN Gymnasium Gamla stan;97510495;Stockholm;0180;Enskild;Jensen Education College AB;5566358759;Matematik 4;31;.;90,3;9,7;14;.;78,6;21,4;17;.;100,0;.;
JENSEN Gymnasium Gamla stan;97510495;Stockholm;0180;Enskild;Jensen Education College AB;5566358759;Svenska 1;25;.;36,0;64,0;13;.;30,8;69,2;12;.;41,7;58,3;
JENSEN Gymnasium Gamla stan;97510495;Stockholm;0180;Enskild;Jensen Education College AB;5566358759;Svenska 3;170;.;65,9;34,1;105;.;61,9;38,1;65;.;72,3;27,7;
JENSEN Gymnasium Gamla stan;97510495;Stockholm;0180;Enskild;Jensen Education College AB;5566358759;Svenska som andraspråk 3;32;3,1;59,4;37,5;20;5,0;60,0;35,0;12;.;58,3;41,7;
JENSEN Gymnasium Norra;38195284;Stockholm;0180;Enskild;Jensen Education College AB;5566358759;Engelska 6;199;1,5;85,9;12,6;92;2,2;83,7;14,1;107;0,9;87,9;11,2;
JENSEN Gymnasium Norra;38195284;Stockholm;0180;Enskild;Jensen Education College AB;5566358759;Matematik 2B;67;.;43,3;56,7;42;.;45,2;54,8;25;.;40,0;60,0;
JENSEN Gymnasium Norra;38195284;Stockholm;0180;Enskild;Jensen Education College AB;5566358759;Matematik 3B;46;.;34,8;65,2;18;.;16,7;83,3;28;.;46,4;53,6;
JENSEN Gymnasium Norra;38195284;Stockholm;0180;Enskild;Jensen Education College AB;5566358759;Matematik 3C;24;.;66,7;33,3;1;..;..;..;23;..;..;..;
JENSEN Gymnasium Norra;38195284;Stockholm;0180;Enskild;Jensen Education College AB;5566358759;Matematik 4;28;.;46,4;53,6;16;.;43,8;56,3;12;.;50,0;50,0;
JENSEN Gymnasium Norra;38195284;Stockholm;0180;Enskild;Jensen Education College AB;5566358759;Svenska 3;171;1,2;69,6;29,2;105;1,9;66,7;31,4;66;.;74,2;25,8;
JENSEN Gymnasium Norra;38195284;Stockholm;0180;Enskild;Jensen Education College AB;5566358759;Svenska som andraspråk 3;42;11,9;47,6;40,5;25;12,0;44,0;44,0;17;11,8;52,9;35,3;
KLARA Teoretiska Gymnasium Stockholm Norra;73812226;Stockholm;0180;Enskild;KLARA Gymnasium Lärande AB;5565583282;Engelska 6;172;11,6;68,6;19,8;98;9,2;71,4;19,4;74;14,9;64,9;20,3;
KLARA Teoretiska Gymnasium Stockholm Norra;73812226;Stockholm;0180;Enskild;KLARA Gymnasium Lärande AB;5565583282;Matematik 2B;87;.;57,5;42,5;62;.;56,5;43,5;25;.;60,0;40,0;
KLARA Teoretiska Gymnasium Stockholm Norra;73812226;Stockholm;0180;Enskild;KLARA Gymnasium Lärande AB;5565583282;Matematik 3B;30;.;66,7;33,3;13;.;46,2;53,8;17;.;82,4;17,6;
KLARA Teoretiska Gymnasium Stockholm Norra;73812226;Stockholm;0180;Enskild;KLARA Gymnasium Lärande AB;5565583282;Matematik 4;23;.;100,0;.;14;..;..;..;9;..;..;..;
KLARA Teoretiska Gymnasium Stockholm Norra;73812226;Stockholm;0180;Enskild;KLARA Gymnasium Lärande AB;5565583282;Svenska 3;103;7,8;73,8;18,4;62;4,8;77,4;17,7;41;12,2;68,3;19,5;
KLARA Teoretiska Gymnasium Stockholm Norra;73812226;Stockholm;0180;Enskild;KLARA Gymnasium Lärande AB;5565583282;Svenska som andraspråk 3;54;5,6;81,5;13,0;33;9,1;78,8;12,1;21;.;85,7;14,3;
KLARA Teoretiska Gymnasium Stockholm Södra;94717858;Stockholm;0180;Enskild;KLARA Gymnasium Kunskap AB;5566303938;Engelska 6;178;1,7;87,1;11,2;87;1,1;85,1;13,8;91;2,2;89,0;8,8;
KLARA Teoretiska Gymnasium Stockholm Södra;94717858;Stockholm;0180;Enskild;KLARA Gymnasium Kunskap AB;5566303938;Matematik 2B;113;.;92,0;8,0;63;.;88,9;11,1;50;.;96,0;4,0;
KLARA Teoretiska Gymnasium Stockholm Södra;94717858;Stockholm;0180;Enskild;KLARA Gymnasium Kunskap AB;5566303938;Matematik 3C;13;7,7;92,3;.;.;.;.;.;13;..;..;..;
KLARA Teoretiska Gymnasium Stockholm Södra;94717858;Stockholm;0180;Enskild;KLARA Gymnasium Kunskap AB;5566303938;Matematik 4;45;.;91,1;8,9;12;.;91,7;8,3;33;.;90,9;9,1;
KLARA Teoretiska Gymnasium Stockholm Södra;94717858;Stockholm;0180;Enskild;KLARA Gymnasium Kunskap AB;5566303938;Svenska 3;146;0,7;58,9;40,4;65;1,5;49,2;49,2;81;.;66,7;33,3;
KLARA Teoretiska Gymnasium Stockholm Södra;94717858;Stockholm;0180;Enskild;KLARA Gymnasium Kunskap AB;5566303938;Svenska som andraspråk 3;2;..;..;..;.;.;.;.;2;..;..;..;
KLARA Teoretiska Gymnasium Stockholm Östra;17911161;Stockholm;0180;Enskild;KLARA Gymnasium Bildning AB;5565286696;Engelska 6;119;25,2;59,7;15,1;76;21,1;60,5;18,4;43;32,6;58,1;9,3;
KLARA Teoretiska Gymnasium Stockholm Östra;17911161;Stockholm;0180;Enskild;KLARA Gymnasium Bildning AB;5565286696;Matematik 2B;81;.;34,6;65,4;56;.;39,3;60,7;25;.;24,0;76,0;
KLARA Teoretiska Gymnasium Stockholm Östra;17911161;Stockholm;0180;Enskild;KLARA Gymnasium Bildning AB;5565286696;Matematik 3B;18;.;5,6;94,4;9;..;..;..;9;..;..;..;
KLARA Teoretiska Gymnasium Stockholm Östra;17911161;Stockholm;0180;Enskild;KLARA Gymnasium Bildning AB;5565286696;Matematik 4;8;..;..;..;8;..;..;..;.;.;.;.;
KLARA Teoretiska Gymnasium Stockholm Östra;17911161;Stockholm;0180;Enskild;KLARA Gymnasium Bildning AB;5565286696;Svenska 3;62;6,5;58,1;35,5;38;2,6;52,6;44,7;24;12,5;66,7;20,8;
KLARA Teoretiska Gymnasium Stockholm Östra;17911161;Stockholm;0180;Enskild;KLARA Gymnasium Bildning AB;5565286696;Svenska som andraspråk 3;30;16,7;30,0;53,3;25;..;..;..;5;..;..;..;
Kristofferskolan, gy;53760158;Stockholm;0180;Enskild;Stiftelsen Kristofferskolan;8020018720;Engelska 6;50;8,0;80,0;12,0;29;13,8;72,4;13,8;21;.;90,5;9,5;
Kristofferskolan, gy;53760158;Stockholm;0180;Enskild;Stiftelsen Kristofferskolan;8020018720;Matematik 1B;13;.;84,6;15,4;11;..;..;..;2;..;..;..;
Kristofferskolan, gy;53760158;Stockholm;0180;Enskild;Stiftelsen Kristofferskolan;8020018720;Matematik 2B;19;.;42,1;57,9;11;..;..;..;8;..;..;..;
Kristofferskolan, gy;53760158;Stockholm;0180;Enskild;Stiftelsen Kristofferskolan;8020018720;Svenska 3;51;5,9;66,7;27,5;34;5,9;64,7;29,4;17;5,9;70,6;23,5;
Kulturama gymnasium;78422467;Stockholm;0180;Enskild;Medborgarskolan Stockholmsregionen;8020060524;Engelska 6;150;17,3;77,3;5,3;114;15,8;77,2;7,0;36;22,2;77,8;.;
Kulturama gymnasium;78422467;Stockholm;0180;Enskild;Medborgarskolan Stockholmsregionen;8020060524;Matematik 1B;183;0,5;85,8;13,7;137;.;86,1;13,9;46;2,2;84,8;13,0;
Kulturama gymnasium;78422467;Stockholm;0180;Enskild;Medborgarskolan Stockholmsregionen;8020060524;Svenska 3;126;6,3;64,3;29,4;91;8,8;63,7;27,5;35;.;65,7;34,3;
Kulturama gymnasium;78422467;Stockholm;0180;Enskild;Medborgarskolan Stockholmsregionen;8020060524;Svenska som andraspråk 3;1;..;..;..;.;.;.;.;1;..;..;..;
Kulturama Gymnasium Natur;37802196;Stockholm;0180;Enskild;Medborgarskolan Stockholmsregionen;8020060524;Engelska 6;20;15,0;75,0;10,0;17;..;..;..;3;..;..;..;
Kulturama Gymnasium Natur;37802196;Stockholm;0180;Enskild;Medborgarskolan Stockholmsregionen;8020060524;Svenska 3;17;5,9;47,1;47,1;14;..;..;..;3;..;..;..;
Kungl. Svenska Balettskolan gy 38683336;38683336;Stockholm;0180;Kommunal;Stockholms kommun;2120000142;Engelska 5;12;.;83,3;16,7;11;..;..;..;1;..;..;..;
Kungl. Svenska Balettskolan gy 38683336;38683336;Stockholm;0180;Kommunal;Stockholms kommun;2120000142;Matematik 1A;12;.;91,7;8,3;11;..;..;..;1;..;..;..;
Kungl. Svenska Balettskolan gy 38683336;38683336;Stockholm;0180;Kommunal;Stockholms kommun;2120000142;Svenska 1;10;.;90,0;10,0;9;..;..;..;1;..;..;..;
Kungsh gy/Sthlms Musikgy 74812809;74812809;Stockholm;0180;Kommunal;Stockholms kommun;2120000142;Engelska 6;314;6,7;89,2;4,1;200;5,0;89,0;6,0;114;9,6;89,5;0,9;
Kungsh gy/Sthlms Musikgy 74812809;74812809;Stockholm;0180;Kommunal;Stockholms kommun;2120000142;Matematik 1B;31;.;83,9;16,1;24;..;..;..;7;..;..;..;
Kungsh gy/Sthlms Musikgy 74812809;74812809;Stockholm;0180;Kommunal;Stockholms kommun;2120000142;Matematik 2B;111;.;73,0;27,0;84;.;71,4;28,6;27;.;77,8;22,2;
Kungsh gy/Sthlms Musikgy 74812809;74812809;Stockholm;0180;Kommunal;Stockholms kommun;2120000142;Matematik 3B;31;.;80,6;19,4;22;..;..;..;9;..;..;..;
Kungsh gy/Sthlms Musikgy 74812809;74812809;Stockholm;0180;Kommunal;Stockholms kommun;2120000142;Matematik 4;56;.;89,3;10,7;36;.;86,1;13,9;20;.;95,0;5,0;
Kungsh gy/Sthlms Musikgy 74812809;74812809;Stockholm;0180;Kommunal;Stockholms kommun;2120000142;Svenska 3;238;5,5;68,1;26,5;165;6,7;66,7;26,7;73;2,7;71,2;26,0;
Kungsh gy/Sthlms Musikgy 74812809;74812809;Stockholm;0180;Kommunal;Stockholms kommun;2120000142;Svenska som andraspråk 3;38;5,3;78,9;15,8;23;4,3;78,3;17,4;15;6,7;80,0;13,3;
Kungsholmens Västra Gymnasium 95618280;95618280;Stockholm;0180;Kommunal;Stockholms kommun;2120000142;Engelska 5;42;2,4;52,4;45,2;41;..;..;..;1;..;..;..;
Kungsholmens Västra Gymnasium 95618280;95618280;Stockholm;0180;Kommunal;Stockholms kommun;2120000142;Engelska 6;238;16,4;66,0;17,6;167;13,8;66,5;19,8;71;22,5;64,8;12,7;
Kungsholmens Västra Gymnasium 95618280;95618280;Stockholm;0180;Kommunal;Stockholms kommun;2120000142;Matematik 1A;50;.;84,0;16,0;48;..;..;..;2;..;..;..;
Kungsholmens Västra Gymnasium 95618280;95618280;Stockholm;0180;Kommunal;Stockholms kommun;2120000142;Matematik 2B;156;.;50,6;49,4;120;.;47,5;52,5;36;.;61,1;38,9;
Kungsholmens Västra Gymnasium 95618280;95618280;Stockholm;0180;Kommunal;Stockholms kommun;2120000142;Matematik 3B;23;.;65,2;34,8;7;..;..;..;16;..;..;..;
Kungsholmens Västra Gymnasium 95618280;95618280;Stockholm;0180;Kommunal;Stockholms kommun;2120000142;Matematik 4;50;.;58,0;42,0;22;.;68,2;31,8;28;.;50,0;50,0;
Kungsholmens Västra Gymnasium 95618280;95618280;Stockholm;0180;Kommunal;Stockholms kommun;2120000142;Svenska 1;33;6,1;72,7;21,2;31;..;..;..;2;..;..;..;
Kungsholmens Västra Gymnasium 95618280;95618280;Stockholm;0180;Kommunal;Stockholms kommun;2120000142;Svenska 3;178;5,1;62,9;32,0;107;6,5;56,1;37,4;71;2,8;73,2;23,9;
Kungsholmens Västra Gymnasium 95618280;95618280;Stockholm;0180;Kommunal;Stockholms kommun;2120000142;Svenska som andraspråk 1;18;16,7;44,4;38,9;18;..;..;..;.;.;.;.;
Kungsholmens Västra Gymnasium 95618280;95618280;Stockholm;0180;Kommunal;Stockholms kommun;2120000142;Svenska som andraspråk 3;56;1,8;76,8;21,4;37;2,7;70,3;27,0;19;.;89,5;10,5;
Kungstensgymnasiet;75075402;Stockholm;0180;Enskild;Folkuniversitetet Stift Kursverksamheten vid Stockholms Universitet;8020064096;Engelska 6;129;14,0;65,9;20,2;97;13,4;66,0;20,6;32;15,6;65,6;18,8;
Kungstensgymnasiet;75075402;Stockholm;0180;Enskild;Folkuniversitetet Stift Kursverksamheten vid Stockholms Universitet;8020064096;Matematik 1B;43;.;93,0;7,0;27;.;92,6;7,4;16;.;93,8;6,3;
Kungstensgymnasiet;75075402;Stockholm;0180;Enskild;Folkuniversitetet Stift Kursverksamheten vid Stockholms Universitet;8020064096;Matematik 2B;60;.;55,0;45,0;49;.;49,0;51,0;11;.;81,8;18,2;
Kungstensgymnasiet;75075402;Stockholm;0180;Enskild;Folkuniversitetet Stift Kursverksamheten vid Stockholms Universitet;8020064096;Matematik 3B;26;3,8;92,3;3,8;16;.;93,8;6,3;10;10,0;90,0;.;
Kungstensgymnasiet;75075402;Stockholm;0180;Enskild;Folkuniversitetet Stift Kursverksamheten vid Stockholms Universitet;8020064096;Svenska 3;150;12,7;59,3;28,0;105;6,7;62,9;30,5;45;26,7;51,1;22,2;
Kungstensgymnasiet;75075402;Stockholm;0180;Enskild;Folkuniversitetet Stift Kursverksamheten vid Stockholms Universitet;8020064096;Svenska som andraspråk 3;2;..;..;..;2;..;..;..;.;.;.;.;
Kunskapsgymnasiet Globen;26326048;Stockholm;0180;Enskild;Kunskapsskolan i Sverige Aktiebolag;5565661815;Engelska 5;13;15,4;61,5;23,1;9;..;..;..;4;..;..;..;
Kunskapsgymnasiet Globen;26326048;Stockholm;0180;Enskild;Kunskapsskolan i Sverige Aktiebolag;5565661815;Engelska 6;114;13,2;79,8;7,0;65;12,3;75,4;12,3;49;14,3;85,7;.;
Kunskapsgymnasiet Globen;26326048;Stockholm;0180;Enskild;Kunskapsskolan i Sverige Aktiebolag;5565661815;Matematik 1A;14;.;14,3;85,7;10;..;..;..;4;..;..;..;
Kunskapsgymnasiet Globen;26326048;Stockholm;0180;Enskild;Kunskapsskolan i Sverige Aktiebolag;5565661815;Matematik 2B;76;.;39,5;60,5;46;.;41,3;58,7;30;.;36,7;63,3;
Kunskapsgymnasiet Globen;26326048;Stockholm;0180;Enskild;Kunskapsskolan i Sverige Aktiebolag;5565661815;Matematik 3B;24;.;54,2;45,8;2;..;..;..;22;..;..;..;
Kunskapsgymnasiet Globen;26326048;Stockholm;0180;Enskild;Kunskapsskolan i Sverige Aktiebolag;5565661815;Svenska 1;5;..;..;..;4;..;..;..;1;..;..;..;
Kunskapsgymnasiet Globen;26326048;Stockholm;0180;Enskild;Kunskapsskolan i Sverige Aktiebolag;5565661815;Svenska 3;85;2,4;42,4;55,3;32;3,1;53,1;43,8;53;1,9;35,8;62,3;
Kunskapsgymnasiet Globen;26326048;Stockholm;0180;Enskild;Kunskapsskolan i Sverige Aktiebolag;5565661815;Svenska som andraspråk 1;9;..;..;..;6;..;..;..;3;..;..;..;
Kunskapsgymnasiet Globen;26326048;Stockholm;0180;Enskild;Kunskapsskolan i Sverige Aktiebolag;5565661815;Svenska som andraspråk 3;26;.;38,5;61,5;16;.;50,0;50,0;10;.;20,0;80,0;
Kunskapsgymnasiet Liljeholmen;49068301;Stockholm;0180;Enskild;Kunskapsskolan i Sverige Aktiebolag;5565661815;Engelska 6;55;3,6;56,4;40,0;31;6,5;61,3;32,3;24;.;50,0;50,0;
Kunskapsgymnasiet Liljeholmen;49068301;Stockholm;0180;Enskild;Kunskapsskolan i Sverige Aktiebolag;5565661815;Matematik 2B;48;.;91,7;8,3;32;.;90,6;9,4;16;.;93,8;6,3;
Kunskapsgymnasiet Liljeholmen;49068301;Stockholm;0180;Enskild;Kunskapsskolan i Sverige Aktiebolag;5565661815;Matematik 3C;8;..;..;..;1;..;..;..;7;..;..;..;
Kunskapsgymnasiet Liljeholmen;49068301;Stockholm;0180;Enskild;Kunskapsskolan i Sverige Aktiebolag;5565661815;Svenska 3;47;.;34,0;66,0;25;.;32,0;68,0;22;.;36,4;63,6;
Kunskapsgymnasiet Liljeholmen;49068301;Stockholm;0180;Enskild;Kunskapsskolan i Sverige Aktiebolag;5565661815;Svenska som andraspråk 3;27;3,7;22,2;74,1;11;.;36,4;63,6;16;6,3;12,5;81,3;
Kärrtorps gymnasium 37839488;37839488;Stockholm;0180;Kommunal;Stockholms kommun;2120000142;Engelska 5;3;..;..;..;1;..;..;..;2;..;..;..;
Kärrtorps gymnasium 37839488;37839488;Stockholm;0180;Kommunal;Stockholms kommun;2120000142;Engelska 6;49;24,5;61,2;14,3;37;24,3;64,9;10,8;12;25,0;50,0;25,0;
Kärrtorps gymnasium 37839488;37839488;Stockholm;0180;Kommunal;Stockholms kommun;2120000142;Matematik 2B;23;.;87,0;13,0;17;..;..;..;6;..;..;..;
Kärrtorps gymnasium 37839488;37839488;Stockholm;0180;Kommunal;Stockholms kommun;2120000142;Matematik 3B;8;..;..;..;4;..;..;..;4;..;..;..;
Kärrtorps gymnasium 37839488;37839488;Stockholm;0180;Kommunal;Stockholms kommun;2120000142;Svenska 1;3;..;..;..;.;.;.;.;3;..;..;..;
Kärrtorps gymnasium 37839488;37839488;Stockholm;0180;Kommunal;Stockholms kommun;2120000142;Svenska 3;12;16,7;58,3;25,0;5;..;..;..;7;..;..;..;
Kärrtorps gymnasium 37839488;37839488;Stockholm;0180;Kommunal;Stockholms kommun;2120000142;Svenska som andraspråk 3;21;9,5;81,0;9,5;14;..;..;..;7;..;..;..;
LBS Kreativa Gymnasiet Stockholm Södra;46256929;Stockholm;0180;Enskild;Ljud & Bildskolan LBS AB;5564851649;Engelska 6;164;3,0;90,2;6,7;60;3,3;95,0;1,7;104;2,9;87,5;9,6;
LBS Kreativa Gymnasiet Stockholm Södra;46256929;Stockholm;0180;Enskild;Ljud & Bildskolan LBS AB;5564851649;Matematik 1B;74;.;83,8;16,2;43;.;83,7;16,3;31;.;83,9;16,1;
LBS Kreativa Gymnasiet Stockholm Södra;46256929;Stockholm;0180;Enskild;Ljud & Bildskolan LBS AB;5564851649;Matematik 3C;87;.;92,0;8,0;5;..;..;..;82;..;..;..;
LBS Kreativa Gymnasiet Stockholm Södra;46256929;Stockholm;0180;Enskild;Ljud & Bildskolan LBS AB;5564851649;Svenska 3;120;0,8;82,5;16,7;46;2,2;89,1;8,7;74;.;78,4;21,6;
LBS Kreativa Gymnasiet Stockholm Södra;46256929;Stockholm;0180;Enskild;Ljud & Bildskolan LBS AB;5564851649;Svenska som andraspråk 3;12;8,3;83,3;8,3;2;..;..;..;10;..;..;..;
Lilla Akademiens Musikgymn.;83374651;Stockholm;0180;Enskild;Musikskolan Lilla Akademien AB;5565510756;Engelska 6;33;.;90,9;9,1;12;.;83,3;16,7;21;.;95,2;4,8;
Lilla Akademiens Musikgymn.;83374651;Stockholm;0180;Enskild;Musikskolan Lilla Akademien AB;5565510756;Svenska 3;40;5,0;72,5;22,5;20;.;85,0;15,0;20;10,0;60,0;30,0;
Lilla Akademiens Musikgymn.;83374651;Stockholm;0180;Enskild;Musikskolan Lilla Akademien AB;5565510756;Svenska som andraspråk 3;2;..;..;..;2;..;..;..;.;.;.;.;
Lycée Francais Saint Louis, gy;59796774;Stockholm;0180;Enskild;Lycée Francais Saint-Louis;9020041852;Matematik 4;6;..;..;..;5;..;..;..;1;..;..;..;
Magelungens Gymnasium Liljeholmen;56942970;Stockholm;0180;Enskild;Magelungen Utveckling AB;5564891447;Engelska 5;16;.;81,3;18,8;3;..;..;..;13;..;..;..;
Magelungens Gymnasium Liljeholmen;56942970;Stockholm;0180;Enskild;Magelungen Utveckling AB;5564891447;Matematik 1A;17;.;76,5;23,5;5;..;..;..;12;..;..;..;
Magelungens Gymnasium Liljeholmen;56942970;Stockholm;0180;Enskild;Magelungen Utveckling AB;5564891447;Svenska 1;15;.;26,7;73,3;3;..;..;..;12;..;..;..;
Magelungens gymnasium Södermalm;24147242;Stockholm;0180;Enskild;Magelungen Utveckling AB;5564891447;Engelska 6;13;7,7;61,5;30,8;8;..;..;..;5;..;..;..;
Magelungens gymnasium Södermalm;24147242;Stockholm;0180;Enskild;Magelungen Utveckling AB;5564891447;Matematik 2B;7;..;..;..;3;..;..;..;4;..;..;..;
Magelungens gymnasium Södermalm;24147242;Stockholm;0180;Enskild;Magelungen Utveckling AB;5564891447;Svenska 3;6;..;..;..;2;..;..;..;4;..;..;..;
Midsommarkransens gy 17675502;17675502;Stockholm;0180;Kommunal;Stockholms kommun;2120000142;Engelska 5;34;47,1;50,0;2,9;16;31,3;62,5;6,3;18;61,1;38,9;.;
Midsommarkransens gy 17675502;17675502;Stockholm;0180;Kommunal;Stockholms kommun;2120000142;Engelska 6;103;8,7;75,7;15,5;55;5,5;83,6;10,9;48;12,5;66,7;20,8;
Midsommarkransens gy 17675502;17675502;Stockholm;0180;Kommunal;Stockholms kommun;2120000142;Matematik 1A;40;.;47,5;52,5;20;.;35,0;65,0;20;.;60,0;40,0;
Midsommarkransens gy 17675502;17675502;Stockholm;0180;Kommunal;Stockholms kommun;2120000142;Matematik 2B;60;.;85,0;15,0;23;.;87,0;13,0;37;.;83,8;16,2;
Midsommarkransens gy 17675502;17675502;Stockholm;0180;Kommunal;Stockholms kommun;2120000142;Svenska 1;31;.;80,6;19,4;16;.;75,0;25,0;15;.;86,7;13,3;
Midsommarkransens gy 17675502;17675502;Stockholm;0180;Kommunal;Stockholms kommun;2120000142;Svenska 3;86;7,0;53,5;39,5;38;10,5;50,0;39,5;48;4,2;56,3;39,6;
Midsommarkransens gy 17675502;17675502;Stockholm;0180;Kommunal;Stockholms kommun;2120000142;Svenska som andraspråk 1;7;..;..;..;3;..;..;..;4;..;..;..;
Midsommarkransens gy 17675502;17675502;Stockholm;0180;Kommunal;Stockholms kommun;2120000142;Svenska som andraspråk 3;4;..;..;..;4;..;..;..;.;.;.;.;
Nordiska Musikgymnasiet;30762346;Stockholm;0180;Enskild;Nordiska Musikgymnasiet AB;5565851507;Engelska 6;9;..;..;..;4;..;..;..;5;..;..;..;
Nordiska Musikgymnasiet;30762346;Stockholm;0180;Enskild;Nordiska Musikgymnasiet AB;5565851507;Matematik 1B;13;.;84,6;15,4;5;..;..;..;8;..;..;..;
Nordiska Musikgymnasiet;30762346;Stockholm;0180;Enskild;Nordiska Musikgymnasiet AB;5565851507;Svenska 3;9;..;..;..;2;..;..;..;7;..;..;..;
Nordiska Musikgymnasiet;30762346;Stockholm;0180;Enskild;Nordiska Musikgymnasiet AB;5565851507;Svenska som andraspråk 3;2;..;..;..;2;..;..;..;.;.;.;.;
Norra Real 82964090;82964090;Stockholm;0180;Kommunal;Stockholms kommun;2120000142;Engelska 6;296;3,7;89,9;6,4;169;4,1;88,2;7,7;127;3,1;92,1;4,7;
Norra Real 82964090;82964090;Stockholm;0180;Kommunal;Stockholms kommun;2120000142;Matematik 1B;26;.;100,0;.;22;..;..;..;4;..;..;..;
Norra Real 82964090;82964090;Stockholm;0180;Kommunal;Stockholms kommun;2120000142;Matematik 2B;96;.;90,6;9,4;64;.;89,1;10,9;32;.;93,8;6,3;
Norra Real 82964090;82964090;Stockholm;0180;Kommunal;Stockholms kommun;2120000142;Matematik 4;186;.;98,4;1,6;94;.;97,9;2,1;92;.;98,9;1,1;
Norra Real 82964090;82964090;Stockholm;0180;Kommunal;Stockholms kommun;2120000142;Svenska 3;260;2,3;78,8;18,8;151;3,3;78,1;18,5;109;0,9;79,8;19,3;
NTI Gymnasiet Stockholm;15390992;Stockholm;0180;Enskild;NTI Gymnasiet Macro AB;5561203679;Engelska 5;41;7,3;75,6;17,1;1;..;..;..;40;..;..;..;
NTI Gymnasiet Stockholm;15390992;Stockholm;0180;Enskild;NTI Gymnasiet Macro AB;5561203679;Engelska 6;142;23,9;59,9;16,2;34;20,6;50,0;29,4;108;25,0;63,0;12,0;
NTI Gymnasiet Stockholm;15390992;Stockholm;0180;Enskild;NTI Gymnasiet Macro AB;5561203679;Matematik 1A;48;.;97,9;2,1;2;..;..;..;46;..;..;..;
NTI Gymnasiet Stockholm;15390992;Stockholm;0180;Enskild;NTI Gymnasiet Macro AB;5561203679;Matematik 1B;36;.;72,2;27,8;21;.;66,7;33,3;15;.;80,0;20,0;
NTI Gymnasiet Stockholm;15390992;Stockholm;0180;Enskild;NTI Gymnasiet Macro AB;5561203679;Matematik 3C;127;2,4;89,0;8,7;17;.;100,0;.;110;2,7;87,3;10,0;
NTI Gymnasiet Stockholm;15390992;Stockholm;0180;Enskild;NTI Gymnasiet Macro AB;5561203679;Svenska 1;38;.;76,3;23,7;1;..;..;..;37;..;..;..;
NTI Gymnasiet Stockholm;15390992;Stockholm;0180;Enskild;NTI Gymnasiet Macro AB;5561203679;Svenska 3;146;1,4;61,0;37,7;32;.;31,3;68,8;114;1,8;69,3;28,9;
NTI Gymnasiet Stockholm;15390992;Stockholm;0180;Enskild;NTI Gymnasiet Macro AB;5561203679;Svenska som andraspråk 1;11;9,1;27,3;63,6;1;..;..;..;10;..;..;..;
NTI Gymnasiet Stockholm;15390992;Stockholm;0180;Enskild;NTI Gymnasiet Macro AB;5561203679;Svenska som andraspråk 3;23;.;56,5;43,5;7;..;..;..;16;..;..;..;
NTI Handelsgymnasiet Stockholm;15278518;Stockholm;0180;Enskild;NTI Gymnasiet Macro AB;5561203679;Engelska 5;60;36,7;45,0;18,3;18;16,7;66,7;16,7;42;45,2;35,7;19,0;
NTI Handelsgymnasiet Stockholm;15278518;Stockholm;0180;Enskild;NTI Gymnasiet Macro AB;5561203679;Engelska 6;52;3,8;78,8;17,3;10;.;100,0;.;42;4,8;73,8;21,4;
NTI Handelsgymnasiet Stockholm;15278518;Stockholm;0180;Enskild;NTI Gymnasiet Macro AB;5561203679;Matematik 1A;39;.;53,8;46,2;13;.;46,2;53,8;26;.;57,7;42,3;
NTI Handelsgymnasiet Stockholm;15278518;Stockholm;0180;Enskild;NTI Gymnasiet Macro AB;5561203679;Matematik 2B;27;.;85,2;14,8;6;..;..;..;21;..;..;..;
NTI Handelsgymnasiet Stockholm;15278518;Stockholm;0180;Enskild;NTI Gymnasiet Macro AB;5561203679;Matematik 3B;55;.;89,1;10,9;13;.;92,3;7,7;42;.;88,1;11,9;
NTI Handelsgymnasiet Stockholm;15278518;Stockholm;0180;Enskild;NTI Gymnasiet Macro AB;5561203679;Svenska 1;59;3,4;78,0;18,6;18;.;83,3;16,7;41;4,9;75,6;19,5;
NTI Handelsgymnasiet Stockholm;15278518;Stockholm;0180;Enskild;NTI Gymnasiet Macro AB;5561203679;Svenska 3;53;7,5;56,6;35,8;14;.;64,3;35,7;39;10,3;53,8;35,9;
NTI Vetenskapsgymnasiet Stockholm;50644850;Stockholm;0180;Enskild;NTI Gymnasiet Macro AB;5561203679;Engelska 6;54;37,0;44,4;18,5;12;41,7;25,0;33,3;42;35,7;50,0;14,3;
NTI Vetenskapsgymnasiet Stockholm;50644850;Stockholm;0180;Enskild;NTI Gymnasiet Macro AB;5561203679;Matematik 4;36;5,6;94,4;.;11;.;100,0;.;25;8,0;92,0;.;
NTI Vetenskapsgymnasiet Stockholm;50644850;Stockholm;0180;Enskild;NTI Gymnasiet Macro AB;5561203679;Svenska 3;61;11,5;29,5;59,0;17;23,5;41,2;35,3;44;6,8;25,0;68,2;
NTI Vetenskapsgymnasiet Stockholm;50644850;Stockholm;0180;Enskild;NTI Gymnasiet Macro AB;5561203679;Svenska som andraspråk 3;16;12,5;50,0;37,5;9;..;..;..;7;..;..;..;
Odengymnasiet;63943560;Stockholm;0180;Enskild;Värmdö Tekniska Utbildningar Aktiebolag, Vtu;5563836757;Matematik 1A;8;..;..;..;7;..;..;..;1;..;..;..;
Odengymnasiet;63943560;Stockholm;0180;Enskild;Värmdö Tekniska Utbildningar Aktiebolag, Vtu;5563836757;Matematik 2B;18;.;38,9;61,1;10;..;..;..;8;..;..;..;
Odengymnasiet;63943560;Stockholm;0180;Enskild;Värmdö Tekniska Utbildningar Aktiebolag, Vtu;5563836757;Matematik 3C;4;..;..;..;1;..;..;..;3;..;..;..;
Odengymnasiet;63943560;Stockholm;0180;Enskild;Värmdö Tekniska Utbildningar Aktiebolag, Vtu;5563836757;Matematik 4;4;..;..;..;2;..;..;..;2;..;..;..;
Odengymnasiet;63943560;Stockholm;0180;Enskild;Värmdö Tekniska Utbildningar Aktiebolag, Vtu;5563836757;Svenska 1;6;..;..;..;6;..;..;..;.;.;.;.;
P A Fogelströms gymnasium 24650116;24650116;Stockholm;0180;Kommunal;Stockholms kommun;2120000142;Engelska 6;168;5,4;91,7;3,0;110;5,5;91,8;2,7;58;5,2;91,4;3,4;
P A Fogelströms gymnasium 24650116;24650116;Stockholm;0180;Kommunal;Stockholms kommun;2120000142;Matematik 2B;63;.;88,9;11,1;52;.;86,5;13,5;11;.;100,0;.;
P A Fogelströms gymnasium 24650116;24650116;Stockholm;0180;Kommunal;Stockholms kommun;2120000142;Matematik 3B;55;.;94,5;5,5;28;.;96,4;3,6;27;.;92,6;7,4;
P A Fogelströms gymnasium 24650116;24650116;Stockholm;0180;Kommunal;Stockholms kommun;2120000142;Matematik 4;92;.;95,7;4,3;56;.;94,6;5,4;36;.;97,2;2,8;
P A Fogelströms gymnasium 24650116;24650116;Stockholm;0180;Kommunal;Stockholms kommun;2120000142;Svenska 3;206;0,5;85,9;13,6;126;0,8;80,2;19,0;80;.;95,0;5,0;
Praktiska Gymnasiet Bromma;14926020;Stockholm;0180;Enskild;Praktiska Utbildning AB;5564781606;Engelska 5;47;6,4;85,1;8,5;1;..;..;..;46;..;..;..;
Praktiska Gymnasiet Bromma;14926020;Stockholm;0180;Enskild;Praktiska Utbildning AB;5564781606;Matematik 1A;43;.;23,3;76,7;1;..;..;..;42;..;..;..;
Praktiska Gymnasiet Bromma;14926020;Stockholm;0180;Enskild;Praktiska Utbildning AB;5564781606;Svenska 1;36;.;55,6;44,4;.;.;.;.;36;..;..;..;
Praktiska Gymnasiet Bromma;14926020;Stockholm;0180;Enskild;Praktiska Utbildning AB;5564781606;Svenska som andraspråk 1;3;..;..;..;.;.;.;.;3;..;..;..;
Praktiska Gymnasiet Liljeholmen;38236800;Stockholm;0180;Enskild;Praktiska Sverige AB;5562575786;Engelska 5;80;27,5;51,3;21,3;28;32,1;50,0;17,9;52;25,0;51,9;23,1;
Praktiska Gymnasiet Liljeholmen;38236800;Stockholm;0180;Enskild;Praktiska Sverige AB;5562575786;Engelska 6;8;..;..;..;7;..;..;..;1;..;..;..;
Praktiska Gymnasiet Liljeholmen;38236800;Stockholm;0180;Enskild;Praktiska Sverige AB;5562575786;Matematik 1A;106;1,9;46,2;51,9;43;2,3;46,5;51,2;63;1,6;46,0;52,4;
Praktiska Gymnasiet Liljeholmen;38236800;Stockholm;0180;Enskild;Praktiska Sverige AB;5562575786;Svenska 1;80;13,8;62,5;23,8;32;6,3;65,6;28,1;48;18,8;60,4;20,8;
Praktiska Gymnasiet Liljeholmen;38236800;Stockholm;0180;Enskild;Praktiska Sverige AB;5562575786;Svenska som andraspråk 1;11;9,1;63,6;27,3;2;..;..;..;9;..;..;..;
ProCivitas Privata Gymnasium Stockholm;59359012;Stockholm;0180;Enskild;ProCivitas Privata Gymnasium AB;5566157102;Engelska 6;184;.;95,7;4,3;135;.;95,6;4,4;49;.;95,9;4,1;
ProCivitas Privata Gymnasium Stockholm;59359012;Stockholm;0180;Enskild;ProCivitas Privata Gymnasium AB;5566157102;Matematik 2B;117;.;96,6;3,4;92;.;95,7;4,3;25;.;100,0;.;
ProCivitas Privata Gymnasium Stockholm;59359012;Stockholm;0180;Enskild;ProCivitas Privata Gymnasium AB;5566157102;Matematik 3B;38;.;100,0;.;17;.;100,0;.;21;.;100,0;.;
ProCivitas Privata Gymnasium Stockholm;59359012;Stockholm;0180;Enskild;ProCivitas Privata Gymnasium AB;5566157102;Matematik 3C;9;..;..;..;9;..;..;..;.;.;.;.;
ProCivitas Privata Gymnasium Stockholm;59359012;Stockholm;0180;Enskild;ProCivitas Privata Gymnasium AB;5566157102;Svenska 3;127;1,6;90,6;7,9;87;1,1;92,0;6,9;40;2,5;87,5;10,0;
ProCivitas Privata Gymnasium Stockholm;59359012;Stockholm;0180;Enskild;ProCivitas Privata Gymnasium AB;5566157102;Svenska som andraspråk 3;2;..;..;..;1;..;..;..;1;..;..;..;
Påhlmans gymnasium;16784385;Stockholm;0180;Enskild;Medborgarskolan Stockholmsregionen;8020060524;Engelska 6;107;19,6;73,8;6,5;64;25,0;67,2;7,8;43;11,6;83,7;4,7;
Påhlmans gymnasium;16784385;Stockholm;0180;Enskild;Medborgarskolan Stockholmsregionen;8020060524;Matematik 2B;86;.;60,5;39,5;56;.;66,1;33,9;30;.;50,0;50,0;
Påhlmans gymnasium;16784385;Stockholm;0180;Enskild;Medborgarskolan Stockholmsregionen;8020060524;Matematik 3B;44;.;22,7;77,3;16;.;18,8;81,3;28;.;25,0;75,0;
Påhlmans gymnasium;16784385;Stockholm;0180;Enskild;Medborgarskolan Stockholmsregionen;8020060524;Svenska 3;110;5,5;42,7;51,8;67;4,5;47,8;47,8;43;7,0;34,9;58,1;
Påhlmans gymnasium;16784385;Stockholm;0180;Enskild;Medborgarskolan Stockholmsregionen;8020060524;Svenska som andraspråk 3;1;..;..;..;1;..;..;..;.;.;.;.;
REFIS Rörentr. friskola Sthlm;79829846;Stockholm;0180;Enskild;REFIS Rör- och Elentreprenörernas friskola i Stockholm AB;5566285994;Engelska 5;78;19,2;57,7;23,1;3;..;..;..;75;..;..;..;
REFIS Rörentr. friskola Sthlm;79829846;Stockholm;0180;Enskild;REFIS Rör- och Elentreprenörernas friskola i Stockholm AB;5566285994;Matematik 1A;77;24,7;57,1;18,2;3;..;..;..;74;..;..;..;
REFIS Rörentr. friskola Sthlm;79829846;Stockholm;0180;Enskild;REFIS Rör- och Elentreprenörernas friskola i Stockholm AB;5566285994;Svenska 1;67;9,0;53,7;37,3;3;..;..;..;64;..;..;..;
RGRH Stockholm, Riksgymnasium  för rörelsehindrade elever 89963319;89963319;Stockholm;0180;Kommunal;Stockholms kommun;2120000142;Engelska 6;6;..;..;..;2;..;..;..;4;..;..;..;
RGRH Stockholm, Riksgymnasium  för rörelsehindrade elever 89963319;89963319;Stockholm;0180;Kommunal;Stockholms kommun;2120000142;Matematik 1B;1;..;..;..;1;..;..;..;.;.;.;.;
RGRH Stockholm, Riksgymnasium  för rörelsehindrade elever 89963319;89963319;Stockholm;0180;Kommunal;Stockholms kommun;2120000142;Matematik 2B;6;..;..;..;3;..;..;..;3;..;..;..;
RGRH Stockholm, Riksgymnasium  för rörelsehindrade elever 89963319;89963319;Stockholm;0180;Kommunal;Stockholms kommun;2120000142;Svenska som andraspråk 3;1;..;..;..;.;.;.;.;1;..;..;..;
Sjölins Gymnasium Södermalm;24339566;Stockholm;0180;Enskild;Sjölins Gymnasium AB;5563758399;Engelska 6;335;2,1;92,2;5,7;186;2,2;89,8;8,1;149;2,0;95,3;2,7;
Sjölins Gymnasium Södermalm;24339566;Stockholm;0180;Enskild;Sjölins Gymnasium AB;5563758399;Matematik 2B;151;.;86,1;13,9;96;.;86,5;13,5;55;.;85,5;14,5;
Sjölins Gymnasium Södermalm;24339566;Stockholm;0180;Enskild;Sjölins Gymnasium AB;5563758399;Matematik 3B;45;.;91,1;8,9;30;.;90,0;10,0;15;.;93,3;6,7;
Sjölins Gymnasium Södermalm;24339566;Stockholm;0180;Enskild;Sjölins Gymnasium AB;5563758399;Matematik 3C;34;.;97,1;2,9;21;.;95,2;4,8;13;.;100,0;.;
Sjölins Gymnasium Södermalm;24339566;Stockholm;0180;Enskild;Sjölins Gymnasium AB;5563758399;Matematik 4;41;.;100,0;.;23;.;100,0;.;18;.;100,0;.;
Sjölins Gymnasium Södermalm;24339566;Stockholm;0180;Enskild;Sjölins Gymnasium AB;5563758399;Svenska 3;178;3,4;69,7;27,0;124;2,4;73,4;24,2;54;5,6;61,1;33,3;
Sjölins Gymnasium Vasastan;87844327;Stockholm;0180;Enskild;Sjölins Gymnasium AB;5563758399;Engelska 6;250;16,0;74,4;9,6;161;11,8;75,8;12,4;89;23,6;71,9;4,5;
Sjölins Gymnasium Vasastan;87844327;Stockholm;0180;Enskild;Sjölins Gymnasium AB;5563758399;Matematik 2B;124;.;77,4;22,6;98;.;76,5;23,5;26;.;80,8;19,2;
Sjölins Gymnasium Vasastan;87844327;Stockholm;0180;Enskild;Sjölins Gymnasium AB;5563758399;Matematik 3B;60;.;86,7;13,3;24;.;83,3;16,7;36;.;88,9;11,1;
Sjölins Gymnasium Vasastan;87844327;Stockholm;0180;Enskild;Sjölins Gymnasium AB;5563758399;Matematik 3C;14;.;100,0;.;6;..;..;..;8;..;..;..;
Sjölins Gymnasium Vasastan;87844327;Stockholm;0180;Enskild;Sjölins Gymnasium AB;5563758399;Matematik 4;39;.;84,6;15,4;20;.;80,0;20,0;19;.;89,5;10,5;
Sjölins Gymnasium Vasastan;87844327;Stockholm;0180;Enskild;Sjölins Gymnasium AB;5563758399;Svenska 3;227;7,5;77,1;15,4;150;9,3;77,3;13,3;77;3,9;76,6;19,5;
Sjölins Gymnasium Vasastan;87844327;Stockholm;0180;Enskild;Sjölins Gymnasium AB;5563758399;Svenska som andraspråk 3;7;..;..;..;6;..;..;..;1;..;..;..;
Sjömansskolan;20061769;Stockholm;0180;Enskild;Sjömansskolan Stockholm AB;5565662409;Engelska 5;12;25,0;75,0;.;2;..;..;..;10;..;..;..;
Sjömansskolan;20061769;Stockholm;0180;Enskild;Sjömansskolan Stockholm AB;5565662409;Matematik 1A;12;.;100,0;.;2;..;..;..;10;..;..;..;
Sjömansskolan;20061769;Stockholm;0180;Enskild;Sjömansskolan Stockholm AB;5565662409;Svenska 1;10;.;90,0;10,0;2;..;..;..;8;..;..;..;
Sjömansskolan;20061769;Stockholm;0180;Enskild;Sjömansskolan Stockholm AB;5565662409;Svenska som andraspråk 1;1;..;..;..;.;.;.;.;1;..;..;..;
Snitz Gymnasium;95154882;Stockholm;0180;Enskild;Swedish Education Group AB;5565042255;Engelska 5;14;21,4;78,6;.;.;.;.;.;14;..;..;..;
Snitz Gymnasium;95154882;Stockholm;0180;Enskild;Swedish Education Group AB;5565042255;Engelska 6;15;13,3;73,3;13,3;7;..;..;..;8;..;..;..;
Snitz Gymnasium;95154882;Stockholm;0180;Enskild;Swedish Education Group AB;5565042255;Matematik 1A;15;.;60,0;40,0;1;..;..;..;14;..;..;..;
Snitz Gymnasium;95154882;Stockholm;0180;Enskild;Swedish Education Group AB;5565042255;Matematik 1B;18;.;44,4;55,6;14;..;..;..;4;..;..;..;
Snitz Gymnasium;95154882;Stockholm;0180;Enskild;Swedish Education Group AB;5565042255;Svenska 1;10;.;70,0;30,0;.;.;.;.;10;..;..;..;
Snitz Gymnasium;95154882;Stockholm;0180;Enskild;Swedish Education Group AB;5565042255;Svenska 3;29;.;24,1;75,9;12;.;33,3;66,7;17;.;17,6;82,4;
Snitz Gymnasium;95154882;Stockholm;0180;Enskild;Swedish Education Group AB;5565042255;Svenska som andraspråk 1;1;..;..;..;.;.;.;.;1;..;..;..;
Sofiaängens skola;86086213;Stockholm;0180;Enskild;Sofiaängen AB;5565980942;Engelska 6;12;8,3;83,3;8,3;4;..;..;..;8;..;..;..;
Sofiaängens skola;86086213;Stockholm;0180;Enskild;Sofiaängen AB;5565980942;Matematik 2B;7;..;..;..;2;..;..;..;5;..;..;..;
Sofiaängens skola;86086213;Stockholm;0180;Enskild;Sofiaängen AB;5565980942;Svenska 3;9;..;..;..;7;..;..;..;2;..;..;..;
Spira Teoretiska Gymnasium Stora Essingen;24716263;Stockholm;0180;Enskild;Eruditia AB;5593786345;Engelska 6;70;4,3;81,4;14,3;25;.;84,0;16,0;45;6,7;80,0;13,3;
Spira Teoretiska Gymnasium Stora Essingen;24716263;Stockholm;0180;Enskild;Eruditia AB;5593786345;Matematik 2B;63;.;88,9;11,1;37;.;89,2;10,8;26;.;88,5;11,5;
Spira Teoretiska Gymnasium Stora Essingen;24716263;Stockholm;0180;Enskild;Eruditia AB;5593786345;Matematik 3B;9;..;..;..;5;..;..;..;4;..;..;..;
Spira Teoretiska Gymnasium Stora Essingen;24716263;Stockholm;0180;Enskild;Eruditia AB;5593786345;Matematik 4;19;.;52,6;47,4;9;..;..;..;10;..;..;..;
Spira Teoretiska Gymnasium Stora Essingen;24716263;Stockholm;0180;Enskild;Eruditia AB;5593786345;Svenska 3;25;12,0;36,0;52,0;13;7,7;30,8;61,5;12;16,7;41,7;41,7;
Spira Teoretiska Gymnasium Stora Essingen;24716263;Stockholm;0180;Enskild;Eruditia AB;5593786345;Svenska som andraspråk 3;1;..;..;..;1;..;..;..;.;.;.;.;
Spånga Gymnasium 52333875;52333875;Stockholm;0180;Kommunal;Stockholms kommun;2120000142;Engelska 5;35;.;80,0;20,0;25;.;76,0;24,0;10;.;90,0;10,0;
Spånga Gymnasium 52333875;52333875;Stockholm;0180;Kommunal;Stockholms kommun;2120000142;Engelska 6;9;..;..;..;3;..;..;..;6;..;..;..;
Spånga Gymnasium 52333875;52333875;Stockholm;0180;Kommunal;Stockholms kommun;2120000142;Matematik 1A;37;.;59,5;40,5;28;..;..;..;9;..;..;..;
Spånga Gymnasium 52333875;52333875;Stockholm;0180;Kommunal;Stockholms kommun;2120000142;Matematik 4;9;..;..;..;3;..;..;..;6;..;..;..;
Spånga Gymnasium 52333875;52333875;Stockholm;0180;Kommunal;Stockholms kommun;2120000142;Svenska 1;36;2,8;91,7;5,6;28;..;..;..;8;..;..;..;
Spånga Gymnasium 52333875;52333875;Stockholm;0180;Kommunal;Stockholms kommun;2120000142;Svenska 3;8;..;..;..;5;..;..;..;3;..;..;..;
Spånga Gymnasium 52333875;52333875;Stockholm;0180;Kommunal;Stockholms kommun;2120000142;Svenska som andraspråk 3;4;..;..;..;3;..;..;..;1;..;..;..;
S:t Eriks gymnasium 65666808;65666808;Stockholm;0180;Kommunal;Stockholms kommun;2120000142;Engelska 5;106;4,7;77,4;17,9;57;5,3;84,2;10,5;49;4,1;69,4;26,5;
S:t Eriks gymnasium 65666808;65666808;Stockholm;0180;Kommunal;Stockholms kommun;2120000142;Engelska 6;157;22,3;67,5;10,2;104;26,0;59,6;14,4;53;15,1;83,0;1,9;
S:t Eriks gymnasium 65666808;65666808;Stockholm;0180;Kommunal;Stockholms kommun;2120000142;Matematik 1A;102;.;23,5;76,5;39;.;23,1;76,9;63;.;23,8;76,2;
S:t Eriks gymnasium 65666808;65666808;Stockholm;0180;Kommunal;Stockholms kommun;2120000142;Matematik 2B;28;.;39,3;60,7;12;.;16,7;83,3;16;.;56,3;43,8;
S:t Eriks gymnasium 65666808;65666808;Stockholm;0180;Kommunal;Stockholms kommun;2120000142;Matematik 4;19;.;100,0;.;9;..;..;..;10;..;..;..;
S:t Eriks gymnasium 65666808;65666808;Stockholm;0180;Kommunal;Stockholms kommun;2120000142;Svenska 1;85;3,5;47,1;49,4;53;5,7;54,7;39,6;32;.;34,4;65,6;
S:t Eriks gymnasium 65666808;65666808;Stockholm;0180;Kommunal;Stockholms kommun;2120000142;Svenska 3;157;6,4;59,9;33,8;86;4,7;57,0;38,4;71;8,5;63,4;28,2;
S:t Eriks gymnasium 65666808;65666808;Stockholm;0180;Kommunal;Stockholms kommun;2120000142;Svenska som andraspråk 1;14;.;50,0;50,0;2;..;..;..;12;..;..;..;
S:t Eriks gymnasium 65666808;65666808;Stockholm;0180;Kommunal;Stockholms kommun;2120000142;Svenska som andraspråk 3;14;7,1;57,1;35,7;9;..;..;..;5;..;..;..;
Sthlm hotell & restaurangsk 30677562;30677562;Stockholm;0180;Kommunal;Stockholms kommun;2120000142;Engelska 5;70;14,3;78,6;7,1;31;9,7;77,4;12,9;39;17,9;79,5;2,6;
Sthlm hotell & restaurangsk 30677562;30677562;Stockholm;0180;Kommunal;Stockholms kommun;2120000142;Engelska 6;9;..;..;..;8;..;..;..;1;..;..;..;
Sthlm hotell & restaurangsk 30677562;30677562;Stockholm;0180;Kommunal;Stockholms kommun;2120000142;Matematik 1A;95;.;60,0;40,0;50;.;52,0;48,0;45;.;68,9;31,1;
Sthlm hotell & restaurangsk 30677562;30677562;Stockholm;0180;Kommunal;Stockholms kommun;2120000142;Svenska 1;64;6,3;73,4;20,3;33;12,1;63,6;24,2;31;.;83,9;16,1;
Sthlm hotell & restaurangsk 30677562;30677562;Stockholm;0180;Kommunal;Stockholms kommun;2120000142;Svenska som andraspråk 1;12;16,7;8,3;75,0;8;..;..;..;4;..;..;..;
Sthlm Transport- och fordonstekniska gymnasiet 85054102;85054102;Stockholm;0180;Kommunal;Stockholms kommun;2120000142;Engelska 5;49;18,4;59,2;22,4;7;..;..;..;42;..;..;..;
Sthlm Transport- och fordonstekniska gymnasiet 85054102;85054102;Stockholm;0180;Kommunal;Stockholms kommun;2120000142;Matematik 1A;48;.;70,8;29,2;7;..;..;..;41;..;..;..;
Sthlm Transport- och fordonstekniska gymnasiet 85054102;85054102;Stockholm;0180;Kommunal;Stockholms kommun;2120000142;Svenska 1;47;10,6;44,7;44,7;8;..;..;..;39;..;..;..;
Stockholm Science & Innovation School 78433202, SSIS;78433202;Stockholm;0180;Kommunal;Stockholms kommun;2120000142;Engelska 6;122;10,7;76,2;13,1;10;.;90,0;10,0;112;11,6;75,0;13,4;
Stockholm Science & Innovation School 78433202, SSIS;78433202;Stockholm;0180;Kommunal;Stockholms kommun;2120000142;Matematik 3C;60;.;93,3;6,7;5;..;..;..;55;..;..;..;
Stockholm Science & Innovation School 78433202, SSIS;78433202;Stockholm;0180;Kommunal;Stockholms kommun;2120000142;Matematik 4;60;.;98,3;1,7;3;..;..;..;57;..;..;..;
Stockholm Science & Innovation School 78433202, SSIS;78433202;Stockholm;0180;Kommunal;Stockholms kommun;2120000142;Svenska 3;95;1,1;47,4;51,6;13;.;38,5;61,5;82;1,2;48,8;50,0;
Stockholm Science & Innovation School 78433202, SSIS;78433202;Stockholm;0180;Kommunal;Stockholms kommun;2120000142;Svenska som andraspråk 3;16;6,3;62,5;31,3;1;..;..;..;15;..;..;..;
Stockholms Estetiska Gymnasium;35366805;Stockholm;0180;Enskild;Stockholms Estetiska Gymnasium Ek. För.;7696029995;Matematik 1B;59;.;93,2;6,8;41;.;92,7;7,3;18;.;94,4;5,6;
Stockholms Estetiska Gymnasium;35366805;Stockholm;0180;Enskild;Stockholms Estetiska Gymnasium Ek. För.;7696029995;Svenska 3;47;2,1;91,5;6,4;42;..;..;..;5;..;..;..;
Stockholms Estetiska Gymnasium;35366805;Stockholm;0180;Enskild;Stockholms Estetiska Gymnasium Ek. För.;7696029995;Svenska som andraspråk 3;3;..;..;..;3;..;..;..;.;.;.;.;
Stockholms Idrottsgymnasium;31315191;Stockholm;0180;Enskild;Stockholms Idrottsgymnasium AB;5567379226;Engelska 6;110;9,1;75,5;15,5;47;6,4;83,0;10,6;63;11,1;69,8;19,0;
Stockholms Idrottsgymnasium;31315191;Stockholm;0180;Enskild;Stockholms Idrottsgymnasium AB;5567379226;Matematik 2B;63;.;76,2;23,8;26;.;69,2;30,8;37;.;81,1;18,9;
Stockholms Idrottsgymnasium;31315191;Stockholm;0180;Enskild;Stockholms Idrottsgymnasium AB;5567379226;Matematik 3B;30;.;46,7;53,3;17;.;47,1;52,9;13;.;46,2;53,8;
Stockholms Idrottsgymnasium;31315191;Stockholm;0180;Enskild;Stockholms Idrottsgymnasium AB;5567379226;Matematik 4;20;.;85,0;15,0;10;.;80,0;20,0;10;.;90,0;10,0;
Stockholms Idrottsgymnasium;31315191;Stockholm;0180;Enskild;Stockholms Idrottsgymnasium AB;5567379226;Svenska 3;111;11,7;65,8;22,5;65;15,4;64,6;20,0;46;6,5;67,4;26,1;
Södra Latins gymnasium 89370947;89370947;Stockholm;0180;Kommunal;Stockholms kommun;2120000142;Engelska 6;322;17,1;79,5;3,4;225;16,9;79,6;3,6;97;17,5;79,4;3,1;
Södra Latins gymnasium 89370947;89370947;Stockholm;0180;Kommunal;Stockholms kommun;2120000142;Matematik 1B;183;0,5;98,4;1,1;133;0,8;98,5;0,8;50;.;98,0;2,0;
Södra Latins gymnasium 89370947;89370947;Stockholm;0180;Kommunal;Stockholms kommun;2120000142;Matematik 2B;92;.;97,8;2,2;64;.;96,9;3,1;28;.;100,0;.;
Södra Latins gymnasium 89370947;89370947;Stockholm;0180;Kommunal;Stockholms kommun;2120000142;Matematik 4;57;.;98,2;1,8;41;.;97,6;2,4;16;.;100,0;.;
Södra Latins gymnasium 89370947;89370947;Stockholm;0180;Kommunal;Stockholms kommun;2120000142;Svenska 3;331;7,6;76,1;16,3;245;6,1;78,4;15,5;86;11,6;69,8;18,6;
Södra Latins gymnasium 89370947;89370947;Stockholm;0180;Kommunal;Stockholms kommun;2120000142;Svenska som andraspråk 3;4;..;..;..;2;..;..;..;2;..;..;..;
Teknik & Servicegymnasiet;18451445;Stockholm;0180;Enskild;Ludus AB;5568879018;Engelska 5;25;12,0;52,0;36,0;2;..;..;..;23;..;..;..;
Teknik & Servicegymnasiet;18451445;Stockholm;0180;Enskild;Ludus AB;5568879018;Matematik 1A;31;3,2;83,9;12,9;2;..;..;..;29;..;..;..;
Teknik & Servicegymnasiet;18451445;Stockholm;0180;Enskild;Ludus AB;5568879018;Svenska 1;28;10,7;53,6;35,7;3;..;..;..;25;..;..;..;
Teknik & Servicegymnasiet;18451445;Stockholm;0180;Enskild;Ludus AB;5568879018;Svenska som andraspråk 1;2;..;..;..;.;.;.;.;2;..;..;..;
Thoren Business School Stockholm;48555205;Stockholm;0180;Enskild;Thorengruppen AB;5566139290;Engelska 6;116;12,1;67,2;20,7;66;10,6;66,7;22,7;50;14,0;68,0;18,0;
Thoren Business School Stockholm;48555205;Stockholm;0180;Enskild;Thorengruppen AB;5566139290;Matematik 2B;76;.;59,2;40,8;51;.;62,7;37,3;25;.;52,0;48,0;
Thoren Business School Stockholm;48555205;Stockholm;0180;Enskild;Thorengruppen AB;5566139290;Matematik 3B;71;.;52,1;47,9;18;.;55,6;44,4;53;.;50,9;49,1;
Thoren Business School Stockholm;48555205;Stockholm;0180;Enskild;Thorengruppen AB;5566139290;Svenska 3;170;4,7;54,1;41,2;89;6,7;57,3;36,0;81;2,5;50,6;46,9;
Thoren Business School Stockholm;48555205;Stockholm;0180;Enskild;Thorengruppen AB;5566139290;Svenska som andraspråk 3;14;7,1;64,3;28,6;10;..;..;..;4;..;..;..;
Thorildsplans gymnasium 32116280;32116280;Stockholm;0180;Kommunal;Stockholms kommun;2120000142;Engelska 5;43;9,3;51,2;39,5;.;.;.;.;43;..;..;..;
Thorildsplans gymnasium 32116280;32116280;Stockholm;0180;Kommunal;Stockholms kommun;2120000142;Engelska 6;350;6,9;62,9;30,3;125;3,2;60,8;36,0;225;8,9;64,0;27,1;
Thorildsplans gymnasium 32116280;32116280;Stockholm;0180;Kommunal;Stockholms kommun;2120000142;Matematik 1A;45;.;51,1;48,9;.;.;.;.;45;..;..;..;
Thorildsplans gymnasium 32116280;32116280;Stockholm;0180;Kommunal;Stockholms kommun;2120000142;Matematik 2B;83;.;81,9;18,1;45;.;75,6;24,4;38;.;89,5;10,5;
Thorildsplans gymnasium 32116280;32116280;Stockholm;0180;Kommunal;Stockholms kommun;2120000142;Matematik 3B;49;2,0;51,0;46,9;16;6,3;31,3;62,5;33;.;60,6;39,4;
Thorildsplans gymnasium 32116280;32116280;Stockholm;0180;Kommunal;Stockholms kommun;2120000142;Matematik 3C;138;.;78,3;21,7;21;.;61,9;38,1;117;.;81,2;18,8;
Thorildsplans gymnasium 32116280;32116280;Stockholm;0180;Kommunal;Stockholms kommun;2120000142;Matematik 4;76;.;47,4;52,6;25;.;60,0;40,0;51;.;41,2;58,8;
Thorildsplans gymnasium 32116280;32116280;Stockholm;0180;Kommunal;Stockholms kommun;2120000142;Svenska 3;180;8,3;41,1;50,6;61;6,6;41,0;52,5;119;9,2;41,2;49,6;
Thorildsplans gymnasium 32116280;32116280;Stockholm;0180;Kommunal;Stockholms kommun;2120000142;Svenska som andraspråk 3;38;5,3;28,9;65,8;16;.;25,0;75,0;22;9,1;31,8;59,1;
Tibble Gymnasium Campus Kista;43565270;Stockholm;0180;Enskild;Tibble Campus Kista AB;5567799035;Engelska 6;23;4,3;52,2;43,5;19;..;..;..;4;..;..;..;
Tibble Gymnasium Campus Kista;43565270;Stockholm;0180;Enskild;Tibble Campus Kista AB;5567799035;Matematik 2B;39;2,6;82,1;15,4;27;.;85,2;14,8;12;8,3;75,0;16,7;
Tibble Gymnasium Campus Kista;43565270;Stockholm;0180;Enskild;Tibble Campus Kista AB;5567799035;Matematik 4;10;.;70,0;30,0;7;..;..;..;3;..;..;..;
Tibble Gymnasium Campus Kista;43565270;Stockholm;0180;Enskild;Tibble Campus Kista AB;5567799035;Svenska 3;12;8,3;58,3;33,3;8;..;..;..;4;..;..;..;
Tibble Gymnasium Campus Kista;43565270;Stockholm;0180;Enskild;Tibble Campus Kista AB;5567799035;Svenska som andraspråk 3;15;6,7;46,7;46,7;7;..;..;..;8;..;..;..;
Tyska skolan;53175499;Stockholm;0180;Enskild;Tyska Skolföreningen;8020056530;Engelska 6;28;3,6;71,4;25,0;15;.;73,3;26,7;13;7,7;69,2;23,1;
Tyska skolan;53175499;Stockholm;0180;Enskild;Tyska Skolföreningen;8020056530;Matematik 4;13;.;61,5;38,5;5;..;..;..;8;..;..;..;
Tyska skolan;53175499;Stockholm;0180;Enskild;Tyska Skolföreningen;8020056530;Svenska 3;34;.;82,4;17,6;18;.;88,9;11,1;16;.;75,0;25,0;
Viktor Rydberg gy. Jarlaplan;64388538;Stockholm;0180;Enskild;Stiftelsen Viktor Rydbergs Skolor;8120005650;Engelska 6;151;17,9;73,5;8,6;100;14,0;77,0;9,0;51;25,5;66,7;7,8;
Viktor Rydberg gy. Jarlaplan;64388538;Stockholm;0180;Enskild;Stiftelsen Viktor Rydbergs Skolor;8120005650;Matematik 1B;62;.;87,1;12,9;51;.;88,2;11,8;11;.;81,8;18,2;
Viktor Rydberg gy. Jarlaplan;64388538;Stockholm;0180;Enskild;Stiftelsen Viktor Rydbergs Skolor;8120005650;Matematik 2B;32;.;71,9;28,1;21;.;66,7;33,3;11;.;81,8;18,2;
Viktor Rydberg gy. Jarlaplan;64388538;Stockholm;0180;Enskild;Stiftelsen Viktor Rydbergs Skolor;8120005650;Matematik 3B;60;.;80,0;20,0;42;.;76,2;23,8;18;.;88,9;11,1;
Viktor Rydberg gy. Jarlaplan;64388538;Stockholm;0180;Enskild;Stiftelsen Viktor Rydbergs Skolor;8120005650;Svenska 3;133;3,8;64,7;31,6;104;2,9;66,3;30,8;29;6,9;58,6;34,5;
Viktor Rydberg gy. Odenplan;52153758;Stockholm;0180;Enskild;Stiftelsen Viktor Rydbergs Skolor;8120005650;Engelska 6;185;7,6;88,1;4,3;112;7,1;90,2;2,7;73;8,2;84,9;6,8;
Viktor Rydberg gy. Odenplan;52153758;Stockholm;0180;Enskild;Stiftelsen Viktor Rydbergs Skolor;8120005650;Matematik 2B;24;.;66,7;33,3;22;..;..;..;2;..;..;..;
Viktor Rydberg gy. Odenplan;52153758;Stockholm;0180;Enskild;Stiftelsen Viktor Rydbergs Skolor;8120005650;Matematik 3B;41;.;90,2;9,8;16;.;87,5;12,5;25;.;92,0;8,0;
Viktor Rydberg gy. Odenplan;52153758;Stockholm;0180;Enskild;Stiftelsen Viktor Rydbergs Skolor;8120005650;Matematik 4;39;.;71,8;28,2;25;.;68,0;32,0;14;.;78,6;21,4;
Viktor Rydberg gy. Odenplan;52153758;Stockholm;0180;Enskild;Stiftelsen Viktor Rydbergs Skolor;8120005650;Svenska 3;183;2,2;58,5;39,3;111;3,6;55,0;41,4;72;.;63,9;36,1;
Yrkesgymnasiet Skarpnäck;16501673;Stockholm;0180;Enskild;Thorengruppen AB;5566139290;Engelska 5;21;.;61,9;38,1;8;..;..;..;13;..;..;..;
Yrkesgymnasiet Skarpnäck;16501673;Stockholm;0180;Enskild;Thorengruppen AB;5566139290;Engelska 6;4;..;..;..;4;..;..;..;.;.;.;.;
Yrkesgymnasiet Skarpnäck;16501673;Stockholm;0180;Enskild;Thorengruppen AB;5566139290;Svenska 1;25;.;44,0;56,0;11;.;45,5;54,5;14;.;42,9;57,1;
Östra Reals gymnasium 99755443;99755443;Stockholm;0180;Kommunal;Stockholms kommun;2120000142;Engelska 6;266;10,9;80,5;8,6;161;8,7;80,1;11,2;105;14,3;81,0;4,8;
Östra Reals gymnasium 99755443;99755443;Stockholm;0180;Kommunal;Stockholms kommun;2120000142;Matematik 2B;99;.;93,9;6,1;65;.;96,9;3,1;34;.;88,2;11,8;
Östra Reals gymnasium 99755443;99755443;Stockholm;0180;Kommunal;Stockholms kommun;2120000142;Matematik 3B;27;.;96,3;3,7;15;.;100,0;.;12;.;91,7;8,3;
Östra Reals gymnasium 99755443;99755443;Stockholm;0180;Kommunal;Stockholms kommun;2120000142;Matematik 4;109;.;97,2;2,8;63;.;96,8;3,2;46;.;97,8;2,2;
Östra Reals gymnasium 99755443;99755443;Stockholm;0180;Kommunal;Stockholms kommun;2120000142;Svenska 3;302;2,6;67,2;30,1;185;2,7;67,0;30,3;117;2,6;67,5;29,9;
Östra Reals gymnasium 99755443;99755443;Stockholm;0180;Kommunal;Stockholms kommun;2120000142;Svenska som andraspråk 3;4;..;..;..;4;..;..;..;.;.;.;.;
Lundsbergs gymnasieskola;30167976;Storfors;1760;Enskild;Stiftelsen Lundsbergs Skola;8740019362;Engelska 6;60;.;78,3;21,7;28;.;78,6;21,4;32;.;78,1;21,9;
Lundsbergs gymnasieskola;30167976;Storfors;1760;Enskild;Stiftelsen Lundsbergs Skola;8740019362;Matematik 2B;17;.;76,5;23,5;8;..;..;..;9;..;..;..;
Lundsbergs gymnasieskola;30167976;Storfors;1760;Enskild;Stiftelsen Lundsbergs Skola;8740019362;Matematik 3B;24;.;41,7;58,3;10;.;30,0;70,0;14;.;50,0;50,0;
Lundsbergs gymnasieskola;30167976;Storfors;1760;Enskild;Stiftelsen Lundsbergs Skola;8740019362;Matematik 4;12;.;83,3;16,7;6;..;..;..;6;..;..;..;
Lundsbergs gymnasieskola;30167976;Storfors;1760;Enskild;Stiftelsen Lundsbergs Skola;8740019362;Svenska 3;49;4,1;67,3;28,6;20;.;70,0;30,0;29;6,9;65,5;27,6;
Lundsbergs gymnasieskola;30167976;Storfors;1760;Enskild;Stiftelsen Lundsbergs Skola;8740019362;Svenska som andraspråk 3;12;.;58,3;41,7;7;..;..;..;5;..;..;..;
Luspengymnasiet;50104466;Storuman;2421;Kommunal;Södra Lapplands Gymnasieförbund;2220003293;Engelska 5;6;..;..;..;2;..;..;..;4;..;..;..;
Luspengymnasiet;50104466;Storuman;2421;Kommunal;Södra Lapplands Gymnasieförbund;2220003293;Engelska 6;6;..;..;..;3;..;..;..;3;..;..;..;
Luspengymnasiet;50104466;Storuman;2421;Kommunal;Södra Lapplands Gymnasieförbund;2220003293;Matematik 1A;6;..;..;..;2;..;..;..;4;..;..;..;
Luspengymnasiet;50104466;Storuman;2421;Kommunal;Södra Lapplands Gymnasieförbund;2220003293;Matematik 2B;13;.;.;100,0;8;..;..;..;5;..;..;..;
Luspengymnasiet;50104466;Storuman;2421;Kommunal;Södra Lapplands Gymnasieförbund;2220003293;Matematik 3C;1;..;..;..;.;.;.;.;1;..;..;..;
Luspengymnasiet;50104466;Storuman;2421;Kommunal;Södra Lapplands Gymnasieförbund;2220003293;Matematik 4;4;..;..;..;4;..;..;..;.;.;.;.;
Luspengymnasiet;50104466;Storuman;2421;Kommunal;Södra Lapplands Gymnasieförbund;2220003293;Svenska 1;5;..;..;..;1;..;..;..;4;..;..;..;
Luspengymnasiet;50104466;Storuman;2421;Kommunal;Södra Lapplands Gymnasieförbund;2220003293;Svenska 3;6;..;..;..;3;..;..;..;3;..;..;..;
Europaskolan Strängnäs;32071849;Strängnäs;0486;Enskild;Europaskolan Utbildning AB;5567478416;Engelska 6;157;5,1;82,2;12,7;90;5,6;83,3;11,1;67;4,5;80,6;14,9;
Europaskolan Strängnäs;32071849;Strängnäs;0486;Enskild;Europaskolan Utbildning AB;5567478416;Matematik 1B;2;..;..;..;1;..;..;..;1;..;..;..;
Europaskolan Strängnäs;32071849;Strängnäs;0486;Enskild;Europaskolan Utbildning AB;5567478416;Matematik 2B;63;.;88,9;11,1;49;.;87,8;12,2;14;.;92,9;7,1;
Europaskolan Strängnäs;32071849;Strängnäs;0486;Enskild;Europaskolan Utbildning AB;5567478416;Matematik 3B;27;.;81,5;18,5;11;.;90,9;9,1;16;.;75,0;25,0;
Europaskolan Strängnäs;32071849;Strängnäs;0486;Enskild;Europaskolan Utbildning AB;5567478416;Matematik 4;62;.;93,5;6,5;26;.;100,0;.;36;.;88,9;11,1;
Europaskolan Strängnäs;32071849;Strängnäs;0486;Enskild;Europaskolan Utbildning AB;5567478416;Svenska 3;143;11,9;79,0;9,1;87;10,3;82,8;6,9;56;14,3;73,2;12,5;
Thomasgymnasiet;79845033;Strängnäs;0486;Kommunal;Strängnäs kommun;2120000365;Engelska 5;7;..;..;..;4;..;..;..;3;..;..;..;
Thomasgymnasiet;79845033;Strängnäs;0486;Kommunal;Strängnäs kommun;2120000365;Engelska 6;30;20,0;63,3;16,7;14;.;78,6;21,4;16;37,5;50,0;12,5;
Thomasgymnasiet;79845033;Strängnäs;0486;Kommunal;Strängnäs kommun;2120000365;Matematik 1A;32;3,1;93,8;3,1;8;..;..;..;24;..;..;..;
Thomasgymnasiet;79845033;Strängnäs;0486;Kommunal;Strängnäs kommun;2120000365;Matematik 2B;14;.;85,7;14,3;5;..;..;..;9;..;..;..;
Thomasgymnasiet;79845033;Strängnäs;0486;Kommunal;Strängnäs kommun;2120000365;Matematik 3B;6;..;..;..;1;..;..;..;5;..;..;..;
Thomasgymnasiet;79845033;Strängnäs;0486;Kommunal;Strängnäs kommun;2120000365;Matematik 3C;6;..;..;..;1;..;..;..;5;..;..;..;
Thomasgymnasiet;79845033;Strängnäs;0486;Kommunal;Strängnäs kommun;2120000365;Matematik 4;1;..;..;..;.;.;.;.;1;..;..;..;
Thomasgymnasiet;79845033;Strängnäs;0486;Kommunal;Strängnäs kommun;2120000365;Svenska 1;29;6,9;48,3;44,8;8;..;..;..;21;..;..;..;
Thomasgymnasiet;79845033;Strängnäs;0486;Kommunal;Strängnäs kommun;2120000365;Svenska 3;37;.;78,4;21,6;13;.;76,9;23,1;24;.;79,2;20,8;
Thomasgymnasiet;79845033;Strängnäs;0486;Kommunal;Strängnäs kommun;2120000365;Svenska som andraspråk 1;1;..;..;..;.;.;.;.;1;..;..;..;
Thomasgymnasiet;79845033;Strängnäs;0486;Kommunal;Strängnäs kommun;2120000365;Svenska som andraspråk 3;5;..;..;..;3;..;..;..;2;..;..;..;
Strömstad Gymnasium, SGY1;70036612;Strömstad;1486;Kommunal;Strömstads kommun;2120001405;Engelska 5;28;.;100,0;.;8;..;..;..;20;..;..;..;
Strömstad Gymnasium, SGY1;70036612;Strömstad;1486;Kommunal;Strömstads kommun;2120001405;Matematik 1A;27;.;100,0;.;7;..;..;..;20;..;..;..;
Strömstad Gymnasium, SGY1;70036612;Strömstad;1486;Kommunal;Strömstads kommun;2120001405;Svenska 1;21;4,8;81,0;14,3;7;..;..;..;14;..;..;..;
Strömstad Gymnasium, SGY1;70036612;Strömstad;1486;Kommunal;Strömstads kommun;2120001405;Svenska som andraspråk 1;4;..;..;..;.;.;.;.;4;..;..;..;
Strömstad Gymnasium, SGY2;36936260;Strömstad;1486;Kommunal;Strömstads kommun;2120001405;Engelska 5;9;..;..;..;7;..;..;..;2;..;..;..;
Strömstad Gymnasium, SGY2;36936260;Strömstad;1486;Kommunal;Strömstads kommun;2120001405;Engelska 6;73;5,5;89,0;5,5;41;7,3;82,9;9,8;32;3,1;96,9;.;
Strömstad Gymnasium, SGY2;36936260;Strömstad;1486;Kommunal;Strömstads kommun;2120001405;Matematik 1A;10;.;100,0;.;7;..;..;..;3;..;..;..;
Strömstad Gymnasium, SGY2;36936260;Strömstad;1486;Kommunal;Strömstads kommun;2120001405;Matematik 2B;30;.;80,0;20,0;21;..;..;..;9;..;..;..;
Strömstad Gymnasium, SGY2;36936260;Strömstad;1486;Kommunal;Strömstads kommun;2120001405;Matematik 3B;9;..;..;..;1;..;..;..;8;..;..;..;
Strömstad Gymnasium, SGY2;36936260;Strömstad;1486;Kommunal;Strömstads kommun;2120001405;Matematik 4;10;.;80,0;20,0;9;..;..;..;1;..;..;..;
Strömstad Gymnasium, SGY2;36936260;Strömstad;1486;Kommunal;Strömstads kommun;2120001405;Svenska 1;7;..;..;..;6;..;..;..;1;..;..;..;
Strömstad Gymnasium, SGY2;36936260;Strömstad;1486;Kommunal;Strömstads kommun;2120001405;Svenska 3;44;6,8;61,4;31,8;23;.;78,3;21,7;21;14,3;42,9;42,9;
Strömstad Gymnasium, SGY2;36936260;Strömstad;1486;Kommunal;Strömstads kommun;2120001405;Svenska som andraspråk 1;3;..;..;..;2;..;..;..;1;..;..;..;
Strömstad Gymnasium, SGY2;36936260;Strömstad;1486;Kommunal;Strömstads kommun;2120001405;Svenska som andraspråk 3;8;..;..;..;2;..;..;..;6;..;..;..;
S:t Martins gymnasium;73217812;Sundbyberg;0183;Kommunal;Sundbybergs kommun;2120000175;Engelska 5;24;.;70,8;29,2;21;..;..;..;3;..;..;..;
S:t Martins gymnasium;73217812;Sundbyberg;0183;Kommunal;Sundbybergs kommun;2120000175;Matematik 1A;34;2,9;79,4;17,6;25;..;..;..;9;..;..;..;
S:t Martins gymnasium;73217812;Sundbyberg;0183;Kommunal;Sundbybergs kommun;2120000175;Svenska 1;28;7,1;57,1;35,7;22;..;..;..;6;..;..;..;
S:t Martins gymnasium;73217812;Sundbyberg;0183;Kommunal;Sundbybergs kommun;2120000175;Svenska som andraspråk 1;4;..;..;..;2;..;..;..;2;..;..;..;
Viktor Rydberg gy. Sundbyberg;78825169;Sundbyberg;0183;Enskild;Stiftelsen Viktor Rydbergs Skolor;8120005650;Engelska 6;1;..;..;..;.;.;.;.;1;..;..;..;
Viktor Rydberg gy. Sundbyberg;78825169;Sundbyberg;0183;Enskild;Stiftelsen Viktor Rydbergs Skolor;8120005650;Matematik 3B;1;..;..;..;.;.;.;.;1;..;..;..;
Viktor Rydberg gy. Sundbyberg;78825169;Sundbyberg;0183;Enskild;Stiftelsen Viktor Rydbergs Skolor;8120005650;Matematik 4;1;..;..;..;.;.;.;.;1;..;..;..;
Drottning Blankas Gymnasieskola Sundsvall;36769815;Sundsvall;2281;Enskild;DBGY Juvelen AB;5565789129;Engelska 5;22;.;90,9;9,1;21;..;..;..;1;..;..;..;
Drottning Blankas Gymnasieskola Sundsvall;36769815;Sundsvall;2281;Enskild;DBGY Juvelen AB;5565789129;Engelska 6;27;.;59,3;40,7;20;..;..;..;7;..;..;..;
Drottning Blankas Gymnasieskola Sundsvall;36769815;Sundsvall;2281;Enskild;DBGY Juvelen AB;5565789129;Matematik 1A;18;.;88,9;11,1;18;..;..;..;.;.;.;.;
Drottning Blankas Gymnasieskola Sundsvall;36769815;Sundsvall;2281;Enskild;DBGY Juvelen AB;5565789129;Matematik 2B;26;.;76,9;23,1;19;..;..;..;7;..;..;..;
Drottning Blankas Gymnasieskola Sundsvall;36769815;Sundsvall;2281;Enskild;DBGY Juvelen AB;5565789129;Svenska 1;18;5,6;72,2;22,2;17;..;..;..;1;..;..;..;
Drottning Blankas Gymnasieskola Sundsvall;36769815;Sundsvall;2281;Enskild;DBGY Juvelen AB;5565789129;Svenska 3;16;.;43,8;56,3;14;..;..;..;2;..;..;..;
Drottning Blankas Gymnasieskola Sundsvall;36769815;Sundsvall;2281;Enskild;DBGY Juvelen AB;5565789129;Svenska som andraspråk 1;2;..;..;..;2;..;..;..;.;.;.;.;
KLARA Teoretiska Gymnasium Sundsvall;21382451;Sundsvall;2281;Enskild;KLARA Gymnasium Lärande AB;5565583282;Engelska 6;82;.;65,9;34,1;55;.;56,4;43,6;27;.;85,2;14,8;
KLARA Teoretiska Gymnasium Sundsvall;21382451;Sundsvall;2281;Enskild;KLARA Gymnasium Lärande AB;5565583282;Matematik 2B;50;.;66,0;34,0;40;.;65,0;35,0;10;.;70,0;30,0;
KLARA Teoretiska Gymnasium Sundsvall;21382451;Sundsvall;2281;Enskild;KLARA Gymnasium Lärande AB;5565583282;Matematik 3B;15;.;86,7;13,3;3;..;..;..;12;..;..;..;
KLARA Teoretiska Gymnasium Sundsvall;21382451;Sundsvall;2281;Enskild;KLARA Gymnasium Lärande AB;5565583282;Matematik 4;24;.;79,2;20,8;13;.;76,9;23,1;11;.;81,8;18,2;
KLARA Teoretiska Gymnasium Sundsvall;21382451;Sundsvall;2281;Enskild;KLARA Gymnasium Lärande AB;5565583282;Svenska 3;82;3,7;65,9;30,5;61;4,9;68,9;26,2;21;.;57,1;42,9;
KLARA Teoretiska Gymnasium Sundsvall;21382451;Sundsvall;2281;Enskild;KLARA Gymnasium Lärande AB;5565583282;Svenska som andraspråk 3;8;..;..;..;6;..;..;..;2;..;..;..;
NTI Gymnasiet Sundsvall;48244956;Sundsvall;2281;Enskild;NTI Gymnasiet Macro AB;5561203679;Engelska 5;10;20,0;80,0;.;1;..;..;..;9;..;..;..;
NTI Gymnasiet Sundsvall;48244956;Sundsvall;2281;Enskild;NTI Gymnasiet Macro AB;5561203679;Engelska 6;45;44,4;55,6;.;8;..;..;..;37;..;..;..;
NTI Gymnasiet Sundsvall;48244956;Sundsvall;2281;Enskild;NTI Gymnasiet Macro AB;5561203679;Matematik 1A;12;8,3;66,7;25,0;1;..;..;..;11;..;..;..;
NTI Gymnasiet Sundsvall;48244956;Sundsvall;2281;Enskild;NTI Gymnasiet Macro AB;5561203679;Matematik 1B;10;.;90,0;10,0;6;..;..;..;4;..;..;..;
NTI Gymnasiet Sundsvall;48244956;Sundsvall;2281;Enskild;NTI Gymnasiet Macro AB;5561203679;Matematik 3C;34;.;76,5;23,5;4;..;..;..;30;..;..;..;
NTI Gymnasiet Sundsvall;48244956;Sundsvall;2281;Enskild;NTI Gymnasiet Macro AB;5561203679;Svenska 1;11;.;45,5;54,5;.;.;.;.;11;..;..;..;
NTI Gymnasiet Sundsvall;48244956;Sundsvall;2281;Enskild;NTI Gymnasiet Macro AB;5561203679;Svenska 3;25;8,0;64,0;28,0;9;..;..;..;16;..;..;..;
NTI Gymnasiet Sundsvall;48244956;Sundsvall;2281;Enskild;NTI Gymnasiet Macro AB;5561203679;Svenska som andraspråk 1;2;..;..;..;1;..;..;..;1;..;..;..;
NTI Gymnasiet Sundsvall;48244956;Sundsvall;2281;Enskild;NTI Gymnasiet Macro AB;5561203679;Svenska som andraspråk 3;2;..;..;..;1;..;..;..;1;..;..;..;
Praktiska Gymnasiet Sundsvall;16931486;Sundsvall;2281;Enskild;Praktiska Sverige AB;5562575786;Engelska 5;104;12,5;59,6;27,9;31;6,5;54,8;38,7;73;15,1;61,6;23,3;
Praktiska Gymnasiet Sundsvall;16931486;Sundsvall;2281;Enskild;Praktiska Sverige AB;5562575786;Matematik 1A;113;.;52,2;47,8;34;.;35,3;64,7;79;.;59,5;40,5;
Praktiska Gymnasiet Sundsvall;16931486;Sundsvall;2281;Enskild;Praktiska Sverige AB;5562575786;Svenska 1;99;1,0;48,5;50,5;29;.;34,5;65,5;70;1,4;54,3;44,3;
Praktiska Gymnasiet Sundsvall;16931486;Sundsvall;2281;Enskild;Praktiska Sverige AB;5562575786;Svenska som andraspråk 1;2;..;..;..;1;..;..;..;1;..;..;..;
Realgymnasiet i Sundsvall;92489953;Sundsvall;2281;Enskild;Lärande i Sverige AB;5565715892;Engelska 5;3;..;..;..;3;..;..;..;.;.;.;.;
Realgymnasiet i Sundsvall;92489953;Sundsvall;2281;Enskild;Lärande i Sverige AB;5565715892;Matematik 1A;2;..;..;..;2;..;..;..;.;.;.;.;
Skvaderns gymnasieskola;43873969;Sundsvall;2281;Enskild;Norrlidens Kunskapscentrum AB;5566178215;Engelska 6;57;1,8;87,7;10,5;38;2,6;86,8;10,5;19;.;89,5;10,5;
Skvaderns gymnasieskola;43873969;Sundsvall;2281;Enskild;Norrlidens Kunskapscentrum AB;5566178215;Svenska 3;50;6,0;72,0;22,0;32;6,3;75,0;18,8;18;5,6;66,7;27,8;
Skvaderns gymnasieskola;43873969;Sundsvall;2281;Enskild;Norrlidens Kunskapscentrum AB;5566178215;Svenska som andraspråk 3;7;..;..;..;6;..;..;..;1;..;..;..;
Sundsvalls gymn. Hedbergska 1;89793044;Sundsvall;2281;Kommunal;Sundsvalls kommun;2120002411;Engelska 6;97;1,0;76,3;22,7;59;.;71,2;28,8;38;2,6;84,2;13,2;
Sundsvalls gymn. Hedbergska 1;89793044;Sundsvall;2281;Kommunal;Sundsvalls kommun;2120002411;Matematik 1B;28;.;71,4;28,6;19;..;..;..;9;..;..;..;
Sundsvalls gymn. Hedbergska 1;89793044;Sundsvall;2281;Kommunal;Sundsvalls kommun;2120002411;Matematik 2B;82;.;53,7;46,3;51;.;51,0;49,0;31;.;58,1;41,9;
Sundsvalls gymn. Hedbergska 1;89793044;Sundsvall;2281;Kommunal;Sundsvalls kommun;2120002411;Svenska 3;69;1,4;49,3;49,3;39;.;38,5;61,5;30;3,3;63,3;33,3;
Sundsvalls gymn. Hedbergska 1;89793044;Sundsvall;2281;Kommunal;Sundsvalls kommun;2120002411;Svenska som andraspråk 3;9;..;..;..;2;..;..;..;7;..;..;..;
Sundsvalls Gymn. Hedbergska 2;55825382;Sundsvall;2281;Kommunal;Sundsvalls kommun;2120002411;Engelska 6;101;10,9;72,3;16,8;59;10,2;71,2;18,6;42;11,9;73,8;14,3;
Sundsvalls Gymn. Hedbergska 2;55825382;Sundsvall;2281;Kommunal;Sundsvalls kommun;2120002411;Matematik 2B;38;.;73,7;26,3;25;.;64,0;36,0;13;.;92,3;7,7;
Sundsvalls Gymn. Hedbergska 2;55825382;Sundsvall;2281;Kommunal;Sundsvalls kommun;2120002411;Matematik 3B;59;.;66,1;33,9;24;.;70,8;29,2;35;.;62,9;37,1;
Sundsvalls Gymn. Hedbergska 2;55825382;Sundsvall;2281;Kommunal;Sundsvalls kommun;2120002411;Svenska 3;107;14,0;63,6;22,4;60;11,7;56,7;31,7;47;17,0;72,3;10,6;
Sundsvalls Gymn. Hedbergska 2;55825382;Sundsvall;2281;Kommunal;Sundsvalls kommun;2120002411;Svenska som andraspråk 3;3;..;..;..;2;..;..;..;1;..;..;..;
Sundsvalls Gymn. Hedbergska 3;19306558;Sundsvall;2281;Kommunal;Sundsvalls kommun;2120002411;Engelska 5;17;.;94,1;5,9;7;..;..;..;10;..;..;..;
Sundsvalls Gymn. Hedbergska 3;19306558;Sundsvall;2281;Kommunal;Sundsvalls kommun;2120002411;Matematik 1A;16;.;81,3;18,8;7;..;..;..;9;..;..;..;
Sundsvalls Gymn. Hedbergska 3;19306558;Sundsvall;2281;Kommunal;Sundsvalls kommun;2120002411;Svenska 1;17;11,8;64,7;23,5;7;..;..;..;10;..;..;..;
Sundsvalls Gymn. Hedbergska 4;35301145;Sundsvall;2281;Kommunal;Sundsvalls kommun;2120002411;Engelska 5;69;4,3;85,5;10,1;34;2,9;76,5;20,6;35;5,7;94,3;.;
Sundsvalls Gymn. Hedbergska 4;35301145;Sundsvall;2281;Kommunal;Sundsvalls kommun;2120002411;Matematik 1A;70;.;92,9;7,1;34;.;91,2;8,8;36;.;94,4;5,6;
Sundsvalls Gymn. Hedbergska 4;35301145;Sundsvall;2281;Kommunal;Sundsvalls kommun;2120002411;Svenska 1;66;7,6;42,4;50,0;36;5,6;44,4;50,0;30;10,0;40,0;50,0;
Sundsvalls Gymn. Hedbergska 4;35301145;Sundsvall;2281;Kommunal;Sundsvalls kommun;2120002411;Svenska som andraspråk 1;7;..;..;..;1;..;..;..;6;..;..;..;
Sundsvalls Gymn. Västermalm 1;24993048;Sundsvall;2281;Kommunal;Sundsvalls kommun;2120002411;Engelska 6;88;13,6;79,5;6,8;22;4,5;81,8;13,6;66;16,7;78,8;4,5;
Sundsvalls Gymn. Västermalm 1;24993048;Sundsvall;2281;Kommunal;Sundsvalls kommun;2120002411;Matematik 3C;40;.;90,0;10,0;10;.;70,0;30,0;30;.;96,7;3,3;
Sundsvalls Gymn. Västermalm 1;24993048;Sundsvall;2281;Kommunal;Sundsvalls kommun;2120002411;Matematik 4;33;3,0;90,9;6,1;11;.;81,8;18,2;22;4,5;95,5;.;
Sundsvalls Gymn. Västermalm 1;24993048;Sundsvall;2281;Kommunal;Sundsvalls kommun;2120002411;Svenska 3;80;2,5;61,3;36,3;29;6,9;58,6;34,5;51;.;62,7;37,3;
Sundsvalls Gymn. Västermalm 1;24993048;Sundsvall;2281;Kommunal;Sundsvalls kommun;2120002411;Svenska som andraspråk 3;9;..;..;..;3;..;..;..;6;..;..;..;
Sundsvalls Gymn. Västermalm 2;70132092;Sundsvall;2281;Kommunal;Sundsvalls kommun;2120002411;Engelska 5;71;8,5;88,7;2,8;5;..;..;..;66;..;..;..;
Sundsvalls Gymn. Västermalm 2;70132092;Sundsvall;2281;Kommunal;Sundsvalls kommun;2120002411;Matematik 1A;21;14,3;81,0;4,8;3;..;..;..;18;..;..;..;
Sundsvalls Gymn. Västermalm 2;70132092;Sundsvall;2281;Kommunal;Sundsvalls kommun;2120002411;Svenska 1;63;11,1;69,8;19,0;5;..;..;..;58;..;..;..;
Sundsvalls Gymn. Västermalm 2;70132092;Sundsvall;2281;Kommunal;Sundsvalls kommun;2120002411;Svenska som andraspråk 1;1;..;..;..;.;.;.;.;1;..;..;..;
Sundsvalls Gymn. Västermalm 4;65034473;Sundsvall;2281;Kommunal;Sundsvalls kommun;2120002411;Engelska 5;1;..;..;..;1;..;..;..;.;.;.;.;
Sundsvalls Gymn. Västermalm 4;65034473;Sundsvall;2281;Kommunal;Sundsvalls kommun;2120002411;Matematik 1A;1;..;..;..;1;..;..;..;.;.;.;.;
Sundsvalls Gymn. Västermalm 4;65034473;Sundsvall;2281;Kommunal;Sundsvalls kommun;2120002411;Svenska 1;1;..;..;..;1;..;..;..;.;.;.;.;
Sundsvalls Gymn. Västermalm 5;13084253;Sundsvall;2281;Kommunal;Sundsvalls kommun;2120002411;Engelska 5;61;.;78,7;21,3;31;.;67,7;32,3;30;.;90,0;10,0;
Sundsvalls Gymn. Västermalm 5;13084253;Sundsvall;2281;Kommunal;Sundsvalls kommun;2120002411;Matematik 1A;61;1,6;82,0;16,4;33;.;78,8;21,2;28;3,6;85,7;10,7;
Sundsvalls Gymn. Västermalm 5;13084253;Sundsvall;2281;Kommunal;Sundsvalls kommun;2120002411;Svenska 1;52;.;17,3;82,7;28;.;21,4;78,6;24;.;12,5;87,5;
Sundsvalls Gymn. Västermalm 5;13084253;Sundsvall;2281;Kommunal;Sundsvalls kommun;2120002411;Svenska som andraspråk 1;7;..;..;..;4;..;..;..;3;..;..;..;
Thoren Business School Sundsvall;59942080;Sundsvall;2281;Enskild;Thorengruppen AB;5566139290;Engelska 5;14;7,1;78,6;14,3;4;..;..;..;10;..;..;..;
Thoren Business School Sundsvall;59942080;Sundsvall;2281;Enskild;Thorengruppen AB;5566139290;Matematik 1A;18;.;100,0;.;6;..;..;..;12;..;..;..;
Thoren Business School Sundsvall;59942080;Sundsvall;2281;Enskild;Thorengruppen AB;5566139290;Matematik 3B;8;..;..;..;4;..;..;..;4;..;..;..;
Sunne Gymnasieskola / Broby;66273269;Sunne;1766;Kommunal;Sunne kommun;2120001843;Engelska 5;24;8,3;79,2;12,5;2;..;..;..;22;..;..;..;
Sunne Gymnasieskola / Broby;66273269;Sunne;1766;Kommunal;Sunne kommun;2120001843;Engelska 6;21;4,8;61,9;33,3;9;..;..;..;12;..;..;..;
Sunne Gymnasieskola / Broby;66273269;Sunne;1766;Kommunal;Sunne kommun;2120001843;Matematik 1A;21;.;81,0;19,0;1;..;..;..;20;..;..;..;
Sunne Gymnasieskola / Broby;66273269;Sunne;1766;Kommunal;Sunne kommun;2120001843;Matematik 2B;9;..;..;..;5;..;..;..;4;..;..;..;
Sunne Gymnasieskola / Broby;66273269;Sunne;1766;Kommunal;Sunne kommun;2120001843;Matematik 3C;3;..;..;..;.;.;.;.;3;..;..;..;
Sunne Gymnasieskola / Broby;66273269;Sunne;1766;Kommunal;Sunne kommun;2120001843;Svenska 1;19;.;68,4;31,6;2;..;..;..;17;..;..;..;
Sunne Gymnasieskola / Broby;66273269;Sunne;1766;Kommunal;Sunne kommun;2120001843;Svenska 3;13;.;53,8;46,2;5;..;..;..;8;..;..;..;
Sunne Gymnasieskola / Broby;66273269;Sunne;1766;Kommunal;Sunne kommun;2120001843;Svenska som andraspråk 1;2;..;..;..;.;.;.;.;2;..;..;..;
Sunne Gymnasieskola / Broby;66273269;Sunne;1766;Kommunal;Sunne kommun;2120001843;Svenska som andraspråk 3;6;..;..;..;4;..;..;..;2;..;..;..;
Sunne Gymnasieskola / Södra Viken;82888663;Sunne;1766;Kommunal;Sunne kommun;2120001843;Engelska 5;80;2,5;81,3;16,3;22;4,5;81,8;13,6;58;1,7;81,0;17,2;
Sunne Gymnasieskola / Södra Viken;82888663;Sunne;1766;Kommunal;Sunne kommun;2120001843;Matematik 1A;79;.;87,3;12,7;21;.;71,4;28,6;58;.;93,1;6,9;
Sunne Gymnasieskola / Södra Viken;82888663;Sunne;1766;Kommunal;Sunne kommun;2120001843;Svenska 1;78;5,1;76,9;17,9;20;10,0;50,0;40,0;58;3,4;86,2;10,3;
Viljan;23384476;Surahammar;1907;Enskild;Viljan Friskola AB;5567777775;Engelska 6;1;..;..;..;1;..;..;..;.;.;.;.;
Svalöfs gymnasium;11275959;Svalöv;1214;Kommunal;Svalövs kommun;2120000993;Engelska 5;107;2,8;77,6;19,6;33;6,1;75,8;18,2;74;1,4;78,4;20,3;
Svalöfs gymnasium;11275959;Svalöv;1214;Kommunal;Svalövs kommun;2120000993;Engelska 6;6;..;..;..;5;..;..;..;1;..;..;..;
Svalöfs gymnasium;11275959;Svalöv;1214;Kommunal;Svalövs kommun;2120000993;Matematik 1A;115;.;79,1;20,9;32;.;96,9;3,1;83;.;72,3;27,7;
Svalöfs gymnasium;11275959;Svalöv;1214;Kommunal;Svalövs kommun;2120000993;Matematik 2B;5;..;..;..;4;..;..;..;1;..;..;..;
Svalöfs gymnasium;11275959;Svalöv;1214;Kommunal;Svalövs kommun;2120000993;Svenska 1;84;6,0;50,0;44,0;27;11,1;66,7;22,2;57;3,5;42,1;54,4;
Svalöfs gymnasium;11275959;Svalöv;1214;Kommunal;Svalövs kommun;2120000993;Svenska som andraspråk 1;2;..;..;..;.;.;.;.;2;..;..;..;
Nils Fredriksson Utbildning, gymnasium;58518163;Svedala;1263;Kommunal;Svedala kommun;2120001074;Engelska 5;23;4,3;87,0;8,7;15;..;..;..;8;..;..;..;
Nils Fredriksson Utbildning, gymnasium;58518163;Svedala;1263;Kommunal;Svedala kommun;2120001074;Engelska 6;41;.;87,8;12,2;15;.;80,0;20,0;26;.;92,3;7,7;
Nils Fredriksson Utbildning, gymnasium;58518163;Svedala;1263;Kommunal;Svedala kommun;2120001074;Matematik 1A;22;.;50,0;50,0;14;..;..;..;8;..;..;..;
Nils Fredriksson Utbildning, gymnasium;58518163;Svedala;1263;Kommunal;Svedala kommun;2120001074;Matematik 2B;24;.;87,5;12,5;10;.;100,0;.;14;.;78,6;21,4;
Nils Fredriksson Utbildning, gymnasium;58518163;Svedala;1263;Kommunal;Svedala kommun;2120001074;Matematik 4;3;..;..;..;3;..;..;..;.;.;.;.;
Nils Fredriksson Utbildning, gymnasium;58518163;Svedala;1263;Kommunal;Svedala kommun;2120001074;Svenska 1;22;.;72,7;27,3;14;..;..;..;8;..;..;..;
Nils Fredriksson Utbildning, gymnasium;58518163;Svedala;1263;Kommunal;Svedala kommun;2120001074;Svenska 3;28;.;57,1;42,9;14;.;50,0;50,0;14;.;64,3;35,7;
Nils Fredriksson Utbildning, gymnasium;58518163;Svedala;1263;Kommunal;Svedala kommun;2120001074;Svenska som andraspråk 1;1;..;..;..;.;.;.;.;1;..;..;..;
Sveriges Ridgymnasium Svedala;50615280;Svedala;1263;Enskild;Sveriges Ridgymnasium AB;5566814504;Engelska 5;18;.;100,0;.;18;..;..;..;.;.;.;.;
Sveriges Ridgymnasium Svedala;50615280;Svedala;1263;Enskild;Sveriges Ridgymnasium AB;5566814504;Matematik 1A;21;.;100,0;.;21;..;..;..;.;.;.;.;
Sveriges Ridgymnasium Svedala;50615280;Svedala;1263;Enskild;Sveriges Ridgymnasium AB;5566814504;Svenska 1;21;.;61,9;38,1;20;..;..;..;1;..;..;..;
Naturbruksskolan Svenljunga;19035583;Svenljunga;1465;Region;Västra Götalandsregionen;2321000131;Engelska 5;47;6,4;70,2;23,4;9;..;..;..;38;..;..;..;
Naturbruksskolan Svenljunga;19035583;Svenljunga;1465;Region;Västra Götalandsregionen;2321000131;Matematik 1A;40;.;75,0;25,0;4;..;..;..;36;..;..;..;
Naturbruksskolan Svenljunga;19035583;Svenljunga;1465;Region;Västra Götalandsregionen;2321000131;Svenska 1;45;.;77,8;22,2;9;..;..;..;36;..;..;..;
Herrgårdsgymnasiet 1;27993549;Säffle;1785;Kommunal;Säffle kommun;2120001900;Engelska 5;63;15,9;76,2;7,9;24;16,7;70,8;12,5;39;15,4;79,5;5,1;
Herrgårdsgymnasiet 1;27993549;Säffle;1785;Kommunal;Säffle kommun;2120001900;Matematik 1A;55;.;100,0;.;25;.;100,0;.;30;.;100,0;.;
Herrgårdsgymnasiet 1;27993549;Säffle;1785;Kommunal;Säffle kommun;2120001900;Svenska 1;64;3,1;59,4;37,5;24;4,2;58,3;37,5;40;2,5;60,0;37,5;
Herrgårdsgymnasiet 2;51285539;Säffle;1785;Kommunal;Säffle kommun;2120001900;Engelska 5;25;8,0;88,0;4,0;1;..;..;..;24;..;..;..;
Herrgårdsgymnasiet 2;51285539;Säffle;1785;Kommunal;Säffle kommun;2120001900;Matematik 1A;24;.;91,7;8,3;1;..;..;..;23;..;..;..;
Herrgårdsgymnasiet 2;51285539;Säffle;1785;Kommunal;Säffle kommun;2120001900;Svenska 1;23;.;60,9;39,1;.;.;.;.;23;..;..;..;
Aleholm 1;47872090;Sävsjö;0684;Kommunal;Sävsjö kommun;2120000563;Engelska 5;8;..;..;..;4;..;..;..;4;..;..;..;
Aleholm 1;47872090;Sävsjö;0684;Kommunal;Sävsjö kommun;2120000563;Engelska 6;18;.;72,2;27,8;7;..;..;..;11;..;..;..;
Aleholm 1;47872090;Sävsjö;0684;Kommunal;Sävsjö kommun;2120000563;Matematik 1A;6;..;..;..;2;..;..;..;4;..;..;..;
Aleholm 1;47872090;Sävsjö;0684;Kommunal;Sävsjö kommun;2120000563;Matematik 3C;8;..;..;..;2;..;..;..;6;..;..;..;
Aleholm 1;47872090;Sävsjö;0684;Kommunal;Sävsjö kommun;2120000563;Matematik 4;8;..;..;..;6;..;..;..;2;..;..;..;
Aleholm 1;47872090;Sävsjö;0684;Kommunal;Sävsjö kommun;2120000563;Svenska 1;8;..;..;..;2;..;..;..;6;..;..;..;
Aleholm 1;47872090;Sävsjö;0684;Kommunal;Sävsjö kommun;2120000563;Svenska 3;14;.;42,9;57,1;9;..;..;..;5;..;..;..;
Aleholm 1;47872090;Sävsjö;0684;Kommunal;Sävsjö kommun;2120000563;Svenska som andraspråk 3;5;..;..;..;2;..;..;..;3;..;..;..;
Aleholm 3;37912396;Sävsjö;0684;Kommunal;Sävsjö kommun;2120000563;Engelska 5;5;..;..;..;3;..;..;..;2;..;..;..;
Aleholm 3;37912396;Sävsjö;0684;Kommunal;Sävsjö kommun;2120000563;Engelska 6;20;.;85,0;15,0;13;..;..;..;7;..;..;..;
Aleholm 3;37912396;Sävsjö;0684;Kommunal;Sävsjö kommun;2120000563;Matematik 1A;3;..;..;..;2;..;..;..;1;..;..;..;
Aleholm 3;37912396;Sävsjö;0684;Kommunal;Sävsjö kommun;2120000563;Matematik 3B;4;..;..;..;2;..;..;..;2;..;..;..;
Aleholm 3;37912396;Sävsjö;0684;Kommunal;Sävsjö kommun;2120000563;Svenska 1;3;..;..;..;2;..;..;..;1;..;..;..;
Aleholm 3;37912396;Sävsjö;0684;Kommunal;Sävsjö kommun;2120000563;Svenska 3;19;.;73,7;26,3;15;..;..;..;4;..;..;..;
Aleholm 3;37912396;Sävsjö;0684;Kommunal;Sävsjö kommun;2120000563;Svenska som andraspråk 3;8;..;..;..;5;..;..;..;3;..;..;..;
Staffangymnasiet RO6;45593337;Söderhamn;2182;Kommunal;Hälsinglands Utbildningsförbund;2220003111;Engelska 6;22;.;100,0;.;8;..;..;..;14;..;..;..;
Staffangymnasiet RO6;45593337;Söderhamn;2182;Kommunal;Hälsinglands Utbildningsförbund;2220003111;Matematik 3C;13;.;92,3;7,7;5;..;..;..;8;..;..;..;
Staffangymnasiet RO6;45593337;Söderhamn;2182;Kommunal;Hälsinglands Utbildningsförbund;2220003111;Matematik 4;6;..;..;..;3;..;..;..;3;..;..;..;
Staffangymnasiet RO6;45593337;Söderhamn;2182;Kommunal;Hälsinglands Utbildningsförbund;2220003111;Svenska 3;76;9,2;72,4;18,4;45;4,4;75,6;20,0;31;16,1;67,7;16,1;
Staffangymnasiet RO6;45593337;Söderhamn;2182;Kommunal;Hälsinglands Utbildningsförbund;2220003111;Svenska som andraspråk 3;12;.;91,7;8,3;5;..;..;..;7;..;..;..;
Staffangymnasiet RO7;90312942;Söderhamn;2182;Kommunal;Hälsinglands Utbildningsförbund;2220003111;Engelska 5;64;3,1;93,8;3,1;32;3,1;90,6;6,3;32;3,1;96,9;.;
Staffangymnasiet RO7;90312942;Söderhamn;2182;Kommunal;Hälsinglands Utbildningsförbund;2220003111;Matematik 1A;121;0,8;94,2;5,0;49;.;91,8;8,2;72;1,4;95,8;2,8;
Staffangymnasiet RO7;90312942;Söderhamn;2182;Kommunal;Hälsinglands Utbildningsförbund;2220003111;Svenska 1;74;4,1;70,3;25,7;38;5,3;68,4;26,3;36;2,8;72,2;25,0;
Staffangymnasiet RO7;90312942;Söderhamn;2182;Kommunal;Hälsinglands Utbildningsförbund;2220003111;Svenska som andraspråk 1;11;.;100,0;.;11;..;..;..;.;.;.;.;
Nyströmska skolan 1;10226870;Söderköping;0582;Kommunal;Söderköpings kommun;2120000464;Engelska 6;22;18,2;68,2;13,6;10;10,0;70,0;20,0;12;25,0;66,7;8,3;
Nyströmska skolan 1;10226870;Söderköping;0582;Kommunal;Söderköpings kommun;2120000464;Matematik 2B;4;..;..;..;3;..;..;..;1;..;..;..;
Nyströmska skolan 1;10226870;Söderköping;0582;Kommunal;Söderköpings kommun;2120000464;Matematik 3B;3;..;..;..;2;..;..;..;1;..;..;..;
Nyströmska skolan 1;10226870;Söderköping;0582;Kommunal;Söderköpings kommun;2120000464;Matematik 4;11;.;90,9;9,1;8;..;..;..;3;..;..;..;
Nyströmska skolan 1;10226870;Söderköping;0582;Kommunal;Söderköpings kommun;2120000464;Svenska 3;16;25,0;56,3;18,8;9;..;..;..;7;..;..;..;
Nyströmska skolan 1;10226870;Söderköping;0582;Kommunal;Söderköpings kommun;2120000464;Svenska som andraspråk 3;10;.;90,0;10,0;5;..;..;..;5;..;..;..;
Nyströmska skolan 3;37583611;Söderköping;0582;Kommunal;Söderköpings kommun;2120000464;Engelska 5;20;15,0;85,0;.;9;..;..;..;11;..;..;..;
Nyströmska skolan 3;37583611;Söderköping;0582;Kommunal;Söderköpings kommun;2120000464;Matematik 1A;16;.;81,3;18,8;7;..;..;..;9;..;..;..;
Järna Naturbruksgymnasium;80280597;Södertälje;0181;Enskild;Nibblestiftelsen;8020024405;Engelska 5;9;..;..;..;6;..;..;..;3;..;..;..;
Järna Naturbruksgymnasium;80280597;Södertälje;0181;Enskild;Nibblestiftelsen;8020024405;Matematik 1A;7;..;..;..;5;..;..;..;2;..;..;..;
Järna Naturbruksgymnasium;80280597;Södertälje;0181;Enskild;Nibblestiftelsen;8020024405;Svenska 1;6;..;..;..;4;..;..;..;2;..;..;..;
Järna Naturbruksgymnasium;80280597;Södertälje;0181;Enskild;Nibblestiftelsen;8020024405;Svenska som andraspråk 1;2;..;..;..;2;..;..;..;.;.;.;.;
Mälardalens Tekniska Gymnasium;67628478;Södertälje;0181;Enskild;Mälardalens Tekniska Gymnasium Aktiebolag;5565484754;Engelska 5;64;7,8;89,1;3,1;7;..;..;..;57;..;..;..;
Mälardalens Tekniska Gymnasium;67628478;Södertälje;0181;Enskild;Mälardalens Tekniska Gymnasium Aktiebolag;5565484754;Svenska 1;59;1,7;88,1;10,2;6;..;..;..;53;..;..;..;
Mälardalens Tekniska Gymnasium;67628478;Södertälje;0181;Enskild;Mälardalens Tekniska Gymnasium Aktiebolag;5565484754;Svenska 3;59;1,7;88,1;10,2;10;.;80,0;20,0;49;2,0;89,8;8,2;
Novalisgymnasiet;68485877;Södertälje;0181;Enskild;Stiftelsen Novalis;8156008172;Engelska 6;5;..;..;..;3;..;..;..;2;..;..;..;
Novalisgymnasiet;68485877;Södertälje;0181;Enskild;Stiftelsen Novalis;8156008172;Matematik 1B;1;..;..;..;.;.;.;.;1;..;..;..;
Novalisgymnasiet;68485877;Södertälje;0181;Enskild;Stiftelsen Novalis;8156008172;Svenska 3;2;..;..;..;2;..;..;..;.;.;.;.;
NTI Gymnasiet Södertälje;37517404;Södertälje;0181;Enskild;NTI Gymnasiet Macro AB;5561203679;Engelska 5;22;.;86,4;13,6;1;..;..;..;21;..;..;..;
NTI Gymnasiet Södertälje;37517404;Södertälje;0181;Enskild;NTI Gymnasiet Macro AB;5561203679;Engelska 6;26;26,9;69,2;3,8;.;.;.;.;26;..;..;..;
NTI Gymnasiet Södertälje;37517404;Södertälje;0181;Enskild;NTI Gymnasiet Macro AB;5561203679;Matematik 3C;21;.;71,4;28,6;.;.;.;.;21;..;..;..;
NTI Gymnasiet Södertälje;37517404;Södertälje;0181;Enskild;NTI Gymnasiet Macro AB;5561203679;Svenska 1;9;..;..;..;.;.;.;.;9;..;..;..;
NTI Gymnasiet Södertälje;37517404;Södertälje;0181;Enskild;NTI Gymnasiet Macro AB;5561203679;Svenska 3;13;.;46,2;53,8;.;.;.;.;13;..;..;..;
NTI Gymnasiet Södertälje;37517404;Södertälje;0181;Enskild;NTI Gymnasiet Macro AB;5561203679;Svenska som andraspråk 1;6;..;..;..;.;.;.;.;6;..;..;..;
NTI Gymnasiet Södertälje;37517404;Södertälje;0181;Enskild;NTI Gymnasiet Macro AB;5561203679;Svenska som andraspråk 3;11;27,3;9,1;63,6;1;..;..;..;10;..;..;..;
Praktiska Gymnasiet Södertälje;29159460;Södertälje;0181;Enskild;Praktiska Sverige AB;5562575786;Engelska 5;39;.;84,6;15,4;15;.;80,0;20,0;24;.;87,5;12,5;
Praktiska Gymnasiet Södertälje;29159460;Södertälje;0181;Enskild;Praktiska Sverige AB;5562575786;Engelska 6;7;..;..;..;7;..;..;..;.;.;.;.;
Praktiska Gymnasiet Södertälje;29159460;Södertälje;0181;Enskild;Praktiska Sverige AB;5562575786;Matematik 1A;60;.;36,7;63,3;28;.;42,9;57,1;32;.;31,3;68,8;
Praktiska Gymnasiet Södertälje;29159460;Södertälje;0181;Enskild;Praktiska Sverige AB;5562575786;Svenska 1;48;2,1;43,8;54,2;22;4,5;36,4;59,1;26;.;50,0;50,0;
Praktiska Gymnasiet Södertälje;29159460;Södertälje;0181;Enskild;Praktiska Sverige AB;5562575786;Svenska som andraspråk 1;19;.;78,9;21,1;8;..;..;..;11;..;..;..;
S:ta Ragnhildgymnasiet;32057701;Södertälje;0181;Enskild;S:ta Ragnhildgymnasiet AB;5564065687;Engelska 6;65;6,2;69,2;24,6;33;6,1;72,7;21,2;32;6,3;65,6;28,1;
S:ta Ragnhildgymnasiet;32057701;Södertälje;0181;Enskild;S:ta Ragnhildgymnasiet AB;5564065687;Matematik 3B;18;.;55,6;44,4;11;..;..;..;7;..;..;..;
S:ta Ragnhildgymnasiet;32057701;Södertälje;0181;Enskild;S:ta Ragnhildgymnasiet AB;5564065687;Matematik 4;34;.;67,6;32,4;21;.;66,7;33,3;13;.;69,2;30,8;
S:ta Ragnhildgymnasiet;32057701;Södertälje;0181;Enskild;S:ta Ragnhildgymnasiet AB;5564065687;Svenska 3;48;.;68,8;31,3;23;.;65,2;34,8;25;.;72,0;28,0;
S:ta Ragnhildgymnasiet;32057701;Södertälje;0181;Enskild;S:ta Ragnhildgymnasiet AB;5564065687;Svenska som andraspråk 3;18;5,6;44,4;50,0;5;..;..;..;13;..;..;..;
Vackstanäsgymnasiet;89630851;Södertälje;0181;Enskild;Stiftelsen Otto och Signe Broms Hemskola Å Vackstanäs;8156000690;Engelska 5;45;2,2;86,7;11,1;15;.;93,3;6,7;30;3,3;83,3;13,3;
Vackstanäsgymnasiet;89630851;Södertälje;0181;Enskild;Stiftelsen Otto och Signe Broms Hemskola Å Vackstanäs;8156000690;Engelska 6;15;.;53,3;46,7;15;..;..;..;.;.;.;.;
Vackstanäsgymnasiet;89630851;Södertälje;0181;Enskild;Stiftelsen Otto och Signe Broms Hemskola Å Vackstanäs;8156000690;Matematik 1A;41;2,4;97,6;.;14;.;100,0;.;27;3,7;96,3;.;
Vackstanäsgymnasiet;89630851;Södertälje;0181;Enskild;Stiftelsen Otto och Signe Broms Hemskola Å Vackstanäs;8156000690;Matematik 1B;15;.;86,7;13,3;14;..;..;..;1;..;..;..;
Vackstanäsgymnasiet;89630851;Södertälje;0181;Enskild;Stiftelsen Otto och Signe Broms Hemskola Å Vackstanäs;8156000690;Svenska 1;45;.;68,9;31,1;15;.;60,0;40,0;30;.;73,3;26,7;
Vackstanäsgymnasiet;89630851;Södertälje;0181;Enskild;Stiftelsen Otto och Signe Broms Hemskola Å Vackstanäs;8156000690;Svenska 3;13;15,4;7,7;76,9;12;..;..;..;1;..;..;..;
Vackstanäsgymnasiet;89630851;Södertälje;0181;Enskild;Stiftelsen Otto och Signe Broms Hemskola Å Vackstanäs;8156000690;Svenska som andraspråk 3;2;..;..;..;2;..;..;..;.;.;.;.;
Örjanskolan gym;70543431;Södertälje;0181;Enskild;Föreningen Örjanskolan;8156005103;Matematik 1B;4;..;..;..;3;..;..;..;1;..;..;..;
Örjanskolan gym;70543431;Södertälje;0181;Enskild;Föreningen Örjanskolan;8156005103;Matematik 3C;5;..;..;..;4;..;..;..;1;..;..;..;
Örjanskolan gym;70543431;Södertälje;0181;Enskild;Föreningen Örjanskolan;8156005103;Svenska 3;15;.;40,0;60,0;10;..;..;..;5;..;..;..;
Örjanskolan gym;70543431;Södertälje;0181;Enskild;Föreningen Örjanskolan;8156005103;Svenska som andraspråk 3;1;..;..;..;.;.;.;.;1;..;..;..;
Furubygg;29324709;Sölvesborg;1083;Kommunal;Sölvesborgs kommun;2120000852;Engelska 5;14;.;71,4;28,6;1;..;..;..;13;..;..;..;
Furubygg;29324709;Sölvesborg;1083;Kommunal;Sölvesborgs kommun;2120000852;Matematik 1A;14;.;92,9;7,1;1;..;..;..;13;..;..;..;
Furubygg;29324709;Sölvesborg;1083;Kommunal;Sölvesborgs kommun;2120000852;Svenska 1;12;.;83,3;16,7;.;.;.;.;12;..;..;..;
Furulundsskolan 1;23476801;Sölvesborg;1083;Kommunal;Sölvesborgs kommun;2120000852;Engelska 5;15;26,7;73,3;.;2;..;..;..;13;..;..;..;
Furulundsskolan 1;23476801;Sölvesborg;1083;Kommunal;Sölvesborgs kommun;2120000852;Engelska 6;22;4,5;72,7;22,7;5;..;..;..;17;..;..;..;
Furulundsskolan 1;23476801;Sölvesborg;1083;Kommunal;Sölvesborgs kommun;2120000852;Matematik 1A;16;.;62,5;37,5;2;..;..;..;14;..;..;..;
Furulundsskolan 1;23476801;Sölvesborg;1083;Kommunal;Sölvesborgs kommun;2120000852;Matematik 4;17;.;76,5;23,5;5;..;..;..;12;..;..;..;
Furulundsskolan 1;23476801;Sölvesborg;1083;Kommunal;Sölvesborgs kommun;2120000852;Svenska 1;15;.;86,7;13,3;2;..;..;..;13;..;..;..;
Furulundsskolan 1;23476801;Sölvesborg;1083;Kommunal;Sölvesborgs kommun;2120000852;Svenska 3;22;18,2;40,9;40,9;4;..;..;..;18;..;..;..;
Furulundsskolan 1;23476801;Sölvesborg;1083;Kommunal;Sölvesborgs kommun;2120000852;Svenska som andraspråk 3;8;..;..;..;2;..;..;..;6;..;..;..;
Furulundsskolan 2;86351879;Sölvesborg;1083;Kommunal;Sölvesborgs kommun;2120000852;Engelska 5;11;.;63,6;36,4;10;..;..;..;1;..;..;..;
Furulundsskolan 2;86351879;Sölvesborg;1083;Kommunal;Sölvesborgs kommun;2120000852;Engelska 6;82;4,9;61,0;34,1;44;2,3;54,5;43,2;38;7,9;68,4;23,7;
Furulundsskolan 2;86351879;Sölvesborg;1083;Kommunal;Sölvesborgs kommun;2120000852;Matematik 1A;12;.;83,3;16,7;10;..;..;..;2;..;..;..;
Furulundsskolan 2;86351879;Sölvesborg;1083;Kommunal;Sölvesborgs kommun;2120000852;Matematik 2B;50;.;88,0;12,0;32;.;87,5;12,5;18;.;88,9;11,1;
Furulundsskolan 2;86351879;Sölvesborg;1083;Kommunal;Sölvesborgs kommun;2120000852;Matematik 3B;23;4,3;60,9;34,8;11;9,1;54,5;36,4;12;.;66,7;33,3;
Furulundsskolan 2;86351879;Sölvesborg;1083;Kommunal;Sölvesborgs kommun;2120000852;Svenska 1;11;9,1;54,5;36,4;10;..;..;..;1;..;..;..;
Furulundsskolan 2;86351879;Sölvesborg;1083;Kommunal;Sölvesborgs kommun;2120000852;Svenska 3;75;5,3;73,3;21,3;36;5,6;72,2;22,2;39;5,1;74,4;20,5;
Furulundsskolan 2;86351879;Sölvesborg;1083;Kommunal;Sölvesborgs kommun;2120000852;Svenska som andraspråk 3;9;..;..;..;4;..;..;..;5;..;..;..;
Olinsgymnasiet Tibro;69360339;Tibro;1472;Enskild;Olinsgymnasiet i Skara AB;5569998932;Engelska 5;28;50,0;42,9;7,1;5;..;..;..;23;..;..;..;
Olinsgymnasiet Tibro;69360339;Tibro;1472;Enskild;Olinsgymnasiet i Skara AB;5569998932;Engelska 6;2;..;..;..;2;..;..;..;.;.;.;.;
Olinsgymnasiet Tibro;69360339;Tibro;1472;Enskild;Olinsgymnasiet i Skara AB;5569998932;Svenska 1;24;.;75,0;25,0;4;..;..;..;20;..;..;..;
Olinsgymnasiet Tibro;69360339;Tibro;1472;Enskild;Olinsgymnasiet i Skara AB;5569998932;Svenska som andraspråk 1;2;..;..;..;1;..;..;..;1;..;..;..;
Rudbecksgymnasiet 1;90260899;Tidaholm;1498;Kommunal;Tidaholms kommun;2120001736;Engelska 6;5;..;..;..;4;..;..;..;1;..;..;..;
Rudbecksgymnasiet 1;90260899;Tidaholm;1498;Kommunal;Tidaholms kommun;2120001736;Matematik 1A;27;11,1;70,4;18,5;6;..;..;..;21;..;..;..;
Rudbecksgymnasiet 1;90260899;Tidaholm;1498;Kommunal;Tidaholms kommun;2120001736;Matematik 2B;3;..;..;..;1;..;..;..;2;..;..;..;
Rudbecksgymnasiet 1;90260899;Tidaholm;1498;Kommunal;Tidaholms kommun;2120001736;Svenska 3;22;13,6;63,6;22,7;15;..;..;..;7;..;..;..;
Rudbecksgymnasiet 1;90260899;Tidaholm;1498;Kommunal;Tidaholms kommun;2120001736;Svenska som andraspråk 3;6;..;..;..;3;..;..;..;3;..;..;..;
Högbergsskolan;31057219;Tierp;0360;Kommunal;Tierps kommun;2120000266;Engelska 5;46;17,4;69,6;13,0;20;10,0;75,0;15,0;26;23,1;65,4;11,5;
Högbergsskolan;31057219;Tierp;0360;Kommunal;Tierps kommun;2120000266;Engelska 6;43;23,3;67,4;9,3;22;18,2;68,2;13,6;21;28,6;66,7;4,8;
Högbergsskolan;31057219;Tierp;0360;Kommunal;Tierps kommun;2120000266;Matematik 1A;42;2,4;73,8;23,8;20;.;70,0;30,0;22;4,5;77,3;18,2;
Högbergsskolan;31057219;Tierp;0360;Kommunal;Tierps kommun;2120000266;Matematik 2B;16;.;75,0;25,0;12;..;..;..;4;..;..;..;
Högbergsskolan;31057219;Tierp;0360;Kommunal;Tierps kommun;2120000266;Matematik 3B;24;.;62,5;37,5;11;.;54,5;45,5;13;.;69,2;30,8;
Högbergsskolan;31057219;Tierp;0360;Kommunal;Tierps kommun;2120000266;Matematik 3C;7;..;..;..;1;..;..;..;6;..;..;..;
Högbergsskolan;31057219;Tierp;0360;Kommunal;Tierps kommun;2120000266;Matematik 4;3;..;..;..;.;.;.;.;3;..;..;..;
Högbergsskolan;31057219;Tierp;0360;Kommunal;Tierps kommun;2120000266;Svenska 1;41;.;65,9;34,1;17;.;70,6;29,4;24;.;62,5;37,5;
Högbergsskolan;31057219;Tierp;0360;Kommunal;Tierps kommun;2120000266;Svenska 3;28;10,7;71,4;17,9;11;18,2;63,6;18,2;17;5,9;76,5;17,6;
Högbergsskolan;31057219;Tierp;0360;Kommunal;Tierps kommun;2120000266;Svenska som andraspråk 1;6;..;..;..;4;..;..;..;2;..;..;..;
Högbergsskolan;31057219;Tierp;0360;Kommunal;Tierps kommun;2120000266;Svenska som andraspråk 3;6;..;..;..;.;.;.;.;6;..;..;..;
Timrå gymnasium 1;27079521;Timrå;2262;Kommunal;Timrå kommun;2120002395;Engelska 5;44;13,6;61,4;25,0;14;7,1;35,7;57,1;30;16,7;73,3;10,0;
Timrå gymnasium 1;27079521;Timrå;2262;Kommunal;Timrå kommun;2120002395;Engelska 6;50;12,0;46,0;42,0;25;4,0;48,0;48,0;25;20,0;44,0;36,0;
Timrå gymnasium 1;27079521;Timrå;2262;Kommunal;Timrå kommun;2120002395;Matematik 1A;44;4,5;75,0;20,5;16;.;100,0;.;28;7,1;60,7;32,1;
Timrå gymnasium 1;27079521;Timrå;2262;Kommunal;Timrå kommun;2120002395;Matematik 2B;18;.;44,4;55,6;7;..;..;..;11;..;..;..;
Timrå gymnasium 1;27079521;Timrå;2262;Kommunal;Timrå kommun;2120002395;Matematik 3C;9;..;..;..;1;..;..;..;8;..;..;..;
Timrå gymnasium 1;27079521;Timrå;2262;Kommunal;Timrå kommun;2120002395;Svenska 1;43;2,3;55,8;41,9;13;.;30,8;69,2;30;3,3;66,7;30,0;
Timrå gymnasium 1;27079521;Timrå;2262;Kommunal;Timrå kommun;2120002395;Svenska 3;48;10,4;64,6;25,0;26;15,4;57,7;26,9;22;4,5;72,7;22,7;
Timrå gymnasium 1;27079521;Timrå;2262;Kommunal;Timrå kommun;2120002395;Svenska som andraspråk 3;4;..;..;..;2;..;..;..;2;..;..;..;
Academy of Music and Business Tingsryd;33572033;Tingsryd;0763;Enskild;Academy of Music and Business Education Tingsryd AB;5568792997;Engelska 6;35;8,6;85,7;5,7;16;.;87,5;12,5;19;15,8;84,2;.;
Academy of Music and Business Tingsryd;33572033;Tingsryd;0763;Enskild;Academy of Music and Business Education Tingsryd AB;5568792997;Matematik 1B;32;3,1;81,3;15,6;21;.;76,2;23,8;11;9,1;90,9;.;
Academy of Music and Business Tingsryd;33572033;Tingsryd;0763;Enskild;Academy of Music and Business Education Tingsryd AB;5568792997;Svenska 3;36;8,3;69,4;22,2;21;9,5;61,9;28,6;15;6,7;80,0;13,3;
Academy of Music and Business Tingsryd;33572033;Tingsryd;0763;Enskild;Academy of Music and Business Education Tingsryd AB;5568792997;Svenska som andraspråk 3;1;..;..;..;.;.;.;.;1;..;..;..;
Wasaskolan;64579522;Tingsryd;0763;Kommunal;Tingsryds kommun;2120000621;Engelska 5;17;17,6;82,4;.;5;..;..;..;12;..;..;..;
Wasaskolan;64579522;Tingsryd;0763;Kommunal;Tingsryds kommun;2120000621;Engelska 6;25;12,0;84,0;4,0;8;..;..;..;17;..;..;..;
Wasaskolan;64579522;Tingsryd;0763;Kommunal;Tingsryds kommun;2120000621;Matematik 1A;18;.;100,0;.;5;..;..;..;13;..;..;..;
Wasaskolan;64579522;Tingsryd;0763;Kommunal;Tingsryds kommun;2120000621;Matematik 2B;15;.;86,7;13,3;9;..;..;..;6;..;..;..;
Wasaskolan;64579522;Tingsryd;0763;Kommunal;Tingsryds kommun;2120000621;Matematik 3B;3;..;..;..;.;.;.;.;3;..;..;..;
Wasaskolan;64579522;Tingsryd;0763;Kommunal;Tingsryds kommun;2120000621;Svenska 1;16;6,3;68,8;25,0;4;..;..;..;12;..;..;..;
Wasaskolan;64579522;Tingsryd;0763;Kommunal;Tingsryds kommun;2120000621;Svenska 3;14;7,1;85,7;7,1;3;..;..;..;11;..;..;..;
Wasaskolan;64579522;Tingsryd;0763;Kommunal;Tingsryds kommun;2120000621;Svenska som andraspråk 1;1;..;..;..;.;.;.;.;1;..;..;..;
Wasaskolan;64579522;Tingsryd;0763;Kommunal;Tingsryds kommun;2120000621;Svenska som andraspråk 3;6;..;..;..;1;..;..;..;5;..;..;..;
Bollerups lantbruksinstitut;65234368;Tomelilla;1270;Enskild;Bollerups Lantbruksinstitut;8388001177;Engelska 5;52;9,6;86,5;3,8;29;6,9;89,7;3,4;23;13,0;82,6;4,3;
Bollerups lantbruksinstitut;65234368;Tomelilla;1270;Enskild;Bollerups Lantbruksinstitut;8388001177;Matematik 1A;35;.;71,4;28,6;21;.;61,9;38,1;14;.;85,7;14,3;
Bollerups lantbruksinstitut;65234368;Tomelilla;1270;Enskild;Bollerups Lantbruksinstitut;8388001177;Svenska 1;53;1,9;71,7;26,4;30;3,3;66,7;30,0;23;.;78,3;21,7;
Stjerneskolan;34381901;Torsby;1737;Kommunal;Torsby kommun;2120001777;Engelska 5;48;2,1;93,8;4,2;19;5,3;84,2;10,5;29;.;100,0;.;
Stjerneskolan;34381901;Torsby;1737;Kommunal;Torsby kommun;2120001777;Engelska 6;46;2,2;65,2;32,6;29;3,4;62,1;34,5;17;.;70,6;29,4;
Stjerneskolan;34381901;Torsby;1737;Kommunal;Torsby kommun;2120001777;Matematik 1A;62;.;87,1;12,9;23;.;91,3;8,7;39;.;84,6;15,4;
Stjerneskolan;34381901;Torsby;1737;Kommunal;Torsby kommun;2120001777;Matematik 2B;27;.;55,6;44,4;20;..;..;..;7;..;..;..;
Stjerneskolan;34381901;Torsby;1737;Kommunal;Torsby kommun;2120001777;Matematik 3B;14;.;85,7;14,3;9;..;..;..;5;..;..;..;
Stjerneskolan;34381901;Torsby;1737;Kommunal;Torsby kommun;2120001777;Matematik 4;11;9,1;63,6;27,3;3;..;..;..;8;..;..;..;
Stjerneskolan;34381901;Torsby;1737;Kommunal;Torsby kommun;2120001777;Svenska 1;49;6,1;69,4;24,5;19;5,3;73,7;21,1;30;6,7;66,7;26,7;
Stjerneskolan;34381901;Torsby;1737;Kommunal;Torsby kommun;2120001777;Svenska 3;68;.;73,5;26,5;44;.;77,3;22,7;24;.;66,7;33,3;
Stjerneskolan;34381901;Torsby;1737;Kommunal;Torsby kommun;2120001777;Svenska som andraspråk 1;4;..;..;..;2;..;..;..;2;..;..;..;
Stjerneskolan;34381901;Torsby;1737;Kommunal;Torsby kommun;2120001777;Svenska som andraspråk 3;4;..;..;..;3;..;..;..;1;..;..;..;
Tranemo gymnasieskola;60513602;Tranemo;1452;Kommunal;Tranemo kommun;2120001462;Engelska 5;27;7,4;81,5;11,1;4;..;..;..;23;..;..;..;
Tranemo gymnasieskola;60513602;Tranemo;1452;Kommunal;Tranemo kommun;2120001462;Engelska 6;56;5,4;50,0;44,6;21;.;42,9;57,1;35;8,6;54,3;37,1;
Tranemo gymnasieskola;60513602;Tranemo;1452;Kommunal;Tranemo kommun;2120001462;Matematik 1A;30;6,7;83,3;10,0;5;..;..;..;25;..;..;..;
Tranemo gymnasieskola;60513602;Tranemo;1452;Kommunal;Tranemo kommun;2120001462;Matematik 2B;18;.;44,4;55,6;11;..;..;..;7;..;..;..;
Tranemo gymnasieskola;60513602;Tranemo;1452;Kommunal;Tranemo kommun;2120001462;Matematik 3B;6;..;..;..;5;..;..;..;1;..;..;..;
Tranemo gymnasieskola;60513602;Tranemo;1452;Kommunal;Tranemo kommun;2120001462;Matematik 3C;10;.;50,0;50,0;.;.;.;.;10;..;..;..;
Tranemo gymnasieskola;60513602;Tranemo;1452;Kommunal;Tranemo kommun;2120001462;Matematik 4;1;..;..;..;.;.;.;.;1;..;..;..;
Tranemo gymnasieskola;60513602;Tranemo;1452;Kommunal;Tranemo kommun;2120001462;Svenska 1;13;69,2;30,8;.;.;.;.;.;13;..;..;..;
Tranemo gymnasieskola;60513602;Tranemo;1452;Kommunal;Tranemo kommun;2120001462;Svenska 3;30;10,0;80,0;10,0;22;..;..;..;8;..;..;..;
Tranemo gymnasieskola;60513602;Tranemo;1452;Kommunal;Tranemo kommun;2120001462;Svenska som andraspråk 3;5;..;..;..;1;..;..;..;4;..;..;..;
Holavedsgymnasiet RO1;14853321;Tranås;0687;Kommunal;Tranås kommun;2120000597;Engelska 5;43;9,3;76,7;14,0;28;7,1;75,0;17,9;15;13,3;80,0;6,7;
Holavedsgymnasiet RO1;14853321;Tranås;0687;Kommunal;Tranås kommun;2120000597;Engelska 6;39;5,1;89,7;5,1;27;3,7;88,9;7,4;12;8,3;91,7;.;
Holavedsgymnasiet RO1;14853321;Tranås;0687;Kommunal;Tranås kommun;2120000597;Matematik 1A;41;.;100,0;.;27;.;100,0;.;14;.;100,0;.;
Holavedsgymnasiet RO1;14853321;Tranås;0687;Kommunal;Tranås kommun;2120000597;Matematik 2B;34;.;76,5;23,5;22;.;81,8;18,2;12;.;66,7;33,3;
Holavedsgymnasiet RO1;14853321;Tranås;0687;Kommunal;Tranås kommun;2120000597;Svenska 1;40;2,5;65,0;32,5;27;.;74,1;25,9;13;7,7;46,2;46,2;
Holavedsgymnasiet RO1;14853321;Tranås;0687;Kommunal;Tranås kommun;2120000597;Svenska 3;52;23,1;67,3;9,6;32;15,6;78,1;6,3;20;35,0;50,0;15,0;
Holavedsgymnasiet RO1;14853321;Tranås;0687;Kommunal;Tranås kommun;2120000597;Svenska som andraspråk 1;8;..;..;..;.;.;.;.;8;..;..;..;
Holavedsgymnasiet RO1;14853321;Tranås;0687;Kommunal;Tranås kommun;2120000597;Svenska som andraspråk 3;2;..;..;..;1;..;..;..;1;..;..;..;
Holavedsgymnasiet RO2;95368476;Tranås;0687;Kommunal;Tranås kommun;2120000597;Engelska 5;27;11,1;70,4;18,5;3;..;..;..;24;..;..;..;
Holavedsgymnasiet RO2;95368476;Tranås;0687;Kommunal;Tranås kommun;2120000597;Engelska 6;23;17,4;65,2;17,4;6;..;..;..;17;..;..;..;
Holavedsgymnasiet RO2;95368476;Tranås;0687;Kommunal;Tranås kommun;2120000597;Matematik 1A;26;.;100,0;.;3;..;..;..;23;..;..;..;
Holavedsgymnasiet RO2;95368476;Tranås;0687;Kommunal;Tranås kommun;2120000597;Matematik 1B;7;..;..;..;5;..;..;..;2;..;..;..;
Holavedsgymnasiet RO2;95368476;Tranås;0687;Kommunal;Tranås kommun;2120000597;Matematik 3C;24;.;95,8;4,2;6;..;..;..;18;..;..;..;
Holavedsgymnasiet RO2;95368476;Tranås;0687;Kommunal;Tranås kommun;2120000597;Svenska 1;26;11,5;69,2;19,2;3;..;..;..;23;..;..;..;
Holavedsgymnasiet RO2;95368476;Tranås;0687;Kommunal;Tranås kommun;2120000597;Svenska 3;35;17,1;45,7;37,1;12;33,3;41,7;25,0;23;8,7;47,8;43,5;
Holavedsgymnasiet RO2;95368476;Tranås;0687;Kommunal;Tranås kommun;2120000597;Svenska som andraspråk 3;4;..;..;..;.;.;.;.;4;..;..;..;
Holavedsgymnasiet RO3;76342612;Tranås;0687;Kommunal;Tranås kommun;2120000597;Engelska 5;17;17,6;82,4;.;2;..;..;..;15;..;..;..;
Holavedsgymnasiet RO3;76342612;Tranås;0687;Kommunal;Tranås kommun;2120000597;Engelska 6;52;19,2;73,1;7,7;29;6,9;79,3;13,8;23;34,8;65,2;.;
Holavedsgymnasiet RO3;76342612;Tranås;0687;Kommunal;Tranås kommun;2120000597;Matematik 1A;17;.;100,0;.;2;..;..;..;15;..;..;..;
Holavedsgymnasiet RO3;76342612;Tranås;0687;Kommunal;Tranås kommun;2120000597;Matematik 2B;17;.;82,4;17,6;12;..;..;..;5;..;..;..;
Holavedsgymnasiet RO3;76342612;Tranås;0687;Kommunal;Tranås kommun;2120000597;Matematik 3B;13;.;76,9;23,1;4;..;..;..;9;..;..;..;
Holavedsgymnasiet RO3;76342612;Tranås;0687;Kommunal;Tranås kommun;2120000597;Matematik 3C;3;..;..;..;2;..;..;..;1;..;..;..;
Holavedsgymnasiet RO3;76342612;Tranås;0687;Kommunal;Tranås kommun;2120000597;Svenska 1;12;.;66,7;33,3;1;..;..;..;11;..;..;..;
Holavedsgymnasiet RO3;76342612;Tranås;0687;Kommunal;Tranås kommun;2120000597;Svenska 3;44;4,5;61,4;34,1;21;.;66,7;33,3;23;8,7;56,5;34,8;
Holavedsgymnasiet RO3;76342612;Tranås;0687;Kommunal;Tranås kommun;2120000597;Svenska som andraspråk 3;1;..;..;..;1;..;..;..;.;.;.;.;
Söderslättsgymnasiet;26072400;Trelleborg;1287;Kommunal;Trelleborgs kommun;2120001199;Engelska 5;144;17,4;75,7;6,9;49;6,1;83,7;10,2;95;23,2;71,6;5,3;
Söderslättsgymnasiet;26072400;Trelleborg;1287;Kommunal;Trelleborgs kommun;2120001199;Engelska 6;156;15,4;75,6;9,0;74;6,8;89,2;4,1;82;23,2;63,4;13,4;
Söderslättsgymnasiet;26072400;Trelleborg;1287;Kommunal;Trelleborgs kommun;2120001199;Matematik 1A;141;2,8;87,2;9,9;44;.;81,8;18,2;97;4,1;89,7;6,2;
Söderslättsgymnasiet;26072400;Trelleborg;1287;Kommunal;Trelleborgs kommun;2120001199;Matematik 2B;68;.;86,8;13,2;44;.;84,1;15,9;24;.;91,7;8,3;
Söderslättsgymnasiet;26072400;Trelleborg;1287;Kommunal;Trelleborgs kommun;2120001199;Matematik 3B;34;.;82,4;17,6;6;..;..;..;28;..;..;..;
Söderslättsgymnasiet;26072400;Trelleborg;1287;Kommunal;Trelleborgs kommun;2120001199;Matematik 4;14;.;78,6;21,4;6;..;..;..;8;..;..;..;
Söderslättsgymnasiet;26072400;Trelleborg;1287;Kommunal;Trelleborgs kommun;2120001199;Svenska 1;121;2,5;64,5;33,1;37;5,4;45,9;48,6;84;1,2;72,6;26,2;
Söderslättsgymnasiet;26072400;Trelleborg;1287;Kommunal;Trelleborgs kommun;2120001199;Svenska 3;140;13,6;60,0;26,4;57;10,5;64,9;24,6;83;15,7;56,6;27,7;
Söderslättsgymnasiet;26072400;Trelleborg;1287;Kommunal;Trelleborgs kommun;2120001199;Svenska som andraspråk 1;13;.;61,5;38,5;6;..;..;..;7;..;..;..;
Söderslättsgymnasiet;26072400;Trelleborg;1287;Kommunal;Trelleborgs kommun;2120001199;Svenska som andraspråk 3;28;.;46,4;53,6;8;..;..;..;20;..;..;..;
Drottning Blankas Gymnasieskola Trollhättan;25156286;Trollhättan;1488;Enskild;DBGY Kronan AB;5565668794;Engelska 5;20;10,0;85,0;5,0;19;..;..;..;1;..;..;..;
Drottning Blankas Gymnasieskola Trollhättan;25156286;Trollhättan;1488;Enskild;DBGY Kronan AB;5565668794;Engelska 6;29;24,1;69,0;6,9;23;..;..;..;6;..;..;..;
Drottning Blankas Gymnasieskola Trollhättan;25156286;Trollhättan;1488;Enskild;DBGY Kronan AB;5565668794;Matematik 1A;20;.;90,0;10,0;19;..;..;..;1;..;..;..;
Drottning Blankas Gymnasieskola Trollhättan;25156286;Trollhättan;1488;Enskild;DBGY Kronan AB;5565668794;Matematik 2B;25;.;88,0;12,0;19;..;..;..;6;..;..;..;
Drottning Blankas Gymnasieskola Trollhättan;25156286;Trollhättan;1488;Enskild;DBGY Kronan AB;5565668794;Svenska 1;12;.;66,7;33,3;12;..;..;..;.;.;.;.;
Drottning Blankas Gymnasieskola Trollhättan;25156286;Trollhättan;1488;Enskild;DBGY Kronan AB;5565668794;Svenska 3;16;.;68,8;31,3;8;..;..;..;8;..;..;..;
Drottning Blankas Gymnasieskola Trollhättan;25156286;Trollhättan;1488;Enskild;DBGY Kronan AB;5565668794;Svenska som andraspråk 1;1;..;..;..;.;.;.;.;1;..;..;..;
Drottning Blankas Gymnasieskola Trollhättan;25156286;Trollhättan;1488;Enskild;DBGY Kronan AB;5565668794;Svenska som andraspråk 3;7;..;..;..;6;..;..;..;1;..;..;..;
Folkuniversitetets gymnasium i Trollhättan;28081446;Trollhättan;1488;Enskild;Folkuniversitetet Stiftelsen Kursver Ksamheten vid Göteborgs Universitet;8572006313;Engelska 6;97;10,3;77,3;12,4;67;7,5;77,6;14,9;30;16,7;76,7;6,7;
Folkuniversitetets gymnasium i Trollhättan;28081446;Trollhättan;1488;Enskild;Folkuniversitetet Stiftelsen Kursver Ksamheten vid Göteborgs Universitet;8572006313;Matematik 1B;26;3,8;92,3;3,8;24;..;..;..;2;..;..;..;
Folkuniversitetets gymnasium i Trollhättan;28081446;Trollhättan;1488;Enskild;Folkuniversitetet Stiftelsen Kursver Ksamheten vid Göteborgs Universitet;8572006313;Matematik 2B;50;.;76,0;24,0;33;.;75,8;24,2;17;.;76,5;23,5;
Folkuniversitetets gymnasium i Trollhättan;28081446;Trollhättan;1488;Enskild;Folkuniversitetet Stiftelsen Kursver Ksamheten vid Göteborgs Universitet;8572006313;Matematik 3B;30;3,3;93,3;3,3;20;5,0;90,0;5,0;10;.;100,0;.;
Folkuniversitetets gymnasium i Trollhättan;28081446;Trollhättan;1488;Enskild;Folkuniversitetet Stiftelsen Kursver Ksamheten vid Göteborgs Universitet;8572006313;Svenska 3;89;13,5;71,9;14,6;60;13,3;68,3;18,3;29;13,8;79,3;6,9;
Folkuniversitetets gymnasium i Trollhättan;28081446;Trollhättan;1488;Enskild;Folkuniversitetet Stiftelsen Kursver Ksamheten vid Göteborgs Universitet;8572006313;Svenska som andraspråk 3;3;..;..;..;1;..;..;..;2;..;..;..;
LBS Kreativa Gymnasiet Trollhättan;21400668;Trollhättan;1488;Enskild;Ljud & Bildskolan LBS AB;5564851649;Engelska 6;41;19,5;58,5;22,0;18;11,1;44,4;44,4;23;26,1;69,6;4,3;
LBS Kreativa Gymnasiet Trollhättan;21400668;Trollhättan;1488;Enskild;Ljud & Bildskolan LBS AB;5564851649;Matematik 1B;40;.;70,0;30,0;10;.;70,0;30,0;30;.;70,0;30,0;
LBS Kreativa Gymnasiet Trollhättan;21400668;Trollhättan;1488;Enskild;Ljud & Bildskolan LBS AB;5564851649;Matematik 3C;14;.;42,9;57,1;5;..;..;..;9;..;..;..;
LBS Kreativa Gymnasiet Trollhättan;21400668;Trollhättan;1488;Enskild;Ljud & Bildskolan LBS AB;5564851649;Svenska 3;26;7,7;65,4;26,9;5;..;..;..;21;..;..;..;
LBS Kreativa Gymnasiet Trollhättan;21400668;Trollhättan;1488;Enskild;Ljud & Bildskolan LBS AB;5564851649;Svenska som andraspråk 3;1;..;..;..;1;..;..;..;.;.;.;.;
Magnus Åbergsgymnasiet 1;92949043;Trollhättan;1488;Kommunal;Kunskapsförbundet Väst;2220002998;Engelska 5;66;13,6;74,2;12,1;29;3,4;79,3;17,2;37;21,6;70,3;8,1;
Magnus Åbergsgymnasiet 1;92949043;Trollhättan;1488;Kommunal;Kunskapsförbundet Väst;2220002998;Engelska 6;164;10,4;64,0;25,6;105;9,5;61,9;28,6;59;11,9;67,8;20,3;
Magnus Åbergsgymnasiet 1;92949043;Trollhättan;1488;Kommunal;Kunskapsförbundet Väst;2220002998;Matematik 1A;55;.;85,5;14,5;18;.;61,1;38,9;37;.;97,3;2,7;
Magnus Åbergsgymnasiet 1;92949043;Trollhättan;1488;Kommunal;Kunskapsförbundet Väst;2220002998;Matematik 2B;95;.;64,2;35,8;59;.;67,8;32,2;36;.;58,3;41,7;
Magnus Åbergsgymnasiet 1;92949043;Trollhättan;1488;Kommunal;Kunskapsförbundet Väst;2220002998;Matematik 3B;16;.;6,3;93,8;5;..;..;..;11;..;..;..;
Magnus Åbergsgymnasiet 1;92949043;Trollhättan;1488;Kommunal;Kunskapsförbundet Väst;2220002998;Svenska 1;66;6,1;65,2;28,8;38;5,3;71,1;23,7;28;7,1;57,1;35,7;
Magnus Åbergsgymnasiet 1;92949043;Trollhättan;1488;Kommunal;Kunskapsförbundet Väst;2220002998;Svenska 3;86;8,1;58,1;33,7;55;5,5;63,6;30,9;31;12,9;48,4;38,7;
Magnus Åbergsgymnasiet 1;92949043;Trollhättan;1488;Kommunal;Kunskapsförbundet Väst;2220002998;Svenska som andraspråk 1;11;.;81,8;18,2;5;..;..;..;6;..;..;..;
Magnus Åbergsgymnasiet 1;92949043;Trollhättan;1488;Kommunal;Kunskapsförbundet Väst;2220002998;Svenska som andraspråk 3;15;13,3;40,0;46,7;11;..;..;..;4;..;..;..;
Nils Ericsonsgymnasiet 1;84329061;Trollhättan;1488;Kommunal;Kunskapsförbundet Väst;2220002998;Engelska 5;92;6,5;80,4;13,0;33;.;90,9;9,1;59;10,2;74,6;15,3;
Nils Ericsonsgymnasiet 1;84329061;Trollhättan;1488;Kommunal;Kunskapsförbundet Väst;2220002998;Engelska 6;138;7,2;63,8;29,0;50;.;48,0;52,0;88;11,4;72,7;15,9;
Nils Ericsonsgymnasiet 1;84329061;Trollhättan;1488;Kommunal;Kunskapsförbundet Väst;2220002998;Matematik 1A;99;.;65,7;34,3;34;.;58,8;41,2;65;.;69,2;30,8;
Nils Ericsonsgymnasiet 1;84329061;Trollhättan;1488;Kommunal;Kunskapsförbundet Väst;2220002998;Matematik 3C;38;.;50,0;50,0;13;.;38,5;61,5;25;.;56,0;44,0;
Nils Ericsonsgymnasiet 1;84329061;Trollhättan;1488;Kommunal;Kunskapsförbundet Väst;2220002998;Matematik 4;37;.;35,1;64,9;24;.;33,3;66,7;13;.;38,5;61,5;
Nils Ericsonsgymnasiet 1;84329061;Trollhättan;1488;Kommunal;Kunskapsförbundet Väst;2220002998;Svenska 1;75;8,0;57,3;34,7;22;9,1;59,1;31,8;53;7,5;56,6;35,8;
Nils Ericsonsgymnasiet 1;84329061;Trollhättan;1488;Kommunal;Kunskapsförbundet Väst;2220002998;Svenska 3;128;5,5;52,3;42,2;50;6,0;46,0;48,0;78;5,1;56,4;38,5;
Nils Ericsonsgymnasiet 1;84329061;Trollhättan;1488;Kommunal;Kunskapsförbundet Väst;2220002998;Svenska som andraspråk 1;17;.;23,5;76,5;11;..;..;..;6;..;..;..;
Nils Ericsonsgymnasiet 1;84329061;Trollhättan;1488;Kommunal;Kunskapsförbundet Väst;2220002998;Svenska som andraspråk 3;43;4,7;48,8;46,5;22;4,5;63,6;31,8;21;4,8;33,3;61,9;
Praktiska Gymnasiet Trollhättan;71969230;Trollhättan;1488;Enskild;Praktiska Sverige AB;5562575786;Engelska 5;32;9,4;78,1;12,5;17;.;82,4;17,6;15;20,0;73,3;6,7;
Praktiska Gymnasiet Trollhättan;71969230;Trollhättan;1488;Enskild;Praktiska Sverige AB;5562575786;Matematik 1A;33;12,1;48,5;39,4;18;11,1;55,6;33,3;15;13,3;40,0;46,7;
Praktiska Gymnasiet Trollhättan;71969230;Trollhättan;1488;Enskild;Praktiska Sverige AB;5562575786;Svenska 1;16;18,8;56,3;25,0;9;..;..;..;7;..;..;..;
Praktiska Gymnasiet Trollhättan;71969230;Trollhättan;1488;Enskild;Praktiska Sverige AB;5562575786;Svenska som andraspråk 1;13;.;15,4;84,6;10;..;..;..;3;..;..;..;
Tyresö gymnasium;91048178;Tyresö;0138;Kommunal;Tyresö kommun;2120000092;Engelska 5;50;12,0;80,0;8,0;14;14,3;85,7;.;36;11,1;77,8;11,1;
Tyresö gymnasium;91048178;Tyresö;0138;Kommunal;Tyresö kommun;2120000092;Matematik 1A;58;3,4;43,1;53,4;15;6,7;46,7;46,7;43;2,3;41,9;55,8;
Tyresö gymnasium;91048178;Tyresö;0138;Kommunal;Tyresö kommun;2120000092;Svenska 1;46;8,7;65,2;26,1;11;18,2;54,5;27,3;35;5,7;68,6;25,7;
Tyresö gymnasium;91048178;Tyresö;0138;Kommunal;Tyresö kommun;2120000092;Svenska som andraspråk 1;1;..;..;..;1;..;..;..;.;.;.;.;
Mimers Gymnasium Täby;82718660;Täby;0160;Enskild;Adinova AB;5567797831;Engelska 6;17;17,6;70,6;11,8;6;..;..;..;11;..;..;..;
Mimers Gymnasium Täby;82718660;Täby;0160;Enskild;Adinova AB;5567797831;Matematik 2B;11;.;72,7;27,3;3;..;..;..;8;..;..;..;
Mimers Gymnasium Täby;82718660;Täby;0160;Enskild;Adinova AB;5567797831;Matematik 3C;6;..;..;..;1;..;..;..;5;..;..;..;
Praktiska Gymnasiet Täby;76942525;Täby;0160;Enskild;Praktiska Sverige AB;5562575786;Engelska 5;62;4,8;46,8;48,4;28;7,1;53,6;39,3;34;2,9;41,2;55,9;
Praktiska Gymnasiet Täby;76942525;Täby;0160;Enskild;Praktiska Sverige AB;5562575786;Engelska 6;4;..;..;..;4;..;..;..;.;.;.;.;
Praktiska Gymnasiet Täby;76942525;Täby;0160;Enskild;Praktiska Sverige AB;5562575786;Matematik 1A;63;1,6;49,2;49,2;30;3,3;40,0;56,7;33;.;57,6;42,4;
Praktiska Gymnasiet Täby;76942525;Täby;0160;Enskild;Praktiska Sverige AB;5562575786;Svenska 1;50;4,0;56,0;40,0;27;.;55,6;44,4;23;8,7;56,5;34,8;
Praktiska Gymnasiet Täby;76942525;Täby;0160;Enskild;Praktiska Sverige AB;5562575786;Svenska som andraspråk 1;3;..;..;..;1;..;..;..;2;..;..;..;
Sparre Gymnasium;12399380;Täby;0160;Enskild;Upplevelse Utbildning i Täby AB;5567875413;Engelska 6;43;4,7;76,7;18,6;21;4,8;76,2;19,0;22;4,5;77,3;18,2;
Sparre Gymnasium;12399380;Täby;0160;Enskild;Upplevelse Utbildning i Täby AB;5567875413;Matematik 2B;20;.;.;100,0;15;..;..;..;5;..;..;..;
Sparre Gymnasium;12399380;Täby;0160;Enskild;Upplevelse Utbildning i Täby AB;5567875413;Matematik 3B;15;.;13,3;86,7;5;..;..;..;10;..;..;..;
Sparre Gymnasium;12399380;Täby;0160;Enskild;Upplevelse Utbildning i Täby AB;5567875413;Svenska 3;26;7,7;73,1;19,2;9;..;..;..;17;..;..;..;
Sparre Gymnasium;12399380;Täby;0160;Enskild;Upplevelse Utbildning i Täby AB;5567875413;Svenska som andraspråk 3;5;..;..;..;1;..;..;..;4;..;..;..;
Tibble Gymnasium Campus Täby;31486865;Täby;0160;Enskild;Tibble Campus Täby AB;5566978556;Engelska 6;520;0,6;80,4;19,0;283;1,1;78,8;20,1;237;.;82,3;17,7;
Tibble Gymnasium Campus Täby;31486865;Täby;0160;Enskild;Tibble Campus Täby AB;5566978556;Matematik 1A;31;.;90,3;9,7;9;..;..;..;22;..;..;..;
Tibble Gymnasium Campus Täby;31486865;Täby;0160;Enskild;Tibble Campus Täby AB;5566978556;Matematik 1B;31;.;100,0;.;25;..;..;..;6;..;..;..;
Tibble Gymnasium Campus Täby;31486865;Täby;0160;Enskild;Tibble Campus Täby AB;5566978556;Matematik 2B;214;.;90,2;9,8;148;.;88,5;11,5;66;.;93,9;6,1;
Tibble Gymnasium Campus Täby;31486865;Täby;0160;Enskild;Tibble Campus Täby AB;5566978556;Matematik 3B;146;.;91,1;8,9;47;.;87,2;12,8;99;.;92,9;7,1;
Tibble Gymnasium Campus Täby;31486865;Täby;0160;Enskild;Tibble Campus Täby AB;5566978556;Matematik 3C;33;.;75,8;24,2;6;..;..;..;27;..;..;..;
Tibble Gymnasium Campus Täby;31486865;Täby;0160;Enskild;Tibble Campus Täby AB;5566978556;Svenska 3;521;4,6;62,6;32,8;282;2,1;64,5;33,3;239;7,5;60,3;32,2;
Täby Enskilda gymnasium;97265732;Täby;0160;Enskild;Täby Enskilda Gymnasium AB;5565680112;Engelska 6;267;4,5;88,4;7,1;185;2,2;89,2;8,6;82;9,8;86,6;3,7;
Täby Enskilda gymnasium;97265732;Täby;0160;Enskild;Täby Enskilda Gymnasium AB;5565680112;Matematik 1B;58;.;96,6;3,4;43;.;97,7;2,3;15;.;93,3;6,7;
Täby Enskilda gymnasium;97265732;Täby;0160;Enskild;Täby Enskilda Gymnasium AB;5565680112;Matematik 2B;82;.;93,9;6,1;70;.;92,9;7,1;12;.;100,0;.;
Täby Enskilda gymnasium;97265732;Täby;0160;Enskild;Täby Enskilda Gymnasium AB;5565680112;Matematik 3B;41;.;97,6;2,4;24;.;100,0;.;17;.;94,1;5,9;
Täby Enskilda gymnasium;97265732;Täby;0160;Enskild;Täby Enskilda Gymnasium AB;5565680112;Matematik 3C;15;.;93,3;6,7;8;..;..;..;7;..;..;..;
Täby Enskilda gymnasium;97265732;Täby;0160;Enskild;Täby Enskilda Gymnasium AB;5565680112;Svenska 3;271;6,6;83,0;10,3;187;4,3;84,5;11,2;84;11,9;79,8;8,3;
Täby Enskilda gymnasium;97265732;Täby;0160;Enskild;Täby Enskilda Gymnasium AB;5565680112;Svenska som andraspråk 3;5;..;..;..;4;..;..;..;1;..;..;..;
Yrkesgymnasiet  Täby;10373112;Täby;0160;Enskild;Täby Yrkesgymnasium AB;5562629179;Engelska 5;17;5,9;88,2;5,9;5;..;..;..;12;..;..;..;
Yrkesgymnasiet  Täby;10373112;Täby;0160;Enskild;Täby Yrkesgymnasium AB;5562629179;Matematik 1A;22;.;31,8;68,2;7;..;..;..;15;..;..;..;
Yrkesgymnasiet  Täby;10373112;Täby;0160;Enskild;Täby Yrkesgymnasium AB;5562629179;Svenska 1;6;..;..;..;2;..;..;..;4;..;..;..;
Yrkesgymnasiet  Täby;10373112;Täby;0160;Enskild;Täby Yrkesgymnasium AB;5562629179;Svenska som andraspråk 1;1;..;..;..;.;.;.;.;1;..;..;..;
Åva gymnasium;61720981;Täby;0160;Kommunal;Täby kommun;2120000118;Engelska 5;78;5,1;83,3;11,5;29;3,4;93,1;3,4;49;6,1;77,6;16,3;
Åva gymnasium;61720981;Täby;0160;Kommunal;Täby kommun;2120000118;Engelska 6;302;10,6;82,1;7,3;129;6,2;83,7;10,1;173;13,9;80,9;5,2;
Åva gymnasium;61720981;Täby;0160;Kommunal;Täby kommun;2120000118;Matematik 1A;76;1,3;92,1;6,6;27;.;85,2;14,8;49;2,0;95,9;2,0;
Åva gymnasium;61720981;Täby;0160;Kommunal;Täby kommun;2120000118;Matematik 2B;49;.;34,7;65,3;32;.;31,3;68,8;17;.;41,2;58,8;
Åva gymnasium;61720981;Täby;0160;Kommunal;Täby kommun;2120000118;Matematik 3B;52;.;57,7;42,3;19;.;52,6;47,4;33;.;60,6;39,4;
Åva gymnasium;61720981;Täby;0160;Kommunal;Täby kommun;2120000118;Matematik 4;84;.;95,2;4,8;40;.;90,0;10,0;44;.;100,0;.;
Åva gymnasium;61720981;Täby;0160;Kommunal;Täby kommun;2120000118;Svenska 1;69;.;71,0;29,0;24;.;79,2;20,8;45;.;66,7;33,3;
Åva gymnasium;61720981;Täby;0160;Kommunal;Täby kommun;2120000118;Svenska 3;257;1,9;63,8;34,2;96;3,1;58,3;38,5;161;1,2;67,1;31,7;
Åva gymnasium;61720981;Täby;0160;Kommunal;Täby kommun;2120000118;Svenska som andraspråk 1;7;..;..;..;4;..;..;..;3;..;..;..;
Åva gymnasium;61720981;Täby;0160;Kommunal;Täby kommun;2120000118;Svenska som andraspråk 3;7;..;..;..;3;..;..;..;4;..;..;..;
Naturbruksskolan Sötåsen;25698509;Töreboda;1473;Region;Västra Götalandsregionen;2321000131;Engelska 5;56;.;92,9;7,1;43;.;90,7;9,3;13;.;100,0;.;
Naturbruksskolan Sötåsen;25698509;Töreboda;1473;Region;Västra Götalandsregionen;2321000131;Matematik 1A;74;2,7;78,4;18,9;67;..;..;..;7;..;..;..;
Naturbruksskolan Sötåsen;25698509;Töreboda;1473;Region;Västra Götalandsregionen;2321000131;Svenska 1;43;.;74,4;25,6;37;..;..;..;6;..;..;..;
Drottning Blankas Gymnasieskola Uddevalla;50424828;Uddevalla;1485;Enskild;DBGY Juvelen AB;5565789129;Engelska 5;19;10,5;63,2;26,3;16;..;..;..;3;..;..;..;
Drottning Blankas Gymnasieskola Uddevalla;50424828;Uddevalla;1485;Enskild;DBGY Juvelen AB;5565789129;Engelska 6;14;.;64,3;35,7;11;..;..;..;3;..;..;..;
Drottning Blankas Gymnasieskola Uddevalla;50424828;Uddevalla;1485;Enskild;DBGY Juvelen AB;5565789129;Matematik 1A;24;.;95,8;4,2;20;..;..;..;4;..;..;..;
Drottning Blankas Gymnasieskola Uddevalla;50424828;Uddevalla;1485;Enskild;DBGY Juvelen AB;5565789129;Matematik 2B;16;.;81,3;18,8;13;..;..;..;3;..;..;..;
Drottning Blankas Gymnasieskola Uddevalla;50424828;Uddevalla;1485;Enskild;DBGY Juvelen AB;5565789129;Matematik 3B;6;..;..;..;3;..;..;..;3;..;..;..;
Drottning Blankas Gymnasieskola Uddevalla;50424828;Uddevalla;1485;Enskild;DBGY Juvelen AB;5565789129;Svenska 1;14;35,7;42,9;21,4;12;..;..;..;2;..;..;..;
Drottning Blankas Gymnasieskola Uddevalla;50424828;Uddevalla;1485;Enskild;DBGY Juvelen AB;5565789129;Svenska 3;7;..;..;..;6;..;..;..;1;..;..;..;
Drottning Blankas Gymnasieskola Uddevalla;50424828;Uddevalla;1485;Enskild;DBGY Juvelen AB;5565789129;Svenska som andraspråk 1;7;..;..;..;6;..;..;..;1;..;..;..;
Drottning Blankas Gymnasieskola Uddevalla;50424828;Uddevalla;1485;Enskild;DBGY Juvelen AB;5565789129;Svenska som andraspråk 3;7;..;..;..;4;..;..;..;3;..;..;..;
Tekniska Gymnasiet Uddevalla;82931004;Uddevalla;1485;Enskild;Tekniska Gymnasiet i Sverige AB;5568902653;Engelska 5;13;38,5;46,2;15,4;1;..;..;..;12;..;..;..;
Tekniska Gymnasiet Uddevalla;82931004;Uddevalla;1485;Enskild;Tekniska Gymnasiet i Sverige AB;5568902653;Engelska 6;32;18,8;65,6;15,6;11;9,1;72,7;18,2;21;23,8;61,9;14,3;
Tekniska Gymnasiet Uddevalla;82931004;Uddevalla;1485;Enskild;Tekniska Gymnasiet i Sverige AB;5568902653;Matematik 1A;13;.;15,4;84,6;1;..;..;..;12;..;..;..;
Tekniska Gymnasiet Uddevalla;82931004;Uddevalla;1485;Enskild;Tekniska Gymnasiet i Sverige AB;5568902653;Matematik 4;6;..;..;..;2;..;..;..;4;..;..;..;
Tekniska Gymnasiet Uddevalla;82931004;Uddevalla;1485;Enskild;Tekniska Gymnasiet i Sverige AB;5568902653;Svenska 1;5;..;..;..;1;..;..;..;4;..;..;..;
Tekniska Gymnasiet Uddevalla;82931004;Uddevalla;1485;Enskild;Tekniska Gymnasiet i Sverige AB;5568902653;Svenska 3;18;.;33,3;66,7;2;..;..;..;16;..;..;..;
Tekniska Gymnasiet Uddevalla;82931004;Uddevalla;1485;Enskild;Tekniska Gymnasiet i Sverige AB;5568902653;Svenska som andraspråk 1;7;..;..;..;.;.;.;.;7;..;..;..;
Tekniska Gymnasiet Uddevalla;82931004;Uddevalla;1485;Enskild;Tekniska Gymnasiet i Sverige AB;5568902653;Svenska som andraspråk 3;3;..;..;..;.;.;.;.;3;..;..;..;
Uddevalla gymnasieskola, Agneberg EK;95024660;Uddevalla;1485;Kommunal;Uddevalla kommun;2120001397;Engelska 6;125;12,8;71,2;16,0;67;10,4;74,6;14,9;58;15,5;67,2;17,2;
Uddevalla gymnasieskola, Agneberg EK;95024660;Uddevalla;1485;Kommunal;Uddevalla kommun;2120001397;Matematik 2B;74;.;89,2;10,8;44;.;86,4;13,6;30;.;93,3;6,7;
Uddevalla gymnasieskola, Agneberg EK;95024660;Uddevalla;1485;Kommunal;Uddevalla kommun;2120001397;Matematik 3B;57;.;86,0;14,0;26;.;84,6;15,4;31;.;87,1;12,9;
Uddevalla gymnasieskola, Agneberg EK;95024660;Uddevalla;1485;Kommunal;Uddevalla kommun;2120001397;Svenska 3;93;10,8;69,9;19,4;51;3,9;72,5;23,5;42;19,0;66,7;14,3;
Uddevalla gymnasieskola, Agneberg EK;95024660;Uddevalla;1485;Kommunal;Uddevalla kommun;2120001397;Svenska som andraspråk 3;14;21,4;57,1;21,4;8;..;..;..;6;..;..;..;
Uddevalla gymnasieskola, Agneberg GLU;16496466;Uddevalla;1485;Kommunal;Uddevalla kommun;2120001397;Engelska 5;44;25,0;70,5;4,5;23;21,7;73,9;4,3;21;28,6;66,7;4,8;
Uddevalla gymnasieskola, Agneberg GLU;16496466;Uddevalla;1485;Kommunal;Uddevalla kommun;2120001397;Matematik 1A;53;.;60,4;39,6;31;.;54,8;45,2;22;.;68,2;31,8;
Uddevalla gymnasieskola, Agneberg GLU;16496466;Uddevalla;1485;Kommunal;Uddevalla kommun;2120001397;Svenska 1;53;9,4;71,7;18,9;32;15,6;62,5;21,9;21;.;85,7;14,3;
Uddevalla gymnasieskola, Agneberg RL;62300682;Uddevalla;1485;Kommunal;Uddevalla kommun;2120001397;Engelska 5;19;5,3;84,2;10,5;9;..;..;..;10;..;..;..;
Uddevalla gymnasieskola, Agneberg RL;62300682;Uddevalla;1485;Kommunal;Uddevalla kommun;2120001397;Matematik 1A;19;.;57,9;42,1;9;..;..;..;10;..;..;..;
Uddevalla gymnasieskola, Agneberg RL;62300682;Uddevalla;1485;Kommunal;Uddevalla kommun;2120001397;Svenska 1;17;.;82,4;17,6;9;..;..;..;8;..;..;..;
Uddevalla gymnasieskola, Agneberg RL;62300682;Uddevalla;1485;Kommunal;Uddevalla kommun;2120001397;Svenska som andraspråk 1;1;..;..;..;.;.;.;.;1;..;..;..;
Uddevalla gymnasieskola, Agneberg SA;47393891;Uddevalla;1485;Kommunal;Uddevalla kommun;2120001397;Engelska 6;79;1,3;87,3;11,4;54;.;88,9;11,1;25;4,0;84,0;12,0;
Uddevalla gymnasieskola, Agneberg SA;47393891;Uddevalla;1485;Kommunal;Uddevalla kommun;2120001397;Matematik 2B;77;.;90,9;9,1;51;.;90,2;9,8;26;.;92,3;7,7;
Uddevalla gymnasieskola, Agneberg SA;47393891;Uddevalla;1485;Kommunal;Uddevalla kommun;2120001397;Svenska 3;67;10,4;70,1;19,4;48;8,3;70,8;20,8;19;15,8;68,4;15,8;
Uddevalla gymnasieskola, Agneberg SA;47393891;Uddevalla;1485;Kommunal;Uddevalla kommun;2120001397;Svenska som andraspråk 3;18;27,8;50,0;22,2;13;..;..;..;5;..;..;..;
Uddevalla gymnasieskola, Agneberg SA/EK internationell;32263814;Uddevalla;1485;Kommunal;Uddevalla kommun;2120001397;Engelska 6;15;20,0;66,7;13,3;11;..;..;..;4;..;..;..;
Uddevalla gymnasieskola, Agneberg SA/EK internationell;32263814;Uddevalla;1485;Kommunal;Uddevalla kommun;2120001397;Matematik 2B;14;.;100,0;.;11;..;..;..;3;..;..;..;
Uddevalla gymnasieskola, Agneberg SA/EK internationell;32263814;Uddevalla;1485;Kommunal;Uddevalla kommun;2120001397;Matematik 3B;4;..;..;..;1;..;..;..;3;..;..;..;
Uddevalla gymnasieskola, Agneberg SA/EK internationell;32263814;Uddevalla;1485;Kommunal;Uddevalla kommun;2120001397;Svenska 3;17;.;70,6;29,4;11;..;..;..;6;..;..;..;
Uddevalla gymnasieskola, Agneberg SA/EK internationell;32263814;Uddevalla;1485;Kommunal;Uddevalla kommun;2120001397;Svenska som andraspråk 3;1;..;..;..;.;.;.;.;1;..;..;..;
Uddevalla gymnasieskola, Agneberg SAFS;48846872;Uddevalla;1485;Kommunal;Uddevalla kommun;2120001397;Engelska 5;1;..;..;..;.;.;.;.;1;..;..;..;
Uddevalla gymnasieskola, Agneberg SAFS;48846872;Uddevalla;1485;Kommunal;Uddevalla kommun;2120001397;Engelska 6;3;..;..;..;2;..;..;..;1;..;..;..;
Uddevalla gymnasieskola, Agneberg SAFS;48846872;Uddevalla;1485;Kommunal;Uddevalla kommun;2120001397;Matematik 1B;1;..;..;..;1;..;..;..;.;.;.;.;
Uddevalla gymnasieskola, Agneberg SAFS;48846872;Uddevalla;1485;Kommunal;Uddevalla kommun;2120001397;Svenska 1;1;..;..;..;.;.;.;.;1;..;..;..;
Uddevalla gymnasieskola, Sinclair BF;83584125;Uddevalla;1485;Kommunal;Uddevalla kommun;2120001397;Engelska 5;21;.;95,2;4,8;17;..;..;..;4;..;..;..;
Uddevalla gymnasieskola, Sinclair BF;83584125;Uddevalla;1485;Kommunal;Uddevalla kommun;2120001397;Matematik 1A;25;12,0;88,0;.;21;..;..;..;4;..;..;..;
Uddevalla gymnasieskola, Sinclair BF;83584125;Uddevalla;1485;Kommunal;Uddevalla kommun;2120001397;Svenska 1;25;8,0;64,0;28,0;22;..;..;..;3;..;..;..;
Uddevalla gymnasieskola, Sinclair ES;11533776;Uddevalla;1485;Kommunal;Uddevalla kommun;2120001397;Engelska 6;69;26,1;68,1;5,8;45;17,8;77,8;4,4;24;41,7;50,0;8,3;
Uddevalla gymnasieskola, Sinclair ES;11533776;Uddevalla;1485;Kommunal;Uddevalla kommun;2120001397;Matematik 1B;78;2,6;80,8;16,7;64;3,1;82,8;14,1;14;.;71,4;28,6;
Uddevalla gymnasieskola, Sinclair ES;11533776;Uddevalla;1485;Kommunal;Uddevalla kommun;2120001397;Svenska 3;34;23,5;52,9;23,5;19;26,3;68,4;5,3;15;20,0;33,3;46,7;
Uddevalla gymnasieskola, Sinclair ES;11533776;Uddevalla;1485;Kommunal;Uddevalla kommun;2120001397;Svenska som andraspråk 3;6;..;..;..;4;..;..;..;2;..;..;..;
Uddevalla gymnasieskola, Sinclair FS;12075195;Uddevalla;1485;Kommunal;Uddevalla kommun;2120001397;Engelska 5;72;16,7;68,1;15,3;38;10,5;68,4;21,1;34;23,5;67,6;8,8;
Uddevalla gymnasieskola, Sinclair FS;12075195;Uddevalla;1485;Kommunal;Uddevalla kommun;2120001397;Matematik 1A;77;1,3;90,9;7,8;39;.;89,7;10,3;38;2,6;92,1;5,3;
Uddevalla gymnasieskola, Sinclair FS;12075195;Uddevalla;1485;Kommunal;Uddevalla kommun;2120001397;Svenska 1;56;8,9;50,0;41,1;35;8,6;40,0;51,4;21;9,5;66,7;23,8;
Uddevalla gymnasieskola, Sinclair FS;12075195;Uddevalla;1485;Kommunal;Uddevalla kommun;2120001397;Svenska som andraspråk 1;16;.;100,0;.;2;..;..;..;14;..;..;..;
Uddevalla gymnasieskola, Östrabo 1 IN;71938440;Uddevalla;1485;Kommunal;Uddevalla kommun;2120001397;Engelska 5;16;18,8;81,3;.;.;.;.;.;16;..;..;..;
Uddevalla gymnasieskola, Östrabo 1 IN;71938440;Uddevalla;1485;Kommunal;Uddevalla kommun;2120001397;Matematik 1A;20;.;70,0;30,0;1;..;..;..;19;..;..;..;
Uddevalla gymnasieskola, Östrabo 1 IN;71938440;Uddevalla;1485;Kommunal;Uddevalla kommun;2120001397;Svenska 1;21;9,5;66,7;23,8;2;..;..;..;19;..;..;..;
Uddevalla gymnasieskola, Östrabo 1 IN;71938440;Uddevalla;1485;Kommunal;Uddevalla kommun;2120001397;Svenska som andraspråk 1;3;..;..;..;.;.;.;.;3;..;..;..;
Uddevalla gymnasieskola, Östrabo 1 TE;28829503;Uddevalla;1485;Kommunal;Uddevalla kommun;2120001397;Engelska 6;83;10,8;66,3;22,9;27;3,7;63,0;33,3;56;14,3;67,9;17,9;
Uddevalla gymnasieskola, Östrabo 1 TE;28829503;Uddevalla;1485;Kommunal;Uddevalla kommun;2120001397;Matematik 3C;66;.;98,5;1,5;24;.;100,0;.;42;.;97,6;2,4;
Uddevalla gymnasieskola, Östrabo 1 TE;28829503;Uddevalla;1485;Kommunal;Uddevalla kommun;2120001397;Svenska 3;51;9,8;70,6;19,6;7;..;..;..;44;..;..;..;
Uddevalla gymnasieskola, Östrabo 1 TE;28829503;Uddevalla;1485;Kommunal;Uddevalla kommun;2120001397;Svenska som andraspråk 3;6;..;..;..;.;.;.;.;6;..;..;..;
Uddevalla gymnasieskola, Östrabo 1 VO;97191332;Uddevalla;1485;Kommunal;Uddevalla kommun;2120001397;Engelska 5;26;.;88,5;11,5;19;..;..;..;7;..;..;..;
Uddevalla gymnasieskola, Östrabo 1 VO;97191332;Uddevalla;1485;Kommunal;Uddevalla kommun;2120001397;Matematik 1A;27;3,7;92,6;3,7;20;..;..;..;7;..;..;..;
Uddevalla gymnasieskola, Östrabo 1 VO;97191332;Uddevalla;1485;Kommunal;Uddevalla kommun;2120001397;Svenska 1;14;14,3;64,3;21,4;12;..;..;..;2;..;..;..;
Uddevalla gymnasieskola, Östrabo 1 VO;97191332;Uddevalla;1485;Kommunal;Uddevalla kommun;2120001397;Svenska som andraspråk 1;11;36,4;54,5;9,1;6;..;..;..;5;..;..;..;
Uddevalla gymnasieskola, Östrabo Y BA;22811839;Uddevalla;1485;Kommunal;Uddevalla kommun;2120001397;Engelska 5;102;2,9;90,2;6,9;10;.;100,0;.;92;3,3;89,1;7,6;
Uddevalla gymnasieskola, Östrabo Y BA;22811839;Uddevalla;1485;Kommunal;Uddevalla kommun;2120001397;Matematik 1A;65;3,1;66,2;30,8;.;.;.;.;65;..;..;..;
Uddevalla gymnasieskola, Östrabo Y BA;22811839;Uddevalla;1485;Kommunal;Uddevalla kommun;2120001397;Svenska 1;49;4,1;49,0;46,9;.;.;.;.;49;..;..;..;
Uddevalla gymnasieskola, Östrabo Y BA;22811839;Uddevalla;1485;Kommunal;Uddevalla kommun;2120001397;Svenska som andraspråk 1;5;..;..;..;.;.;.;.;5;..;..;..;
Uddevalla gymnasieskola, Östrabo Y EE;33205596;Uddevalla;1485;Kommunal;Uddevalla kommun;2120001397;Engelska 5;30;.;83,3;16,7;2;..;..;..;28;..;..;..;
Uddevalla gymnasieskola, Östrabo Y EE;33205596;Uddevalla;1485;Kommunal;Uddevalla kommun;2120001397;Matematik 1A;34;8,8;61,8;29,4;1;..;..;..;33;..;..;..;
Uddevalla gymnasieskola, Östrabo Y EE;33205596;Uddevalla;1485;Kommunal;Uddevalla kommun;2120001397;Svenska 1;27;.;85,2;14,8;1;..;..;..;26;..;..;..;
Uddevalla gymnasieskola, Östrabo Y EE;33205596;Uddevalla;1485;Kommunal;Uddevalla kommun;2120001397;Svenska som andraspråk 1;2;..;..;..;.;.;.;.;2;..;..;..;
Uddevalla gymnasieskola, Östrabo Y FT;19930101;Uddevalla;1485;Kommunal;Uddevalla kommun;2120001397;Engelska 5;70;2,9;80,0;17,1;15;6,7;86,7;6,7;55;1,8;78,2;20,0;
Uddevalla gymnasieskola, Östrabo Y FT;19930101;Uddevalla;1485;Kommunal;Uddevalla kommun;2120001397;Matematik 1A;148;2,0;52,7;45,3;38;2,6;60,5;36,8;110;1,8;50,0;48,2;
Uddevalla gymnasieskola, Östrabo Y FT;19930101;Uddevalla;1485;Kommunal;Uddevalla kommun;2120001397;Svenska 1;55;.;36,4;63,6;15;.;20,0;80,0;40;.;42,5;57,5;
Uddevalla gymnasieskola, Östrabo Y FT;19930101;Uddevalla;1485;Kommunal;Uddevalla kommun;2120001397;Svenska som andraspråk 1;2;..;..;..;.;.;.;.;2;..;..;..;
Uddevalla Gymnasieskola, Östrabo Y GLU;60727136;Uddevalla;1485;Kommunal;Uddevalla kommun;2120001397;Engelska 5;12;.;66,7;33,3;2;..;..;..;10;..;..;..;
Uddevalla Gymnasieskola, Östrabo Y GLU;60727136;Uddevalla;1485;Kommunal;Uddevalla kommun;2120001397;Matematik 1A;13;30,8;69,2;.;3;..;..;..;10;..;..;..;
Uddevalla Gymnasieskola, Östrabo Y GLU;60727136;Uddevalla;1485;Kommunal;Uddevalla kommun;2120001397;Svenska 1;11;.;45,5;54,5;2;..;..;..;9;..;..;..;
Uddevalla Gymnasieskola, Östrabo Y GLU;60727136;Uddevalla;1485;Kommunal;Uddevalla kommun;2120001397;Svenska som andraspråk 1;1;..;..;..;.;.;.;.;1;..;..;..;
Uddevalla gymnasieskola, Östrabo Y HV;45132264;Uddevalla;1485;Kommunal;Uddevalla kommun;2120001397;Engelska 5;30;.;76,7;23,3;26;..;..;..;4;..;..;..;
Uddevalla gymnasieskola, Östrabo Y HV;45132264;Uddevalla;1485;Kommunal;Uddevalla kommun;2120001397;Matematik 1A;27;.;66,7;33,3;23;..;..;..;4;..;..;..;
Uddevalla gymnasieskola, Östrabo Y HV;45132264;Uddevalla;1485;Kommunal;Uddevalla kommun;2120001397;Svenska 1;29;3,4;27,6;69,0;27;..;..;..;2;..;..;..;
Uddevalla gymnasieskola, Östrabo Y HV;45132264;Uddevalla;1485;Kommunal;Uddevalla kommun;2120001397;Svenska som andraspråk 1;1;..;..;..;.;.;.;.;1;..;..;..;
Uddevalla gymnasieskola, Östrabo Y VF;61647360;Uddevalla;1485;Kommunal;Uddevalla kommun;2120001397;Engelska 5;28;7,1;78,6;14,3;1;..;..;..;27;..;..;..;
Uddevalla gymnasieskola, Östrabo Y VF;61647360;Uddevalla;1485;Kommunal;Uddevalla kommun;2120001397;Matematik 1A;14;7,1;50,0;42,9;.;.;.;.;14;..;..;..;
Uddevalla gymnasieskola, Östrabo Y VF;61647360;Uddevalla;1485;Kommunal;Uddevalla kommun;2120001397;Svenska 1;12;.;25,0;75,0;.;.;.;.;12;..;..;..;
Uddevalla gymnasieskola, Östrabo Y VF;61647360;Uddevalla;1485;Kommunal;Uddevalla kommun;2120001397;Svenska som andraspråk 1;1;..;..;..;.;.;.;.;1;..;..;..;
Uddevalla gymnasieskola,Östrabo 1 NA;98651664;Uddevalla;1485;Kommunal;Uddevalla kommun;2120001397;Engelska 6;50;.;86,0;14,0;29;.;79,3;20,7;21;.;95,2;4,8;
Uddevalla gymnasieskola,Östrabo 1 NA;98651664;Uddevalla;1485;Kommunal;Uddevalla kommun;2120001397;Matematik 3C;19;.;89,5;10,5;14;..;..;..;5;..;..;..;
Uddevalla gymnasieskola,Östrabo 1 NA;98651664;Uddevalla;1485;Kommunal;Uddevalla kommun;2120001397;Svenska 3;40;2,5;50,0;47,5;22;.;59,1;40,9;18;5,6;38,9;55,6;
Uddevalla gymnasieskola,Östrabo 1 NA;98651664;Uddevalla;1485;Kommunal;Uddevalla kommun;2120001397;Svenska som andraspråk 3;12;16,7;66,7;16,7;8;..;..;..;4;..;..;..;
Tingsholmsgymnasiets nationella program;33657492;Ulricehamn;1491;Kommunal;Ulricehamns kommun;2120001579;Engelska 5;30;6,7;93,3;.;17;.;100,0;.;13;15,4;84,6;.;
Tingsholmsgymnasiets nationella program;33657492;Ulricehamn;1491;Kommunal;Ulricehamns kommun;2120001579;Engelska 6;86;8,1;83,7;8,1;40;2,5;82,5;15,0;46;13,0;84,8;2,2;
Tingsholmsgymnasiets nationella program;33657492;Ulricehamn;1491;Kommunal;Ulricehamns kommun;2120001579;Matematik 1A;35;2,9;97,1;.;12;.;100,0;.;23;4,3;95,7;.;
Tingsholmsgymnasiets nationella program;33657492;Ulricehamn;1491;Kommunal;Ulricehamns kommun;2120001579;Matematik 2B;37;.;86,5;13,5;17;.;76,5;23,5;20;.;95,0;5,0;
Tingsholmsgymnasiets nationella program;33657492;Ulricehamn;1491;Kommunal;Ulricehamns kommun;2120001579;Matematik 3B;7;..;..;..;2;..;..;..;5;..;..;..;
Tingsholmsgymnasiets nationella program;33657492;Ulricehamn;1491;Kommunal;Ulricehamns kommun;2120001579;Matematik 3C;23;.;95,7;4,3;5;..;..;..;18;..;..;..;
Tingsholmsgymnasiets nationella program;33657492;Ulricehamn;1491;Kommunal;Ulricehamns kommun;2120001579;Matematik 4;5;..;..;..;3;..;..;..;2;..;..;..;
Tingsholmsgymnasiets nationella program;33657492;Ulricehamn;1491;Kommunal;Ulricehamns kommun;2120001579;Svenska 1;35;.;91,4;8,6;9;..;..;..;26;..;..;..;
Tingsholmsgymnasiets nationella program;33657492;Ulricehamn;1491;Kommunal;Ulricehamns kommun;2120001579;Svenska 3;79;6,3;64,6;29,1;43;9,3;62,8;27,9;36;2,8;66,7;30,6;
Tingsholmsgymnasiets nationella program;33657492;Ulricehamn;1491;Kommunal;Ulricehamns kommun;2120001579;Svenska som andraspråk 1;8;..;..;..;4;..;..;..;4;..;..;..;
Tingsholmsgymnasiets nationella program;33657492;Ulricehamn;1491;Kommunal;Ulricehamns kommun;2120001579;Svenska som andraspråk 3;15;.;73,3;26,7;9;..;..;..;6;..;..;..;
Dragonskolan BA;61622991;Umeå;2480;Kommunal;Umeå kommun;2120002627;Engelska 5;51;5,9;90,2;3,9;9;..;..;..;42;..;..;..;
Dragonskolan BA;61622991;Umeå;2480;Kommunal;Umeå kommun;2120002627;Matematik 1A;55;.;76,4;23,6;11;.;72,7;27,3;44;.;77,3;22,7;
Dragonskolan BA;61622991;Umeå;2480;Kommunal;Umeå kommun;2120002627;Svenska 1;50;.;70,0;30,0;9;..;..;..;41;..;..;..;
Dragonskolan BA;61622991;Umeå;2480;Kommunal;Umeå kommun;2120002627;Svenska som andraspråk 1;1;..;..;..;.;.;.;.;1;..;..;..;
Dragonskolan BF;66644568;Umeå;2480;Kommunal;Umeå kommun;2120002627;Engelska 5;28;7,1;85,7;7,1;24;..;..;..;4;..;..;..;
Dragonskolan BF;66644568;Umeå;2480;Kommunal;Umeå kommun;2120002627;Matematik 1A;30;.;83,3;16,7;26;..;..;..;4;..;..;..;
Dragonskolan EE;93659517;Umeå;2480;Kommunal;Umeå kommun;2120002627;Engelska 5;18;.;100,0;.;.;.;.;.;18;..;..;..;
Dragonskolan EE;93659517;Umeå;2480;Kommunal;Umeå kommun;2120002627;Matematik 1A;58;.;93,1;6,9;5;..;..;..;53;..;..;..;
Dragonskolan EE;93659517;Umeå;2480;Kommunal;Umeå kommun;2120002627;Svenska 1;22;.;95,5;4,5;3;..;..;..;19;..;..;..;
Dragonskolan EE;93659517;Umeå;2480;Kommunal;Umeå kommun;2120002627;Svenska som andraspråk 1;3;..;..;..;.;.;.;.;3;..;..;..;
Dragonskolan EK;79309485;Umeå;2480;Kommunal;Umeå kommun;2120002627;Engelska 6;49;6,1;81,6;12,2;29;.;82,8;17,2;20;15,0;80,0;5,0;
Dragonskolan EK;79309485;Umeå;2480;Kommunal;Umeå kommun;2120002627;Matematik 2B;53;.;66,0;34,0;38;.;63,2;36,8;15;.;73,3;26,7;
Dragonskolan EK;79309485;Umeå;2480;Kommunal;Umeå kommun;2120002627;Svenska 3;88;6,8;73,9;19,3;60;10,0;71,7;18,3;28;.;78,6;21,4;
Dragonskolan EK;79309485;Umeå;2480;Kommunal;Umeå kommun;2120002627;Svenska som andraspråk 3;5;..;..;..;1;..;..;..;4;..;..;..;
Dragonskolan GL;61175914;Umeå;2480;Kommunal;Umeå kommun;2120002627;Matematik 1A;26;.;80,8;19,2;18;..;..;..;8;..;..;..;
Dragonskolan GL;61175914;Umeå;2480;Kommunal;Umeå kommun;2120002627;Svenska som andraspråk 1;3;..;..;..;2;..;..;..;1;..;..;..;
Dragonskolan IN;27859889;Umeå;2480;Kommunal;Umeå kommun;2120002627;Engelska 5;21;19,0;81,0;.;1;..;..;..;20;..;..;..;
Dragonskolan IN;27859889;Umeå;2480;Kommunal;Umeå kommun;2120002627;Svenska 1;21;.;76,2;23,8;1;..;..;..;20;..;..;..;
Dragonskolan NA;16130958;Umeå;2480;Kommunal;Umeå kommun;2120002627;Engelska 6;43;.;79,1;20,9;28;.;75,0;25,0;15;.;86,7;13,3;
Dragonskolan NA;16130958;Umeå;2480;Kommunal;Umeå kommun;2120002627;Matematik 4;12;.;75,0;25,0;6;..;..;..;6;..;..;..;
Dragonskolan NA;16130958;Umeå;2480;Kommunal;Umeå kommun;2120002627;Svenska 3;60;8,3;73,3;18,3;38;5,3;78,9;15,8;22;13,6;63,6;22,7;
Dragonskolan NA;16130958;Umeå;2480;Kommunal;Umeå kommun;2120002627;Svenska som andraspråk 3;9;..;..;..;3;..;..;..;6;..;..;..;
Dragonskolan RH;29161632;Umeå;2480;Kommunal;Umeå kommun;2120002627;Svenska 3;1;..;..;..;.;.;.;.;1;..;..;..;
Dragonskolan SA;82195565;Umeå;2480;Kommunal;Umeå kommun;2120002627;Engelska 6;106;7,5;83,0;9,4;72;5,6;84,7;9,7;34;11,8;79,4;8,8;
Dragonskolan SA;82195565;Umeå;2480;Kommunal;Umeå kommun;2120002627;Matematik 2B;112;.;65,2;34,8;76;.;61,8;38,2;36;.;72,2;27,8;
Dragonskolan SA;82195565;Umeå;2480;Kommunal;Umeå kommun;2120002627;Svenska 3;62;3,2;48,4;48,4;47;2,1;46,8;51,1;15;6,7;53,3;40,0;
Dragonskolan SA;82195565;Umeå;2480;Kommunal;Umeå kommun;2120002627;Svenska som andraspråk 3;2;..;..;..;2;..;..;..;.;.;.;.;
Dragonskolan TE;33596572;Umeå;2480;Kommunal;Umeå kommun;2120002627;Engelska 6;30;13,3;86,7;.;4;..;..;..;26;..;..;..;
Dragonskolan TE;33596572;Umeå;2480;Kommunal;Umeå kommun;2120002627;Matematik 3C;49;.;89,8;10,2;7;..;..;..;42;..;..;..;
Dragonskolan TE;33596572;Umeå;2480;Kommunal;Umeå kommun;2120002627;Svenska 3;30;16,7;36,7;46,7;8;..;..;..;22;..;..;..;
Dragonskolan TE;33596572;Umeå;2480;Kommunal;Umeå kommun;2120002627;Svenska som andraspråk 3;2;..;..;..;1;..;..;..;1;..;..;..;
Dragonskolan VF;45541222;Umeå;2480;Kommunal;Umeå kommun;2120002627;Engelska 5;7;..;..;..;1;..;..;..;6;..;..;..;
Dragonskolan VF;45541222;Umeå;2480;Kommunal;Umeå kommun;2120002627;Matematik 1A;4;..;..;..;1;..;..;..;3;..;..;..;
Dragonskolan VF;45541222;Umeå;2480;Kommunal;Umeå kommun;2120002627;Svenska 1;6;..;..;..;1;..;..;..;5;..;..;..;
Dragonskolan VO;17812651;Umeå;2480;Kommunal;Umeå kommun;2120002627;Engelska 5;26;.;100,0;.;25;..;..;..;1;..;..;..;
Dragonskolan VO;17812651;Umeå;2480;Kommunal;Umeå kommun;2120002627;Svenska 1;22;.;31,8;68,2;21;..;..;..;1;..;..;..;
Dragonskolan VO;17812651;Umeå;2480;Kommunal;Umeå kommun;2120002627;Svenska som andraspråk 1;3;..;..;..;3;..;..;..;.;.;.;.;
Forslundagymnasiet GY;63451147;Umeå;2480;Kommunal;Umeå kommun;2120002627;Svenska 1;49;.;89,8;10,2;26;.;88,5;11,5;23;.;91,3;8,7;
Frisörgymnasiet Dragonskolan;80951860;Umeå;2480;Kommunal;Umeå kommun;2120002627;Engelska 5;15;.;93,3;6,7;15;..;..;..;.;.;.;.;
Frisörgymnasiet Dragonskolan;80951860;Umeå;2480;Kommunal;Umeå kommun;2120002627;Matematik 1A;16;.;87,5;12,5;16;..;..;..;.;.;.;.;
Idrottsgymnasiet Dragonskolan;10425474;Umeå;2480;Kommunal;Umeå kommun;2120002627;Engelska 5;21;38,1;52,4;9,5;7;..;..;..;14;..;..;..;
Idrottsgymnasiet Dragonskolan;10425474;Umeå;2480;Kommunal;Umeå kommun;2120002627;Engelska 6;46;15,2;76,1;8,7;15;13,3;73,3;13,3;31;16,1;77,4;6,5;
Idrottsgymnasiet Dragonskolan;10425474;Umeå;2480;Kommunal;Umeå kommun;2120002627;Matematik 1A;23;.;73,9;26,1;10;.;60,0;40,0;13;.;84,6;15,4;
Idrottsgymnasiet Dragonskolan;10425474;Umeå;2480;Kommunal;Umeå kommun;2120002627;Matematik 2B;30;.;73,3;26,7;18;.;66,7;33,3;12;.;83,3;16,7;
Idrottsgymnasiet Dragonskolan;10425474;Umeå;2480;Kommunal;Umeå kommun;2120002627;Matematik 4;8;..;..;..;1;..;..;..;7;..;..;..;
Idrottsgymnasiet Dragonskolan;10425474;Umeå;2480;Kommunal;Umeå kommun;2120002627;Svenska 3;33;.;69,7;30,3;5;..;..;..;28;..;..;..;
Idrottsgymnasiet Dragonskolan;10425474;Umeå;2480;Kommunal;Umeå kommun;2120002627;Svenska som andraspråk 1;1;..;..;..;.;.;.;.;1;..;..;..;
Idrottsgymnasiet Dragonskolan;10425474;Umeå;2480;Kommunal;Umeå kommun;2120002627;Svenska som andraspråk 3;2;..;..;..;.;.;.;.;2;..;..;..;
Maja Beskowgymnasiet GY;53889000;Umeå;2480;Kommunal;Umeå kommun;2120002627;Engelska 5;21;19,0;81,0;.;8;..;..;..;13;..;..;..;
Maja Beskowgymnasiet GY;53889000;Umeå;2480;Kommunal;Umeå kommun;2120002627;Engelska 6;67;13,4;80,6;6,0;25;4,0;88,0;8,0;42;19,0;76,2;4,8;
Maja Beskowgymnasiet GY;53889000;Umeå;2480;Kommunal;Umeå kommun;2120002627;Matematik 1A;28;.;78,6;21,4;10;.;90,0;10,0;18;.;72,2;27,8;
Maja Beskowgymnasiet GY;53889000;Umeå;2480;Kommunal;Umeå kommun;2120002627;Matematik 2B;19;.;57,9;42,1;7;..;..;..;12;..;..;..;
Maja Beskowgymnasiet GY;53889000;Umeå;2480;Kommunal;Umeå kommun;2120002627;Matematik 3B;42;.;69,0;31,0;10;.;90,0;10,0;32;.;62,5;37,5;
Maja Beskowgymnasiet GY;53889000;Umeå;2480;Kommunal;Umeå kommun;2120002627;Matematik 4;16;.;87,5;12,5;5;..;..;..;11;..;..;..;
Maja Beskowgymnasiet GY;53889000;Umeå;2480;Kommunal;Umeå kommun;2120002627;Svenska 1;24;12,5;50,0;37,5;9;..;..;..;15;..;..;..;
Maja Beskowgymnasiet GY;53889000;Umeå;2480;Kommunal;Umeå kommun;2120002627;Svenska 3;46;.;56,5;43,5;9;..;..;..;37;..;..;..;
Maja Beskowgymnasiet GY;53889000;Umeå;2480;Kommunal;Umeå kommun;2120002627;Svenska som andraspråk 3;1;..;..;..;.;.;.;.;1;..;..;..;
Midgårdsskolan ESDAN;89680395;Umeå;2480;Kommunal;Umeå kommun;2120002627;Matematik 1B;9;..;..;..;9;..;..;..;.;.;.;.;
Midgårdsskolan ESEST;53696633;Umeå;2480;Kommunal;Umeå kommun;2120002627;Matematik 1B;22;.;86,4;13,6;15;..;..;..;7;..;..;..;
Midgårdsskolan ESMUS;27440210;Umeå;2480;Kommunal;Umeå kommun;2120002627;Matematik 1B;60;.;80,0;20,0;35;.;82,9;17,1;25;.;76,0;24,0;
Midgårdsskolan ESTEA;62758285;Umeå;2480;Kommunal;Umeå kommun;2120002627;Matematik 1B;14;.;85,7;14,3;12;..;..;..;2;..;..;..;
Midgårdsskolan NA;16218090;Umeå;2480;Kommunal;Umeå kommun;2120002627;Matematik 4;21;.;81,0;19,0;9;..;..;..;12;..;..;..;
Midgårdsskolan SA;64667996;Umeå;2480;Kommunal;Umeå kommun;2120002627;Engelska 6;42;23,8;61,9;14,3;26;15,4;69,2;15,4;16;37,5;50,0;12,5;
Minervagymnasium;23544320;Umeå;2480;Enskild;Minervaskolan i Umeå AB;5565735049;Engelska 6;160;2,5;89,4;8,1;86;1,2;86,0;12,8;74;4,1;93,2;2,7;
Minervagymnasium;23544320;Umeå;2480;Enskild;Minervaskolan i Umeå AB;5565735049;Matematik 2B;49;.;85,7;14,3;35;.;88,6;11,4;14;.;78,6;21,4;
Minervagymnasium;23544320;Umeå;2480;Enskild;Minervaskolan i Umeå AB;5565735049;Matematik 3B;6;..;..;..;4;..;..;..;2;..;..;..;
Minervagymnasium;23544320;Umeå;2480;Enskild;Minervaskolan i Umeå AB;5565735049;Matematik 3C;15;.;86,7;13,3;9;..;..;..;6;..;..;..;
Minervagymnasium;23544320;Umeå;2480;Enskild;Minervaskolan i Umeå AB;5565735049;Matematik 4;22;.;86,4;13,6;13;..;..;..;9;..;..;..;
Minervagymnasium;23544320;Umeå;2480;Enskild;Minervaskolan i Umeå AB;5565735049;Svenska 3;114;14,0;64,9;21,1;67;7,5;68,7;23,9;47;23,4;59,6;17,0;
Minervagymnasium;23544320;Umeå;2480;Enskild;Minervaskolan i Umeå AB;5565735049;Svenska som andraspråk 3;22;18,2;59,1;22,7;13;..;..;..;9;..;..;..;
NTI Gymnasiet Umeå;57668673;Umeå;2480;Enskild;NTI Gymnasiet Macro AB;5561203679;Engelska 5;13;30,8;69,2;.;.;.;.;.;13;..;..;..;
NTI Gymnasiet Umeå;57668673;Umeå;2480;Enskild;NTI Gymnasiet Macro AB;5561203679;Engelska 6;36;11,1;66,7;22,2;10;20,0;80,0;.;26;7,7;61,5;30,8;
NTI Gymnasiet Umeå;57668673;Umeå;2480;Enskild;NTI Gymnasiet Macro AB;5561203679;Matematik 1A;13;7,7;69,2;23,1;.;.;.;.;13;..;..;..;
NTI Gymnasiet Umeå;57668673;Umeå;2480;Enskild;NTI Gymnasiet Macro AB;5561203679;Matematik 1B;7;..;..;..;3;..;..;..;4;..;..;..;
NTI Gymnasiet Umeå;57668673;Umeå;2480;Enskild;NTI Gymnasiet Macro AB;5561203679;Svenska 1;13;7,7;46,2;46,2;.;.;.;.;13;..;..;..;
NTI Gymnasiet Umeå;57668673;Umeå;2480;Enskild;NTI Gymnasiet Macro AB;5561203679;Svenska 3;27;.;25,9;74,1;5;..;..;..;22;..;..;..;
NTI Gymnasiet Umeå;57668673;Umeå;2480;Enskild;NTI Gymnasiet Macro AB;5561203679;Svenska som andraspråk 1;2;..;..;..;.;.;.;.;2;..;..;..;
Stylistgymnasiet Dragonskolan;98894655;Umeå;2480;Kommunal;Umeå kommun;2120002627;Engelska 5;16;.;100,0;.;16;..;..;..;.;.;.;.;
Stylistgymnasiet Dragonskolan;98894655;Umeå;2480;Kommunal;Umeå kommun;2120002627;Matematik 1A;15;.;73,3;26,7;15;..;..;..;.;.;.;.;
Thoren Sports Academy Umeå;69040241;Umeå;2480;Enskild;Thorengruppen AB;5566139290;Engelska 5;6;..;..;..;3;..;..;..;3;..;..;..;
Thoren Sports Academy Umeå;69040241;Umeå;2480;Enskild;Thorengruppen AB;5566139290;Engelska 6;14;21,4;71,4;7,1;3;..;..;..;11;..;..;..;
Thoren Sports Academy Umeå;69040241;Umeå;2480;Enskild;Thorengruppen AB;5566139290;Matematik 1A;4;..;..;..;1;..;..;..;3;..;..;..;
Thoren Sports Academy Umeå;69040241;Umeå;2480;Enskild;Thorengruppen AB;5566139290;Matematik 2B;7;..;..;..;2;..;..;..;5;..;..;..;
Thoren Sports Academy Umeå;69040241;Umeå;2480;Enskild;Thorengruppen AB;5566139290;Matematik 3B;3;..;..;..;.;.;.;.;3;..;..;..;
Thoren Sports Academy Umeå;69040241;Umeå;2480;Enskild;Thorengruppen AB;5566139290;Svenska 1;4;..;..;..;1;..;..;..;3;..;..;..;
Thoren Sports Academy Umeå;69040241;Umeå;2480;Enskild;Thorengruppen AB;5566139290;Svenska 3;13;.;76,9;23,1;.;.;.;.;13;..;..;..;
Umeå Elitidrottsgymnasium;77713695;Umeå;2480;Kommunal;Umeå kommun;2120002627;Engelska 6;61;11,5;72,1;16,4;30;10,0;63,3;26,7;31;12,9;80,6;6,5;
Umeå Elitidrottsgymnasium;77713695;Umeå;2480;Kommunal;Umeå kommun;2120002627;Matematik 1A;27;.;85,2;14,8;17;.;76,5;23,5;10;.;100,0;.;
Umeå Elitidrottsgymnasium;77713695;Umeå;2480;Kommunal;Umeå kommun;2120002627;Matematik 2B;36;.;72,2;27,8;19;.;73,7;26,3;17;.;70,6;29,4;
Umeå Elitidrottsgymnasium;77713695;Umeå;2480;Kommunal;Umeå kommun;2120002627;Matematik 3B;45;.;62,2;37,8;18;.;83,3;16,7;27;.;48,1;51,9;
Umeå Elitidrottsgymnasium;77713695;Umeå;2480;Kommunal;Umeå kommun;2120002627;Matematik 4;1;..;..;..;1;..;..;..;.;.;.;.;
Umeå Elitidrottsgymnasium;77713695;Umeå;2480;Kommunal;Umeå kommun;2120002627;Svenska 1;28;.;32,1;67,9;17;.;35,3;64,7;11;.;27,3;72,7;
Umeå Elitidrottsgymnasium;77713695;Umeå;2480;Kommunal;Umeå kommun;2120002627;Svenska 3;79;3,8;48,1;48,1;42;2,4;42,9;54,8;37;5,4;54,1;40,5;
Yrkesgymnasiet Umeå;91905819;Umeå;2480;Enskild;Thorengruppen AB;5566139290;Engelska 5;29;17,2;69,0;13,8;13;23,1;53,8;23,1;16;12,5;81,3;6,3;
Yrkesgymnasiet Umeå;91905819;Umeå;2480;Enskild;Thorengruppen AB;5566139290;Engelska 6;12;8,3;33,3;58,3;11;..;..;..;1;..;..;..;
Yrkesgymnasiet Umeå;91905819;Umeå;2480;Enskild;Thorengruppen AB;5566139290;Matematik 1A;38;5,3;78,9;15,8;18;5,6;83,3;11,1;20;5,0;75,0;20,0;
Yrkesgymnasiet Umeå;91905819;Umeå;2480;Enskild;Thorengruppen AB;5566139290;Svenska 1;36;13,9;38,9;47,2;19;15,8;36,8;47,4;17;11,8;41,2;47,1;
Yrkesgymnasiet Umeå;91905819;Umeå;2480;Enskild;Thorengruppen AB;5566139290;Svenska som andraspråk 1;2;..;..;..;1;..;..;..;1;..;..;..;
Väsby Nya Gymnasium;20855811;Upplands Väsby;0114;Kommunal;Upplands Väsby kommun;2120000019;Engelska 6;112;9,8;71,4;18,8;52;13,5;67,3;19,2;60;6,7;75,0;18,3;
Väsby Nya Gymnasium;20855811;Upplands Väsby;0114;Kommunal;Upplands Väsby kommun;2120000019;Matematik 1A;11;9,1;72,7;18,2;10;..;..;..;1;..;..;..;
Väsby Nya Gymnasium;20855811;Upplands Väsby;0114;Kommunal;Upplands Väsby kommun;2120000019;Matematik 2B;61;.;63,9;36,1;39;.;66,7;33,3;22;.;59,1;40,9;
Väsby Nya Gymnasium;20855811;Upplands Väsby;0114;Kommunal;Upplands Väsby kommun;2120000019;Matematik 3B;20;.;70,0;30,0;5;..;..;..;15;..;..;..;
Väsby Nya Gymnasium;20855811;Upplands Väsby;0114;Kommunal;Upplands Väsby kommun;2120000019;Matematik 4;12;.;91,7;8,3;5;..;..;..;7;..;..;..;
Väsby Nya Gymnasium;20855811;Upplands Väsby;0114;Kommunal;Upplands Väsby kommun;2120000019;Svenska 1;6;..;..;..;5;..;..;..;1;..;..;..;
Väsby Nya Gymnasium;20855811;Upplands Väsby;0114;Kommunal;Upplands Väsby kommun;2120000019;Svenska 3;59;6,8;64,4;28,8;22;13,6;54,5;31,8;37;2,7;70,3;27,0;
Väsby Nya Gymnasium;20855811;Upplands Väsby;0114;Kommunal;Upplands Väsby kommun;2120000019;Svenska som andraspråk 1;1;..;..;..;1;..;..;..;.;.;.;.;
Väsby Nya Gymnasium;20855811;Upplands Väsby;0114;Kommunal;Upplands Väsby kommun;2120000019;Svenska som andraspråk 3;33;15,2;54,5;30,3;25;..;..;..;8;..;..;..;
Yrkesgymnasiet  Väsby;54882637;Upplands Väsby;0114;Enskild;Väsby Yrkesgymnasium AB;5568089246;Engelska 5;18;27,8;50,0;22,2;5;..;..;..;13;..;..;..;
Yrkesgymnasiet  Väsby;54882637;Upplands Väsby;0114;Enskild;Väsby Yrkesgymnasium AB;5568089246;Matematik 1A;23;.;91,3;8,7;7;..;..;..;16;..;..;..;
Yrkesgymnasiet  Väsby;54882637;Upplands Väsby;0114;Enskild;Väsby Yrkesgymnasium AB;5568089246;Svenska 1;12;.;25,0;75,0;6;..;..;..;6;..;..;..;
Yrkesgymnasiet  Väsby;54882637;Upplands Väsby;0114;Enskild;Väsby Yrkesgymnasium AB;5568089246;Svenska som andraspråk 1;3;..;..;..;.;.;.;.;3;..;..;..;
Upplands-Brogymnasiet;53923398;Upplands-Bro;0139;Kommunal;Upplands-Bro kommun;2120000100;Engelska 5;58;8,6;81,0;10,3;28;3,6;85,7;10,7;30;13,3;76,7;10,0;
Upplands-Brogymnasiet;53923398;Upplands-Bro;0139;Kommunal;Upplands-Bro kommun;2120000100;Engelska 6;102;36,3;58,8;4,9;43;30,2;65,1;4,7;59;40,7;54,2;5,1;
Upplands-Brogymnasiet;53923398;Upplands-Bro;0139;Kommunal;Upplands-Bro kommun;2120000100;Matematik 1A;62;.;85,5;14,5;29;.;96,6;3,4;33;.;75,8;24,2;
Upplands-Brogymnasiet;53923398;Upplands-Bro;0139;Kommunal;Upplands-Bro kommun;2120000100;Matematik 2B;78;1,3;64,1;34,6;39;2,6;66,7;30,8;39;.;61,5;38,5;
Upplands-Brogymnasiet;53923398;Upplands-Bro;0139;Kommunal;Upplands-Bro kommun;2120000100;Matematik 3B;26;.;80,8;19,2;3;..;..;..;23;..;..;..;
Upplands-Brogymnasiet;53923398;Upplands-Bro;0139;Kommunal;Upplands-Bro kommun;2120000100;Matematik 4;21;.;81,0;19,0;10;.;90,0;10,0;11;.;72,7;27,3;
Upplands-Brogymnasiet;53923398;Upplands-Bro;0139;Kommunal;Upplands-Bro kommun;2120000100;Svenska 1;70;.;68,6;31,4;21;.;61,9;38,1;49;.;71,4;28,6;
Upplands-Brogymnasiet;53923398;Upplands-Bro;0139;Kommunal;Upplands-Bro kommun;2120000100;Svenska 3;117;6,8;44,4;48,7;59;3,4;30,5;66,1;58;10,3;58,6;31,0;
Upplands-Brogymnasiet;53923398;Upplands-Bro;0139;Kommunal;Upplands-Bro kommun;2120000100;Svenska som andraspråk 1;2;..;..;..;1;..;..;..;1;..;..;..;
Upplands-Brogymnasiet;53923398;Upplands-Bro;0139;Kommunal;Upplands-Bro kommun;2120000100;Svenska som andraspråk 3;20;.;45,0;55,0;9;..;..;..;11;..;..;..;
Amerikanska Gymnasiet Uppsala;42063970;Uppsala;0380;Enskild;Amerikanska Gymnasiet i Sverige AB;5590415591;Engelska 6;80;7,5;82,5;10,0;48;10,4;75,0;14,6;32;3,1;93,8;3,1;
Amerikanska Gymnasiet Uppsala;42063970;Uppsala;0380;Enskild;Amerikanska Gymnasiet i Sverige AB;5590415591;Matematik 2B;31;.;41,9;58,1;28;..;..;..;3;..;..;..;
Amerikanska Gymnasiet Uppsala;42063970;Uppsala;0380;Enskild;Amerikanska Gymnasiet i Sverige AB;5590415591;Matematik 3C;3;..;..;..;2;..;..;..;1;..;..;..;
Ansgargymnasiet;74560191;Uppsala;0380;Enskild;Ansgarskolorna AB;5565835146;Engelska 5;8;..;..;..;5;..;..;..;3;..;..;..;
Ansgargymnasiet;74560191;Uppsala;0380;Enskild;Ansgarskolorna AB;5565835146;Engelska 6;20;15,0;75,0;10,0;5;..;..;..;15;..;..;..;
Ansgargymnasiet;74560191;Uppsala;0380;Enskild;Ansgarskolorna AB;5565835146;Matematik 1A;7;..;..;..;5;..;..;..;2;..;..;..;
Ansgargymnasiet;74560191;Uppsala;0380;Enskild;Ansgarskolorna AB;5565835146;Matematik 1B;6;..;..;..;3;..;..;..;3;..;..;..;
Ansgargymnasiet;74560191;Uppsala;0380;Enskild;Ansgarskolorna AB;5565835146;Matematik 2B;3;..;..;..;1;..;..;..;2;..;..;..;
Ansgargymnasiet;74560191;Uppsala;0380;Enskild;Ansgarskolorna AB;5565835146;Matematik 3B;2;..;..;..;2;..;..;..;.;.;.;.;
Ansgargymnasiet;74560191;Uppsala;0380;Enskild;Ansgarskolorna AB;5565835146;Matematik 4;7;..;..;..;.;.;.;.;7;..;..;..;
Ansgargymnasiet;74560191;Uppsala;0380;Enskild;Ansgarskolorna AB;5565835146;Svenska 1;8;..;..;..;5;..;..;..;3;..;..;..;
Ansgargymnasiet;74560191;Uppsala;0380;Enskild;Ansgarskolorna AB;5565835146;Svenska 3;13;7,7;46,2;46,2;9;..;..;..;4;..;..;..;
Bergstrands Gymnasium Uppsala;39147056;Uppsala;0380;Enskild;Bergstrands Gymnasium AB;5566753736;Engelska 5;66;15,2;78,8;6,1;11;18,2;81,8;.;55;14,5;78,2;7,3;
Bergstrands Gymnasium Uppsala;39147056;Uppsala;0380;Enskild;Bergstrands Gymnasium AB;5566753736;Matematik 1A;68;.;39,7;60,3;12;.;25,0;75,0;56;.;42,9;57,1;
Bergstrands Gymnasium Uppsala;39147056;Uppsala;0380;Enskild;Bergstrands Gymnasium AB;5566753736;Svenska 1;61;3,3;65,6;31,1;12;16,7;66,7;16,7;49;.;65,3;34,7;
Bergstrands Gymnasium Uppsala;39147056;Uppsala;0380;Enskild;Bergstrands Gymnasium AB;5566753736;Svenska som andraspråk 1;9;..;..;..;.;.;.;.;9;..;..;..;
Celsiusskolan;47844862;Uppsala;0380;Kommunal;Uppsala kommun;2120003005;Engelska 5;51;11,8;80,4;7,8;15;6,7;80,0;13,3;36;13,9;80,6;5,6;
Celsiusskolan;47844862;Uppsala;0380;Kommunal;Uppsala kommun;2120003005;Engelska 6;247;6,5;69,6;23,9;101;5,0;70,3;24,8;146;7,5;69,2;23,3;
Celsiusskolan;47844862;Uppsala;0380;Kommunal;Uppsala kommun;2120003005;Matematik 1A;55;7,3;90,9;1,8;18;11,1;88,9;.;37;5,4;91,9;2,7;
Celsiusskolan;47844862;Uppsala;0380;Kommunal;Uppsala kommun;2120003005;Matematik 2B;134;0,7;79,9;19,4;67;1,5;73,1;25,4;67;.;86,6;13,4;
Celsiusskolan;47844862;Uppsala;0380;Kommunal;Uppsala kommun;2120003005;Matematik 3B;64;1,6;85,9;12,5;20;.;85,0;15,0;44;2,3;86,4;11,4;
Celsiusskolan;47844862;Uppsala;0380;Kommunal;Uppsala kommun;2120003005;Svenska 1;48;.;97,9;2,1;16;.;100,0;.;32;.;96,9;3,1;
Celsiusskolan;47844862;Uppsala;0380;Kommunal;Uppsala kommun;2120003005;Svenska 3;287;3,1;63,4;33,4;113;1,8;58,4;39,8;174;4,0;66,7;29,3;
Celsiusskolan;47844862;Uppsala;0380;Kommunal;Uppsala kommun;2120003005;Svenska som andraspråk 1;2;..;..;..;.;.;.;.;2;..;..;..;
Celsiusskolan;47844862;Uppsala;0380;Kommunal;Uppsala kommun;2120003005;Svenska som andraspråk 3;3;..;..;..;.;.;.;.;3;..;..;..;
Cultus gymnasium;22239675;Uppsala;0380;Enskild;Folkuniversitetet Stiftelsen Kursverksamheten vid Uppsala Universitet;8176007055;Engelska 5;18;16,7;83,3;.;15;..;..;..;3;..;..;..;
Cultus gymnasium;22239675;Uppsala;0380;Enskild;Folkuniversitetet Stiftelsen Kursverksamheten vid Uppsala Universitet;8176007055;Engelska 6;15;33,3;53,3;13,3;10;..;..;..;5;..;..;..;
Cultus gymnasium;22239675;Uppsala;0380;Enskild;Folkuniversitetet Stiftelsen Kursverksamheten vid Uppsala Universitet;8176007055;Matematik 1A;18;.;83,3;16,7;14;..;..;..;4;..;..;..;
Cultus gymnasium;22239675;Uppsala;0380;Enskild;Folkuniversitetet Stiftelsen Kursverksamheten vid Uppsala Universitet;8176007055;Matematik 2B;17;.;29,4;70,6;10;..;..;..;7;..;..;..;
Cultus gymnasium;22239675;Uppsala;0380;Enskild;Folkuniversitetet Stiftelsen Kursverksamheten vid Uppsala Universitet;8176007055;Svenska 1;11;9,1;63,6;27,3;9;..;..;..;2;..;..;..;
Cultus gymnasium;22239675;Uppsala;0380;Enskild;Folkuniversitetet Stiftelsen Kursverksamheten vid Uppsala Universitet;8176007055;Svenska 3;11;.;100,0;.;7;..;..;..;4;..;..;..;
Cultus gymnasium;22239675;Uppsala;0380;Enskild;Folkuniversitetet Stiftelsen Kursverksamheten vid Uppsala Universitet;8176007055;Svenska som andraspråk 1;6;..;..;..;4;..;..;..;2;..;..;..;
Cultus gymnasium;22239675;Uppsala;0380;Enskild;Folkuniversitetet Stiftelsen Kursverksamheten vid Uppsala Universitet;8176007055;Svenska som andraspråk 3;8;..;..;..;5;..;..;..;3;..;..;..;
Drottning Blankas Gymnasieskola Uppsala;55472112;Uppsala;0380;Enskild;DBGY Juvelen AB;5565789129;Engelska 5;26;15,4;76,9;7,7;25;..;..;..;1;..;..;..;
Drottning Blankas Gymnasieskola Uppsala;55472112;Uppsala;0380;Enskild;DBGY Juvelen AB;5565789129;Engelska 6;49;10,2;67,3;22,4;36;.;75,0;25,0;13;38,5;46,2;15,4;
Drottning Blankas Gymnasieskola Uppsala;55472112;Uppsala;0380;Enskild;DBGY Juvelen AB;5565789129;Matematik 1A;30;.;93,3;6,7;29;..;..;..;1;..;..;..;
Drottning Blankas Gymnasieskola Uppsala;55472112;Uppsala;0380;Enskild;DBGY Juvelen AB;5565789129;Matematik 1B;6;..;..;..;6;..;..;..;.;.;.;.;
Drottning Blankas Gymnasieskola Uppsala;55472112;Uppsala;0380;Enskild;DBGY Juvelen AB;5565789129;Matematik 2B;20;.;70,0;30,0;16;..;..;..;4;..;..;..;
Drottning Blankas Gymnasieskola Uppsala;55472112;Uppsala;0380;Enskild;DBGY Juvelen AB;5565789129;Matematik 3B;6;..;..;..;4;..;..;..;2;..;..;..;
Drottning Blankas Gymnasieskola Uppsala;55472112;Uppsala;0380;Enskild;DBGY Juvelen AB;5565789129;Svenska 1;24;.;37,5;62,5;23;..;..;..;1;..;..;..;
Drottning Blankas Gymnasieskola Uppsala;55472112;Uppsala;0380;Enskild;DBGY Juvelen AB;5565789129;Svenska 3;32;12,5;81,3;6,3;24;..;..;..;8;..;..;..;
Ellen Fries gymnasium;56050416;Uppsala;0380;Kommunal;Uppsala kommun;2120003005;Engelska 5;51;19,6;72,5;7,8;15;20,0;73,3;6,7;36;19,4;72,2;8,3;
Ellen Fries gymnasium;56050416;Uppsala;0380;Kommunal;Uppsala kommun;2120003005;Engelska 6;37;13,5;45,9;40,5;21;9,5;47,6;42,9;16;18,8;43,8;37,5;
Ellen Fries gymnasium;56050416;Uppsala;0380;Kommunal;Uppsala kommun;2120003005;Matematik 1A;70;5,7;74,3;20,0;26;3,8;84,6;11,5;44;6,8;68,2;25,0;
Ellen Fries gymnasium;56050416;Uppsala;0380;Kommunal;Uppsala kommun;2120003005;Matematik 2B;11;.;72,7;27,3;2;..;..;..;9;..;..;..;
Ellen Fries gymnasium;56050416;Uppsala;0380;Kommunal;Uppsala kommun;2120003005;Matematik 3B;20;.;85,0;15,0;12;..;..;..;8;..;..;..;
Ellen Fries gymnasium;56050416;Uppsala;0380;Kommunal;Uppsala kommun;2120003005;Svenska 1;42;7,1;61,9;31,0;16;6,3;43,8;50,0;26;7,7;73,1;19,2;
Ellen Fries gymnasium;56050416;Uppsala;0380;Kommunal;Uppsala kommun;2120003005;Svenska 3;33;6,1;75,8;18,2;22;9,1;68,2;22,7;11;.;90,9;9,1;
Ellen Fries gymnasium;56050416;Uppsala;0380;Kommunal;Uppsala kommun;2120003005;Svenska som andraspråk 1;6;..;..;..;2;..;..;..;4;..;..;..;
Ellen Fries gymnasium;56050416;Uppsala;0380;Kommunal;Uppsala kommun;2120003005;Svenska som andraspråk 3;16;12,5;68,8;18,8;9;..;..;..;7;..;..;..;
Fyrisskolan;72984079;Uppsala;0380;Kommunal;Uppsala kommun;2120003005;Engelska 6;40;30,0;65,0;5,0;10;20,0;60,0;20,0;30;33,3;66,7;.;
Fyrisskolan;72984079;Uppsala;0380;Kommunal;Uppsala kommun;2120003005;Matematik 2B;4;..;..;..;3;..;..;..;1;..;..;..;
Fyrisskolan;72984079;Uppsala;0380;Kommunal;Uppsala kommun;2120003005;Matematik 4;19;.;84,2;15,8;5;..;..;..;14;..;..;..;
Fyrisskolan;72984079;Uppsala;0380;Kommunal;Uppsala kommun;2120003005;Svenska 3;31;9,7;58,1;32,3;9;..;..;..;22;..;..;..;
Fyrisskolan;72984079;Uppsala;0380;Kommunal;Uppsala kommun;2120003005;Svenska som andraspråk 3;11;.;45,5;54,5;7;..;..;..;4;..;..;..;
Grillska Gymnasiet Uppsala;36480690;Uppsala;0380;Enskild;Stadsmissionens Skolstiftelse;8020170794;Engelska 5;34;17,6;79,4;2,9;2;..;..;..;32;..;..;..;
Grillska Gymnasiet Uppsala;36480690;Uppsala;0380;Enskild;Stadsmissionens Skolstiftelse;8020170794;Engelska 6;22;13,6;86,4;.;.;.;.;.;22;..;..;..;
Grillska Gymnasiet Uppsala;36480690;Uppsala;0380;Enskild;Stadsmissionens Skolstiftelse;8020170794;Matematik 3C;19;.;68,4;31,6;.;.;.;.;19;..;..;..;
Grillska Gymnasiet Uppsala;36480690;Uppsala;0380;Enskild;Stadsmissionens Skolstiftelse;8020170794;Svenska 1;14;.;92,9;7,1;.;.;.;.;14;..;..;..;
Grillska Gymnasiet Uppsala;36480690;Uppsala;0380;Enskild;Stadsmissionens Skolstiftelse;8020170794;Svenska 3;40;.;47,5;52,5;13;.;53,8;46,2;27;.;44,4;55,6;
Grillska Gymnasiet Uppsala;36480690;Uppsala;0380;Enskild;Stadsmissionens Skolstiftelse;8020170794;Svenska som andraspråk 1;3;..;..;..;.;.;.;.;3;..;..;..;
Grillska Gymnasiet Uppsala;36480690;Uppsala;0380;Enskild;Stadsmissionens Skolstiftelse;8020170794;Svenska som andraspråk 3;4;..;..;..;3;..;..;..;1;..;..;..;
JENSEN Gymnasium Uppsala;61674097;Uppsala;0380;Enskild;Jensen Education College AB;5566358759;Engelska 6;123;2,4;83,7;13,8;63;4,8;76,2;19,0;60;.;91,7;8,3;
JENSEN Gymnasium Uppsala;61674097;Uppsala;0380;Enskild;Jensen Education College AB;5566358759;Matematik 2B;36;.;72,2;27,8;22;.;72,7;27,3;14;.;71,4;28,6;
JENSEN Gymnasium Uppsala;61674097;Uppsala;0380;Enskild;Jensen Education College AB;5566358759;Matematik 3B;26;.;76,9;23,1;9;..;..;..;17;..;..;..;
JENSEN Gymnasium Uppsala;61674097;Uppsala;0380;Enskild;Jensen Education College AB;5566358759;Svenska 3;130;7,7;49,2;43,1;79;10,1;50,6;39,2;51;3,9;47,1;49,0;
Katedralskolan;32550660;Uppsala;0380;Kommunal;Uppsala kommun;2120003005;Engelska 5;20;20,0;75,0;5,0;15;..;..;..;5;..;..;..;
Katedralskolan;32550660;Uppsala;0380;Kommunal;Uppsala kommun;2120003005;Engelska 6;334;12,0;79,0;9,0;221;10,0;78,7;11,3;113;15,9;79,6;4,4;
Katedralskolan;32550660;Uppsala;0380;Kommunal;Uppsala kommun;2120003005;Matematik 1A;23;.;69,6;30,4;16;..;..;..;7;..;..;..;
Katedralskolan;32550660;Uppsala;0380;Kommunal;Uppsala kommun;2120003005;Matematik 1B;55;1,8;96,4;1,8;49;..;..;..;6;..;..;..;
Katedralskolan;32550660;Uppsala;0380;Kommunal;Uppsala kommun;2120003005;Matematik 2B;142;.;90,8;9,2;107;.;87,9;12,1;35;.;100,0;.;
Katedralskolan;32550660;Uppsala;0380;Kommunal;Uppsala kommun;2120003005;Matematik 4;111;.;90,1;9,9;65;.;90,8;9,2;46;.;89,1;10,9;
Katedralskolan;32550660;Uppsala;0380;Kommunal;Uppsala kommun;2120003005;Svenska 1;16;.;87,5;12,5;12;..;..;..;4;..;..;..;
Katedralskolan;32550660;Uppsala;0380;Kommunal;Uppsala kommun;2120003005;Svenska 3;313;3,8;73,8;22,4;212;3,8;74,1;22,2;101;4,0;73,3;22,8;
Katedralskolan;32550660;Uppsala;0380;Kommunal;Uppsala kommun;2120003005;Svenska som andraspråk 1;3;..;..;..;2;..;..;..;1;..;..;..;
Kunskapsgymnasiet Uppsala;93488613;Uppsala;0380;Enskild;Kunskapsskolan i Sverige Aktiebolag;5565661815;Engelska 6;44;.;45,5;54,5;30;.;40,0;60,0;14;.;57,1;42,9;
Kunskapsgymnasiet Uppsala;93488613;Uppsala;0380;Enskild;Kunskapsskolan i Sverige Aktiebolag;5565661815;Matematik 2B;22;.;90,9;9,1;19;..;..;..;3;..;..;..;
Kunskapsgymnasiet Uppsala;93488613;Uppsala;0380;Enskild;Kunskapsskolan i Sverige Aktiebolag;5565661815;Matematik 3B;7;..;..;..;3;..;..;..;4;..;..;..;
Kunskapsgymnasiet Uppsala;93488613;Uppsala;0380;Enskild;Kunskapsskolan i Sverige Aktiebolag;5565661815;Matematik 4;13;.;23,1;76,9;9;..;..;..;4;..;..;..;
Kunskapsgymnasiet Uppsala;93488613;Uppsala;0380;Enskild;Kunskapsskolan i Sverige Aktiebolag;5565661815;Svenska 3;11;27,3;27,3;45,5;9;..;..;..;2;..;..;..;
Kunskapsgymnasiet Uppsala;93488613;Uppsala;0380;Enskild;Kunskapsskolan i Sverige Aktiebolag;5565661815;Svenska som andraspråk 3;43;2,3;48,8;48,8;30;.;53,3;46,7;13;7,7;38,5;53,8;
Lundellska skolan;59599256;Uppsala;0380;Kommunal;Uppsala kommun;2120003005;Engelska 5;29;.;86,2;13,8;22;..;..;..;7;..;..;..;
Lundellska skolan;59599256;Uppsala;0380;Kommunal;Uppsala kommun;2120003005;Engelska 6;326;7,1;74,8;18,1;163;2,5;78,5;19,0;163;11,7;71,2;17,2;
Lundellska skolan;59599256;Uppsala;0380;Kommunal;Uppsala kommun;2120003005;Matematik 2B;156;.;69,2;30,8;103;.;73,8;26,2;53;.;60,4;39,6;
Lundellska skolan;59599256;Uppsala;0380;Kommunal;Uppsala kommun;2120003005;Matematik 3B;60;.;95,0;5,0;22;.;95,5;4,5;38;.;94,7;5,3;
Lundellska skolan;59599256;Uppsala;0380;Kommunal;Uppsala kommun;2120003005;Matematik 3C;10;.;90,0;10,0;6;..;..;..;4;..;..;..;
Lundellska skolan;59599256;Uppsala;0380;Kommunal;Uppsala kommun;2120003005;Matematik 4;83;.;79,5;20,5;35;.;77,1;22,9;48;.;81,3;18,8;
Lundellska skolan;59599256;Uppsala;0380;Kommunal;Uppsala kommun;2120003005;Svenska 3;299;2,0;54,8;43,1;177;1,1;58,2;40,7;122;3,3;50,0;46,7;
Lundellska skolan;59599256;Uppsala;0380;Kommunal;Uppsala kommun;2120003005;Svenska som andraspråk 3;3;..;..;..;2;..;..;..;1;..;..;..;
Magelungens Gymnasium Uppsala;45466628;Uppsala;0380;Enskild;Magelungen Utveckling AB;5564891447;Engelska 6;8;..;..;..;5;..;..;..;3;..;..;..;
Magelungens Gymnasium Uppsala;45466628;Uppsala;0380;Enskild;Magelungen Utveckling AB;5564891447;Matematik 2B;2;..;..;..;.;.;.;.;2;..;..;..;
Magelungens Gymnasium Uppsala;45466628;Uppsala;0380;Enskild;Magelungen Utveckling AB;5564891447;Svenska 3;5;..;..;..;3;..;..;..;2;..;..;..;
NTI Gymnasiet Uppsala;52048443;Uppsala;0380;Enskild;NTI Gymnasiet Ellips AB;5565970471;Engelska 5;26;19,2;65,4;15,4;3;..;..;..;23;..;..;..;
NTI Gymnasiet Uppsala;52048443;Uppsala;0380;Enskild;NTI Gymnasiet Ellips AB;5565970471;Engelska 6;119;8,4;76,5;15,1;25;16,0;60,0;24,0;94;6,4;80,9;12,8;
NTI Gymnasiet Uppsala;52048443;Uppsala;0380;Enskild;NTI Gymnasiet Ellips AB;5565970471;Matematik 1A;28;.;75,0;25,0;3;..;..;..;25;..;..;..;
NTI Gymnasiet Uppsala;52048443;Uppsala;0380;Enskild;NTI Gymnasiet Ellips AB;5565970471;Matematik 1B;3;..;..;..;.;.;.;.;3;..;..;..;
NTI Gymnasiet Uppsala;52048443;Uppsala;0380;Enskild;NTI Gymnasiet Ellips AB;5565970471;Matematik 2B;10;.;60,0;40,0;2;..;..;..;8;..;..;..;
NTI Gymnasiet Uppsala;52048443;Uppsala;0380;Enskild;NTI Gymnasiet Ellips AB;5565970471;Matematik 3C;82;1,2;82,9;15,9;9;..;..;..;73;..;..;..;
NTI Gymnasiet Uppsala;52048443;Uppsala;0380;Enskild;NTI Gymnasiet Ellips AB;5565970471;Matematik 4;19;.;73,7;26,3;7;..;..;..;12;..;..;..;
NTI Gymnasiet Uppsala;52048443;Uppsala;0380;Enskild;NTI Gymnasiet Ellips AB;5565970471;Svenska 1;21;.;9,5;90,5;3;..;..;..;18;..;..;..;
NTI Gymnasiet Uppsala;52048443;Uppsala;0380;Enskild;NTI Gymnasiet Ellips AB;5565970471;Svenska 3;136;1,5;54,4;44,1;26;7,7;42,3;50,0;110;.;57,3;42,7;
NTI Gymnasiet Uppsala;52048443;Uppsala;0380;Enskild;NTI Gymnasiet Ellips AB;5565970471;Svenska som andraspråk 1;3;..;..;..;.;.;.;.;3;..;..;..;
NTI Gymnasiet Uppsala;52048443;Uppsala;0380;Enskild;NTI Gymnasiet Ellips AB;5565970471;Svenska som andraspråk 3;13;.;30,8;69,2;4;..;..;..;9;..;..;..;
Praktiska Gymnasiet Uppsala;69865450;Uppsala;0380;Enskild;Praktiska Sverige AB;5562575786;Engelska 5;60;41,7;55,0;3,3;15;40,0;53,3;6,7;45;42,2;55,6;2,2;
Praktiska Gymnasiet Uppsala;69865450;Uppsala;0380;Enskild;Praktiska Sverige AB;5562575786;Matematik 1A;62;.;93,5;6,5;15;.;93,3;6,7;47;.;93,6;6,4;
Praktiska Gymnasiet Uppsala;69865450;Uppsala;0380;Enskild;Praktiska Sverige AB;5562575786;Svenska 1;62;4,8;67,7;27,4;17;5,9;58,8;35,3;45;4,4;71,1;24,4;
Praktiska Gymnasiet Uppsala;69865450;Uppsala;0380;Enskild;Praktiska Sverige AB;5562575786;Svenska som andraspråk 1;5;..;..;..;.;.;.;.;5;..;..;..;
ProCivitas Privata Gymnasium Uppsala;69618988;Uppsala;0380;Enskild;ProCivitas Privata Gymnasium AB;5566157102;Engelska 6;87;34,5;62,1;3,4;40;37,5;62,5;.;47;31,9;61,7;6,4;
ProCivitas Privata Gymnasium Uppsala;69618988;Uppsala;0380;Enskild;ProCivitas Privata Gymnasium AB;5566157102;Matematik 2B;38;.;73,7;26,3;23;.;78,3;21,7;15;.;66,7;33,3;
ProCivitas Privata Gymnasium Uppsala;69618988;Uppsala;0380;Enskild;ProCivitas Privata Gymnasium AB;5566157102;Matematik 3B;19;.;89,5;10,5;4;..;..;..;15;..;..;..;
ProCivitas Privata Gymnasium Uppsala;69618988;Uppsala;0380;Enskild;ProCivitas Privata Gymnasium AB;5566157102;Svenska 3;66;16,7;56,1;27,3;38;15,8;57,9;26,3;28;17,9;53,6;28,6;
ProCivitas Privata Gymnasium Uppsala;69618988;Uppsala;0380;Enskild;ProCivitas Privata Gymnasium AB;5566157102;Svenska som andraspråk 3;1;..;..;..;1;..;..;..;.;.;.;.;
Rosendalsgymnasiet;26957025;Uppsala;0380;Kommunal;Uppsala kommun;2120003005;Engelska 6;211;5,7;85,8;8,5;119;6,7;84,0;9,2;92;4,3;88,0;7,6;
Rosendalsgymnasiet;26957025;Uppsala;0380;Kommunal;Uppsala kommun;2120003005;Matematik 2B;113;.;85,8;14,2;70;.;85,7;14,3;43;.;86,0;14,0;
Rosendalsgymnasiet;26957025;Uppsala;0380;Kommunal;Uppsala kommun;2120003005;Svenska 3;210;3,8;56,7;39,5;104;2,9;61,5;35,6;106;4,7;51,9;43,4;
Rosendalsgymnasiet;26957025;Uppsala;0380;Kommunal;Uppsala kommun;2120003005;Svenska som andraspråk 3;11;.;18,2;81,8;4;..;..;..;7;..;..;..;
Thoren Business School Uppsala;90509211;Uppsala;0380;Enskild;Thorengruppen AB;5566139290;Engelska 5;27;14,8;81,5;3,7;17;11,8;82,4;5,9;10;20,0;80,0;.;
Thoren Business School Uppsala;90509211;Uppsala;0380;Enskild;Thorengruppen AB;5566139290;Engelska 6;56;14,3;82,1;3,6;25;16,0;80,0;4,0;31;12,9;83,9;3,2;
Thoren Business School Uppsala;90509211;Uppsala;0380;Enskild;Thorengruppen AB;5566139290;Matematik 1A;27;.;70,4;29,6;17;.;52,9;47,1;10;.;100,0;.;
Thoren Business School Uppsala;90509211;Uppsala;0380;Enskild;Thorengruppen AB;5566139290;Matematik 2B;35;.;31,4;68,6;17;.;35,3;64,7;18;.;27,8;72,2;
Thoren Business School Uppsala;90509211;Uppsala;0380;Enskild;Thorengruppen AB;5566139290;Matematik 3B;11;.;27,3;72,7;2;..;..;..;9;..;..;..;
Thoren Business School Uppsala;90509211;Uppsala;0380;Enskild;Thorengruppen AB;5566139290;Svenska 1;27;3,7;74,1;22,2;17;.;64,7;35,3;10;10,0;90,0;.;
Thoren Business School Uppsala;90509211;Uppsala;0380;Enskild;Thorengruppen AB;5566139290;Svenska 3;32;6,3;71,9;21,9;16;.;93,8;6,3;16;12,5;50,0;37,5;
Thoren Business School Uppsala;90509211;Uppsala;0380;Enskild;Thorengruppen AB;5566139290;Svenska som andraspråk 3;9;..;..;..;5;..;..;..;4;..;..;..;
Uppsala estetiska gymnasium;43277545;Uppsala;0380;Kommunal;Uppsala kommun;2120003005;Engelska 6;91;29,7;64,8;5,5;65;24,6;67,7;7,7;26;42,3;57,7;.;
Uppsala estetiska gymnasium;43277545;Uppsala;0380;Kommunal;Uppsala kommun;2120003005;Matematik 1B;98;2,0;87,8;10,2;59;1,7;88,1;10,2;39;2,6;87,2;10,3;
Uppsala estetiska gymnasium;43277545;Uppsala;0380;Kommunal;Uppsala kommun;2120003005;Svenska 3;54;1,9;25,9;72,2;37;2,7;32,4;64,9;17;.;11,8;88,2;
Uppsala yrkesgymnasium Ekeby;37316242;Uppsala;0380;Kommunal;Uppsala kommun;2120003005;Engelska 5;22;40,9;59,1;.;11;45,5;54,5;.;11;36,4;63,6;.;
Uppsala yrkesgymnasium Ekeby;37316242;Uppsala;0380;Kommunal;Uppsala kommun;2120003005;Matematik 1A;24;.;95,8;4,2;12;.;91,7;8,3;12;.;100,0;.;
Uppsala yrkesgymnasium Ekeby;37316242;Uppsala;0380;Kommunal;Uppsala kommun;2120003005;Svenska 1;24;.;79,2;20,8;13;.;76,9;23,1;11;.;81,8;18,2;
Uppsala yrkesgymnasium Jälla;20173336;Uppsala;0380;Kommunal;Uppsala kommun;2120003005;Engelska 5;167;19,2;69,5;11,4;41;12,2;73,2;14,6;126;21,4;68,3;10,3;
Uppsala yrkesgymnasium Jälla;20173336;Uppsala;0380;Kommunal;Uppsala kommun;2120003005;Matematik 1A;176;1,1;93,8;5,1;43;2,3;90,7;7,0;133;0,8;94,7;4,5;
Uppsala yrkesgymnasium Jälla;20173336;Uppsala;0380;Kommunal;Uppsala kommun;2120003005;Svenska 1;165;7,9;64,2;27,9;42;4,8;61,9;33,3;123;8,9;65,0;26,0;
Uppsala yrkesgymnasium Jälla;20173336;Uppsala;0380;Kommunal;Uppsala kommun;2120003005;Svenska som andraspråk 1;2;..;..;..;.;.;.;.;2;..;..;..;
Yrkesgymnasiet Uppsala;49872493;Uppsala;0380;Enskild;Thorengruppen AB;5566139290;Engelska 5;12;8,3;33,3;58,3;6;..;..;..;6;..;..;..;
Yrkesgymnasiet Uppsala;49872493;Uppsala;0380;Enskild;Thorengruppen AB;5566139290;Matematik 1A;13;.;92,3;7,7;6;..;..;..;7;..;..;..;
Yrkesgymnasiet Uppsala;49872493;Uppsala;0380;Enskild;Thorengruppen AB;5566139290;Svenska 1;11;9,1;72,7;18,2;7;..;..;..;4;..;..;..;
Yrkesgymnasiet Uppsala;49872493;Uppsala;0380;Enskild;Thorengruppen AB;5566139290;Svenska som andraspråk 1;2;..;..;..;1;..;..;..;1;..;..;..;
Fenix Gymnasium 1;32492188;Vaggeryd;0665;Kommunal;Vaggeryds kommun;2120000522;Engelska 5;34;8,8;82,4;8,8;13;7,7;84,6;7,7;21;9,5;81,0;9,5;
Fenix Gymnasium 1;32492188;Vaggeryd;0665;Kommunal;Vaggeryds kommun;2120000522;Engelska 6;41;9,8;85,4;4,9;12;.;91,7;8,3;29;13,8;82,8;3,4;
Fenix Gymnasium 1;32492188;Vaggeryd;0665;Kommunal;Vaggeryds kommun;2120000522;Matematik 1A;37;.;73,0;27,0;14;.;71,4;28,6;23;.;73,9;26,1;
Fenix Gymnasium 1;32492188;Vaggeryd;0665;Kommunal;Vaggeryds kommun;2120000522;Matematik 2B;23;.;60,9;39,1;7;..;..;..;16;..;..;..;
Fenix Gymnasium 1;32492188;Vaggeryd;0665;Kommunal;Vaggeryds kommun;2120000522;Matematik 3B;8;..;..;..;6;..;..;..;2;..;..;..;
Fenix Gymnasium 1;32492188;Vaggeryd;0665;Kommunal;Vaggeryds kommun;2120000522;Matematik 3C;3;..;..;..;.;.;.;.;3;..;..;..;
Fenix Gymnasium 1;32492188;Vaggeryd;0665;Kommunal;Vaggeryds kommun;2120000522;Svenska 1;25;.;52,0;48,0;9;..;..;..;16;..;..;..;
Fenix Gymnasium 1;32492188;Vaggeryd;0665;Kommunal;Vaggeryds kommun;2120000522;Svenska 3;42;16,7;47,6;35,7;25;16,0;44,0;40,0;17;17,6;52,9;29,4;
Fenix Gymnasium 1;32492188;Vaggeryd;0665;Kommunal;Vaggeryds kommun;2120000522;Svenska som andraspråk 1;6;..;..;..;4;..;..;..;2;..;..;..;
Fenix Gymnasium 1;32492188;Vaggeryd;0665;Kommunal;Vaggeryds kommun;2120000522;Svenska som andraspråk 3;5;..;..;..;4;..;..;..;1;..;..;..;
Vallentuna gymnasium;85788659;Vallentuna;0115;Kommunal;Vallentuna kommun;2120000027;Engelska 5;49;24,5;71,4;4,1;11;54,5;36,4;9,1;38;15,8;81,6;2,6;
Vallentuna gymnasium;85788659;Vallentuna;0115;Kommunal;Vallentuna kommun;2120000027;Engelska 6;52;19,2;73,1;7,7;19;15,8;68,4;15,8;33;21,2;75,8;3,0;
Vallentuna gymnasium;85788659;Vallentuna;0115;Kommunal;Vallentuna kommun;2120000027;Matematik 1A;51;.;54,9;45,1;10;.;50,0;50,0;41;.;56,1;43,9;
Vallentuna gymnasium;85788659;Vallentuna;0115;Kommunal;Vallentuna kommun;2120000027;Matematik 2B;26;.;34,6;65,4;18;..;..;..;8;..;..;..;
Vallentuna gymnasium;85788659;Vallentuna;0115;Kommunal;Vallentuna kommun;2120000027;Matematik 3B;10;.;70,0;30,0;2;..;..;..;8;..;..;..;
Vallentuna gymnasium;85788659;Vallentuna;0115;Kommunal;Vallentuna kommun;2120000027;Svenska 1;40;2,5;30,0;67,5;9;..;..;..;31;..;..;..;
Vallentuna gymnasium;85788659;Vallentuna;0115;Kommunal;Vallentuna kommun;2120000027;Svenska 3;40;.;37,5;62,5;19;.;42,1;57,9;21;.;33,3;66,7;
Vallentuna gymnasium;85788659;Vallentuna;0115;Kommunal;Vallentuna kommun;2120000027;Svenska som andraspråk 1;4;..;..;..;.;.;.;.;4;..;..;..;
Vansbro utbildningscenter gy.;95340745;Vansbro;2021;Kommunal;Vansbro kommun;2120002130;Engelska 5;18;16,7;77,8;5,6;12;..;..;..;6;..;..;..;
Vansbro utbildningscenter gy.;95340745;Vansbro;2021;Kommunal;Vansbro kommun;2120002130;Engelska 6;8;..;..;..;5;..;..;..;3;..;..;..;
Vansbro utbildningscenter gy.;95340745;Vansbro;2021;Kommunal;Vansbro kommun;2120002130;Matematik 1A;15;13,3;60,0;26,7;6;..;..;..;9;..;..;..;
Vansbro utbildningscenter gy.;95340745;Vansbro;2021;Kommunal;Vansbro kommun;2120002130;Matematik 4;5;..;..;..;4;..;..;..;1;..;..;..;
Vansbro utbildningscenter gy.;95340745;Vansbro;2021;Kommunal;Vansbro kommun;2120002130;Svenska 1;19;.;52,6;47,4;13;..;..;..;6;..;..;..;
Vansbro utbildningscenter gy.;95340745;Vansbro;2021;Kommunal;Vansbro kommun;2120002130;Svenska 3;14;7,1;28,6;64,3;7;..;..;..;7;..;..;..;
Vansbro utbildningscenter gy.;95340745;Vansbro;2021;Kommunal;Vansbro kommun;2120002130;Svenska som andraspråk 1;4;..;..;..;1;..;..;..;3;..;..;..;
Academy of Music and Business Vara;54382141;Vara;1470;Enskild;Academy of Music and Business Education Vara AB;5590489760;Engelska 6;31;12,9;61,3;25,8;18;22,2;50,0;27,8;13;.;76,9;23,1;
Academy of Music and Business Vara;54382141;Vara;1470;Enskild;Academy of Music and Business Education Vara AB;5590489760;Matematik 1B;34;5,9;73,5;20,6;13;.;84,6;15,4;21;9,5;66,7;23,8;
Academy of Music and Business Vara;54382141;Vara;1470;Enskild;Academy of Music and Business Education Vara AB;5590489760;Svenska 3;27;14,8;44,4;40,7;20;..;..;..;7;..;..;..;
Academy of Music and Business Vara;54382141;Vara;1470;Enskild;Academy of Music and Business Education Vara AB;5590489760;Svenska som andraspråk 3;2;..;..;..;2;..;..;..;.;.;.;.;
Lagmansgymnasiet1;59521477;Vara;1470;Kommunal;Vara kommun;2120002924;Engelska 5;75;5,3;88,0;6,7;26;15,4;73,1;11,5;49;.;95,9;4,1;
Lagmansgymnasiet1;59521477;Vara;1470;Kommunal;Vara kommun;2120002924;Engelska 6;31;3,2;83,9;12,9;17;.;82,4;17,6;14;7,1;85,7;7,1;
Lagmansgymnasiet1;59521477;Vara;1470;Kommunal;Vara kommun;2120002924;Matematik 1A;40;7,5;77,5;15,0;13;.;84,6;15,4;27;11,1;74,1;14,8;
Lagmansgymnasiet1;59521477;Vara;1470;Kommunal;Vara kommun;2120002924;Matematik 2B;22;.;81,8;18,2;13;..;..;..;9;..;..;..;
Lagmansgymnasiet1;59521477;Vara;1470;Kommunal;Vara kommun;2120002924;Matematik 3B;9;..;..;..;5;..;..;..;4;..;..;..;
Lagmansgymnasiet1;59521477;Vara;1470;Kommunal;Vara kommun;2120002924;Svenska 1;37;5,4;75,7;18,9;13;.;69,2;30,8;24;8,3;79,2;12,5;
Lagmansgymnasiet1;59521477;Vara;1470;Kommunal;Vara kommun;2120002924;Svenska 3;18;5,6;61,1;33,3;11;..;..;..;7;..;..;..;
Lagmansgymnasiet1;59521477;Vara;1470;Kommunal;Vara kommun;2120002924;Svenska som andraspråk 1;2;..;..;..;.;.;.;.;2;..;..;..;
Lagmansgymnasiet1;59521477;Vara;1470;Kommunal;Vara kommun;2120002924;Svenska som andraspråk 3;5;..;..;..;3;..;..;..;2;..;..;..;
Lagmansgymnasiet2;29221653;Vara;1470;Kommunal;Vara kommun;2120002924;Engelska 5;46;21,7;76,1;2,2;6;..;..;..;40;..;..;..;
Lagmansgymnasiet2;29221653;Vara;1470;Kommunal;Vara kommun;2120002924;Engelska 6;15;.;93,3;6,7;4;..;..;..;11;..;..;..;
Lagmansgymnasiet2;29221653;Vara;1470;Kommunal;Vara kommun;2120002924;Matematik 1A;25;24,0;52,0;24,0;2;..;..;..;23;..;..;..;
Lagmansgymnasiet2;29221653;Vara;1470;Kommunal;Vara kommun;2120002924;Matematik 3C;8;..;..;..;.;.;.;.;8;..;..;..;
Lagmansgymnasiet2;29221653;Vara;1470;Kommunal;Vara kommun;2120002924;Matematik 4;15;13,3;66,7;20,0;7;..;..;..;8;..;..;..;
Lagmansgymnasiet2;29221653;Vara;1470;Kommunal;Vara kommun;2120002924;Svenska 1;23;.;56,5;43,5;2;..;..;..;21;..;..;..;
Lagmansgymnasiet2;29221653;Vara;1470;Kommunal;Vara kommun;2120002924;Svenska 3;20;5,0;60,0;35,0;6;..;..;..;14;..;..;..;
Lagmansgymnasiet2;29221653;Vara;1470;Kommunal;Vara kommun;2120002924;Svenska som andraspråk 3;6;..;..;..;3;..;..;..;3;..;..;..;
Drottning Blankas Gymnasieskola Varberg;92442684;Varberg;1383;Enskild;DBGY Kronan AB;5565668794;Engelska 5;11;36,4;63,6;.;11;..;..;..;.;.;.;.;
Drottning Blankas Gymnasieskola Varberg;92442684;Varberg;1383;Enskild;DBGY Kronan AB;5565668794;Engelska 6;41;19,5;78,0;2,4;23;26,1;69,6;4,3;18;11,1;88,9;.;
Drottning Blankas Gymnasieskola Varberg;92442684;Varberg;1383;Enskild;DBGY Kronan AB;5565668794;Matematik 1A;11;.;36,4;63,6;11;..;..;..;.;.;.;.;
Drottning Blankas Gymnasieskola Varberg;92442684;Varberg;1383;Enskild;DBGY Kronan AB;5565668794;Matematik 2B;41;.;12,2;87,8;20;.;5,0;95,0;21;.;19,0;81,0;
Drottning Blankas Gymnasieskola Varberg;92442684;Varberg;1383;Enskild;DBGY Kronan AB;5565668794;Matematik 3B;2;..;..;..;1;..;..;..;1;..;..;..;
Drottning Blankas Gymnasieskola Varberg;92442684;Varberg;1383;Enskild;DBGY Kronan AB;5565668794;Svenska 1;10;.;50,0;50,0;10;..;..;..;.;.;.;.;
Drottning Blankas Gymnasieskola Varberg;92442684;Varberg;1383;Enskild;DBGY Kronan AB;5565668794;Svenska 3;22;.;68,2;31,8;8;..;..;..;14;..;..;..;
LBS Kreativa Gymnasiet Varberg;66095163;Varberg;1383;Enskild;Ljud & Bildskolan LBS AB;5564851649;Engelska 6;29;20,7;72,4;6,9;7;..;..;..;22;..;..;..;
LBS Kreativa Gymnasiet Varberg;66095163;Varberg;1383;Enskild;Ljud & Bildskolan LBS AB;5564851649;Matematik 1B;20;.;85,0;15,0;5;..;..;..;15;..;..;..;
LBS Kreativa Gymnasiet Varberg;66095163;Varberg;1383;Enskild;Ljud & Bildskolan LBS AB;5564851649;Matematik 3C;13;.;76,9;23,1;.;.;.;.;13;..;..;..;
LBS Kreativa Gymnasiet Varberg;66095163;Varberg;1383;Enskild;Ljud & Bildskolan LBS AB;5564851649;Svenska 3;14;7,1;50,0;42,9;3;..;..;..;11;..;..;..;
LBS Kreativa Gymnasiet Varberg;66095163;Varberg;1383;Enskild;Ljud & Bildskolan LBS AB;5564851649;Svenska som andraspråk 3;2;..;..;..;2;..;..;..;.;.;.;.;
Munkagårdsgymnasiet;38544187;Varberg;1383;Region;Region Halland;2321000115;Engelska 5;75;22,7;70,7;6,7;47;23,4;66,0;10,6;28;21,4;78,6;.;
Munkagårdsgymnasiet;38544187;Varberg;1383;Region;Region Halland;2321000115;Svenska 1;70;10,0;60,0;30,0;44;15,9;63,6;20,5;26;.;53,8;46,2;
Peder Skrivares skola Enhet 1;54599691;Varberg;1383;Kommunal;Varbergs kommun;2120001249;Engelska 5;45;2,2;84,4;13,3;23;.;82,6;17,4;22;4,5;86,4;9,1;
Peder Skrivares skola Enhet 1;54599691;Varberg;1383;Kommunal;Varbergs kommun;2120001249;Engelska 6;142;8,5;64,1;27,5;87;4,6;66,7;28,7;55;14,5;60,0;25,5;
Peder Skrivares skola Enhet 1;54599691;Varberg;1383;Kommunal;Varbergs kommun;2120001249;Matematik 1A;74;.;70,3;29,7;41;.;61,0;39,0;33;.;81,8;18,2;
Peder Skrivares skola Enhet 1;54599691;Varberg;1383;Kommunal;Varbergs kommun;2120001249;Matematik 2B;175;.;61,7;38,3;108;.;61,1;38,9;67;.;62,7;37,3;
Peder Skrivares skola Enhet 1;54599691;Varberg;1383;Kommunal;Varbergs kommun;2120001249;Matematik 3B;40;.;52,5;47,5;22;.;40,9;59,1;18;.;66,7;33,3;
Peder Skrivares skola Enhet 1;54599691;Varberg;1383;Kommunal;Varbergs kommun;2120001249;Svenska 1;58;1,7;65,5;32,8;36;2,8;61,1;36,1;22;.;72,7;27,3;
Peder Skrivares skola Enhet 1;54599691;Varberg;1383;Kommunal;Varbergs kommun;2120001249;Svenska 3;168;6,5;56,0;37,5;101;5,9;56,4;37,6;67;7,5;55,2;37,3;
Peder Skrivares skola Enhet 1;54599691;Varberg;1383;Kommunal;Varbergs kommun;2120001249;Svenska som andraspråk 1;6;..;..;..;2;..;..;..;4;..;..;..;
Peder Skrivares skola Enhet 1;54599691;Varberg;1383;Kommunal;Varbergs kommun;2120001249;Svenska som andraspråk 3;3;..;..;..;3;..;..;..;.;.;.;.;
Peder Skrivares skola Enhet 2;54004368;Varberg;1383;Kommunal;Varbergs kommun;2120001249;Engelska 6;160;27,5;65,0;7,5;73;17,8;71,2;11,0;87;35,6;59,8;4,6;
Peder Skrivares skola Enhet 2;54004368;Varberg;1383;Kommunal;Varbergs kommun;2120001249;Matematik 3C;73;.;91,8;8,2;18;.;94,4;5,6;55;.;90,9;9,1;
Peder Skrivares skola Enhet 2;54004368;Varberg;1383;Kommunal;Varbergs kommun;2120001249;Matematik 4;30;.;86,7;13,3;21;..;..;..;9;..;..;..;
Peder Skrivares skola Enhet 2;54004368;Varberg;1383;Kommunal;Varbergs kommun;2120001249;Svenska 3;106;3,8;63,2;33,0;48;2,1;60,4;37,5;58;5,2;65,5;29,3;
Peder Skrivares skola Enhet 2;54004368;Varberg;1383;Kommunal;Varbergs kommun;2120001249;Svenska som andraspråk 3;6;..;..;..;3;..;..;..;3;..;..;..;
Peder Skrivares skola Enhet 3;54467211;Varberg;1383;Kommunal;Varbergs kommun;2120001249;Engelska 5;143;24,5;69,2;6,3;33;9,1;72,7;18,2;110;29,1;68,2;2,7;
Peder Skrivares skola Enhet 3;54467211;Varberg;1383;Kommunal;Varbergs kommun;2120001249;Matematik 1A;133;.;72,2;27,8;29;.;48,3;51,7;104;.;78,8;21,2;
Peder Skrivares skola Enhet 3;54467211;Varberg;1383;Kommunal;Varbergs kommun;2120001249;Svenska 1;133;2,3;74,4;23,3;30;.;63,3;36,7;103;2,9;77,7;19,4;
Peder Skrivares skola Enhet 3;54467211;Varberg;1383;Kommunal;Varbergs kommun;2120001249;Svenska som andraspråk 1;8;..;..;..;2;..;..;..;6;..;..;..;
Sveriges Ridgymnasium Varberg;23517683;Varberg;1383;Enskild;Sveriges Ridgymnasium AB;5566814504;Engelska 5;25;4,0;84,0;12,0;25;..;..;..;.;.;.;.;
Sveriges Ridgymnasium Varberg;23517683;Varberg;1383;Enskild;Sveriges Ridgymnasium AB;5566814504;Matematik 1A;28;.;85,7;14,3;28;..;..;..;.;.;.;.;
Sveriges Ridgymnasium Varberg;23517683;Varberg;1383;Enskild;Sveriges Ridgymnasium AB;5566814504;Svenska 1;24;.;66,7;33,3;24;..;..;..;.;.;.;.;
Sundsgymnasiet;31975673;Vellinge;1233;Kommunal;Vellinge kommun;2120001033;Engelska 6;241;7,1;78,8;14,1;107;5,6;75,7;18,7;134;8,2;81,3;10,4;
Sundsgymnasiet;31975673;Vellinge;1233;Kommunal;Vellinge kommun;2120001033;Matematik 1B;3;..;..;..;2;..;..;..;1;..;..;..;
Sundsgymnasiet;31975673;Vellinge;1233;Kommunal;Vellinge kommun;2120001033;Matematik 2B;55;.;87,3;12,7;30;.;83,3;16,7;25;.;92,0;8,0;
Sundsgymnasiet;31975673;Vellinge;1233;Kommunal;Vellinge kommun;2120001033;Matematik 3B;80;1,3;85,0;13,8;31;3,2;80,6;16,1;49;.;87,8;12,2;
Sundsgymnasiet;31975673;Vellinge;1233;Kommunal;Vellinge kommun;2120001033;Matematik 4;42;.;78,6;21,4;24;.;87,5;12,5;18;.;66,7;33,3;
Sundsgymnasiet;31975673;Vellinge;1233;Kommunal;Vellinge kommun;2120001033;Svenska 3;246;3,3;68,3;28,5;107;3,7;66,4;29,9;139;2,9;69,8;27,3;
Sundsgymnasiet;31975673;Vellinge;1233;Kommunal;Vellinge kommun;2120001033;Svenska som andraspråk 3;3;..;..;..;.;.;.;.;3;..;..;..;
Njudungsgymnasiet 2;82251333;Vetlanda;0685;Kommunal;Vetlanda kommun;2120000571;Engelska 5;80;28,8;66,3;5,0;4;..;..;..;76;..;..;..;
Njudungsgymnasiet 2;82251333;Vetlanda;0685;Kommunal;Vetlanda kommun;2120000571;Engelska 6;49;10,2;61,2;28,6;14;.;35,7;64,3;35;14,3;71,4;14,3;
Njudungsgymnasiet 2;82251333;Vetlanda;0685;Kommunal;Vetlanda kommun;2120000571;Matematik 1A;84;10,7;78,6;10,7;5;..;..;..;79;..;..;..;
Njudungsgymnasiet 2;82251333;Vetlanda;0685;Kommunal;Vetlanda kommun;2120000571;Matematik 3C;35;.;91,4;8,6;7;..;..;..;28;..;..;..;
Njudungsgymnasiet 2;82251333;Vetlanda;0685;Kommunal;Vetlanda kommun;2120000571;Matematik 4;15;.;80,0;20,0;8;..;..;..;7;..;..;..;
Njudungsgymnasiet 2;82251333;Vetlanda;0685;Kommunal;Vetlanda kommun;2120000571;Svenska 1;70;4,3;65,7;30,0;5;..;..;..;65;..;..;..;
Njudungsgymnasiet 2;82251333;Vetlanda;0685;Kommunal;Vetlanda kommun;2120000571;Svenska 3;45;.;62,2;37,8;14;.;50,0;50,0;31;.;67,7;32,3;
Njudungsgymnasiet 2;82251333;Vetlanda;0685;Kommunal;Vetlanda kommun;2120000571;Svenska som andraspråk 1;10;.;60,0;40,0;.;.;.;.;10;..;..;..;
Njudungsgymnasiet 2;82251333;Vetlanda;0685;Kommunal;Vetlanda kommun;2120000571;Svenska som andraspråk 3;10;.;30,0;70,0;4;..;..;..;6;..;..;..;
Njudungsgymnasiet 3;99864908;Vetlanda;0685;Kommunal;Vetlanda kommun;2120000571;Engelska 5;34;29,4;61,8;8,8;30;..;..;..;4;..;..;..;
Njudungsgymnasiet 3;99864908;Vetlanda;0685;Kommunal;Vetlanda kommun;2120000571;Engelska 6;26;7,7;76,9;15,4;24;..;..;..;2;..;..;..;
Njudungsgymnasiet 3;99864908;Vetlanda;0685;Kommunal;Vetlanda kommun;2120000571;Matematik 1A;29;.;58,6;41,4;25;..;..;..;4;..;..;..;
Njudungsgymnasiet 3;99864908;Vetlanda;0685;Kommunal;Vetlanda kommun;2120000571;Matematik 2B;28;.;75,0;25,0;26;..;..;..;2;..;..;..;
Njudungsgymnasiet 3;99864908;Vetlanda;0685;Kommunal;Vetlanda kommun;2120000571;Svenska 1;24;4,2;79,2;16,7;23;..;..;..;1;..;..;..;
Njudungsgymnasiet 3;99864908;Vetlanda;0685;Kommunal;Vetlanda kommun;2120000571;Svenska 3;31;.;45,2;54,8;25;..;..;..;6;..;..;..;
Njudungsgymnasiet 3;99864908;Vetlanda;0685;Kommunal;Vetlanda kommun;2120000571;Svenska som andraspråk 1;4;..;..;..;3;..;..;..;1;..;..;..;
Njudungsgymnasiet 3;99864908;Vetlanda;0685;Kommunal;Vetlanda kommun;2120000571;Svenska som andraspråk 3;5;..;..;..;5;..;..;..;.;.;.;.;
Njudungsgymnasiet 4;27106031;Vetlanda;0685;Kommunal;Vetlanda kommun;2120000571;Engelska 5;22;13,6;72,7;13,6;12;8,3;75,0;16,7;10;20,0;70,0;10,0;
Njudungsgymnasiet 4;27106031;Vetlanda;0685;Kommunal;Vetlanda kommun;2120000571;Engelska 6;49;10,2;69,4;20,4;26;3,8;65,4;30,8;23;17,4;73,9;8,7;
Njudungsgymnasiet 4;27106031;Vetlanda;0685;Kommunal;Vetlanda kommun;2120000571;Matematik 1A;23;.;78,3;21,7;14;..;..;..;9;..;..;..;
Njudungsgymnasiet 4;27106031;Vetlanda;0685;Kommunal;Vetlanda kommun;2120000571;Matematik 2B;23;.;60,9;39,1;13;.;46,2;53,8;10;.;80,0;20,0;
Njudungsgymnasiet 4;27106031;Vetlanda;0685;Kommunal;Vetlanda kommun;2120000571;Matematik 3B;18;.;27,8;72,2;4;..;..;..;14;..;..;..;
Njudungsgymnasiet 4;27106031;Vetlanda;0685;Kommunal;Vetlanda kommun;2120000571;Svenska 1;16;.;56,3;43,8;9;..;..;..;7;..;..;..;
Njudungsgymnasiet 4;27106031;Vetlanda;0685;Kommunal;Vetlanda kommun;2120000571;Svenska 3;50;4,0;26,0;70,0;27;7,4;29,6;63,0;23;.;21,7;78,3;
Njudungsgymnasiet 4;27106031;Vetlanda;0685;Kommunal;Vetlanda kommun;2120000571;Svenska som andraspråk 1;4;..;..;..;3;..;..;..;1;..;..;..;
Njudungsgymnasiet 4;27106031;Vetlanda;0685;Kommunal;Vetlanda kommun;2120000571;Svenska som andraspråk 3;4;..;..;..;2;..;..;..;2;..;..;..;
Malgomajskolan 1;63931325;Vilhelmina;2462;Kommunal;Södra Lapplands Gymnasieförbund;2220003293;Engelska 6;19;10,5;73,7;15,8;8;..;..;..;11;..;..;..;
Malgomajskolan 1;63931325;Vilhelmina;2462;Kommunal;Södra Lapplands Gymnasieförbund;2220003293;Matematik 2B;6;..;..;..;5;..;..;..;1;..;..;..;
Malgomajskolan 1;63931325;Vilhelmina;2462;Kommunal;Södra Lapplands Gymnasieförbund;2220003293;Matematik 3C;3;..;..;..;.;.;.;.;3;..;..;..;
Malgomajskolan 1;63931325;Vilhelmina;2462;Kommunal;Södra Lapplands Gymnasieförbund;2220003293;Matematik 4;6;..;..;..;4;..;..;..;2;..;..;..;
Malgomajskolan 2;98702729;Vilhelmina;2462;Kommunal;Södra Lapplands Gymnasieförbund;2220003293;Engelska 5;53;11,3;77,4;11,3;20;15,0;70,0;15,0;33;9,1;81,8;9,1;
Malgomajskolan 2;98702729;Vilhelmina;2462;Kommunal;Södra Lapplands Gymnasieförbund;2220003293;Matematik 1A;53;.;79,2;20,8;21;.;85,7;14,3;32;.;75,0;25,0;
Malgomajskolan 2;98702729;Vilhelmina;2462;Kommunal;Södra Lapplands Gymnasieförbund;2220003293;Svenska 1;51;.;78,4;21,6;20;.;75,0;25,0;31;.;80,6;19,4;
Malgomajskolan 2;98702729;Vilhelmina;2462;Kommunal;Södra Lapplands Gymnasieförbund;2220003293;Svenska som andraspråk 1;2;..;..;..;1;..;..;..;1;..;..;..;
Vimmerby gymnasium 2;57391913;Vimmerby;0884;Kommunal;Vimmerby kommun;2120000787;Engelska 5;22;22,7;68,2;9,1;15;..;..;..;7;..;..;..;
Vimmerby gymnasium 2;57391913;Vimmerby;0884;Kommunal;Vimmerby kommun;2120000787;Engelska 6;64;18,8;60,9;20,3;35;17,1;51,4;31,4;29;20,7;72,4;6,9;
Vimmerby gymnasium 2;57391913;Vimmerby;0884;Kommunal;Vimmerby kommun;2120000787;Matematik 1A;25;.;88,0;12,0;15;.;80,0;20,0;10;.;100,0;.;
Vimmerby gymnasium 2;57391913;Vimmerby;0884;Kommunal;Vimmerby kommun;2120000787;Matematik 2B;39;.;25,6;74,4;25;.;20,0;80,0;14;.;35,7;64,3;
Vimmerby gymnasium 2;57391913;Vimmerby;0884;Kommunal;Vimmerby kommun;2120000787;Matematik 3C;1;..;..;..;.;.;.;.;1;..;..;..;
Vimmerby gymnasium 2;57391913;Vimmerby;0884;Kommunal;Vimmerby kommun;2120000787;Matematik 4;10;.;80,0;20,0;9;..;..;..;1;..;..;..;
Vimmerby gymnasium 2;57391913;Vimmerby;0884;Kommunal;Vimmerby kommun;2120000787;Svenska 1;23;13,0;65,2;21,7;14;..;..;..;9;..;..;..;
Vimmerby gymnasium 2;57391913;Vimmerby;0884;Kommunal;Vimmerby kommun;2120000787;Svenska 3;34;8,8;41,2;50,0;30;..;..;..;4;..;..;..;
Vimmerby gymnasium 3;75374280;Vimmerby;0884;Kommunal;Vimmerby kommun;2120000787;Engelska 5;25;24,0;48,0;28,0;4;..;..;..;21;..;..;..;
Vimmerby gymnasium 3;75374280;Vimmerby;0884;Kommunal;Vimmerby kommun;2120000787;Matematik 1A;25;12,0;72,0;16,0;4;..;..;..;21;..;..;..;
Vimmerby gymnasium 3;75374280;Vimmerby;0884;Kommunal;Vimmerby kommun;2120000787;Matematik 3C;14;7,1;64,3;28,6;3;..;..;..;11;..;..;..;
Vimmerby gymnasium 3;75374280;Vimmerby;0884;Kommunal;Vimmerby kommun;2120000787;Svenska 1;5;..;..;..;3;..;..;..;2;..;..;..;
Vimmerby gymnasium 3;75374280;Vimmerby;0884;Kommunal;Vimmerby kommun;2120000787;Svenska 3;22;.;40,9;59,1;7;..;..;..;15;..;..;..;
Sundlergymnasiet;46148350;Vårgårda;1442;Kommunal;Vårgårda kommun;2120001454;Engelska 5;41;19,5;65,9;14,6;19;15,8;57,9;26,3;22;22,7;72,7;4,5;
Sundlergymnasiet;46148350;Vårgårda;1442;Kommunal;Vårgårda kommun;2120001454;Engelska 6;53;9,4;62,3;28,3;30;3,3;60,0;36,7;23;17,4;65,2;17,4;
Sundlergymnasiet;46148350;Vårgårda;1442;Kommunal;Vårgårda kommun;2120001454;Matematik 1A;41;.;63,4;36,6;18;.;61,1;38,9;23;.;65,2;34,8;
Sundlergymnasiet;46148350;Vårgårda;1442;Kommunal;Vårgårda kommun;2120001454;Matematik 2B;15;.;33,3;66,7;13;..;..;..;2;..;..;..;
Sundlergymnasiet;46148350;Vårgårda;1442;Kommunal;Vårgårda kommun;2120001454;Matematik 3B;7;..;..;..;3;..;..;..;4;..;..;..;
Sundlergymnasiet;46148350;Vårgårda;1442;Kommunal;Vårgårda kommun;2120001454;Matematik 3C;22;.;72,7;27,3;1;..;..;..;21;..;..;..;
Sundlergymnasiet;46148350;Vårgårda;1442;Kommunal;Vårgårda kommun;2120001454;Matematik 4;6;..;..;..;2;..;..;..;4;..;..;..;
Sundlergymnasiet;46148350;Vårgårda;1442;Kommunal;Vårgårda kommun;2120001454;Svenska 1;32;.;78,1;21,9;14;.;85,7;14,3;18;.;72,2;27,8;
Sundlergymnasiet;46148350;Vårgårda;1442;Kommunal;Vårgårda kommun;2120001454;Svenska 3;39;12,8;64,1;23,1;19;10,5;63,2;26,3;20;15,0;65,0;20,0;
Sundlergymnasiet;46148350;Vårgårda;1442;Kommunal;Vårgårda kommun;2120001454;Svenska som andraspråk 1;5;..;..;..;1;..;..;..;4;..;..;..;
Sundlergymnasiet;46148350;Vårgårda;1442;Kommunal;Vårgårda kommun;2120001454;Svenska som andraspråk 3;5;..;..;..;3;..;..;..;2;..;..;..;
Birger Sjöberggymnasiet 1;50133877;Vänersborg;1487;Kommunal;Kunskapsförbundet Väst;2220002998;Engelska 5;84;8,3;82,1;9,5;33;3,0;78,8;18,2;51;11,8;84,3;3,9;
Birger Sjöberggymnasiet 1;50133877;Vänersborg;1487;Kommunal;Kunskapsförbundet Väst;2220002998;Engelska 6;143;4,9;75,5;19,6;75;4,0;70,7;25,3;68;5,9;80,9;13,2;
Birger Sjöberggymnasiet 1;50133877;Vänersborg;1487;Kommunal;Kunskapsförbundet Väst;2220002998;Matematik 1A;91;1,1;60,4;38,5;39;2,6;74,4;23,1;52;.;50,0;50,0;
Birger Sjöberggymnasiet 1;50133877;Vänersborg;1487;Kommunal;Kunskapsförbundet Väst;2220002998;Matematik 1B;16;.;43,8;56,3;12;..;..;..;4;..;..;..;
Birger Sjöberggymnasiet 1;50133877;Vänersborg;1487;Kommunal;Kunskapsförbundet Väst;2220002998;Matematik 2B;58;.;82,8;17,2;39;.;82,1;17,9;19;.;84,2;15,8;
Birger Sjöberggymnasiet 1;50133877;Vänersborg;1487;Kommunal;Kunskapsförbundet Väst;2220002998;Matematik 3B;14;.;85,7;14,3;8;..;..;..;6;..;..;..;
Birger Sjöberggymnasiet 1;50133877;Vänersborg;1487;Kommunal;Kunskapsförbundet Väst;2220002998;Matematik 4;13;.;46,2;53,8;4;..;..;..;9;..;..;..;
Birger Sjöberggymnasiet 1;50133877;Vänersborg;1487;Kommunal;Kunskapsförbundet Väst;2220002998;Svenska 1;60;5,0;66,7;28,3;23;.;69,6;30,4;37;8,1;64,9;27,0;
Birger Sjöberggymnasiet 1;50133877;Vänersborg;1487;Kommunal;Kunskapsförbundet Väst;2220002998;Svenska 3;87;10,3;44,8;44,8;43;11,6;32,6;55,8;44;9,1;56,8;34,1;
Birger Sjöberggymnasiet 1;50133877;Vänersborg;1487;Kommunal;Kunskapsförbundet Väst;2220002998;Svenska som andraspråk 1;24;4,2;70,8;25,0;13;7,7;76,9;15,4;11;.;63,6;36,4;
Birger Sjöberggymnasiet 1;50133877;Vänersborg;1487;Kommunal;Kunskapsförbundet Väst;2220002998;Svenska som andraspråk 3;13;7,7;84,6;7,7;5;..;..;..;8;..;..;..;
Nuntorpsgymnasiet;16093109;Vänersborg;1487;Enskild;Naturbruk Väst AB;5590475611;Matematik 1A;19;.;5,3;94,7;10;..;..;..;9;..;..;..;
Liljaskolan, Järnvägsteknik;33022817;Vännäs;2460;Kommunal;Vännäs kommun;2120002841;Engelska 5;9;..;..;..;2;..;..;..;7;..;..;..;
Liljaskolan, Järnvägsteknik;33022817;Vännäs;2460;Kommunal;Vännäs kommun;2120002841;Matematik 1A;8;..;..;..;1;..;..;..;7;..;..;..;
Liljaskolan, Järnvägsteknik;33022817;Vännäs;2460;Kommunal;Vännäs kommun;2120002841;Svenska 1;7;..;..;..;2;..;..;..;5;..;..;..;
Liljaskolan, sektor A;90240730;Vännäs;2460;Kommunal;Vännäs kommun;2120002841;Engelska 5;17;5,9;88,2;5,9;2;..;..;..;15;..;..;..;
Liljaskolan, sektor A;90240730;Vännäs;2460;Kommunal;Vännäs kommun;2120002841;Matematik 1A;12;8,3;66,7;25,0;2;..;..;..;10;..;..;..;
Liljaskolan, sektor A;90240730;Vännäs;2460;Kommunal;Vännäs kommun;2120002841;Svenska 1;17;.;64,7;35,3;2;..;..;..;15;..;..;..;
Liljaskolan, sektor B;84908877;Vännäs;2460;Kommunal;Vännäs kommun;2120002841;Engelska 5;50;6,0;72,0;22,0;9;..;..;..;41;..;..;..;
Liljaskolan, sektor B;84908877;Vännäs;2460;Kommunal;Vännäs kommun;2120002841;Matematik 1A;48;12,5;70,8;16,7;11;9,1;72,7;18,2;37;13,5;70,3;16,2;
Liljaskolan, sektor B;84908877;Vännäs;2460;Kommunal;Vännäs kommun;2120002841;Svenska 1;42;4,8;47,6;47,6;9;..;..;..;33;..;..;..;
Liljaskolan, sektor B;84908877;Vännäs;2460;Kommunal;Vännäs kommun;2120002841;Svenska som andraspråk 1;1;..;..;..;.;.;.;.;1;..;..;..;
Liljaskolan, sektor C;78389879;Vännäs;2460;Kommunal;Vännäs kommun;2120002841;Engelska 5;14;14,3;57,1;28,6;8;..;..;..;6;..;..;..;
Liljaskolan, sektor C;78389879;Vännäs;2460;Kommunal;Vännäs kommun;2120002841;Engelska 6;27;29,6;55,6;14,8;5;..;..;..;22;..;..;..;
Liljaskolan, sektor C;78389879;Vännäs;2460;Kommunal;Vännäs kommun;2120002841;Matematik 1A;14;.;71,4;28,6;8;..;..;..;6;..;..;..;
Liljaskolan, sektor C;78389879;Vännäs;2460;Kommunal;Vännäs kommun;2120002841;Matematik 2B;11;.;45,5;54,5;3;..;..;..;8;..;..;..;
Liljaskolan, sektor C;78389879;Vännäs;2460;Kommunal;Vännäs kommun;2120002841;Matematik 3B;16;.;18,8;81,3;10;..;..;..;6;..;..;..;
Liljaskolan, sektor C;78389879;Vännäs;2460;Kommunal;Vännäs kommun;2120002841;Svenska 1;9;..;..;..;5;..;..;..;4;..;..;..;
Liljaskolan, sektor C;78389879;Vännäs;2460;Kommunal;Vännäs kommun;2120002841;Svenska 3;15;33,3;13,3;53,3;11;..;..;..;4;..;..;..;
Liljaskolan, sektor C;78389879;Vännäs;2460;Kommunal;Vännäs kommun;2120002841;Svenska som andraspråk 1;2;..;..;..;1;..;..;..;1;..;..;..;
Liljaskolan, sektor C;78389879;Vännäs;2460;Kommunal;Vännäs kommun;2120002841;Svenska som andraspråk 3;1;..;..;..;.;.;.;.;1;..;..;..;
Mälardalens Ridgymnasium Gustavsberg;88956420;Värmdö;0120;Enskild;Mälardalens Ridgymnasium AB;5569516742;Engelska 5;11;9,1;81,8;9,1;11;..;..;..;.;.;.;.;
Mälardalens Ridgymnasium Gustavsberg;88956420;Värmdö;0120;Enskild;Mälardalens Ridgymnasium AB;5569516742;Matematik 1A;9;..;..;..;9;..;..;..;.;.;.;.;
Mälardalens Ridgymnasium Gustavsberg;88956420;Värmdö;0120;Enskild;Mälardalens Ridgymnasium AB;5569516742;Svenska 1;7;..;..;..;7;..;..;..;.;.;.;.;
Värmdö Tekniska gymnasieskola;34002355;Värmdö;0120;Enskild;Värmdö Tekniska Utbildningar Aktiebolag, Vtu;5563836757;Engelska 5;23;4,3;56,5;39,1;.;.;.;.;23;..;..;..;
Värmdö Tekniska gymnasieskola;34002355;Värmdö;0120;Enskild;Värmdö Tekniska Utbildningar Aktiebolag, Vtu;5563836757;Engelska 6;3;..;..;..;.;.;.;.;3;..;..;..;
Värmdö Tekniska gymnasieskola;34002355;Värmdö;0120;Enskild;Värmdö Tekniska Utbildningar Aktiebolag, Vtu;5563836757;Matematik 1A;26;.;15,4;84,6;.;.;.;.;26;..;..;..;
Värmdö Tekniska gymnasieskola;34002355;Värmdö;0120;Enskild;Värmdö Tekniska Utbildningar Aktiebolag, Vtu;5563836757;Matematik 3C;2;..;..;..;.;.;.;.;2;..;..;..;
Värmdö Tekniska gymnasieskola;34002355;Värmdö;0120;Enskild;Värmdö Tekniska Utbildningar Aktiebolag, Vtu;5563836757;Svenska 1;22;9,1;40,9;50,0;.;.;.;.;22;..;..;..;
Finnvedens Gymnasium 1;16577552;Värnamo;0683;Kommunal;Värnamo kommun;2120000555;Engelska 5;35;28,6;65,7;5,7;5;..;..;..;30;..;..;..;
Finnvedens Gymnasium 1;16577552;Värnamo;0683;Kommunal;Värnamo kommun;2120000555;Matematik 1A;34;5,9;94,1;.;5;..;..;..;29;..;..;..;
Finnvedens Gymnasium 1;16577552;Värnamo;0683;Kommunal;Värnamo kommun;2120000555;Svenska 1;13;.;76,9;23,1;1;..;..;..;12;..;..;..;
Finnvedens Gymnasium 1;16577552;Värnamo;0683;Kommunal;Värnamo kommun;2120000555;Svenska som andraspråk 1;2;..;..;..;.;.;.;.;2;..;..;..;
Finnvedens Gymnasium 2;36355200;Värnamo;0683;Kommunal;Värnamo kommun;2120000555;Engelska 5;22;9,1;90,9;.;20;..;..;..;2;..;..;..;
Finnvedens Gymnasium 2;36355200;Värnamo;0683;Kommunal;Värnamo kommun;2120000555;Engelska 6;50;22,0;68,0;10,0;32;12,5;78,1;9,4;18;38,9;50,0;11,1;
Finnvedens Gymnasium 2;36355200;Värnamo;0683;Kommunal;Värnamo kommun;2120000555;Matematik 1A;24;.;87,5;12,5;23;..;..;..;1;..;..;..;
Finnvedens Gymnasium 2;36355200;Värnamo;0683;Kommunal;Värnamo kommun;2120000555;Matematik 2B;18;.;94,4;5,6;13;..;..;..;5;..;..;..;
Finnvedens Gymnasium 2;36355200;Värnamo;0683;Kommunal;Värnamo kommun;2120000555;Svenska 1;20;15,0;75,0;10,0;19;..;..;..;1;..;..;..;
Finnvedens Gymnasium 2;36355200;Värnamo;0683;Kommunal;Värnamo kommun;2120000555;Svenska 3;37;10,8;43,2;45,9;27;11,1;48,1;40,7;10;10,0;30,0;60,0;
Finnvedens Gymnasium 2;36355200;Värnamo;0683;Kommunal;Värnamo kommun;2120000555;Svenska som andraspråk 1;4;..;..;..;4;..;..;..;.;.;.;.;
Finnvedens Gymnasium 2;36355200;Värnamo;0683;Kommunal;Värnamo kommun;2120000555;Svenska som andraspråk 3;7;..;..;..;2;..;..;..;5;..;..;..;
Finnvedens Gymnasium 3;96920524;Värnamo;0683;Kommunal;Värnamo kommun;2120000555;Engelska 5;37;2,7;97,3;.;8;..;..;..;29;..;..;..;
Finnvedens Gymnasium 3;96920524;Värnamo;0683;Kommunal;Värnamo kommun;2120000555;Engelska 6;53;5,7;79,2;15,1;27;.;81,5;18,5;26;11,5;76,9;11,5;
Finnvedens Gymnasium 3;96920524;Värnamo;0683;Kommunal;Värnamo kommun;2120000555;Matematik 1A;35;5,7;88,6;5,7;8;..;..;..;27;..;..;..;
Finnvedens Gymnasium 3;96920524;Värnamo;0683;Kommunal;Värnamo kommun;2120000555;Matematik 2B;37;2,7;78,4;18,9;27;.;81,5;18,5;10;10,0;70,0;20,0;
Finnvedens Gymnasium 3;96920524;Värnamo;0683;Kommunal;Värnamo kommun;2120000555;Matematik 3B;37;.;89,2;10,8;14;.;85,7;14,3;23;.;91,3;8,7;
Finnvedens Gymnasium 3;96920524;Värnamo;0683;Kommunal;Värnamo kommun;2120000555;Svenska 1;31;3,2;64,5;32,3;7;..;..;..;24;..;..;..;
Finnvedens Gymnasium 3;96920524;Värnamo;0683;Kommunal;Värnamo kommun;2120000555;Svenska 3;60;5,0;61,7;33,3;34;.;58,8;41,2;26;11,5;65,4;23,1;
Finnvedens Gymnasium 3;96920524;Värnamo;0683;Kommunal;Värnamo kommun;2120000555;Svenska som andraspråk 1;4;..;..;..;1;..;..;..;3;..;..;..;
Finnvedens Gymnasium 3;96920524;Värnamo;0683;Kommunal;Värnamo kommun;2120000555;Svenska som andraspråk 3;6;..;..;..;2;..;..;..;4;..;..;..;
Finnvedens Gymnasium 4;18217765;Värnamo;0683;Kommunal;Värnamo kommun;2120000555;Engelska 5;14;21,4;78,6;.;.;.;.;.;14;..;..;..;
Finnvedens Gymnasium 4;18217765;Värnamo;0683;Kommunal;Värnamo kommun;2120000555;Engelska 6;51;23,5;70,6;5,9;20;10,0;80,0;10,0;31;32,3;64,5;3,2;
Finnvedens Gymnasium 4;18217765;Värnamo;0683;Kommunal;Värnamo kommun;2120000555;Matematik 1A;16;18,8;68,8;12,5;.;.;.;.;16;..;..;..;
Finnvedens Gymnasium 4;18217765;Värnamo;0683;Kommunal;Värnamo kommun;2120000555;Matematik 3C;27;.;92,6;7,4;7;..;..;..;20;..;..;..;
Finnvedens Gymnasium 4;18217765;Värnamo;0683;Kommunal;Värnamo kommun;2120000555;Matematik 4;23;.;95,7;4,3;12;.;91,7;8,3;11;.;100,0;.;
Finnvedens Gymnasium 4;18217765;Värnamo;0683;Kommunal;Värnamo kommun;2120000555;Svenska 1;15;.;53,3;46,7;.;.;.;.;15;..;..;..;
Finnvedens Gymnasium 4;18217765;Värnamo;0683;Kommunal;Värnamo kommun;2120000555;Svenska 3;45;2,2;44,4;53,3;14;.;14,3;85,7;31;3,2;58,1;38,7;
Finnvedens Gymnasium 4;18217765;Värnamo;0683;Kommunal;Värnamo kommun;2120000555;Svenska som andraspråk 1;1;..;..;..;.;.;.;.;1;..;..;..;
Finnvedens Gymnasium 4;18217765;Värnamo;0683;Kommunal;Värnamo kommun;2120000555;Svenska som andraspråk 3;14;.;35,7;64,3;6;..;..;..;8;..;..;..;
Gamlebygymnasiet;14677676;Västervik;0883;Enskild;Hushållningssällskapet Kalmar-Kronoberg-Blekinge;2620000071;Engelska 5;11;9,1;90,9;.;5;..;..;..;6;..;..;..;
Gamlebygymnasiet;14677676;Västervik;0883;Enskild;Hushållningssällskapet Kalmar-Kronoberg-Blekinge;2620000071;Matematik 1A;52;.;84,6;15,4;24;.;79,2;20,8;28;.;89,3;10,7;
Gamlebygymnasiet;14677676;Västervik;0883;Enskild;Hushållningssällskapet Kalmar-Kronoberg-Blekinge;2620000071;Svenska 1;40;7,5;57,5;35,0;14;7,1;64,3;28,6;26;7,7;53,8;38,5;
Västerviks gymnasium Rektorsområde 1;96152872;Västervik;0883;Kommunal;Västerviks kommun;2120000779;Engelska 5;49;16,3;75,5;8,2;3;..;..;..;46;..;..;..;
Västerviks gymnasium Rektorsområde 1;96152872;Västervik;0883;Kommunal;Västerviks kommun;2120000779;Matematik 1A;42;.;83,3;16,7;3;..;..;..;39;..;..;..;
Västerviks gymnasium Rektorsområde 1;96152872;Västervik;0883;Kommunal;Västerviks kommun;2120000779;Svenska 1;45;6,7;64,4;28,9;3;..;..;..;42;..;..;..;
Västerviks gymnasium Rektorsområde 1;96152872;Västervik;0883;Kommunal;Västerviks kommun;2120000779;Svenska som andraspråk 1;4;..;..;..;2;..;..;..;2;..;..;..;
Västerviks gymnasium Rektorsområde 2;49576295;Västervik;0883;Kommunal;Västerviks kommun;2120000779;Engelska 5;17;.;76,5;23,5;15;..;..;..;2;..;..;..;
Västerviks gymnasium Rektorsområde 2;49576295;Västervik;0883;Kommunal;Västerviks kommun;2120000779;Engelska 6;33;9,1;78,8;12,1;15;.;86,7;13,3;18;16,7;72,2;11,1;
Västerviks gymnasium Rektorsområde 2;49576295;Västervik;0883;Kommunal;Västerviks kommun;2120000779;Matematik 1A;23;.;69,6;30,4;20;..;..;..;3;..;..;..;
Västerviks gymnasium Rektorsområde 2;49576295;Västervik;0883;Kommunal;Västerviks kommun;2120000779;Matematik 3C;10;.;90,0;10,0;4;..;..;..;6;..;..;..;
Västerviks gymnasium Rektorsområde 2;49576295;Västervik;0883;Kommunal;Västerviks kommun;2120000779;Matematik 4;25;.;80,0;20,0;16;..;..;..;9;..;..;..;
Västerviks gymnasium Rektorsområde 2;49576295;Västervik;0883;Kommunal;Västerviks kommun;2120000779;Svenska 1;17;5,9;35,3;58,8;16;..;..;..;1;..;..;..;
Västerviks gymnasium Rektorsområde 2;49576295;Västervik;0883;Kommunal;Västerviks kommun;2120000779;Svenska 3;27;3,7;59,3;37,0;12;8,3;58,3;33,3;15;.;60,0;40,0;
Västerviks gymnasium Rektorsområde 3;70803636;Västervik;0883;Kommunal;Västerviks kommun;2120000779;Engelska 5;17;.;82,4;17,6;16;..;..;..;1;..;..;..;
Västerviks gymnasium Rektorsområde 3;70803636;Västervik;0883;Kommunal;Västerviks kommun;2120000779;Engelska 6;100;7,0;86,0;7,0;59;5,1;86,4;8,5;41;9,8;85,4;4,9;
Västerviks gymnasium Rektorsområde 3;70803636;Västervik;0883;Kommunal;Västerviks kommun;2120000779;Matematik 1A;18;.;94,4;5,6;16;..;..;..;2;..;..;..;
Västerviks gymnasium Rektorsområde 3;70803636;Västervik;0883;Kommunal;Västerviks kommun;2120000779;Matematik 2B;80;.;42,5;57,5;51;.;39,2;60,8;29;.;48,3;51,7;
Västerviks gymnasium Rektorsområde 3;70803636;Västervik;0883;Kommunal;Västerviks kommun;2120000779;Matematik 3B;27;.;22,2;77,8;14;.;14,3;85,7;13;.;30,8;69,2;
Västerviks gymnasium Rektorsområde 3;70803636;Västervik;0883;Kommunal;Västerviks kommun;2120000779;Svenska 1;15;6,7;46,7;46,7;15;..;..;..;.;.;.;.;
Västerviks gymnasium Rektorsområde 3;70803636;Västervik;0883;Kommunal;Västerviks kommun;2120000779;Svenska 3;101;6,9;48,5;44,6;61;6,6;44,3;49,2;40;7,5;55,0;37,5;
Västerviks gymnasium Rektorsområde 3;70803636;Västervik;0883;Kommunal;Västerviks kommun;2120000779;Svenska som andraspråk 3;18;.;11,1;88,9;10;..;..;..;8;..;..;..;
Västerviks gymnasium Rektorsområde 4;44041939;Västervik;0883;Kommunal;Västerviks kommun;2120000779;Matematik 1A;26;.;92,3;7,7;18;..;..;..;8;..;..;..;
Carlforsska gymnasiet;95805896;Västerås;1980;Kommunal;Västerås kommun;2120002080;Engelska 5;34;32,4;58,8;8,8;14;28,6;57,1;14,3;20;35,0;60,0;5,0;
Carlforsska gymnasiet;95805896;Västerås;1980;Kommunal;Västerås kommun;2120002080;Engelska 6;173;16,8;75,7;7,5;113;14,2;76,1;9,7;60;21,7;75,0;3,3;
Carlforsska gymnasiet;95805896;Västerås;1980;Kommunal;Västerås kommun;2120002080;Matematik 1A;22;.;95,5;4,5;5;..;..;..;17;..;..;..;
Carlforsska gymnasiet;95805896;Västerås;1980;Kommunal;Västerås kommun;2120002080;Matematik 1B;23;47,8;52,2;.;22;..;..;..;1;..;..;..;
Carlforsska gymnasiet;95805896;Västerås;1980;Kommunal;Västerås kommun;2120002080;Matematik 2B;30;6,7;63,3;30,0;24;..;..;..;6;..;..;..;
Carlforsska gymnasiet;95805896;Västerås;1980;Kommunal;Västerås kommun;2120002080;Svenska 1;28;.;71,4;28,6;13;.;53,8;46,2;15;.;86,7;13,3;
Carlforsska gymnasiet;95805896;Västerås;1980;Kommunal;Västerås kommun;2120002080;Svenska 3;165;16,4;63,0;20,6;99;11,1;63,6;25,3;66;24,2;62,1;13,6;
Carlforsska gymnasiet;95805896;Västerås;1980;Kommunal;Västerås kommun;2120002080;Svenska som andraspråk 1;9;..;..;..;5;..;..;..;4;..;..;..;
Carlforsska gymnasiet;95805896;Västerås;1980;Kommunal;Västerås kommun;2120002080;Svenska som andraspråk 3;15;.;66,7;33,3;11;..;..;..;4;..;..;..;
Edströmska;92009807;Västerås;1980;Kommunal;Västerås kommun;2120002080;Engelska 5;75;.;78,7;21,3;23;.;73,9;26,1;52;.;80,8;19,2;
Edströmska;92009807;Västerås;1980;Kommunal;Västerås kommun;2120002080;Engelska 6;15;26,7;73,3;.;.;.;.;.;15;..;..;..;
Edströmska;92009807;Västerås;1980;Kommunal;Västerås kommun;2120002080;Matematik 1A;108;2,8;86,1;11,1;29;3,4;86,2;10,3;79;2,5;86,1;11,4;
Edströmska;92009807;Västerås;1980;Kommunal;Västerås kommun;2120002080;Svenska 1;92;.;80,4;19,6;24;.;87,5;12,5;68;.;77,9;22,1;
Edströmska;92009807;Västerås;1980;Kommunal;Västerås kommun;2120002080;Svenska som andraspråk 1;8;..;..;..;1;..;..;..;7;..;..;..;
Grillska Gymnasiet Västerås;10433896;Västerås;1980;Enskild;Stadsmissionens Skolstiftelse;8020170794;Engelska 5;25;.;80,0;20,0;1;..;..;..;24;..;..;..;
Grillska Gymnasiet Västerås;10433896;Västerås;1980;Enskild;Stadsmissionens Skolstiftelse;8020170794;Engelska 6;125;1,6;90,4;8,0;62;3,2;91,9;4,8;63;.;88,9;11,1;
Grillska Gymnasiet Västerås;10433896;Västerås;1980;Enskild;Stadsmissionens Skolstiftelse;8020170794;Matematik 1A;22;.;100,0;.;.;.;.;.;22;..;..;..;
Grillska Gymnasiet Västerås;10433896;Västerås;1980;Enskild;Stadsmissionens Skolstiftelse;8020170794;Matematik 2B;45;.;68,9;31,1;32;.;75,0;25,0;13;.;53,8;46,2;
Grillska Gymnasiet Västerås;10433896;Västerås;1980;Enskild;Stadsmissionens Skolstiftelse;8020170794;Matematik 3B;31;.;90,3;9,7;21;.;95,2;4,8;10;.;80,0;20,0;
Grillska Gymnasiet Västerås;10433896;Västerås;1980;Enskild;Stadsmissionens Skolstiftelse;8020170794;Matematik 3C;34;.;97,1;2,9;8;..;..;..;26;..;..;..;
Grillska Gymnasiet Västerås;10433896;Västerås;1980;Enskild;Stadsmissionens Skolstiftelse;8020170794;Svenska 1;17;5,9;70,6;23,5;.;.;.;.;17;..;..;..;
Grillska Gymnasiet Västerås;10433896;Västerås;1980;Enskild;Stadsmissionens Skolstiftelse;8020170794;Svenska 3;102;5,9;60,8;33,3;66;6,1;54,5;39,4;36;5,6;72,2;22,2;
Grillska Gymnasiet Västerås;10433896;Västerås;1980;Enskild;Stadsmissionens Skolstiftelse;8020170794;Svenska som andraspråk 1;2;..;..;..;.;.;.;.;2;..;..;..;
Grillska Gymnasiet Västerås;10433896;Västerås;1980;Enskild;Stadsmissionens Skolstiftelse;8020170794;Svenska som andraspråk 3;2;..;..;..;2;..;..;..;.;.;.;.;
Hahrska gymnasiet;10342448;Västerås;1980;Kommunal;Västerås kommun;2120002080;Engelska 5;82;28,0;58,5;13,4;4;..;..;..;78;..;..;..;
Hahrska gymnasiet;10342448;Västerås;1980;Kommunal;Västerås kommun;2120002080;Matematik 1A;86;3,5;60,5;36,0;4;..;..;..;82;..;..;..;
Hahrska gymnasiet;10342448;Västerås;1980;Kommunal;Västerås kommun;2120002080;Svenska 1;68;1,5;55,9;42,6;3;..;..;..;65;..;..;..;
Hahrska gymnasiet;10342448;Västerås;1980;Kommunal;Västerås kommun;2120002080;Svenska som andraspråk 1;12;.;100,0;.;.;.;.;.;12;..;..;..;
Hitachigymnasiet Västerås;66028861;Västerås;1980;Enskild;Industritekniska Gymnasiet Bergslagen AB;5566081740;Engelska 6;122;.;94,3;5,7;33;.;97,0;3,0;89;.;93,3;6,7;
Hitachigymnasiet Västerås;66028861;Västerås;1980;Enskild;Industritekniska Gymnasiet Bergslagen AB;5566081740;Svenska 3;109;8,3;48,6;43,1;39;7,7;46,2;46,2;70;8,6;50,0;41,4;
Hitachigymnasiet Västerås;66028861;Västerås;1980;Enskild;Industritekniska Gymnasiet Bergslagen AB;5566081740;Svenska som andraspråk 3;11;9,1;54,5;36,4;6;..;..;..;5;..;..;..;
JENSEN Gymnasium Västerås;49170638;Västerås;1980;Enskild;Jensen Education College AB;5566358759;Engelska 6;72;2,8;65,3;31,9;55;3,6;69,1;27,3;17;.;52,9;47,1;
JENSEN Gymnasium Västerås;49170638;Västerås;1980;Enskild;Jensen Education College AB;5566358759;Matematik 2B;27;.;25,9;74,1;24;..;..;..;3;..;..;..;
JENSEN Gymnasium Västerås;49170638;Västerås;1980;Enskild;Jensen Education College AB;5566358759;Matematik 4;20;.;80,0;20,0;14;..;..;..;6;..;..;..;
JENSEN Gymnasium Västerås;49170638;Västerås;1980;Enskild;Jensen Education College AB;5566358759;Svenska 3;28;3,6;46,4;50,0;19;..;..;..;9;..;..;..;
JENSEN Gymnasium Västerås;49170638;Västerås;1980;Enskild;Jensen Education College AB;5566358759;Svenska som andraspråk 3;14;.;14,3;85,7;9;..;..;..;5;..;..;..;
KLARA Teoretiska Gymnasium Västerås;69270944;Västerås;1980;Enskild;KLARA Gymnasium Kunskap AB;5566303938;Engelska 6;41;29,3;53,7;17,1;25;20,0;56,0;24,0;16;43,8;50,0;6,3;
KLARA Teoretiska Gymnasium Västerås;69270944;Västerås;1980;Enskild;KLARA Gymnasium Kunskap AB;5566303938;Matematik 2B;19;.;52,6;47,4;13;..;..;..;6;..;..;..;
KLARA Teoretiska Gymnasium Västerås;69270944;Västerås;1980;Enskild;KLARA Gymnasium Kunskap AB;5566303938;Matematik 3B;3;..;..;..;3;..;..;..;.;.;.;.;
KLARA Teoretiska Gymnasium Västerås;69270944;Västerås;1980;Enskild;KLARA Gymnasium Kunskap AB;5566303938;Matematik 4;15;.;73,3;26,7;11;..;..;..;4;..;..;..;
KLARA Teoretiska Gymnasium Västerås;69270944;Västerås;1980;Enskild;KLARA Gymnasium Kunskap AB;5566303938;Svenska 3;32;6,3;50,0;43,8;25;..;..;..;7;..;..;..;
KLARA Teoretiska Gymnasium Västerås;69270944;Västerås;1980;Enskild;KLARA Gymnasium Kunskap AB;5566303938;Svenska som andraspråk 3;14;7,1;57,1;35,7;10;..;..;..;4;..;..;..;
Kopparlundsgymnasiet;46379730;Västerås;1980;Enskild;Västerås Entreprenörsgymnasium;8176058942;Engelska 6;14;42,9;50,0;7,1;4;..;..;..;10;..;..;..;
Kopparlundsgymnasiet;46379730;Västerås;1980;Enskild;Västerås Entreprenörsgymnasium;8176058942;Matematik 1B;16;.;56,3;43,8;14;..;..;..;2;..;..;..;
Kopparlundsgymnasiet;46379730;Västerås;1980;Enskild;Västerås Entreprenörsgymnasium;8176058942;Matematik 2B;4;..;..;..;3;..;..;..;1;..;..;..;
Kopparlundsgymnasiet;46379730;Västerås;1980;Enskild;Västerås Entreprenörsgymnasium;8176058942;Svenska 3;25;4,0;52,0;44,0;14;7,1;71,4;21,4;11;.;27,3;72,7;
Kopparlundsgymnasiet;46379730;Västerås;1980;Enskild;Västerås Entreprenörsgymnasium;8176058942;Svenska som andraspråk 3;6;..;..;..;3;..;..;..;3;..;..;..;
Kunskapsgymnasiet Västerås;25379974;Västerås;1980;Enskild;Kunskapsskolan i Sverige Aktiebolag;5565661815;Engelska 6;70;4,3;55,7;40,0;39;5,1;35,9;59,0;31;3,2;80,6;16,1;
Kunskapsgymnasiet Västerås;25379974;Västerås;1980;Enskild;Kunskapsskolan i Sverige Aktiebolag;5565661815;Matematik 2B;24;.;58,3;41,7;13;.;53,8;46,2;11;.;63,6;36,4;
Kunskapsgymnasiet Västerås;25379974;Västerås;1980;Enskild;Kunskapsskolan i Sverige Aktiebolag;5565661815;Matematik 3B;7;..;..;..;2;..;..;..;5;..;..;..;
Kunskapsgymnasiet Västerås;25379974;Västerås;1980;Enskild;Kunskapsskolan i Sverige Aktiebolag;5565661815;Matematik 3C;9;..;..;..;7;..;..;..;2;..;..;..;
Kunskapsgymnasiet Västerås;25379974;Västerås;1980;Enskild;Kunskapsskolan i Sverige Aktiebolag;5565661815;Svenska 3;24;.;37,5;62,5;13;.;30,8;69,2;11;.;45,5;54,5;
Kunskapsgymnasiet Västerås;25379974;Västerås;1980;Enskild;Kunskapsskolan i Sverige Aktiebolag;5565661815;Svenska som andraspråk 3;22;4,5;54,5;40,9;12;8,3;75,0;16,7;10;.;30,0;70,0;
Mälardalens Ridgymnasium Västerås;98032567;Västerås;1980;Enskild;Mälardalens Ridgymnasium Västerås Handelsbolag;9165808479;Engelska 5;19;5,3;78,9;15,8;19;..;..;..;.;.;.;.;
Mälardalens Ridgymnasium Västerås;98032567;Västerås;1980;Enskild;Mälardalens Ridgymnasium Västerås Handelsbolag;9165808479;Matematik 1A;16;.;81,3;18,8;16;..;..;..;.;.;.;.;
Mälardalens Ridgymnasium Västerås;98032567;Västerås;1980;Enskild;Mälardalens Ridgymnasium Västerås Handelsbolag;9165808479;Svenska 1;17;.;70,6;29,4;17;..;..;..;.;.;.;.;
NTI Gymnasiet Västerås;43154449;Västerås;1980;Enskild;NTI Gymnasiet Ellips AB;5565970471;Engelska 5;15;60,0;40,0;.;.;.;.;.;15;..;..;..;
NTI Gymnasiet Västerås;43154449;Västerås;1980;Enskild;NTI Gymnasiet Ellips AB;5565970471;Engelska 6;47;44,7;46,8;8,5;4;..;..;..;43;..;..;..;
NTI Gymnasiet Västerås;43154449;Västerås;1980;Enskild;NTI Gymnasiet Ellips AB;5565970471;Matematik 1A;16;.;62,5;37,5;.;.;.;.;16;..;..;..;
NTI Gymnasiet Västerås;43154449;Västerås;1980;Enskild;NTI Gymnasiet Ellips AB;5565970471;Matematik 1B;15;.;53,3;46,7;4;..;..;..;11;..;..;..;
NTI Gymnasiet Västerås;43154449;Västerås;1980;Enskild;NTI Gymnasiet Ellips AB;5565970471;Matematik 3C;42;.;90,5;9,5;3;..;..;..;39;..;..;..;
NTI Gymnasiet Västerås;43154449;Västerås;1980;Enskild;NTI Gymnasiet Ellips AB;5565970471;Svenska 1;16;.;31,3;68,8;.;.;.;.;16;..;..;..;
NTI Gymnasiet Västerås;43154449;Västerås;1980;Enskild;NTI Gymnasiet Ellips AB;5565970471;Svenska 3;54;13,0;63,0;24,1;11;.;90,9;9,1;43;16,3;55,8;27,9;
NTI Gymnasiet Västerås;43154449;Västerås;1980;Enskild;NTI Gymnasiet Ellips AB;5565970471;Svenska som andraspråk 1;1;..;..;..;.;.;.;.;1;..;..;..;
NTI Gymnasiet Västerås;43154449;Västerås;1980;Enskild;NTI Gymnasiet Ellips AB;5565970471;Svenska som andraspråk 3;3;..;..;..;1;..;..;..;2;..;..;..;
Praktiska Gymnasiet Västerås;96194948;Västerås;1980;Enskild;Praktiska Sverige AB;5562575786;Engelska 5;63;6,3;87,3;6,3;26;3,8;88,5;7,7;37;8,1;86,5;5,4;
Praktiska Gymnasiet Västerås;96194948;Västerås;1980;Enskild;Praktiska Sverige AB;5562575786;Engelska 6;1;..;..;..;.;.;.;.;1;..;..;..;
Praktiska Gymnasiet Västerås;96194948;Västerås;1980;Enskild;Praktiska Sverige AB;5562575786;Matematik 1A;144;.;66,0;34,0;70;.;54,3;45,7;74;.;77,0;23,0;
Praktiska Gymnasiet Västerås;96194948;Västerås;1980;Enskild;Praktiska Sverige AB;5562575786;Svenska 1;57;.;86,0;14,0;30;.;90,0;10,0;27;.;81,5;18,5;
Praktiska Gymnasiet Västerås;96194948;Västerås;1980;Enskild;Praktiska Sverige AB;5562575786;Svenska som andraspråk 1;10;10,0;70,0;20,0;1;..;..;..;9;..;..;..;
Realgymnasiet  Västerås;25955541;Västerås;1980;Enskild;Lärande i Sverige AB;5565715892;Engelska 5;27;3,7;88,9;7,4;27;..;..;..;.;.;.;.;
Realgymnasiet  Västerås;25955541;Västerås;1980;Enskild;Lärande i Sverige AB;5565715892;Matematik 1A;26;11,5;69,2;19,2;26;..;..;..;.;.;.;.;
Realgymnasiet  Västerås;25955541;Västerås;1980;Enskild;Lärande i Sverige AB;5565715892;Svenska 1;22;9,1;77,3;13,6;22;..;..;..;.;.;.;.;
Rudbeckianska gymnasiet;88025221;Västerås;1980;Kommunal;Västerås kommun;2120002080;Engelska 5;14;7,1;92,9;.;7;..;..;..;7;..;..;..;
Rudbeckianska gymnasiet;88025221;Västerås;1980;Kommunal;Västerås kommun;2120002080;Engelska 6;243;13,2;69,5;17,3;135;11,9;65,2;23,0;108;14,8;75,0;10,2;
Rudbeckianska gymnasiet;88025221;Västerås;1980;Kommunal;Västerås kommun;2120002080;Matematik 1A;17;.;100,0;.;14;..;..;..;3;..;..;..;
Rudbeckianska gymnasiet;88025221;Västerås;1980;Kommunal;Västerås kommun;2120002080;Matematik 1B;17;.;94,1;5,9;14;..;..;..;3;..;..;..;
Rudbeckianska gymnasiet;88025221;Västerås;1980;Kommunal;Västerås kommun;2120002080;Matematik 2B;120;.;88,3;11,7;90;.;88,9;11,1;30;.;86,7;13,3;
Rudbeckianska gymnasiet;88025221;Västerås;1980;Kommunal;Västerås kommun;2120002080;Matematik 4;85;.;89,4;10,6;43;.;83,7;16,3;42;.;95,2;4,8;
Rudbeckianska gymnasiet;88025221;Västerås;1980;Kommunal;Västerås kommun;2120002080;Svenska 1;15;13,3;66,7;20,0;13;..;..;..;2;..;..;..;
Rudbeckianska gymnasiet;88025221;Västerås;1980;Kommunal;Västerås kommun;2120002080;Svenska 3;245;6,9;64,1;29,0;130;3,8;63,1;33,1;115;10,4;65,2;24,3;
Rudbeckianska gymnasiet;88025221;Västerås;1980;Kommunal;Västerås kommun;2120002080;Svenska som andraspråk 3;41;4,9;70,7;24,4;16;.;62,5;37,5;25;8,0;76,0;16,0;
Thoren Business School Västerås;18042101;Västerås;1980;Enskild;Thorengruppen AB;5566139290;Matematik 2B;20;.;25,0;75,0;19;..;..;..;1;..;..;..;
Thoren Business School Västerås;18042101;Västerås;1980;Enskild;Thorengruppen AB;5566139290;Matematik 3B;7;..;..;..;.;.;.;.;7;..;..;..;
Thoren Business School Västerås;18042101;Västerås;1980;Enskild;Thorengruppen AB;5566139290;Matematik 3C;5;..;..;..;4;..;..;..;1;..;..;..;
Thoren Business School Västerås;18042101;Västerås;1980;Enskild;Thorengruppen AB;5566139290;Matematik 4;7;..;..;..;4;..;..;..;3;..;..;..;
Tranellska gymnasiet;14799321;Västerås;1980;Kommunal;Västerås kommun;2120002080;Matematik 1A;42;.;40,5;59,5;28;.;39,3;60,7;14;.;42,9;57,1;
Tranellska gymnasiet;14799321;Västerås;1980;Kommunal;Västerås kommun;2120002080;Svenska 1;42;.;28,6;71,4;28;.;17,9;82,1;14;.;50,0;50,0;
Tranellska gymnasiet;14799321;Västerås;1980;Kommunal;Västerås kommun;2120002080;Svenska som andraspråk 1;6;..;..;..;5;..;..;..;1;..;..;..;
Västerås Citygymnasium;56041699;Västerås;1980;Enskild;Västerås Citygymnasium AB;5567503890;Engelska 5;4;..;..;..;2;..;..;..;2;..;..;..;
Västerås Citygymnasium;56041699;Västerås;1980;Enskild;Västerås Citygymnasium AB;5567503890;Engelska 6;9;..;..;..;7;..;..;..;2;..;..;..;
Västerås Citygymnasium;56041699;Västerås;1980;Enskild;Västerås Citygymnasium AB;5567503890;Matematik 1A;6;..;..;..;4;..;..;..;2;..;..;..;
Västerås Citygymnasium;56041699;Västerås;1980;Enskild;Västerås Citygymnasium AB;5567503890;Svenska som andraspråk 1;4;..;..;..;3;..;..;..;1;..;..;..;
Västerås Citygymnasium;56041699;Västerås;1980;Enskild;Västerås Citygymnasium AB;5567503890;Svenska som andraspråk 3;5;..;..;..;5;..;..;..;.;.;.;.;
Västerås Idrottsgymnasium;45111086;Västerås;1980;Enskild;Västerås Idrottsgymnasium AB;5567802144;Engelska 6;26;7,7;88,5;3,8;11;9,1;81,8;9,1;15;6,7;93,3;.;
Västerås Idrottsgymnasium;45111086;Västerås;1980;Enskild;Västerås Idrottsgymnasium AB;5567802144;Matematik 2B;25;.;24,0;76,0;9;..;..;..;16;..;..;..;
Västerås Idrottsgymnasium;45111086;Västerås;1980;Enskild;Västerås Idrottsgymnasium AB;5567802144;Svenska 3;24;4,2;58,3;37,5;9;..;..;..;15;..;..;..;
Widénska gymnasiet;70955448;Västerås;1980;Kommunal;Västerås kommun;2120002080;Engelska 5;30;.;83,3;16,7;11;.;100,0;.;19;.;73,7;26,3;
Widénska gymnasiet;70955448;Västerås;1980;Kommunal;Västerås kommun;2120002080;Engelska 6;120;2,5;72,5;25,0;62;4,8;64,5;30,6;58;.;81,0;19,0;
Widénska gymnasiet;70955448;Västerås;1980;Kommunal;Västerås kommun;2120002080;Matematik 1A;29;.;82,8;17,2;11;.;90,9;9,1;18;.;77,8;22,2;
Widénska gymnasiet;70955448;Västerås;1980;Kommunal;Västerås kommun;2120002080;Matematik 3C;24;.;66,7;33,3;8;..;..;..;16;..;..;..;
Widénska gymnasiet;70955448;Västerås;1980;Kommunal;Västerås kommun;2120002080;Svenska som andraspråk 3;1;..;..;..;.;.;.;.;1;..;..;..;
Yrkesgymnasiet Västerås;90685868;Västerås;1980;Enskild;Thorengruppen AB;5566139290;Engelska 5;84;9,5;72,6;17,9;43;4,7;72,1;23,3;41;14,6;73,2;12,2;
Yrkesgymnasiet Västerås;90685868;Västerås;1980;Enskild;Thorengruppen AB;5566139290;Matematik 1A;82;.;86,6;13,4;45;.;86,7;13,3;37;.;86,5;13,5;
Yrkesgymnasiet Västerås;90685868;Västerås;1980;Enskild;Thorengruppen AB;5566139290;Svenska 1;68;16,2;50,0;33,8;37;5,4;48,6;45,9;31;29,0;51,6;19,4;
Yrkesgymnasiet Västerås;90685868;Västerås;1980;Enskild;Thorengruppen AB;5566139290;Svenska som andraspråk 1;7;..;..;..;5;..;..;..;2;..;..;..;
Ingelstadgymnasiet;24501884;Växjö;0780;Enskild;Hushållningssällskapet Kalmar-Kronoberg-Blekinge;2620000071;Engelska 5;78;10,3;80,8;9,0;46;6,5;84,8;8,7;32;15,6;75,0;9,4;
Ingelstadgymnasiet;24501884;Växjö;0780;Enskild;Hushållningssällskapet Kalmar-Kronoberg-Blekinge;2620000071;Matematik 1A;71;12,7;84,5;2,8;42;11,9;85,7;2,4;29;13,8;82,8;3,4;
Ingelstadgymnasiet;24501884;Växjö;0780;Enskild;Hushållningssällskapet Kalmar-Kronoberg-Blekinge;2620000071;Svenska 1;79;2,5;79,7;17,7;50;.;86,0;14,0;29;6,9;69,0;24,1;
Katedralskolan 1;46707989;Växjö;0780;Kommunal;Växjö kommun;2120000662;Engelska 6;79;16,5;81,0;2,5;35;14,3;85,7;.;44;18,2;77,3;4,5;
Katedralskolan 1;46707989;Växjö;0780;Kommunal;Växjö kommun;2120000662;Matematik 3C;15;.;100,0;.;9;..;..;..;6;..;..;..;
Katedralskolan 1;46707989;Växjö;0780;Kommunal;Växjö kommun;2120000662;Matematik 4;85;.;92,9;7,1;51;.;92,2;7,8;34;.;94,1;5,9;
Katedralskolan 1;46707989;Växjö;0780;Kommunal;Växjö kommun;2120000662;Svenska 3;78;9,0;66,7;24,4;40;10,0;70,0;20,0;38;7,9;63,2;28,9;
Katedralskolan 1;46707989;Växjö;0780;Kommunal;Växjö kommun;2120000662;Svenska som andraspråk 3;6;..;..;..;5;..;..;..;1;..;..;..;
Katedralskolan 2;46986216;Växjö;0780;Kommunal;Växjö kommun;2120000662;Engelska 6;25;4,0;96,0;.;23;..;..;..;2;..;..;..;
Katedralskolan 2;46986216;Växjö;0780;Kommunal;Växjö kommun;2120000662;Matematik 1B;62;1,6;91,9;6,5;50;2,0;90,0;8,0;12;.;100,0;.;
Katedralskolan 2;46986216;Växjö;0780;Kommunal;Växjö kommun;2120000662;Svenska 3;40;20,0;60,0;20,0;35;..;..;..;5;..;..;..;
Katedralskolan 3;67924816;Växjö;0780;Kommunal;Växjö kommun;2120000662;Engelska 6;89;16,9;70,8;12,4;57;10,5;75,4;14,0;32;28,1;62,5;9,4;
Katedralskolan 3;67924816;Växjö;0780;Kommunal;Växjö kommun;2120000662;Matematik 2B;82;.;84,1;15,9;50;.;76,0;24,0;32;.;96,9;3,1;
Katedralskolan 3;67924816;Växjö;0780;Kommunal;Växjö kommun;2120000662;Svenska 3;24;8,3;83,3;8,3;20;..;..;..;4;..;..;..;
Katedralskolan 4;92805465;Växjö;0780;Kommunal;Växjö kommun;2120000662;Engelska 6;84;4,8;84,5;10,7;47;6,4;80,9;12,8;37;2,7;89,2;8,1;
Katedralskolan 4;92805465;Växjö;0780;Kommunal;Växjö kommun;2120000662;Matematik 2B;43;.;95,3;4,7;38;..;..;..;5;..;..;..;
Katedralskolan 4;92805465;Växjö;0780;Kommunal;Växjö kommun;2120000662;Matematik 3B;29;.;89,7;10,3;12;.;91,7;8,3;17;.;88,2;11,8;
Katedralskolan 5;72276266;Växjö;0780;Kommunal;Växjö kommun;2120000662;Matematik 1B;22;.;100,0;.;17;..;..;..;5;..;..;..;
Katedralskolan 5;72276266;Växjö;0780;Kommunal;Växjö kommun;2120000662;Svenska 3;20;5,0;45,0;50,0;17;..;..;..;3;..;..;..;
Kungsmadskolan 1;56084099;Växjö;0780;Kommunal;Växjö kommun;2120000662;Engelska 6;64;9,4;75,0;15,6;38;10,5;71,1;18,4;26;7,7;80,8;11,5;
Kungsmadskolan 1;56084099;Växjö;0780;Kommunal;Växjö kommun;2120000662;Matematik 2B;63;1,6;42,9;55,6;37;2,7;48,6;48,6;26;.;34,6;65,4;
Kungsmadskolan 1;56084099;Växjö;0780;Kommunal;Växjö kommun;2120000662;Matematik 3B;24;.;50,0;50,0;12;.;58,3;41,7;12;.;41,7;58,3;
Kungsmadskolan 1;56084099;Växjö;0780;Kommunal;Växjö kommun;2120000662;Svenska 3;53;3,8;45,3;50,9;41;4,9;51,2;43,9;12;.;25,0;75,0;
Kungsmadskolan 2;80711021;Växjö;0780;Kommunal;Växjö kommun;2120000662;Engelska 5;60;13,3;73,3;13,3;18;11,1;83,3;5,6;42;14,3;69,0;16,7;
Kungsmadskolan 2;80711021;Växjö;0780;Kommunal;Växjö kommun;2120000662;Engelska 6;60;23,3;71,7;5,0;21;23,8;66,7;9,5;39;23,1;74,4;2,6;
Kungsmadskolan 2;80711021;Växjö;0780;Kommunal;Växjö kommun;2120000662;Matematik 1A;88;9,1;69,3;21,6;41;9,8;58,5;31,7;47;8,5;78,7;12,8;
Kungsmadskolan 2;80711021;Växjö;0780;Kommunal;Växjö kommun;2120000662;Svenska 1;73;6,8;67,1;26,0;37;8,1;56,8;35,1;36;5,6;77,8;16,7;
Kungsmadskolan 2;80711021;Växjö;0780;Kommunal;Växjö kommun;2120000662;Svenska 3;27;3,7;88,9;7,4;11;9,1;81,8;9,1;16;.;93,8;6,3;
Kungsmadskolan 2;80711021;Växjö;0780;Kommunal;Växjö kommun;2120000662;Svenska som andraspråk 1;22;.;59,1;40,9;4;..;..;..;18;..;..;..;
Kungsmadskolan 2;80711021;Växjö;0780;Kommunal;Växjö kommun;2120000662;Svenska som andraspråk 3;6;..;..;..;5;..;..;..;1;..;..;..;
Kungsmadskolan 3;54927401;Växjö;0780;Kommunal;Växjö kommun;2120000662;Engelska 5;30;16,7;80,0;3,3;2;..;..;..;28;..;..;..;
Kungsmadskolan 3;54927401;Växjö;0780;Kommunal;Växjö kommun;2120000662;Matematik 1A;32;3,1;81,3;15,6;2;..;..;..;30;..;..;..;
Kungsmadskolan 3;54927401;Växjö;0780;Kommunal;Växjö kommun;2120000662;Svenska 1;26;.;61,5;38,5;2;..;..;..;24;..;..;..;
Kungsmadskolan 5;17648596;Växjö;0780;Kommunal;Växjö kommun;2120000662;Engelska 5;65;3,1;60,0;36,9;5;..;..;..;60;..;..;..;
Kungsmadskolan 5;17648596;Växjö;0780;Kommunal;Växjö kommun;2120000662;Matematik 1A;62;9,7;82,3;8,1;5;..;..;..;57;..;..;..;
Kungsmadskolan 5;17648596;Växjö;0780;Kommunal;Växjö kommun;2120000662;Svenska 1;53;9,4;73,6;17,0;3;..;..;..;50;..;..;..;
Kungsmadskolan 5;17648596;Växjö;0780;Kommunal;Växjö kommun;2120000662;Svenska som andraspråk 1;5;..;..;..;.;.;.;.;5;..;..;..;
Kungsmadskolan 6;16720048;Växjö;0780;Kommunal;Växjö kommun;2120000662;Engelska 5;65;10,8;84,6;4,6;43;7,0;88,4;4,7;22;18,2;77,3;4,5;
Kungsmadskolan 6;16720048;Växjö;0780;Kommunal;Växjö kommun;2120000662;Matematik 1A;72;15,3;73,6;11,1;50;8,0;76,0;16,0;22;31,8;68,2;.;
Kungsmadskolan 6;16720048;Växjö;0780;Kommunal;Växjö kommun;2120000662;Svenska 1;59;1,7;52,5;45,8;39;.;46,2;53,8;20;5,0;65,0;30,0;
LBS Kreativa Gymnasiet Växjö;17083056;Växjö;0780;Enskild;Ljud & Bildskolan LBS AB;5564851649;Engelska 6;53;18,9;56,6;24,5;15;20,0;60,0;20,0;38;18,4;55,3;26,3;
LBS Kreativa Gymnasiet Växjö;17083056;Växjö;0780;Enskild;Ljud & Bildskolan LBS AB;5564851649;Matematik 1B;22;.;77,3;22,7;11;.;81,8;18,2;11;.;72,7;27,3;
LBS Kreativa Gymnasiet Växjö;17083056;Växjö;0780;Enskild;Ljud & Bildskolan LBS AB;5564851649;Matematik 3C;25;.;84,0;16,0;3;..;..;..;22;..;..;..;
LBS Kreativa Gymnasiet Växjö;17083056;Växjö;0780;Enskild;Ljud & Bildskolan LBS AB;5564851649;Svenska 3;32;3,1;78,1;18,8;10;.;60,0;40,0;22;4,5;86,4;9,1;
LBS Kreativa Gymnasiet Växjö;17083056;Växjö;0780;Enskild;Ljud & Bildskolan LBS AB;5564851649;Svenska som andraspråk 3;3;..;..;..;.;.;.;.;3;..;..;..;
Praktiska Gymnasiet Växjö;39341381;Växjö;0780;Enskild;Praktiska Sverige AB;5562575786;Engelska 5;23;4,3;87,0;8,7;3;..;..;..;20;..;..;..;
Praktiska Gymnasiet Växjö;39341381;Växjö;0780;Enskild;Praktiska Sverige AB;5562575786;Matematik 1A;28;.;100,0;.;6;..;..;..;22;..;..;..;
Praktiska Gymnasiet Växjö;39341381;Växjö;0780;Enskild;Praktiska Sverige AB;5562575786;Svenska 1;12;.;58,3;41,7;2;..;..;..;10;..;..;..;
Praktiska Gymnasiet Växjö;39341381;Växjö;0780;Enskild;Praktiska Sverige AB;5562575786;Svenska som andraspråk 1;9;..;..;..;2;..;..;..;7;..;..;..;
ProCivitas Privata Gymnasium Växjö;61176909;Växjö;0780;Enskild;ProCivitas Privata Gymnasium AB;5566157102;Engelska 6;165;7,3;67,9;24,8;71;2,8;64,8;32,4;94;10,6;70,2;19,1;
ProCivitas Privata Gymnasium Växjö;61176909;Växjö;0780;Enskild;ProCivitas Privata Gymnasium AB;5566157102;Matematik 2B;62;.;77,4;22,6;32;.;71,9;28,1;30;.;83,3;16,7;
ProCivitas Privata Gymnasium Växjö;61176909;Växjö;0780;Enskild;ProCivitas Privata Gymnasium AB;5566157102;Matematik 3B;35;.;71,4;28,6;12;.;58,3;41,7;23;.;78,3;21,7;
ProCivitas Privata Gymnasium Växjö;61176909;Växjö;0780;Enskild;ProCivitas Privata Gymnasium AB;5566157102;Matematik 3C;9;..;..;..;5;..;..;..;4;..;..;..;
ProCivitas Privata Gymnasium Växjö;61176909;Växjö;0780;Enskild;ProCivitas Privata Gymnasium AB;5566157102;Svenska 3;132;5,3;59,1;35,6;67;4,5;62,7;32,8;65;6,2;55,4;38,5;
ProCivitas Privata Gymnasium Växjö;61176909;Växjö;0780;Enskild;ProCivitas Privata Gymnasium AB;5566157102;Svenska som andraspråk 3;12;16,7;58,3;25,0;2;..;..;..;10;..;..;..;
Skanskagymnasiet;43479922;Växjö;0780;Enskild;Skanskaskolan i Växjö AB;5567435994;Engelska 6;18;5,6;88,9;5,6;2;..;..;..;16;..;..;..;
Skanskagymnasiet;43479922;Växjö;0780;Enskild;Skanskaskolan i Växjö AB;5567435994;Matematik 3C;18;11,1;83,3;5,6;2;..;..;..;16;..;..;..;
Skanskagymnasiet;43479922;Växjö;0780;Enskild;Skanskaskolan i Växjö AB;5567435994;Svenska 3;28;.;71,4;28,6;12;.;83,3;16,7;16;.;62,5;37,5;
Skanskagymnasiet;43479922;Växjö;0780;Enskild;Skanskaskolan i Växjö AB;5567435994;Svenska som andraspråk 3;3;..;..;..;2;..;..;..;1;..;..;..;
Teknikum 1;60088179;Växjö;0780;Kommunal;Växjö kommun;2120000662;Engelska 5;65;9,2;78,5;12,3;48;8,3;79,2;12,5;17;11,8;76,5;11,8;
Teknikum 1;60088179;Växjö;0780;Kommunal;Växjö kommun;2120000662;Matematik 1A;71;.;85,9;14,1;52;.;86,5;13,5;19;.;84,2;15,8;
Teknikum 1;60088179;Växjö;0780;Kommunal;Växjö kommun;2120000662;Svenska 1;36;5,6;63,9;30,6;27;..;..;..;9;..;..;..;
Teknikum 1;60088179;Växjö;0780;Kommunal;Växjö kommun;2120000662;Svenska som andraspråk 1;24;.;66,7;33,3;19;..;..;..;5;..;..;..;
Teknikum 1;60088179;Växjö;0780;Kommunal;Växjö kommun;2120000662;Svenska som andraspråk 3;9;..;..;..;2;..;..;..;7;..;..;..;
Teknikum 2;28391147;Växjö;0780;Kommunal;Växjö kommun;2120000662;Engelska 6;31;16,1;80,6;3,2;2;..;..;..;29;..;..;..;
Teknikum 2;28391147;Växjö;0780;Kommunal;Växjö kommun;2120000662;Matematik 3C;37;5,4;59,5;35,1;2;..;..;..;35;..;..;..;
Teknikum 2;28391147;Växjö;0780;Kommunal;Växjö kommun;2120000662;Matematik 4;6;..;..;..;.;.;.;.;6;..;..;..;
Teknikum 2;28391147;Växjö;0780;Kommunal;Växjö kommun;2120000662;Svenska 3;38;10,5;55,3;34,2;2;..;..;..;36;..;..;..;
Teknikum 4;90347955;Växjö;0780;Kommunal;Växjö kommun;2120000662;Engelska 5;66;3,0;83,3;13,6;.;.;.;.;66;..;..;..;
Teknikum 4;90347955;Växjö;0780;Kommunal;Växjö kommun;2120000662;Matematik 1A;72;1,4;93,1;5,6;.;.;.;.;72;..;..;..;
Teknikum 4;90347955;Växjö;0780;Kommunal;Växjö kommun;2120000662;Svenska 1;55;7,3;63,6;29,1;.;.;.;.;55;..;..;..;
Teknikum 4;90347955;Växjö;0780;Kommunal;Växjö kommun;2120000662;Svenska som andraspråk 1;9;..;..;..;.;.;.;.;9;..;..;..;
Växjö Fria Fordongymnasium;29209307;Växjö;0780;Enskild;VFG Utbildning AB;5562496629;Engelska 5;49;22,4;69,4;8,2;12;25,0;75,0;.;37;21,6;67,6;10,8;
Växjö Fria Fordongymnasium;29209307;Växjö;0780;Enskild;VFG Utbildning AB;5562496629;Svenska 1;41;.;68,3;31,7;12;.;83,3;16,7;29;.;62,1;37,9;
Växjö Fria Fordongymnasium;29209307;Växjö;0780;Enskild;VFG Utbildning AB;5562496629;Svenska som andraspråk 1;5;..;..;..;.;.;.;.;5;..;..;..;
Växjö Fria Gymnasium;21778322;Växjö;0780;Enskild;Växjö Fria Gymnasium AB;5565847836;Engelska 5;32;.;21,9;78,1;29;..;..;..;3;..;..;..;
Växjö Fria Gymnasium;21778322;Växjö;0780;Enskild;Växjö Fria Gymnasium AB;5565847836;Engelska 6;88;2,3;38,6;59,1;48;.;27,1;72,9;40;5,0;52,5;42,5;
Växjö Fria Gymnasium;21778322;Växjö;0780;Enskild;Växjö Fria Gymnasium AB;5565847836;Matematik 1A;30;.;73,3;26,7;27;..;..;..;3;..;..;..;
Växjö Fria Gymnasium;21778322;Växjö;0780;Enskild;Växjö Fria Gymnasium AB;5565847836;Matematik 2B;74;.;55,4;44,6;54;.;53,7;46,3;20;.;60,0;40,0;
Växjö Fria Gymnasium;21778322;Växjö;0780;Enskild;Växjö Fria Gymnasium AB;5565847836;Matematik 3B;32;.;46,9;53,1;17;.;35,3;64,7;15;.;60,0;40,0;
Växjö Fria Gymnasium;21778322;Växjö;0780;Enskild;Växjö Fria Gymnasium AB;5565847836;Matematik 3C;6;..;..;..;2;..;..;..;4;..;..;..;
Växjö Fria Gymnasium;21778322;Växjö;0780;Enskild;Växjö Fria Gymnasium AB;5565847836;Svenska 1;21;.;85,7;14,3;21;..;..;..;.;.;.;.;
Växjö Fria Gymnasium;21778322;Växjö;0780;Enskild;Växjö Fria Gymnasium AB;5565847836;Svenska 3;116;0,9;61,2;37,9;82;1,2;59,8;39,0;34;.;64,7;35,3;
Växjö Fria Gymnasium;21778322;Växjö;0780;Enskild;Växjö Fria Gymnasium AB;5565847836;Svenska som andraspråk 1;10;10,0;50,0;40,0;7;..;..;..;3;..;..;..;
Växjö Fria Gymnasium;21778322;Växjö;0780;Enskild;Växjö Fria Gymnasium AB;5565847836;Svenska som andraspråk 3;11;9,1;90,9;.;6;..;..;..;5;..;..;..;
Fria Läroverken i Ystad;31380193;Ystad;1286;Enskild;Gymnasieskolor i Syd AB;5569306979;Engelska 5;23;8,7;78,3;13,0;9;..;..;..;14;..;..;..;
Fria Läroverken i Ystad;31380193;Ystad;1286;Enskild;Gymnasieskolor i Syd AB;5569306979;Engelska 6;24;8,3;75,0;16,7;17;..;..;..;7;..;..;..;
Fria Läroverken i Ystad;31380193;Ystad;1286;Enskild;Gymnasieskolor i Syd AB;5569306979;Matematik 1A;21;.;52,4;47,6;7;..;..;..;14;..;..;..;
Fria Läroverken i Ystad;31380193;Ystad;1286;Enskild;Gymnasieskolor i Syd AB;5569306979;Matematik 2B;16;.;50,0;50,0;13;..;..;..;3;..;..;..;
Fria Läroverken i Ystad;31380193;Ystad;1286;Enskild;Gymnasieskolor i Syd AB;5569306979;Matematik 3B;5;..;..;..;3;..;..;..;2;..;..;..;
Fria Läroverken i Ystad;31380193;Ystad;1286;Enskild;Gymnasieskolor i Syd AB;5569306979;Svenska 1;20;.;60,0;40,0;9;..;..;..;11;..;..;..;
Fria Läroverken i Ystad;31380193;Ystad;1286;Enskild;Gymnasieskolor i Syd AB;5569306979;Svenska 3;11;27,3;45,5;27,3;7;..;..;..;4;..;..;..;
Fria Läroverken i Ystad;31380193;Ystad;1286;Enskild;Gymnasieskolor i Syd AB;5569306979;Svenska som andraspråk 1;2;..;..;..;.;.;.;.;2;..;..;..;
Praktiska Gymnasiet Ystad;90290154;Ystad;1286;Enskild;Praktiska Sverige AB;5562575786;Engelska 5;71;1,4;77,5;21,1;21;.;81,0;19,0;50;2,0;76,0;22,0;
Praktiska Gymnasiet Ystad;90290154;Ystad;1286;Enskild;Praktiska Sverige AB;5562575786;Matematik 1A;79;.;64,6;35,4;24;.;66,7;33,3;55;.;63,6;36,4;
Praktiska Gymnasiet Ystad;90290154;Ystad;1286;Enskild;Praktiska Sverige AB;5562575786;Svenska 1;62;.;50,0;50,0;17;.;70,6;29,4;45;.;42,2;57,8;
Praktiska Gymnasiet Ystad;90290154;Ystad;1286;Enskild;Praktiska Sverige AB;5562575786;Svenska som andraspråk 1;5;..;..;..;1;..;..;..;4;..;..;..;
Ystad Gymnasium, Område 1;25847233;Ystad;1286;Kommunal;Ystad kommun;2120001181;Engelska 5;99;11,1;63,6;25,3;73;11,0;63,0;26,0;26;11,5;65,4;23,1;
Ystad Gymnasium, Område 1;25847233;Ystad;1286;Kommunal;Ystad kommun;2120001181;Matematik 1A;89;.;84,3;15,7;63;.;79,4;20,6;26;.;96,2;3,8;
Ystad Gymnasium, Område 1;25847233;Ystad;1286;Kommunal;Ystad kommun;2120001181;Svenska 1;80;2,5;51,3;46,3;62;3,2;51,6;45,2;18;.;50,0;50,0;
Ystad Gymnasium, Område 1;25847233;Ystad;1286;Kommunal;Ystad kommun;2120001181;Svenska som andraspråk 1;4;..;..;..;3;..;..;..;1;..;..;..;
Ystad Gymnasium, Område 2;62612992;Ystad;1286;Kommunal;Ystad kommun;2120001181;Engelska 5;21;14,3;81,0;4,8;10;.;90,0;10,0;11;27,3;72,7;.;
Ystad Gymnasium, Område 2;62612992;Ystad;1286;Kommunal;Ystad kommun;2120001181;Engelska 6;84;.;64,3;35,7;27;.;74,1;25,9;57;.;59,6;40,4;
Ystad Gymnasium, Område 2;62612992;Ystad;1286;Kommunal;Ystad kommun;2120001181;Matematik 1A;22;.;59,1;40,9;11;.;54,5;45,5;11;.;63,6;36,4;
Ystad Gymnasium, Område 2;62612992;Ystad;1286;Kommunal;Ystad kommun;2120001181;Matematik 3C;40;.;95,0;5,0;5;..;..;..;35;..;..;..;
Ystad Gymnasium, Område 2;62612992;Ystad;1286;Kommunal;Ystad kommun;2120001181;Matematik 4;40;.;92,5;7,5;19;.;84,2;15,8;21;.;100,0;.;
Ystad Gymnasium, Område 2;62612992;Ystad;1286;Kommunal;Ystad kommun;2120001181;Svenska 1;21;4,8;95,2;.;11;.;100,0;.;10;10,0;90,0;.;
Ystad Gymnasium, Område 2;62612992;Ystad;1286;Kommunal;Ystad kommun;2120001181;Svenska 3;60;6,7;53,3;40,0;22;13,6;40,9;45,5;38;2,6;60,5;36,8;
Ystad Gymnasium, Område 2;62612992;Ystad;1286;Kommunal;Ystad kommun;2120001181;Svenska som andraspråk 1;1;..;..;..;.;.;.;.;1;..;..;..;
Ystad Gymnasium, Område 2;62612992;Ystad;1286;Kommunal;Ystad kommun;2120001181;Svenska som andraspråk 3;20;5,0;55,0;40,0;12;..;..;..;8;..;..;..;
Ystad Gymnasium, Område 3;85485803;Ystad;1286;Kommunal;Ystad kommun;2120001181;Engelska 6;160;6,3;60,6;33,1;99;5,1;58,6;36,4;61;8,2;63,9;27,9;
Ystad Gymnasium, Område 3;85485803;Ystad;1286;Kommunal;Ystad kommun;2120001181;Matematik 1B;23;.;95,7;4,3;15;..;..;..;8;..;..;..;
Ystad Gymnasium, Område 3;85485803;Ystad;1286;Kommunal;Ystad kommun;2120001181;Matematik 2B;102;.;90,2;9,8;71;.;85,9;14,1;31;.;100,0;.;
Ystad Gymnasium, Område 3;85485803;Ystad;1286;Kommunal;Ystad kommun;2120001181;Matematik 3B;40;.;82,5;17,5;10;.;80,0;20,0;30;.;83,3;16,7;
Ystad Gymnasium, Område 3;85485803;Ystad;1286;Kommunal;Ystad kommun;2120001181;Svenska 3;158;4,4;47,5;48,1;84;4,8;36,9;58,3;74;4,1;59,5;36,5;
Ystad Gymnasium, Område 3;85485803;Ystad;1286;Kommunal;Ystad kommun;2120001181;Svenska som andraspråk 3;5;..;..;..;2;..;..;..;3;..;..;..;
Ystad Gymnasium, Område 5;92816527;Ystad;1286;Kommunal;Ystad kommun;2120001181;Engelska 5;87;13,8;72,4;13,8;15;.;73,3;26,7;72;16,7;72,2;11,1;
Ystad Gymnasium, Område 5;92816527;Ystad;1286;Kommunal;Ystad kommun;2120001181;Engelska 6;12;.;25,0;75,0;11;..;..;..;1;..;..;..;
Ystad Gymnasium, Område 5;92816527;Ystad;1286;Kommunal;Ystad kommun;2120001181;Matematik 1A;115;2,6;87,0;10,4;28;.;89,3;10,7;87;3,4;86,2;10,3;
Ystad Gymnasium, Område 5;92816527;Ystad;1286;Kommunal;Ystad kommun;2120001181;Svenska 1;103;1,9;50,5;47,6;24;.;29,2;70,8;79;2,5;57,0;40,5;
Ystad Gymnasium, Område 5;92816527;Ystad;1286;Kommunal;Ystad kommun;2120001181;Svenska som andraspråk 1;5;..;..;..;.;.;.;.;5;..;..;..;
Karlbergsgymnasiet 1;16848652;Åmål;1492;Kommunal;Åmåls kommun;2120001587;Engelska 5;43;4,7;81,4;14,0;15;13,3;46,7;40,0;28;.;100,0;.;
Karlbergsgymnasiet 1;16848652;Åmål;1492;Kommunal;Åmåls kommun;2120001587;Engelska 6;62;.;51,6;48,4;38;.;47,4;52,6;24;.;58,3;41,7;
Karlbergsgymnasiet 1;16848652;Åmål;1492;Kommunal;Åmåls kommun;2120001587;Matematik 1A;20;.;95,0;5,0;17;..;..;..;3;..;..;..;
Karlbergsgymnasiet 1;16848652;Åmål;1492;Kommunal;Åmåls kommun;2120001587;Matematik 2B;27;.;18,5;81,5;24;..;..;..;3;..;..;..;
Karlbergsgymnasiet 1;16848652;Åmål;1492;Kommunal;Åmåls kommun;2120001587;Matematik 3B;36;.;55,6;44,4;14;.;35,7;64,3;22;.;68,2;31,8;
Karlbergsgymnasiet 1;16848652;Åmål;1492;Kommunal;Åmåls kommun;2120001587;Svenska 1;38;5,3;71,1;23,7;15;.;80,0;20,0;23;8,7;65,2;26,1;
Karlbergsgymnasiet 1;16848652;Åmål;1492;Kommunal;Åmåls kommun;2120001587;Svenska 3;49;6,1;34,7;59,2;26;3,8;38,5;57,7;23;8,7;30,4;60,9;
Karlbergsgymnasiet 1;16848652;Åmål;1492;Kommunal;Åmåls kommun;2120001587;Svenska som andraspråk 1;6;..;..;..;3;..;..;..;3;..;..;..;
Karlbergsgymnasiet 1;16848652;Åmål;1492;Kommunal;Åmåls kommun;2120001587;Svenska som andraspråk 3;9;..;..;..;5;..;..;..;4;..;..;..;
Karlbergsgymnasiet 2;88429477;Åmål;1492;Kommunal;Åmåls kommun;2120001587;Engelska 5;10;.;100,0;.;.;.;.;.;10;..;..;..;
Karlbergsgymnasiet 2;88429477;Åmål;1492;Kommunal;Åmåls kommun;2120001587;Engelska 6;76;6,6;59,2;34,2;32;.;40,6;59,4;44;11,4;72,7;15,9;
Karlbergsgymnasiet 2;88429477;Åmål;1492;Kommunal;Åmåls kommun;2120001587;Matematik 1B;8;..;..;..;8;..;..;..;.;.;.;.;
Karlbergsgymnasiet 2;88429477;Åmål;1492;Kommunal;Åmåls kommun;2120001587;Matematik 2B;26;.;69,2;30,8;20;..;..;..;6;..;..;..;
Karlbergsgymnasiet 2;88429477;Åmål;1492;Kommunal;Åmåls kommun;2120001587;Matematik 4;22;.;72,7;27,3;9;..;..;..;13;..;..;..;
Karlbergsgymnasiet 2;88429477;Åmål;1492;Kommunal;Åmåls kommun;2120001587;Svenska 1;11;.;54,5;45,5;.;.;.;.;11;..;..;..;
Karlbergsgymnasiet 2;88429477;Åmål;1492;Kommunal;Åmåls kommun;2120001587;Svenska 3;66;6,1;47,0;47,0;31;9,7;41,9;48,4;35;2,9;51,4;45,7;
Karlbergsgymnasiet 2;88429477;Åmål;1492;Kommunal;Åmåls kommun;2120001587;Svenska som andraspråk 3;31;3,2;41,9;54,8;17;5,9;35,3;58,8;14;.;50,0;50,0;
Bobergsgymnasiet;56802300;Ånge;2260;Kommunal;Ånge kommun;2120002387;Engelska 5;24;37,5;58,3;4,2;7;..;..;..;17;..;..;..;
Bobergsgymnasiet;56802300;Ånge;2260;Kommunal;Ånge kommun;2120002387;Engelska 6;31;6,5;61,3;32,3;10;10,0;60,0;30,0;21;4,8;61,9;33,3;
Bobergsgymnasiet;56802300;Ånge;2260;Kommunal;Ånge kommun;2120002387;Matematik 1A;29;3,4;72,4;24,1;12;.;50,0;50,0;17;5,9;88,2;5,9;
Bobergsgymnasiet;56802300;Ånge;2260;Kommunal;Ånge kommun;2120002387;Matematik 2B;9;..;..;..;3;..;..;..;6;..;..;..;
Bobergsgymnasiet;56802300;Ånge;2260;Kommunal;Ånge kommun;2120002387;Matematik 3B;4;..;..;..;.;.;.;.;4;..;..;..;
Bobergsgymnasiet;56802300;Ånge;2260;Kommunal;Ånge kommun;2120002387;Matematik 4;6;..;..;..;1;..;..;..;5;..;..;..;
Bobergsgymnasiet;56802300;Ånge;2260;Kommunal;Ånge kommun;2120002387;Svenska 1;23;17,4;69,6;13,0;8;..;..;..;15;..;..;..;
Bobergsgymnasiet;56802300;Ånge;2260;Kommunal;Ånge kommun;2120002387;Svenska 3;26;7,7;88,5;3,8;10;.;90,0;10,0;16;12,5;87,5;.;
Bobergsgymnasiet;56802300;Ånge;2260;Kommunal;Ånge kommun;2120002387;Svenska som andraspråk 1;1;..;..;..;.;.;.;.;1;..;..;..;
Bobergsgymnasiet;56802300;Ånge;2260;Kommunal;Ånge kommun;2120002387;Svenska som andraspråk 3;2;..;..;..;.;.;.;.;2;..;..;..;
Jämtlands Gymn, Åre 1;15149235;Åre;2321;Kommunal;Jämtlands Gymnasieförbund;2220001636;Engelska 5;1;..;..;..;.;.;.;.;1;..;..;..;
Jämtlands Gymn, Åre 1;15149235;Åre;2321;Kommunal;Jämtlands Gymnasieförbund;2220001636;Engelska 6;42;7,1;73,8;19,0;24;12,5;75,0;12,5;18;.;72,2;27,8;
Jämtlands Gymn, Åre 1;15149235;Åre;2321;Kommunal;Jämtlands Gymnasieförbund;2220001636;Matematik 1A;1;..;..;..;.;.;.;.;1;..;..;..;
Jämtlands Gymn, Åre 1;15149235;Åre;2321;Kommunal;Jämtlands Gymnasieförbund;2220001636;Matematik 2B;17;5,9;82,4;11,8;13;..;..;..;4;..;..;..;
Jämtlands Gymn, Åre 1;15149235;Åre;2321;Kommunal;Jämtlands Gymnasieförbund;2220001636;Matematik 3B;10;.;40,0;60,0;5;..;..;..;5;..;..;..;
Jämtlands Gymn, Åre 1;15149235;Åre;2321;Kommunal;Jämtlands Gymnasieförbund;2220001636;Matematik 4;9;..;..;..;5;..;..;..;4;..;..;..;
Jämtlands Gymn, Åre 1;15149235;Åre;2321;Kommunal;Jämtlands Gymnasieförbund;2220001636;Svenska 1;1;..;..;..;.;.;.;.;1;..;..;..;
Jämtlands Gymn, Åre 1;15149235;Åre;2321;Kommunal;Jämtlands Gymnasieförbund;2220001636;Svenska 3;36;2,8;66,7;30,6;26;3,8;65,4;30,8;10;.;70,0;30,0;
Jämtlands Gymn, Åre 1;15149235;Åre;2321;Kommunal;Jämtlands Gymnasieförbund;2220001636;Svenska som andraspråk 3;8;..;..;..;2;..;..;..;6;..;..;..;
Jämtlands Gymn, Åre 2;48336642;Åre;2321;Kommunal;Jämtlands Gymnasieförbund;2220001636;Engelska 5;10;30,0;60,0;10,0;1;..;..;..;9;..;..;..;
Jämtlands Gymn, Åre 2;48336642;Åre;2321;Kommunal;Jämtlands Gymnasieförbund;2220001636;Matematik 1A;7;..;..;..;1;..;..;..;6;..;..;..;
Jämtlands Gymn, Åre 2;48336642;Åre;2321;Kommunal;Jämtlands Gymnasieförbund;2220001636;Svenska 1;13;.;53,8;46,2;1;..;..;..;12;..;..;..;
Årjängs gymnasieskola;77379848;Årjäng;1765;Kommunal;Årjängs kommun;2120001835;Engelska 5;15;33,3;53,3;13,3;4;..;..;..;11;..;..;..;
Årjängs gymnasieskola;77379848;Årjäng;1765;Kommunal;Årjängs kommun;2120001835;Engelska 6;2;..;..;..;2;..;..;..;.;.;.;.;
Årjängs gymnasieskola;77379848;Årjäng;1765;Kommunal;Årjängs kommun;2120001835;Matematik 1A;17;.;70,6;29,4;6;..;..;..;11;..;..;..;
Årjängs gymnasieskola;77379848;Årjäng;1765;Kommunal;Årjängs kommun;2120001835;Matematik 2B;6;..;..;..;4;..;..;..;2;..;..;..;
Årjängs gymnasieskola;77379848;Årjäng;1765;Kommunal;Årjängs kommun;2120001835;Svenska 1;14;.;64,3;35,7;4;..;..;..;10;..;..;..;
Årjängs gymnasieskola;77379848;Årjäng;1765;Kommunal;Årjängs kommun;2120001835;Svenska 3;2;..;..;..;1;..;..;..;1;..;..;..;
Årjängs gymnasieskola;77379848;Årjäng;1765;Kommunal;Årjängs kommun;2120001835;Svenska som andraspråk 1;2;..;..;..;1;..;..;..;1;..;..;..;
Årjängs gymnasieskola;77379848;Årjäng;1765;Kommunal;Årjängs kommun;2120001835;Svenska som andraspråk 3;3;..;..;..;2;..;..;..;1;..;..;..;
Bildningscentrum Facetten;24538846;Åtvidaberg;0561;Kommunal;Åtvidabergs kommun;2120000415;Engelska 5;18;11,1;77,8;11,1;8;..;..;..;10;..;..;..;
Bildningscentrum Facetten;24538846;Åtvidaberg;0561;Kommunal;Åtvidabergs kommun;2120000415;Engelska 6;28;10,7;75,0;14,3;9;..;..;..;19;..;..;..;
Bildningscentrum Facetten;24538846;Åtvidaberg;0561;Kommunal;Åtvidabergs kommun;2120000415;Matematik 1A;21;.;100,0;.;6;..;..;..;15;..;..;..;
Bildningscentrum Facetten;24538846;Åtvidaberg;0561;Kommunal;Åtvidabergs kommun;2120000415;Matematik 2B;9;..;..;..;3;..;..;..;6;..;..;..;
Bildningscentrum Facetten;24538846;Åtvidaberg;0561;Kommunal;Åtvidabergs kommun;2120000415;Matematik 3C;3;..;..;..;.;.;.;.;3;..;..;..;
Bildningscentrum Facetten;24538846;Åtvidaberg;0561;Kommunal;Åtvidabergs kommun;2120000415;Svenska 1;20;.;100,0;.;6;..;..;..;14;..;..;..;
Bildningscentrum Facetten;24538846;Åtvidaberg;0561;Kommunal;Åtvidabergs kommun;2120000415;Svenska 3;24;.;50,0;50,0;15;..;..;..;9;..;..;..;
Haganässkolan 1;67422309;Älmhult;0765;Kommunal;Älmhults kommun;2120000647;Engelska 5;42;11,9;83,3;4,8;18;16,7;72,2;11,1;24;8,3;91,7;.;
Haganässkolan 1;67422309;Älmhult;0765;Kommunal;Älmhults kommun;2120000647;Engelska 6;34;2,9;91,2;5,9;19;.;94,7;5,3;15;6,7;86,7;6,7;
Haganässkolan 1;67422309;Älmhult;0765;Kommunal;Älmhults kommun;2120000647;Matematik 1A;42;.;95,2;4,8;17;.;94,1;5,9;25;.;96,0;4,0;
Haganässkolan 1;67422309;Älmhult;0765;Kommunal;Älmhults kommun;2120000647;Matematik 2B;17;.;70,6;29,4;12;..;..;..;5;..;..;..;
Haganässkolan 1;67422309;Älmhult;0765;Kommunal;Älmhults kommun;2120000647;Matematik 3B;8;..;..;..;2;..;..;..;6;..;..;..;
Haganässkolan 1;67422309;Älmhult;0765;Kommunal;Älmhults kommun;2120000647;Matematik 3C;6;..;..;..;3;..;..;..;3;..;..;..;
Haganässkolan 1;67422309;Älmhult;0765;Kommunal;Älmhults kommun;2120000647;Svenska 1;32;.;62,5;37,5;13;.;84,6;15,4;19;.;47,4;52,6;
Haganässkolan 1;67422309;Älmhult;0765;Kommunal;Älmhults kommun;2120000647;Svenska 3;43;2,3;69,8;27,9;15;.;66,7;33,3;28;3,6;71,4;25,0;
Haganässkolan 1;67422309;Älmhult;0765;Kommunal;Älmhults kommun;2120000647;Svenska som andraspråk 1;6;..;..;..;3;..;..;..;3;..;..;..;
Haganässkolan 1;67422309;Älmhult;0765;Kommunal;Älmhults kommun;2120000647;Svenska som andraspråk 3;18;5,6;72,2;22,2;6;..;..;..;12;..;..;..;
Älvdalens Utbildningscentrum;34421265;Älvdalen;2039;Enskild;Älvdalens Utbildningscentrum AB;5567759120;Engelska 5;94;11,7;66,0;22,3;29;10,3;69,0;20,7;65;12,3;64,6;23,1;
Älvdalens Utbildningscentrum;34421265;Älvdalen;2039;Enskild;Älvdalens Utbildningscentrum AB;5567759120;Matematik 1A;88;.;17,0;83,0;27;.;11,1;88,9;61;.;19,7;80,3;
Älvdalens Utbildningscentrum;34421265;Älvdalen;2039;Enskild;Älvdalens Utbildningscentrum AB;5567759120;Svenska 1;79;6,3;51,9;41,8;27;3,7;48,1;48,1;52;7,7;53,8;38,5;
Älvsbyns gymnasium;15791044;Älvsbyn;2560;Kommunal;Älvsbyns kommun;2120002734;Engelska 5;19;15,8;84,2;.;5;..;..;..;14;..;..;..;
Älvsbyns gymnasium;15791044;Älvsbyn;2560;Kommunal;Älvsbyns kommun;2120002734;Engelska 6;22;31,8;59,1;9,1;10;10,0;80,0;10,0;12;50,0;41,7;8,3;
Älvsbyns gymnasium;15791044;Älvsbyn;2560;Kommunal;Älvsbyns kommun;2120002734;Matematik 1A;21;.;100,0;.;7;..;..;..;14;..;..;..;
Älvsbyns gymnasium;15791044;Älvsbyn;2560;Kommunal;Älvsbyns kommun;2120002734;Matematik 2B;10;.;90,0;10,0;4;..;..;..;6;..;..;..;
Älvsbyns gymnasium;15791044;Älvsbyn;2560;Kommunal;Älvsbyns kommun;2120002734;Matematik 3B;4;..;..;..;.;.;.;.;4;..;..;..;
Älvsbyns gymnasium;15791044;Älvsbyn;2560;Kommunal;Älvsbyns kommun;2120002734;Matematik 3C;3;..;..;..;2;..;..;..;1;..;..;..;
Älvsbyns gymnasium;15791044;Älvsbyn;2560;Kommunal;Älvsbyns kommun;2120002734;Svenska 1;16;.;31,3;68,8;4;..;..;..;12;..;..;..;
Älvsbyns gymnasium;15791044;Älvsbyn;2560;Kommunal;Älvsbyns kommun;2120002734;Svenska 3;16;6,3;31,3;62,5;7;..;..;..;9;..;..;..;
Älvsbyns gymnasium;15791044;Älvsbyn;2560;Kommunal;Älvsbyns kommun;2120002734;Svenska som andraspråk 1;2;..;..;..;1;..;..;..;1;..;..;..;
Ängelholms gymnasieskola Ro 2;65392939;Ängelholm;1292;Kommunal;Ängelholms kommun;2120000977;Engelska 6;133;5,3;68,4;26,3;75;5,3;64,0;30,7;58;5,2;74,1;20,7;
Ängelholms gymnasieskola Ro 2;65392939;Ängelholm;1292;Kommunal;Ängelholms kommun;2120000977;Matematik 2B;123;0,8;82,1;17,1;74;1,4;75,7;23,0;49;.;91,8;8,2;
Ängelholms gymnasieskola Ro 2;65392939;Ängelholm;1292;Kommunal;Ängelholms kommun;2120000977;Matematik 3B;27;.;88,9;11,1;8;..;..;..;19;..;..;..;
Ängelholms gymnasieskola Ro 2;65392939;Ängelholm;1292;Kommunal;Ängelholms kommun;2120000977;Svenska 3;101;3,0;47,5;49,5;60;1,7;45,0;53,3;41;4,9;51,2;43,9;
Ängelholms gymnasieskola Ro 2;65392939;Ängelholm;1292;Kommunal;Ängelholms kommun;2120000977;Svenska som andraspråk 3;7;..;..;..;3;..;..;..;4;..;..;..;
Ängelholms gymnasieskola Ro 3;98696836;Ängelholm;1292;Kommunal;Ängelholms kommun;2120000977;Engelska 5;67;20,9;62,7;16,4;39;10,3;64,1;25,6;28;35,7;60,7;3,6;
Ängelholms gymnasieskola Ro 3;98696836;Ängelholm;1292;Kommunal;Ängelholms kommun;2120000977;Engelska 6;12;.;100,0;.;9;..;..;..;3;..;..;..;
Ängelholms gymnasieskola Ro 3;98696836;Ängelholm;1292;Kommunal;Ängelholms kommun;2120000977;Matematik 1A;72;.;94,4;5,6;41;.;90,2;9,8;31;.;100,0;.;
Ängelholms gymnasieskola Ro 3;98696836;Ängelholm;1292;Kommunal;Ängelholms kommun;2120000977;Matematik 1B;7;..;..;..;5;..;..;..;2;..;..;..;
Ängelholms gymnasieskola Ro 3;98696836;Ängelholm;1292;Kommunal;Ängelholms kommun;2120000977;Svenska 1;62;8,1;51,6;40,3;37;8,1;43,2;48,6;25;8,0;64,0;28,0;
Ängelholms gymnasieskola Ro 3;98696836;Ängelholm;1292;Kommunal;Ängelholms kommun;2120000977;Svenska 3;8;..;..;..;6;..;..;..;2;..;..;..;
Ängelholms gymnasieskola Ro 3;98696836;Ängelholm;1292;Kommunal;Ängelholms kommun;2120000977;Svenska som andraspråk 1;6;..;..;..;1;..;..;..;5;..;..;..;
Ängelholms gymnasieskola Ro 4;82160887;Ängelholm;1292;Kommunal;Ängelholms kommun;2120000977;Engelska 5;77;5,2;80,5;14,3;17;5,9;82,4;11,8;60;5,0;80,0;15,0;
Ängelholms gymnasieskola Ro 4;82160887;Ängelholm;1292;Kommunal;Ängelholms kommun;2120000977;Matematik 1A;100;.;98,0;2,0;21;.;95,2;4,8;79;.;98,7;1,3;
Ängelholms gymnasieskola Ro 4;82160887;Ängelholm;1292;Kommunal;Ängelholms kommun;2120000977;Svenska 1;86;1,2;77,9;20,9;20;.;85,0;15,0;66;1,5;75,8;22,7;
Ängelholms gymnasieskola Ro 4;82160887;Ängelholm;1292;Kommunal;Ängelholms kommun;2120000977;Svenska som andraspråk 1;1;..;..;..;.;.;.;.;1;..;..;..;
Ängelholms gymnasieskola Ro 6;27527812;Ängelholm;1292;Kommunal;Ängelholms kommun;2120000977;Engelska 5;15;6,7;93,3;.;15;..;..;..;.;.;.;.;
Ängelholms gymnasieskola Ro 6;27527812;Ängelholm;1292;Kommunal;Ängelholms kommun;2120000977;Engelska 6;88;3,4;89,8;6,8;31;6,5;74,2;19,4;57;1,8;98,2;.;
Ängelholms gymnasieskola Ro 6;27527812;Ängelholm;1292;Kommunal;Ängelholms kommun;2120000977;Matematik 3C;61;1,6;88,5;9,8;19;.;78,9;21,1;42;2,4;92,9;4,8;
Ängelholms gymnasieskola Ro 6;27527812;Ängelholm;1292;Kommunal;Ängelholms kommun;2120000977;Matematik 4;1;..;..;..;1;..;..;..;.;.;.;.;
Ängelholms gymnasieskola Ro 6;27527812;Ängelholm;1292;Kommunal;Ängelholms kommun;2120000977;Svenska 1;14;.;92,9;7,1;14;..;..;..;.;.;.;.;
Ängelholms gymnasieskola Ro 6;27527812;Ängelholm;1292;Kommunal;Ängelholms kommun;2120000977;Svenska 3;60;3,3;50,0;46,7;20;5,0;40,0;55,0;40;2,5;55,0;42,5;
Ängelholms gymnasieskola Ro 6;27527812;Ängelholm;1292;Kommunal;Ängelholms kommun;2120000977;Svenska som andraspråk 3;2;..;..;..;1;..;..;..;1;..;..;..;
Öckerö Seglande gymnasieskola;77358716;Öckerö;1407;Kommunal;Öckerö kommun;2120001280;Engelska 6;64;1,6;85,9;12,5;45;2,2;82,2;15,6;19;.;94,7;5,3;
Öckerö Seglande gymnasieskola;77358716;Öckerö;1407;Kommunal;Öckerö kommun;2120001280;Matematik 2B;42;.;66,7;33,3;34;..;..;..;8;..;..;..;
Öckerö Seglande gymnasieskola;77358716;Öckerö;1407;Kommunal;Öckerö kommun;2120001280;Matematik 4;31;.;64,5;35,5;14;.;50,0;50,0;17;.;76,5;23,5;
Öckerö Seglande gymnasieskola;77358716;Öckerö;1407;Kommunal;Öckerö kommun;2120001280;Svenska 3;71;9,9;64,8;25,4;46;8,7;56,5;34,8;25;12,0;80,0;8,0;
Öckerö Seglande gymnasieskola;77358716;Öckerö;1407;Kommunal;Öckerö kommun;2120001280;Svenska som andraspråk 3;1;..;..;..;.;.;.;.;1;..;..;..;
Drottning Blankas Gymnasieskola Örebro;64648566;Örebro;1880;Enskild;DBGY Juvelen AB;5565789129;Engelska 5;41;7,3;75,6;17,1;35;..;..;..;6;..;..;..;
Drottning Blankas Gymnasieskola Örebro;64648566;Örebro;1880;Enskild;DBGY Juvelen AB;5565789129;Engelska 6;27;25,9;40,7;33,3;26;..;..;..;1;..;..;..;
Drottning Blankas Gymnasieskola Örebro;64648566;Örebro;1880;Enskild;DBGY Juvelen AB;5565789129;Matematik 1A;45;.;86,7;13,3;38;..;..;..;7;..;..;..;
Drottning Blankas Gymnasieskola Örebro;64648566;Örebro;1880;Enskild;DBGY Juvelen AB;5565789129;Matematik 2B;20;.;95,0;5,0;19;..;..;..;1;..;..;..;
Drottning Blankas Gymnasieskola Örebro;64648566;Örebro;1880;Enskild;DBGY Juvelen AB;5565789129;Svenska 1;35;5,7;74,3;20,0;30;..;..;..;5;..;..;..;
Drottning Blankas Gymnasieskola Örebro;64648566;Örebro;1880;Enskild;DBGY Juvelen AB;5565789129;Svenska 3;22;4,5;72,7;22,7;16;..;..;..;6;..;..;..;
Drottning Blankas Gymnasieskola Örebro;64648566;Örebro;1880;Enskild;DBGY Juvelen AB;5565789129;Svenska som andraspråk 1;13;7,7;84,6;7,7;8;..;..;..;5;..;..;..;
Drottning Blankas Gymnasieskola Örebro;64648566;Örebro;1880;Enskild;DBGY Juvelen AB;5565789129;Svenska som andraspråk 3;2;..;..;..;2;..;..;..;.;.;.;.;
Grillska Gymnasiet Örebro;49739986;Örebro;1880;Enskild;Stadsmissionens Skolstiftelse;8020170794;Engelska 5;21;23,8;76,2;.;1;..;..;..;20;..;..;..;
Grillska Gymnasiet Örebro;49739986;Örebro;1880;Enskild;Stadsmissionens Skolstiftelse;8020170794;Engelska 6;94;8,5;89,4;2,1;27;14,8;77,8;7,4;67;6,0;94,0;.;
Grillska Gymnasiet Örebro;49739986;Örebro;1880;Enskild;Stadsmissionens Skolstiftelse;8020170794;Matematik 1A;24;.;100,0;.;1;..;..;..;23;..;..;..;
Grillska Gymnasiet Örebro;49739986;Örebro;1880;Enskild;Stadsmissionens Skolstiftelse;8020170794;Matematik 2B;47;.;91,5;8,5;17;.;82,4;17,6;30;.;96,7;3,3;
Grillska Gymnasiet Örebro;49739986;Örebro;1880;Enskild;Stadsmissionens Skolstiftelse;8020170794;Matematik 3B;20;.;85,0;15,0;6;..;..;..;14;..;..;..;
Grillska Gymnasiet Örebro;49739986;Örebro;1880;Enskild;Stadsmissionens Skolstiftelse;8020170794;Svenska 1;19;.;94,7;5,3;.;.;.;.;19;..;..;..;
Grillska Gymnasiet Örebro;49739986;Örebro;1880;Enskild;Stadsmissionens Skolstiftelse;8020170794;Svenska 3;66;4,5;84,8;10,6;28;7,1;85,7;7,1;38;2,6;84,2;13,2;
Grillska Gymnasiet Örebro;49739986;Örebro;1880;Enskild;Stadsmissionens Skolstiftelse;8020170794;Svenska som andraspråk 1;3;..;..;..;1;..;..;..;2;..;..;..;
Grillska Gymnasiet Örebro;49739986;Örebro;1880;Enskild;Stadsmissionens Skolstiftelse;8020170794;Svenska som andraspråk 3;20;10,0;70,0;20,0;7;..;..;..;13;..;..;..;
JENSEN Gymnasium Örebro;92192566;Örebro;1880;Enskild;Jensen Education College AB;5566358759;Engelska 6;54;1,9;79,6;18,5;37;2,7;86,5;10,8;17;.;64,7;35,3;
JENSEN Gymnasium Örebro;92192566;Örebro;1880;Enskild;Jensen Education College AB;5566358759;Matematik 2B;31;.;64,5;35,5;24;..;..;..;7;..;..;..;
JENSEN Gymnasium Örebro;92192566;Örebro;1880;Enskild;Jensen Education College AB;5566358759;Matematik 3B;12;.;66,7;33,3;4;..;..;..;8;..;..;..;
JENSEN Gymnasium Örebro;92192566;Örebro;1880;Enskild;Jensen Education College AB;5566358759;Svenska 3;40;5,0;50,0;45,0;22;4,5;45,5;50,0;18;5,6;55,6;38,9;
JENSEN Gymnasium Örebro;92192566;Örebro;1880;Enskild;Jensen Education College AB;5566358759;Svenska som andraspråk 3;33;.;21,2;78,8;18;.;11,1;88,9;15;.;33,3;66,7;
Karolinska gymnasiet;56886667;Örebro;1880;Kommunal;Örebro kommun;2120001967;Engelska 5;23;.;91,3;8,7;10;.;100,0;.;13;.;84,6;15,4;
Karolinska gymnasiet;56886667;Örebro;1880;Kommunal;Örebro kommun;2120001967;Engelska 6;251;12,7;82,1;5,2;181;11,6;82,3;6,1;70;15,7;81,4;2,9;
Karolinska gymnasiet;56886667;Örebro;1880;Kommunal;Örebro kommun;2120001967;Matematik 1A;22;.;95,5;4,5;9;..;..;..;13;..;..;..;
Karolinska gymnasiet;56886667;Örebro;1880;Kommunal;Örebro kommun;2120001967;Matematik 1B;90;.;97,8;2,2;74;.;97,3;2,7;16;.;100,0;.;
Karolinska gymnasiet;56886667;Örebro;1880;Kommunal;Örebro kommun;2120001967;Matematik 2B;80;.;82,5;17,5;65;.;83,1;16,9;15;.;80,0;20,0;
Karolinska gymnasiet;56886667;Örebro;1880;Kommunal;Örebro kommun;2120001967;Svenska 1;26;.;53,8;46,2;13;.;53,8;46,2;13;.;53,8;46,2;
Karolinska gymnasiet;56886667;Örebro;1880;Kommunal;Örebro kommun;2120001967;Svenska 3;201;5,0;70,1;24,9;129;5,4;69,0;25,6;72;4,2;72,2;23,6;
Karolinska gymnasiet;56886667;Örebro;1880;Kommunal;Örebro kommun;2120001967;Svenska som andraspråk 3;25;.;68,0;32,0;17;..;..;..;8;..;..;..;
LBS Kreativa Gymnasiet Örebro;94207720;Örebro;1880;Enskild;Ljud & Bildskolan LBS AB;5564851649;Engelska 6;53;18,9;67,9;13,2;26;3,8;84,6;11,5;27;33,3;51,9;14,8;
LBS Kreativa Gymnasiet Örebro;94207720;Örebro;1880;Enskild;Ljud & Bildskolan LBS AB;5564851649;Matematik 1B;33;.;93,9;6,1;12;.;100,0;.;21;.;90,5;9,5;
LBS Kreativa Gymnasiet Örebro;94207720;Örebro;1880;Enskild;Ljud & Bildskolan LBS AB;5564851649;Matematik 3C;23;.;87,0;13,0;4;..;..;..;19;..;..;..;
LBS Kreativa Gymnasiet Örebro;94207720;Örebro;1880;Enskild;Ljud & Bildskolan LBS AB;5564851649;Svenska 3;66;12,1;42,4;45,5;17;29,4;35,3;35,3;49;6,1;44,9;49,0;
LBS Kreativa Gymnasiet Örebro;94207720;Örebro;1880;Enskild;Ljud & Bildskolan LBS AB;5564851649;Svenska som andraspråk 3;4;..;..;..;2;..;..;..;2;..;..;..;
NTI Gymnasiet Örebro;29225010;Örebro;1880;Enskild;NTI Gymnasiet Ellips AB;5565970471;Engelska 5;16;6,3;68,8;25,0;1;..;..;..;15;..;..;..;
NTI Gymnasiet Örebro;29225010;Örebro;1880;Enskild;NTI Gymnasiet Ellips AB;5565970471;Engelska 6;19;.;68,4;31,6;4;..;..;..;15;..;..;..;
NTI Gymnasiet Örebro;29225010;Örebro;1880;Enskild;NTI Gymnasiet Ellips AB;5565970471;Matematik 1A;18;.;94,4;5,6;.;.;.;.;18;..;..;..;
NTI Gymnasiet Örebro;29225010;Örebro;1880;Enskild;NTI Gymnasiet Ellips AB;5565970471;Matematik 3C;15;.;93,3;6,7;3;..;..;..;12;..;..;..;
NTI Gymnasiet Örebro;29225010;Örebro;1880;Enskild;NTI Gymnasiet Ellips AB;5565970471;Svenska 1;13;15,4;46,2;38,5;2;..;..;..;11;..;..;..;
NTI Gymnasiet Örebro;29225010;Örebro;1880;Enskild;NTI Gymnasiet Ellips AB;5565970471;Svenska 3;23;.;39,1;60,9;4;..;..;..;19;..;..;..;
NTI Gymnasiet Örebro;29225010;Örebro;1880;Enskild;NTI Gymnasiet Ellips AB;5565970471;Svenska som andraspråk 1;2;..;..;..;.;.;.;.;2;..;..;..;
NTI Gymnasiet Örebro;29225010;Örebro;1880;Enskild;NTI Gymnasiet Ellips AB;5565970471;Svenska som andraspråk 3;4;..;..;..;.;.;.;.;4;..;..;..;
Praktiska Gymnasiet Örebro;18691102;Örebro;1880;Enskild;Praktiska Sverige AB;5562575786;Engelska 5;39;7,7;74,4;17,9;7;..;..;..;32;..;..;..;
Praktiska Gymnasiet Örebro;18691102;Örebro;1880;Enskild;Praktiska Sverige AB;5562575786;Matematik 1A;42;2,4;52,4;45,2;8;..;..;..;34;..;..;..;
Praktiska Gymnasiet Örebro;18691102;Örebro;1880;Enskild;Praktiska Sverige AB;5562575786;Svenska 1;49;4,1;42,9;53,1;9;..;..;..;40;..;..;..;
Proffsgymnasiet;70302356;Örebro;1880;Enskild;Proffsgymnasiet Örebro AB;5564869161;Engelska 5;26;23,1;73,1;3,8;3;..;..;..;23;..;..;..;
Proffsgymnasiet;70302356;Örebro;1880;Enskild;Proffsgymnasiet Örebro AB;5564869161;Matematik 1A;28;.;42,9;57,1;6;..;..;..;22;..;..;..;
Proffsgymnasiet;70302356;Örebro;1880;Enskild;Proffsgymnasiet Örebro AB;5564869161;Svenska 1;22;4,5;63,6;31,8;7;..;..;..;15;..;..;..;
Proffsgymnasiet;70302356;Örebro;1880;Enskild;Proffsgymnasiet Örebro AB;5564869161;Svenska som andraspråk 1;6;..;..;..;2;..;..;..;4;..;..;..;
Rudbecksgymnasiet;65421426;Örebro;1880;Kommunal;Örebro kommun;2120001967;Engelska 5;51;9,8;52,9;37,3;35;14,3;68,6;17,1;16;.;18,8;81,3;
Rudbecksgymnasiet;65421426;Örebro;1880;Kommunal;Örebro kommun;2120001967;Engelska 6;251;4,4;76,5;19,1;155;4,5;72,3;23,2;96;4,2;83,3;12,5;
Rudbecksgymnasiet;65421426;Örebro;1880;Kommunal;Örebro kommun;2120001967;Matematik 1A;59;.;88,1;11,9;40;.;82,5;17,5;19;.;100,0;.;
Rudbecksgymnasiet;65421426;Örebro;1880;Kommunal;Örebro kommun;2120001967;Matematik 2B;125;.;84,0;16,0;86;.;84,9;15,1;39;.;82,1;17,9;
Rudbecksgymnasiet;65421426;Örebro;1880;Kommunal;Örebro kommun;2120001967;Matematik 3B;29;.;79,3;20,7;14;.;71,4;28,6;15;.;86,7;13,3;
Rudbecksgymnasiet;65421426;Örebro;1880;Kommunal;Örebro kommun;2120001967;Matematik 3C;16;.;87,5;12,5;11;..;..;..;5;..;..;..;
Rudbecksgymnasiet;65421426;Örebro;1880;Kommunal;Örebro kommun;2120001967;Matematik 4;39;.;89,7;10,3;24;.;87,5;12,5;15;.;93,3;6,7;
Rudbecksgymnasiet;65421426;Örebro;1880;Kommunal;Örebro kommun;2120001967;Svenska 1;46;.;63,0;37,0;30;.;70,0;30,0;16;.;50,0;50,0;
Rudbecksgymnasiet;65421426;Örebro;1880;Kommunal;Örebro kommun;2120001967;Svenska 3;280;3,9;62,5;33,6;194;2,6;62,9;34,5;86;7,0;61,6;31,4;
Rudbecksgymnasiet;65421426;Örebro;1880;Kommunal;Örebro kommun;2120001967;Svenska som andraspråk 1;11;.;90,9;9,1;9;..;..;..;2;..;..;..;
Rudbecksgymnasiet;65421426;Örebro;1880;Kommunal;Örebro kommun;2120001967;Svenska som andraspråk 3;17;.;82,4;17,6;12;..;..;..;5;..;..;..;
Rudbecksgymnasiet RGD-RGH;62394916;Örebro;1880;Kommunal;Örebro kommun;2120001967;Matematik 1B;3;..;..;..;2;..;..;..;1;..;..;..;
Rudbecksgymnasiet RGD-RGH;62394916;Örebro;1880;Kommunal;Örebro kommun;2120001967;Matematik 2B;2;..;..;..;1;..;..;..;1;..;..;..;
Rudbecksgymnasiet RGD-RGH;62394916;Örebro;1880;Kommunal;Örebro kommun;2120001967;Matematik 4;1;..;..;..;.;.;.;.;1;..;..;..;
Rudbecksgymnasiet RGD-RGH;62394916;Örebro;1880;Kommunal;Örebro kommun;2120001967;Svenska 3;12;.;66,7;33,3;7;..;..;..;5;..;..;..;
Rytmus Örebro;67908927;Örebro;1880;Enskild;Rytmus AB;5564648979;Engelska 6;35;.;77,1;22,9;23;.;78,3;21,7;12;.;75,0;25,0;
Rytmus Örebro;67908927;Örebro;1880;Enskild;Rytmus AB;5564648979;Matematik 1B;29;.;100,0;.;18;.;100,0;.;11;.;100,0;.;
Rytmus Örebro;67908927;Örebro;1880;Enskild;Rytmus AB;5564648979;Svenska 3;22;4,5;81,8;13,6;10;10,0;80,0;10,0;12;.;83,3;16,7;
Skandinaviska Skolan i Madrid;34295208;Örebro;1880;Skolverket;Statens Skolverk;2021004185;Engelska 6;48;.;89,6;10,4;26;.;92,3;7,7;22;.;86,4;13,6;
Skandinaviska Skolan i Madrid;34295208;Örebro;1880;Skolverket;Statens Skolverk;2021004185;Svenska 3;2;..;..;..;.;.;.;.;2;..;..;..;
Skandinaviska Skolan i Madrid;34295208;Örebro;1880;Skolverket;Statens Skolverk;2021004185;Svenska som andraspråk 3;2;..;..;..;.;.;.;.;2;..;..;..;
Svenska skolan i London;32191771;Örebro;1880;Skolverket;Statens Skolverk;2021004185;Engelska 6;64;.;90,6;9,4;49;.;89,8;10,2;15;.;93,3;6,7;
Svenska skolan i London;32191771;Örebro;1880;Skolverket;Statens Skolverk;2021004185;Matematik 2B;30;.;73,3;26,7;24;..;..;..;6;..;..;..;
Svenska skolan i London;32191771;Örebro;1880;Skolverket;Statens Skolverk;2021004185;Matematik 3B;1;..;..;..;1;..;..;..;.;.;.;.;
Svenska skolan i London;32191771;Örebro;1880;Skolverket;Statens Skolverk;2021004185;Matematik 4;20;.;90,0;10,0;16;..;..;..;4;..;..;..;
Svenska skolan i London;32191771;Örebro;1880;Skolverket;Statens Skolverk;2021004185;Svenska 3;5;..;..;..;5;..;..;..;.;.;.;.;
Svenska skolan i London;32191771;Örebro;1880;Skolverket;Statens Skolverk;2021004185;Svenska som andraspråk 3;2;..;..;..;1;..;..;..;1;..;..;..;
Svenska Skolan i Nairobi;69350932;Örebro;1880;Skolverket;Statens Skolverk;2021004185;Engelska 6;61;6,6;80,3;13,1;41;2,4;85,4;12,2;20;15,0;70,0;15,0;
Svenska Skolan i Nairobi;69350932;Örebro;1880;Skolverket;Statens Skolverk;2021004185;Matematik 2B;21;.;81,0;19,0;17;..;..;..;4;..;..;..;
Svenska Skolan i Nairobi;69350932;Örebro;1880;Skolverket;Statens Skolverk;2021004185;Matematik 3B;11;.;100,0;.;7;..;..;..;4;..;..;..;
Svenska Skolan i Nairobi;69350932;Örebro;1880;Skolverket;Statens Skolverk;2021004185;Matematik 4;10;.;100,0;.;4;..;..;..;6;..;..;..;
Svenska Skolan i Nairobi;69350932;Örebro;1880;Skolverket;Statens Skolverk;2021004185;Svenska 3;19;10,5;89,5;.;13;..;..;..;6;..;..;..;
Svenska skolan i Paris;39102843;Örebro;1880;Skolverket;Statens Skolverk;2021004185;Engelska 6;54;.;87,0;13,0;43;.;83,7;16,3;11;.;100,0;.;
Svenska skolan i Paris;39102843;Örebro;1880;Skolverket;Statens Skolverk;2021004185;Matematik 2B;27;.;33,3;66,7;21;..;..;..;6;..;..;..;
Svenska skolan i Paris;39102843;Örebro;1880;Skolverket;Statens Skolverk;2021004185;Matematik 3C;1;..;..;..;1;..;..;..;.;.;.;.;
Svenska skolan i Paris;39102843;Örebro;1880;Skolverket;Statens Skolverk;2021004185;Matematik 4;15;6,7;66,7;26,7;12;..;..;..;3;..;..;..;
Svenska skolan i Paris;39102843;Örebro;1880;Skolverket;Statens Skolverk;2021004185;Svenska 3;6;..;..;..;5;..;..;..;1;..;..;..;
Svenska Skolan på Costa del Sol;72203001;Örebro;1880;Skolverket;Statens Skolverk;2021004185;Engelska 6;73;.;95,9;4,1;52;.;96,2;3,8;21;.;95,2;4,8;
Svenska Skolan på Costa del Sol;72203001;Örebro;1880;Skolverket;Statens Skolverk;2021004185;Matematik 2B;32;.;96,9;3,1;26;..;..;..;6;..;..;..;
Svenska Skolan på Costa del Sol;72203001;Örebro;1880;Skolverket;Statens Skolverk;2021004185;Matematik 3B;11;.;81,8;18,2;5;..;..;..;6;..;..;..;
Svenska Skolan på Costa del Sol;72203001;Örebro;1880;Skolverket;Statens Skolverk;2021004185;Matematik 4;16;.;100,0;.;11;..;..;..;5;..;..;..;
Svenska Skolan på Costa del Sol;72203001;Örebro;1880;Skolverket;Statens Skolverk;2021004185;Svenska 3;25;8,0;64,0;28,0;16;..;..;..;9;..;..;..;
Svenska Skolan på Costa del Sol;72203001;Örebro;1880;Skolverket;Statens Skolverk;2021004185;Svenska som andraspråk 3;4;..;..;..;.;.;.;.;4;..;..;..;
Thoren Business School Örebro;72071234;Örebro;1880;Enskild;Thorengruppen AB;5566139290;Engelska 6;197;3,0;76,6;20,3;106;1,9;74,5;23,6;91;4,4;79,1;16,5;
Thoren Business School Örebro;72071234;Örebro;1880;Enskild;Thorengruppen AB;5566139290;Matematik 1A;26;.;76,9;23,1;6;..;..;..;20;..;..;..;
Thoren Business School Örebro;72071234;Örebro;1880;Enskild;Thorengruppen AB;5566139290;Matematik 2B;97;.;68,0;32,0;67;.;65,7;34,3;30;.;73,3;26,7;
Thoren Business School Örebro;72071234;Örebro;1880;Enskild;Thorengruppen AB;5566139290;Matematik 3C;8;..;..;..;6;..;..;..;2;..;..;..;
Thoren Business School Örebro;72071234;Örebro;1880;Enskild;Thorengruppen AB;5566139290;Svenska 3;186;3,2;67,7;29,0;118;4,2;67,8;28,0;68;1,5;67,6;30,9;
Thoren Business School Örebro;72071234;Örebro;1880;Enskild;Thorengruppen AB;5566139290;Svenska som andraspråk 3;13;15,4;76,9;7,7;10;..;..;..;3;..;..;..;
Tullängsgymnasiet;24349146;Örebro;1880;Kommunal;Örebro kommun;2120001967;Engelska 5;176;10,8;78,4;10,8;25;8,0;76,0;16,0;151;11,3;78,8;9,9;
Tullängsgymnasiet;24349146;Örebro;1880;Kommunal;Örebro kommun;2120001967;Engelska 6;114;5,3;90,4;4,4;29;.;96,6;3,4;85;7,1;88,2;4,7;
Tullängsgymnasiet;24349146;Örebro;1880;Kommunal;Örebro kommun;2120001967;Matematik 1A;179;0,6;64,2;35,2;25;4,0;52,0;44,0;154;.;66,2;33,8;
Tullängsgymnasiet;24349146;Örebro;1880;Kommunal;Örebro kommun;2120001967;Matematik 3C;52;.;80,8;19,2;4;..;..;..;48;..;..;..;
Tullängsgymnasiet;24349146;Örebro;1880;Kommunal;Örebro kommun;2120001967;Svenska 1;161;3,7;45,3;50,9;20;.;60,0;40,0;141;4,3;43,3;52,5;
Tullängsgymnasiet;24349146;Örebro;1880;Kommunal;Örebro kommun;2120001967;Svenska 3;81;11,1;63,0;25,9;14;28,6;50,0;21,4;67;7,5;65,7;26,9;
Tullängsgymnasiet;24349146;Örebro;1880;Kommunal;Örebro kommun;2120001967;Svenska som andraspråk 1;5;..;..;..;1;..;..;..;4;..;..;..;
Tullängsgymnasiet;24349146;Örebro;1880;Kommunal;Örebro kommun;2120001967;Svenska som andraspråk 3;9;..;..;..;1;..;..;..;8;..;..;..;
Virginska gymnasiet;15933512;Örebro;1880;Kommunal;Örebro kommun;2120001967;Engelska 6;208;3,4;78,4;18,3;107;2,8;78,5;18,7;101;4,0;78,2;17,8;
Virginska gymnasiet;15933512;Örebro;1880;Kommunal;Örebro kommun;2120001967;Matematik 1A;30;.;96,7;3,3;14;.;100,0;.;16;.;93,8;6,3;
Virginska gymnasiet;15933512;Örebro;1880;Kommunal;Örebro kommun;2120001967;Matematik 2B;78;.;76,9;23,1;39;.;69,2;30,8;39;.;84,6;15,4;
Virginska gymnasiet;15933512;Örebro;1880;Kommunal;Örebro kommun;2120001967;Matematik 3B;56;.;69,6;30,4;23;.;60,9;39,1;33;.;75,8;24,2;
Virginska gymnasiet;15933512;Örebro;1880;Kommunal;Örebro kommun;2120001967;Matematik 4;25;.;92,0;8,0;13;.;92,3;7,7;12;.;91,7;8,3;
Virginska gymnasiet;15933512;Örebro;1880;Kommunal;Örebro kommun;2120001967;Svenska 1;80;3,8;42,5;53,8;52;.;48,1;51,9;28;10,7;32,1;57,1;
Virginska gymnasiet;15933512;Örebro;1880;Kommunal;Örebro kommun;2120001967;Svenska 3;148;2,7;54,1;43,2;72;.;56,9;43,1;76;5,3;51,3;43,4;
Virginska gymnasiet;15933512;Örebro;1880;Kommunal;Örebro kommun;2120001967;Svenska som andraspråk 1;2;..;..;..;2;..;..;..;.;.;.;.;
Virginska gymnasiet;15933512;Örebro;1880;Kommunal;Örebro kommun;2120001967;Svenska som andraspråk 3;2;..;..;..;.;.;.;.;2;..;..;..;
Yrkesgymnasiet Örebro;47692481;Örebro;1880;Enskild;Thorengruppen AB;5566139290;Engelska 5;35;11,4;68,6;20,0;24;12,5;66,7;20,8;11;9,1;72,7;18,2;
Yrkesgymnasiet Örebro;47692481;Örebro;1880;Enskild;Thorengruppen AB;5566139290;Matematik 1A;29;.;31,0;69,0;18;.;27,8;72,2;11;.;36,4;63,6;
Yrkesgymnasiet Örebro;47692481;Örebro;1880;Enskild;Thorengruppen AB;5566139290;Svenska 1;15;6,7;46,7;46,7;13;..;..;..;2;..;..;..;
Yrkesgymnasiet Örebro;47692481;Örebro;1880;Enskild;Thorengruppen AB;5566139290;Svenska som andraspråk 1;14;.;35,7;64,3;9;..;..;..;5;..;..;..;
Hampnäs gymnasium;18072172;Örnsköldsvik;2284;Enskild;Impius Vård och Utbildning AB;5566824693;Engelska 5;4;..;..;..;1;..;..;..;3;..;..;..;
Hampnäs gymnasium;18072172;Örnsköldsvik;2284;Enskild;Impius Vård och Utbildning AB;5566824693;Engelska 6;6;..;..;..;4;..;..;..;2;..;..;..;
Hampnäs gymnasium;18072172;Örnsköldsvik;2284;Enskild;Impius Vård och Utbildning AB;5566824693;Matematik 1A;3;..;..;..;2;..;..;..;1;..;..;..;
Hampnäs gymnasium;18072172;Örnsköldsvik;2284;Enskild;Impius Vård och Utbildning AB;5566824693;Svenska 1;3;..;..;..;1;..;..;..;2;..;..;..;
Hampnäs gymnasium;18072172;Örnsköldsvik;2284;Enskild;Impius Vård och Utbildning AB;5566824693;Svenska 3;5;..;..;..;2;..;..;..;3;..;..;..;
Hampnäs gymnasium;18072172;Örnsköldsvik;2284;Enskild;Impius Vård och Utbildning AB;5566824693;Svenska som andraspråk 3;1;..;..;..;.;.;.;.;1;..;..;..;
Höga kustens teoretiska gymnasium;65833454;Örnsköldsvik;2284;Enskild;Honesta Gymnasieskolor AB;5590258108;Engelska 6;36;.;94,4;5,6;15;.;86,7;13,3;21;.;100,0;.;
Höga kustens teoretiska gymnasium;65833454;Örnsköldsvik;2284;Enskild;Honesta Gymnasieskolor AB;5590258108;Matematik 4;8;..;..;..;2;..;..;..;6;..;..;..;
Höga kustens teoretiska gymnasium;65833454;Örnsköldsvik;2284;Enskild;Honesta Gymnasieskolor AB;5590258108;Svenska 3;27;.;85,2;14,8;18;..;..;..;9;..;..;..;
Höga kustens teoretiska gymnasium;65833454;Örnsköldsvik;2284;Enskild;Honesta Gymnasieskolor AB;5590258108;Svenska som andraspråk 3;8;..;..;..;8;..;..;..;.;.;.;.;
Praktiska Gymnasiet Örnsköldsvik;85188855;Örnsköldsvik;2284;Enskild;Praktiska Sverige AB;5562575786;Engelska 5;46;8,7;84,8;6,5;21;4,8;90,5;4,8;25;12,0;80,0;8,0;
Praktiska Gymnasiet Örnsköldsvik;85188855;Örnsköldsvik;2284;Enskild;Praktiska Sverige AB;5562575786;Matematik 1A;50;2,0;56,0;42,0;23;4,3;65,2;30,4;27;.;48,1;51,9;
Praktiska Gymnasiet Örnsköldsvik;85188855;Örnsköldsvik;2284;Enskild;Praktiska Sverige AB;5562575786;Svenska 1;39;2,6;35,9;61,5;22;4,5;36,4;59,1;17;.;35,3;64,7;
Praktiska Gymnasiet Örnsköldsvik;85188855;Örnsköldsvik;2284;Enskild;Praktiska Sverige AB;5562575786;Svenska som andraspråk 1;2;..;..;..;.;.;.;.;2;..;..;..;
Örnsköldsviks Gymnasium Alfa;11341077;Örnsköldsvik;2284;Kommunal;Örnsköldsviks kommun;2120002445;Engelska 6;29;.;82,8;17,2;24;..;..;..;5;..;..;..;
Örnsköldsviks Gymnasium Alfa;11341077;Örnsköldsvik;2284;Kommunal;Örnsköldsviks kommun;2120002445;Matematik 1B;25;.;88,0;12,0;20;..;..;..;5;..;..;..;
Örnsköldsviks Gymnasium Alfa;11341077;Örnsköldsvik;2284;Kommunal;Örnsköldsviks kommun;2120002445;Svenska 3;17;23,5;47,1;29,4;16;..;..;..;1;..;..;..;
Örnsköldsviks Gymnasium Beta;39528347;Örnsköldsvik;2284;Kommunal;Örnsköldsviks kommun;2120002445;Engelska 5;55;7,3;67,3;25,5;7;..;..;..;48;..;..;..;
Örnsköldsviks Gymnasium Beta;39528347;Örnsköldsvik;2284;Kommunal;Örnsköldsviks kommun;2120002445;Matematik 1A;69;5,8;81,2;13,0;7;..;..;..;62;..;..;..;
Örnsköldsviks Gymnasium Beta;39528347;Örnsköldsvik;2284;Kommunal;Örnsköldsviks kommun;2120002445;Svenska 1;69;.;62,3;37,7;7;..;..;..;62;..;..;..;
Örnsköldsviks Gymnasium Delta;34988313;Örnsköldsvik;2284;Kommunal;Örnsköldsviks kommun;2120002445;Engelska 5;21;4,8;95,2;.;15;..;..;..;6;..;..;..;
Örnsköldsviks Gymnasium Delta;34988313;Örnsköldsvik;2284;Kommunal;Örnsköldsviks kommun;2120002445;Engelska 6;37;27,0;64,9;8,1;23;21,7;69,6;8,7;14;35,7;57,1;7,1;
Örnsköldsviks Gymnasium Delta;34988313;Örnsköldsvik;2284;Kommunal;Örnsköldsviks kommun;2120002445;Matematik 1A;25;.;64,0;36,0;19;..;..;..;6;..;..;..;
Örnsköldsviks Gymnasium Delta;34988313;Örnsköldsvik;2284;Kommunal;Örnsköldsviks kommun;2120002445;Matematik 3C;9;..;..;..;5;..;..;..;4;..;..;..;
Örnsköldsviks Gymnasium Delta;34988313;Örnsköldsvik;2284;Kommunal;Örnsköldsviks kommun;2120002445;Svenska 1;24;.;62,5;37,5;19;..;..;..;5;..;..;..;
Örnsköldsviks Gymnasium Delta;34988313;Örnsköldsvik;2284;Kommunal;Örnsköldsviks kommun;2120002445;Svenska 3;47;6,4;44,7;48,9;29;3,4;48,3;48,3;18;11,1;38,9;50,0;
Örnsköldsviks Gymnasium Delta;34988313;Örnsköldsvik;2284;Kommunal;Örnsköldsviks kommun;2120002445;Svenska som andraspråk 1;1;..;..;..;.;.;.;.;1;..;..;..;
Örnsköldsviks Gymnasium Epsilon;56274556;Örnsköldsvik;2284;Kommunal;Örnsköldsviks kommun;2120002445;Engelska 5;26;26,9;50,0;23,1;24;..;..;..;2;..;..;..;
Örnsköldsviks Gymnasium Epsilon;56274556;Örnsköldsvik;2284;Kommunal;Örnsköldsviks kommun;2120002445;Matematik 1A;25;.;88,0;12,0;24;..;..;..;1;..;..;..;
Örnsköldsviks Gymnasium Epsilon;56274556;Örnsköldsvik;2284;Kommunal;Örnsköldsviks kommun;2120002445;Svenska 1;19;.;78,9;21,1;19;..;..;..;.;.;.;.;
Örnsköldsviks Gymnasium Epsilon;56274556;Örnsköldsvik;2284;Kommunal;Örnsköldsviks kommun;2120002445;Svenska som andraspråk 1;7;..;..;..;5;..;..;..;2;..;..;..;
Örnsköldsviks Gymnasium Gamma;85473846;Örnsköldsvik;2284;Kommunal;Örnsköldsviks kommun;2120002445;Engelska 5;33;3,0;90,9;6,1;23;4,3;91,3;4,3;10;.;90,0;10,0;
Örnsköldsviks Gymnasium Gamma;85473846;Örnsköldsvik;2284;Kommunal;Örnsköldsviks kommun;2120002445;Matematik 1A;32;3,1;87,5;9,4;22;4,5;81,8;13,6;10;.;100,0;.;
Örnsköldsviks Gymnasium Gamma;85473846;Örnsköldsvik;2284;Kommunal;Örnsköldsviks kommun;2120002445;Svenska 1;62;.;67,7;32,3;30;.;66,7;33,3;32;.;68,8;31,3;
Örnsköldsviks Gymnasium Gamma;85473846;Örnsköldsvik;2284;Kommunal;Örnsköldsviks kommun;2120002445;Svenska som andraspråk 1;5;..;..;..;.;.;.;.;5;..;..;..;
Örnsköldsviks Gymnasium Lambda;89690587;Örnsköldsvik;2284;Kommunal;Örnsköldsviks kommun;2120002445;Engelska 6;112;9,8;75,9;14,3;65;6,2;86,2;7,7;47;14,9;61,7;23,4;
Örnsköldsviks Gymnasium Lambda;89690587;Örnsköldsvik;2284;Kommunal;Örnsköldsviks kommun;2120002445;Matematik 2B;59;.;57,6;42,4;49;.;57,1;42,9;10;.;60,0;40,0;
Örnsköldsviks Gymnasium Lambda;89690587;Örnsköldsvik;2284;Kommunal;Örnsköldsviks kommun;2120002445;Matematik 3B;26;.;76,9;23,1;14;.;71,4;28,6;12;.;83,3;16,7;
Örnsköldsviks Gymnasium Lambda;89690587;Örnsköldsvik;2284;Kommunal;Örnsköldsviks kommun;2120002445;Svenska 3;78;6,4;65,4;28,2;55;5,5;63,6;30,9;23;8,7;69,6;21,7;
Örnsköldsviks Gymnasium Omega;28045567;Örnsköldsvik;2284;Kommunal;Örnsköldsviks kommun;2120002445;Engelska 6;82;9,8;76,8;13,4;51;5,9;80,4;13,7;31;16,1;71,0;12,9;
Örnsköldsviks Gymnasium Omega;28045567;Örnsköldsvik;2284;Kommunal;Örnsköldsviks kommun;2120002445;Matematik 2B;85;.;56,5;43,5;50;.;62,0;38,0;35;.;48,6;51,4;
Örnsköldsviks Gymnasium Omega;28045567;Örnsköldsvik;2284;Kommunal;Örnsköldsviks kommun;2120002445;Svenska 3;59;5,1;79,7;15,3;36;.;83,3;16,7;23;13,0;73,9;13,0;
Örnsköldsviks Gymnasium Sigma;20768651;Örnsköldsvik;2284;Kommunal;Örnsköldsviks kommun;2120002445;Engelska 6;38;5,3;92,1;2,6;12;8,3;83,3;8,3;26;3,8;96,2;.;
Örnsköldsviks Gymnasium Sigma;20768651;Örnsköldsvik;2284;Kommunal;Örnsköldsviks kommun;2120002445;Matematik 1A;15;.;86,7;13,3;1;..;..;..;14;..;..;..;
Örnsköldsviks Gymnasium Sigma;20768651;Örnsköldsvik;2284;Kommunal;Örnsköldsviks kommun;2120002445;Matematik 3C;36;2,8;86,1;11,1;12;.;83,3;16,7;24;4,2;87,5;8,3;
Örnsköldsviks Gymnasium Sigma;20768651;Örnsköldsvik;2284;Kommunal;Örnsköldsviks kommun;2120002445;Svenska 1;15;.;73,3;26,7;1;..;..;..;14;..;..;..;
Örnsköldsviks Gymnasium Sigma;20768651;Örnsköldsvik;2284;Kommunal;Örnsköldsviks kommun;2120002445;Svenska 3;34;.;61,8;38,2;10;.;70,0;30,0;24;.;58,3;41,7;
Örnsköldsviks Gymnasium Sigma;20768651;Örnsköldsvik;2284;Kommunal;Örnsköldsviks kommun;2120002445;Svenska som andraspråk 3;6;..;..;..;1;..;..;..;5;..;..;..;
Jämtlands Gymn, Fyrvalla 3A;32239920;Östersund;2380;Kommunal;Jämtlands Gymnasieförbund;2220001636;Engelska 5;86;20,9;76,7;2,3;22;9,1;90,9;.;64;25,0;71,9;3,1;
Jämtlands Gymn, Fyrvalla 3A;32239920;Östersund;2380;Kommunal;Jämtlands Gymnasieförbund;2220001636;Matematik 1A;79;.;68,4;31,6;24;.;62,5;37,5;55;.;70,9;29,1;
Jämtlands Gymn, Fyrvalla 3A;32239920;Östersund;2380;Kommunal;Jämtlands Gymnasieförbund;2220001636;Svenska 1;90;.;57,8;42,2;24;.;66,7;33,3;66;.;54,5;45,5;
Jämtlands Gymn, Fyrvalla 3B;68310175;Östersund;2380;Kommunal;Jämtlands Gymnasieförbund;2220001636;Engelska 5;2;..;..;..;.;.;.;.;2;..;..;..;
Jämtlands Gymn, Fyrvalla 3B;68310175;Östersund;2380;Kommunal;Jämtlands Gymnasieförbund;2220001636;Matematik 1A;2;..;..;..;.;.;.;.;2;..;..;..;
Jämtlands Gymn, Fyrvalla 3B;68310175;Östersund;2380;Kommunal;Jämtlands Gymnasieförbund;2220001636;Svenska 1;2;..;..;..;.;.;.;.;2;..;..;..;
Jämtlands Gymn, Fyrvalla 3C;33467604;Östersund;2380;Kommunal;Jämtlands Gymnasieförbund;2220001636;Engelska 5;85;35,3;58,8;5,9;16;18,8;62,5;18,8;69;39,1;58,0;2,9;
Jämtlands Gymn, Fyrvalla 3C;33467604;Östersund;2380;Kommunal;Jämtlands Gymnasieförbund;2220001636;Matematik 1A;85;4,7;72,9;22,4;15;13,3;46,7;40,0;70;2,9;78,6;18,6;
Jämtlands Gymn, Fyrvalla 3C;33467604;Östersund;2380;Kommunal;Jämtlands Gymnasieförbund;2220001636;Svenska 1;79;.;69,6;30,4;14;.;64,3;35,7;65;.;70,8;29,2;
Jämtlands Gymn, Wargentin 1B;28872974;Östersund;2380;Kommunal;Jämtlands Gymnasieförbund;2220001636;Engelska 6;137;19,7;68,6;11,7;53;11,3;69,8;18,9;84;25,0;67,9;7,1;
Jämtlands Gymn, Wargentin 1B;28872974;Östersund;2380;Kommunal;Jämtlands Gymnasieförbund;2220001636;Matematik 3C;74;1,4;75,7;23,0;23;4,3;69,6;26,1;51;.;78,4;21,6;
Jämtlands Gymn, Wargentin 1B;28872974;Östersund;2380;Kommunal;Jämtlands Gymnasieförbund;2220001636;Matematik 4;62;.;80,6;19,4;30;.;80,0;20,0;32;.;81,3;18,8;
Jämtlands Gymn, Wargentin 1B;28872974;Östersund;2380;Kommunal;Jämtlands Gymnasieförbund;2220001636;Svenska 3;117;2,6;64,1;33,3;54;1,9;55,6;42,6;63;3,2;71,4;25,4;
Jämtlands Gymn, Wargentin 1B;28872974;Östersund;2380;Kommunal;Jämtlands Gymnasieförbund;2220001636;Svenska som andraspråk 3;9;..;..;..;3;..;..;..;6;..;..;..;
Jämtlands Gymn, Wargentin 1C;85760240;Östersund;2380;Kommunal;Jämtlands Gymnasieförbund;2220001636;Matematik 2B;4;..;..;..;2;..;..;..;2;..;..;..;
Jämtlands Gymn, Wargentin 1E;69812576;Östersund;2380;Kommunal;Jämtlands Gymnasieförbund;2220001636;Engelska 6;132;25,0;70,5;4,5;73;26,0;69,9;4,1;59;23,7;71,2;5,1;
Jämtlands Gymn, Wargentin 1E;69812576;Östersund;2380;Kommunal;Jämtlands Gymnasieförbund;2220001636;Matematik 1B;1;..;..;..;1;..;..;..;.;.;.;.;
Jämtlands Gymn, Wargentin 1E;69812576;Östersund;2380;Kommunal;Jämtlands Gymnasieförbund;2220001636;Matematik 2B;43;.;76,7;23,3;27;.;70,4;29,6;16;.;87,5;12,5;
Jämtlands Gymn, Wargentin 1E;69812576;Östersund;2380;Kommunal;Jämtlands Gymnasieförbund;2220001636;Matematik 3B;41;.;87,8;12,2;24;.;83,3;16,7;17;.;94,1;5,9;
Jämtlands Gymn, Wargentin 1E;69812576;Östersund;2380;Kommunal;Jämtlands Gymnasieförbund;2220001636;Svenska 3;66;3,0;47,0;50,0;39;.;56,4;43,6;27;7,4;33,3;59,3;
Jämtlands Gymn, Wargentin 1E;69812576;Östersund;2380;Kommunal;Jämtlands Gymnasieförbund;2220001636;Svenska som andraspråk 3;11;27,3;72,7;.;6;..;..;..;5;..;..;..;
Jämtlands Gymn, Wargentin 2A;18686599;Östersund;2380;Kommunal;Jämtlands Gymnasieförbund;2220001636;Engelska 5;7;..;..;..;1;..;..;..;6;..;..;..;
Jämtlands Gymn, Wargentin 2A;18686599;Östersund;2380;Kommunal;Jämtlands Gymnasieförbund;2220001636;Engelska 6;54;7,4;79,6;13,0;14;7,1;64,3;28,6;40;7,5;85,0;7,5;
Jämtlands Gymn, Wargentin 2A;18686599;Östersund;2380;Kommunal;Jämtlands Gymnasieförbund;2220001636;Matematik 1A;7;..;..;..;1;..;..;..;6;..;..;..;
Jämtlands Gymn, Wargentin 2A;18686599;Östersund;2380;Kommunal;Jämtlands Gymnasieförbund;2220001636;Matematik 2B;20;.;70,0;30,0;7;..;..;..;13;..;..;..;
Jämtlands Gymn, Wargentin 2A;18686599;Östersund;2380;Kommunal;Jämtlands Gymnasieförbund;2220001636;Matematik 3B;27;.;77,8;22,2;6;..;..;..;21;..;..;..;
Jämtlands Gymn, Wargentin 2A;18686599;Östersund;2380;Kommunal;Jämtlands Gymnasieförbund;2220001636;Matematik 4;15;.;86,7;13,3;10;..;..;..;5;..;..;..;
Jämtlands Gymn, Wargentin 2A;18686599;Östersund;2380;Kommunal;Jämtlands Gymnasieförbund;2220001636;Svenska 1;7;..;..;..;2;..;..;..;5;..;..;..;
Jämtlands Gymn, Wargentin 2A;18686599;Östersund;2380;Kommunal;Jämtlands Gymnasieförbund;2220001636;Svenska 3;58;.;46,6;53,4;24;.;41,7;58,3;34;.;50,0;50,0;
Jämtlands Gymn, Wargentin 2A;18686599;Östersund;2380;Kommunal;Jämtlands Gymnasieförbund;2220001636;Svenska som andraspråk 1;1;..;..;..;.;.;.;.;1;..;..;..;
Jämtlands Gymn, Wargentin 2B;93779220;Östersund;2380;Kommunal;Jämtlands Gymnasieförbund;2220001636;Engelska 6;103;25,2;68,9;5,8;80;20,0;73,8;6,3;23;43,5;52,2;4,3;
Jämtlands Gymn, Wargentin 2B;93779220;Östersund;2380;Kommunal;Jämtlands Gymnasieförbund;2220001636;Matematik 2B;113;.;65,5;34,5;85;.;65,9;34,1;28;.;64,3;35,7;
Jämtlands Gymn, Wargentin 2B;93779220;Östersund;2380;Kommunal;Jämtlands Gymnasieförbund;2220001636;Svenska 3;96;6,3;55,2;38,5;68;5,9;58,8;35,3;28;7,1;46,4;46,4;
Jämtlands Gymn, Wargentin 2B;93779220;Östersund;2380;Kommunal;Jämtlands Gymnasieförbund;2220001636;Svenska som andraspråk 3;7;..;..;..;2;..;..;..;5;..;..;..;
Jämtlands Gymn, Wargentin 2C;77797484;Östersund;2380;Kommunal;Jämtlands Gymnasieförbund;2220001636;Engelska 5;19;10,5;73,7;15,8;9;..;..;..;10;..;..;..;
Jämtlands Gymn, Wargentin 2C;77797484;Östersund;2380;Kommunal;Jämtlands Gymnasieförbund;2220001636;Engelska 6;52;21,2;67,3;11,5;39;20,5;64,1;15,4;13;23,1;76,9;.;
Jämtlands Gymn, Wargentin 2C;77797484;Östersund;2380;Kommunal;Jämtlands Gymnasieförbund;2220001636;Matematik 1A;22;.;81,8;18,2;11;.;72,7;27,3;11;.;90,9;9,1;
Jämtlands Gymn, Wargentin 2C;77797484;Östersund;2380;Kommunal;Jämtlands Gymnasieförbund;2220001636;Matematik 1B;60;.;88,3;11,7;46;.;87,0;13,0;14;.;92,9;7,1;
Jämtlands Gymn, Wargentin 2C;77797484;Östersund;2380;Kommunal;Jämtlands Gymnasieförbund;2220001636;Svenska 3;57;5,3;47,4;47,4;41;7,3;46,3;46,3;16;.;50,0;50,0;
Jämtlands Gymn, Wargentin 2C;77797484;Östersund;2380;Kommunal;Jämtlands Gymnasieförbund;2220001636;Svenska som andraspråk 1;1;..;..;..;1;..;..;..;.;.;.;.;
Jämtlands Gymn, Wargentin 2C;77797484;Östersund;2380;Kommunal;Jämtlands Gymnasieförbund;2220001636;Svenska som andraspråk 3;3;..;..;..;3;..;..;..;.;.;.;.;
Jämtlands Gymn, Wargentin 2D;53279140;Östersund;2380;Kommunal;Jämtlands Gymnasieförbund;2220001636;Engelska 5;18;5,6;94,4;.;17;..;..;..;1;..;..;..;
Jämtlands Gymn, Wargentin 2D;53279140;Östersund;2380;Kommunal;Jämtlands Gymnasieförbund;2220001636;Matematik 1A;44;.;88,6;11,4;41;..;..;..;3;..;..;..;
Jämtlands Gymn, Wargentin 2D;53279140;Östersund;2380;Kommunal;Jämtlands Gymnasieförbund;2220001636;Svenska 1;39;5,1;59,0;35,9;36;..;..;..;3;..;..;..;
Jämtlands Gymn, Wargentin 2D;53279140;Östersund;2380;Kommunal;Jämtlands Gymnasieförbund;2220001636;Svenska som andraspråk 1;2;..;..;..;2;..;..;..;.;.;.;.;
Jämtlands Gymn, Wargentin 2E;24643177;Östersund;2380;Kommunal;Jämtlands Gymnasieförbund;2220001636;Engelska 5;16;25,0;75,0;.;11;..;..;..;5;..;..;..;
Jämtlands Gymn, Wargentin 2E;24643177;Östersund;2380;Kommunal;Jämtlands Gymnasieförbund;2220001636;Matematik 1A;16;.;87,5;12,5;11;..;..;..;5;..;..;..;
Jämtlands Gymn, Wargentin 2E;24643177;Östersund;2380;Kommunal;Jämtlands Gymnasieförbund;2220001636;Svenska 1;9;..;..;..;6;..;..;..;3;..;..;..;
Storsjögymnasiet, Östersund;80785976;Östersund;2380;Enskild;Honesta Skolutveckling AB;5569173635;Engelska 5;26;11,5;69,2;19,2;13;23,1;69,2;7,7;13;.;69,2;30,8;
Storsjögymnasiet, Östersund;80785976;Östersund;2380;Enskild;Honesta Skolutveckling AB;5569173635;Engelska 6;32;12,5;56,3;31,3;18;5,6;66,7;27,8;14;21,4;42,9;35,7;
Storsjögymnasiet, Östersund;80785976;Östersund;2380;Enskild;Honesta Skolutveckling AB;5569173635;Matematik 1A;9;..;..;..;2;..;..;..;7;..;..;..;
Storsjögymnasiet, Östersund;80785976;Östersund;2380;Enskild;Honesta Skolutveckling AB;5569173635;Matematik 2B;7;..;..;..;2;..;..;..;5;..;..;..;
Storsjögymnasiet, Östersund;80785976;Östersund;2380;Enskild;Honesta Skolutveckling AB;5569173635;Matematik 3B;6;..;..;..;1;..;..;..;5;..;..;..;
Storsjögymnasiet, Östersund;80785976;Östersund;2380;Enskild;Honesta Skolutveckling AB;5569173635;Matematik 3C;8;..;..;..;1;..;..;..;7;..;..;..;
Storsjögymnasiet, Östersund;80785976;Östersund;2380;Enskild;Honesta Skolutveckling AB;5569173635;Svenska 1;24;16,7;58,3;25,0;13;7,7;69,2;23,1;11;27,3;45,5;27,3;
Storsjögymnasiet, Östersund;80785976;Östersund;2380;Enskild;Honesta Skolutveckling AB;5569173635;Svenska 3;47;8,5;63,8;27,7;23;8,7;65,2;26,1;24;8,3;62,5;29,2;
Östersunds Gymnasieskola;47559319;Östersund;2380;Enskild;Östersunds gymnasieskola AB;5567212641;Engelska 5;14;42,9;57,1;.;6;..;..;..;8;..;..;..;
Östersunds Gymnasieskola;47559319;Östersund;2380;Enskild;Östersunds gymnasieskola AB;5567212641;Engelska 6;11;18,2;45,5;36,4;10;..;..;..;1;..;..;..;
Östersunds Gymnasieskola;47559319;Östersund;2380;Enskild;Östersunds gymnasieskola AB;5567212641;Matematik 1A;23;.;52,2;47,8;4;..;..;..;19;..;..;..;
Östersunds Gymnasieskola;47559319;Östersund;2380;Enskild;Östersunds gymnasieskola AB;5567212641;Matematik 2B;7;..;..;..;7;..;..;..;.;.;.;.;
Östersunds Gymnasieskola;47559319;Östersund;2380;Enskild;Östersunds gymnasieskola AB;5567212641;Matematik 3B;6;..;..;..;3;..;..;..;3;..;..;..;
Östersunds Gymnasieskola;47559319;Östersund;2380;Enskild;Östersunds gymnasieskola AB;5567212641;Matematik 4;2;..;..;..;1;..;..;..;1;..;..;..;
Östersunds Gymnasieskola;47559319;Östersund;2380;Enskild;Östersunds gymnasieskola AB;5567212641;Svenska 1;11;.;100,0;.;2;..;..;..;9;..;..;..;
Östersunds Gymnasieskola;47559319;Östersund;2380;Enskild;Östersunds gymnasieskola AB;5567212641;Svenska 3;23;4,3;69,6;26,1;16;..;..;..;7;..;..;..;
Östersunds Gymnasieskola;47559319;Östersund;2380;Enskild;Östersunds gymnasieskola AB;5567212641;Svenska som andraspråk 1;4;..;..;..;2;..;..;..;2;..;..;..;
Östersunds Gymnasieskola;47559319;Östersund;2380;Enskild;Östersunds gymnasieskola AB;5567212641;Svenska som andraspråk 3;6;..;..;..;4;..;..;..;2;..;..;..;
Skärgårdsgymnasiet;56187883;Österåker;0117;Enskild;Au Claves AB;5567284822;Engelska 5;116;12,1;53,4;34,5;39;7,7;38,5;53,8;77;14,3;61,0;24,7;
Skärgårdsgymnasiet;56187883;Österåker;0117;Enskild;Au Claves AB;5567284822;Matematik 1A;114;3,5;73,7;22,8;38;2,6;78,9;18,4;76;3,9;71,1;25,0;
Skärgårdsgymnasiet;56187883;Österåker;0117;Enskild;Au Claves AB;5567284822;Svenska 1;108;11,1;44,4;44,4;35;17,1;45,7;37,1;73;8,2;43,8;47,9;
Skärgårdsgymnasiet;56187883;Österåker;0117;Enskild;Au Claves AB;5567284822;Svenska som andraspråk 1;4;..;..;..;1;..;..;..;3;..;..;..;
Österåkers gymnasium;20752831;Österåker;0117;Kommunal;Österåkers kommun;2120002890;Engelska 6;151;6,6;78,8;14,6;65;7,7;72,3;20,0;86;5,8;83,7;10,5;
Österåkers gymnasium;20752831;Österåker;0117;Kommunal;Österåkers kommun;2120002890;Matematik 2B;79;.;67,1;32,9;45;.;68,9;31,1;34;.;64,7;35,3;
Österåkers gymnasium;20752831;Österåker;0117;Kommunal;Österåkers kommun;2120002890;Matematik 3B;29;.;75,9;24,1;8;..;..;..;21;..;..;..;
Österåkers gymnasium;20752831;Österåker;0117;Kommunal;Österåkers kommun;2120002890;Matematik 3C;16;.;87,5;12,5;1;..;..;..;15;..;..;..;
Österåkers gymnasium;20752831;Österåker;0117;Kommunal;Österåkers kommun;2120002890;Svenska 3;141;14,2;58,2;27,7;53;9,4;60,4;30,2;88;17,0;56,8;26,1;
Österåkers gymnasium;20752831;Österåker;0117;Kommunal;Österåkers kommun;2120002890;Svenska som andraspråk 3;8;..;..;..;4;..;..;..;4;..;..;..;
Bruksgymnasiet/Gimo utb.centr.;51023367;Östhammar;0382;Kommunal;Östhammars kommun;2120000290;Engelska 5;47;19,1;74,5;6,4;17;11,8;76,5;11,8;30;23,3;73,3;3,3;
Bruksgymnasiet/Gimo utb.centr.;51023367;Östhammar;0382;Kommunal;Östhammars kommun;2120000290;Engelska 6;47;10,6;72,3;17,0;35;8,6;74,3;17,1;12;16,7;66,7;16,7;
Bruksgymnasiet/Gimo utb.centr.;51023367;Östhammar;0382;Kommunal;Östhammars kommun;2120000290;Matematik 1A;50;.;66,0;34,0;18;.;66,7;33,3;32;.;65,6;34,4;
Bruksgymnasiet/Gimo utb.centr.;51023367;Östhammar;0382;Kommunal;Östhammars kommun;2120000290;Matematik 1B;5;..;..;..;5;..;..;..;.;.;.;.;
Bruksgymnasiet/Gimo utb.centr.;51023367;Östhammar;0382;Kommunal;Östhammars kommun;2120000290;Matematik 2B;16;.;75,0;25,0;15;..;..;..;1;..;..;..;
Bruksgymnasiet/Gimo utb.centr.;51023367;Östhammar;0382;Kommunal;Östhammars kommun;2120000290;Matematik 3B;19;.;84,2;15,8;10;..;..;..;9;..;..;..;
Bruksgymnasiet/Gimo utb.centr.;51023367;Östhammar;0382;Kommunal;Östhammars kommun;2120000290;Matematik 4;10;.;70,0;30,0;8;..;..;..;2;..;..;..;
Bruksgymnasiet/Gimo utb.centr.;51023367;Östhammar;0382;Kommunal;Östhammars kommun;2120000290;Svenska 1;41;.;56,1;43,9;12;.;50,0;50,0;29;.;58,6;41,4;
Bruksgymnasiet/Gimo utb.centr.;51023367;Östhammar;0382;Kommunal;Östhammars kommun;2120000290;Svenska 3;46;4,3;56,5;39,1;29;6,9;51,7;41,4;17;.;64,7;35,3;
Bruksgymnasiet/Gimo utb.centr.;51023367;Östhammar;0382;Kommunal;Östhammars kommun;2120000290;Svenska som andraspråk 1;3;..;..;..;2;..;..;..;1;..;..;..;
Bruksgymnasiet/Gimo utb.centr.;51023367;Östhammar;0382;Kommunal;Östhammars kommun;2120000290;Svenska som andraspråk 3;2;..;..;..;2;..;..;..;.;.;.;.;
Vattenfallgymnasiet;34739511;Östhammar;0382;Enskild;Forsmarks Gymnasium AB;5566597885;Engelska 6;29;31,0;69,0;.;3;..;..;..;26;..;..;..;
Vattenfallgymnasiet;34739511;Östhammar;0382;Enskild;Forsmarks Gymnasium AB;5566597885;Matematik 4;14;.;92,9;7,1;1;..;..;..;13;..;..;..;
Vattenfallgymnasiet;34739511;Östhammar;0382;Enskild;Forsmarks Gymnasium AB;5566597885;Svenska 3;23;4,3;65,2;30,4;7;..;..;..;16;..;..;..;
Wilhelm Haglunds Gymnasium;95069937;Östhammar;0382;Enskild;Gimo UtbildningsAktiebolag;5560614041;Engelska 5;17;29,4;70,6;.;3;..;..;..;14;..;..;..;
Wilhelm Haglunds Gymnasium;95069937;Östhammar;0382;Enskild;Gimo UtbildningsAktiebolag;5560614041;Matematik 1A;11;36,4;45,5;18,2;2;..;..;..;9;..;..;..;
Wilhelm Haglunds Gymnasium;95069937;Östhammar;0382;Enskild;Gimo UtbildningsAktiebolag;5560614041;Svenska 1;14;7,1;64,3;28,6;3;..;..;..;11;..;..;..;
Wilhelm Haglunds Gymnasium;95069937;Östhammar;0382;Enskild;Gimo UtbildningsAktiebolag;5560614041;Svenska som andraspråk 1;3;..;..;..;.;.;.;.;3;..;..;..;
Gränsälvsgymnasiet;52690153;Övertorneå;2518;Kommunal;Övertorneå kommun;2120002700;Engelska 5;20;5,0;85,0;10,0;12;..;..;..;8;..;..;..;
Gränsälvsgymnasiet;52690153;Övertorneå;2518;Kommunal;Övertorneå kommun;2120002700;Engelska 6;7;..;..;..;4;..;..;..;3;..;..;..;
Gränsälvsgymnasiet;52690153;Övertorneå;2518;Kommunal;Övertorneå kommun;2120002700;Matematik 1A;23;8,7;82,6;8,7;14;..;..;..;9;..;..;..;
Gränsälvsgymnasiet;52690153;Övertorneå;2518;Kommunal;Övertorneå kommun;2120002700;Matematik 2B;5;..;..;..;2;..;..;..;3;..;..;..;
Gränsälvsgymnasiet;52690153;Övertorneå;2518;Kommunal;Övertorneå kommun;2120002700;Matematik 3B;1;..;..;..;1;..;..;..;.;.;.;.;
Gränsälvsgymnasiet;52690153;Övertorneå;2518;Kommunal;Övertorneå kommun;2120002700;Svenska 1;20;5,0;75,0;20,0;12;..;..;..;8;..;..;..;
Gränsälvsgymnasiet;52690153;Övertorneå;2518;Kommunal;Övertorneå kommun;2120002700;Svenska som andraspråk 1;1;..;..;..;.;.;.;.;1;..;..;..;

Rapportbeskrivning och definitioner etc. 

I statistiken ingår elever med både betyg (preliminärt) och provbetyg i respektive kurs eller nivå.
Det krävs att man utfört alla delprov i det ordinarie provet för att kunna få ett provbetyg.
En större andel elever saknar betyg på hösten jämfört med våren.

För att avvikelsen mellan betyg och provbetyg ska kunna jämföras på ett rättvisande sätt mellan exempelvis skolor eller huvudmän
krävs att de har samma, eller nästan samma, provresultat. Om så inte är fallet riskerar jämförelsen att påverkas av den s.k. takeffekten.
Takeffekten innebär att en hög andel elever med provbetyg A i regel leder till lägre betygsavvikelse eftersom dessa elever inte kan få
ett högre betyg än provbetyg. Samtidigt tenderar en hög andel elever med provbetyg F att ge en högre betygsavvikelse,
eftersom det är relativt vanligt att elever får provbetyg F men betyg E.

Om antalet eller andelen är noll visas enkelprick (.) istället för 0 i tabellerna. Om antalet elever med betyg och
provbetyg på ett enskilt prov är färre än 10 elever, dubbelprickas (..) samtliga andelsuppgifter. Om det ena könet prickas
enligt regeln om färre än 10 elever, prickas även det andra könet.
 

Antal elever;Antal elever som har både provbetyg och betyg;
Andel lägre;Lägre betyder att betyget är ett eller flera betygssteg under provbetyget;
Andel lika;Lika, ingen avvikelse, betyder att eleven har fått samma betyg som provbetyg;
Andel högre;Högre betyder att betyget är ett eller flera betygssteg över provbetyget;
Antal kvinnor;Antal kvinnliga elever som har både provbetyg och betyg;
Antal män;Antal manliga elever som har både provbetyg och betyg;

Provobligatoriet regleras i 8 kap. 3 § Gymnasieförordningen (2010:2039)
Resultaten fram till och med publiceringen HT17 avser elever som har genomfört ett ordinarie nationellt prov samt har ett sammanvägt provbetyg.
Resultaten från och med publiceringen VT18 avser endast elever som har deltagit i ett för dem obligatoriskt nationellt prov och genomfört den ordinarie provversionen samt har ett sammanvägt provbetyg.

Publiceringen HT24: Under HT24 genomfördes proven i engelska 5, engelska 6, svenska och svenska som andraspråk 3 digitalt. Dessa prov saknar insamling av preliminära kursbetyg.
Publiceringen VT25: Resultaten för VT25 och kurserna engelska 5, engelska 6, svenska 3 samt svenska som andra språk 3 avser redovisningen elever som genomfört det prov på papper som ersatte ordinarie digitalt prov.

Publicering från och med HT25: Elever som påbörjat sin utbildning efter 1 juli 2025 läser enligt läroplan Gy25 vilket innebär att de läser ämnen och varje ämne är uppdelat i flera nivåer. De elever som fortfarande läser i 
gymnasieskolan enligt läroplan Gy11 läser kurser. Provobligatoriet överförs från kurs till korresponderande ämnesnivå. Prov från korresponderande kurs och ämnesnivå redovisas
i samma tabell.
 


