Statistik från Skolverket, https://www.skolverket.se

Gymnasieskola - Relationen mellan betyg och nationella prov
Vald termin: VT23


Skola;Skol-enhetskod;Skolkommun;Kommun-kod;Typ av huvudman;Huvudman;Huvudman orgnr;Prov;Antal elever;Andel lägre;Andel lika;Andel högre;Antal kvinnor;Andel lägre kvinnor;Andel lika kvinnor;Andel högre kvinnor;Antal män;Andel lägre män;Andel lika män;Andel högre män;
Lärlingsgymnasiet i Ale;93221031;Ale;1440;Enskild;Lärlingsgymnasiet i Sverige AB;5567628176;Engelska 5;64;6,3;92,2;1,6;16;.;100,0;.;48;8,3;89,6;2,1;
Lärlingsgymnasiet i Ale;93221031;Ale;1440;Enskild;Lärlingsgymnasiet i Sverige AB;5567628176;Matematik 1A;70;.;62,9;37,1;17;.;64,7;35,3;53;.;62,3;37,7;
Lärlingsgymnasiet i Ale;93221031;Ale;1440;Enskild;Lärlingsgymnasiet i Sverige AB;5567628176;Svenska 1;73;.;84,9;15,1;20;.;85,0;15,0;53;.;84,9;15,1;
Lärlingsgymnasiet i Ale;93221031;Ale;1440;Enskild;Lärlingsgymnasiet i Sverige AB;5567628176;Svenska som andraspråk 1;3;..;..;..;1;..;..;..;2;..;..;..;
Alingsås Yrkesgymnasium;17474377;Alingsås;1489;Enskild;Alingsås Yrkesgymnasium AB;5567290548;Engelska 5;19;.;94,7;5,3;10;..;..;..;9;..;..;..;
Alingsås Yrkesgymnasium;17474377;Alingsås;1489;Enskild;Alingsås Yrkesgymnasium AB;5567290548;Matematik 1A;19;.;47,4;52,6;8;..;..;..;11;..;..;..;
Alingsås Yrkesgymnasium;17474377;Alingsås;1489;Enskild;Alingsås Yrkesgymnasium AB;5567290548;Svenska 1;19;5,3;73,7;21,1;10;..;..;..;9;..;..;..;
Alströmergymnasiet sektor 2;18345915;Alingsås;1489;Kommunal;Alingsås kommun;2120001553;Engelska 5;23;8,7;91,3;.;3;..;..;..;20;..;..;..;
Alströmergymnasiet sektor 2;18345915;Alingsås;1489;Kommunal;Alingsås kommun;2120001553;Engelska 6;82;3,7;89,0;7,3;29;3,4;86,2;10,3;53;3,8;90,6;5,7;
Alströmergymnasiet sektor 2;18345915;Alingsås;1489;Kommunal;Alingsås kommun;2120001553;Matematik 1A;28;.;82,1;17,9;6;..;..;..;22;..;..;..;
Alströmergymnasiet sektor 2;18345915;Alingsås;1489;Kommunal;Alingsås kommun;2120001553;Matematik 4;28;.;85,7;14,3;11;.;81,8;18,2;17;.;88,2;11,8;
Alströmergymnasiet sektor 2;18345915;Alingsås;1489;Kommunal;Alingsås kommun;2120001553;Svenska 1;26;.;69,2;30,8;6;..;..;..;20;..;..;..;
Alströmergymnasiet sektor 2;18345915;Alingsås;1489;Kommunal;Alingsås kommun;2120001553;Svenska 3;72;4,2;72,2;23,6;29;6,9;72,4;20,7;43;2,3;72,1;25,6;
Alströmergymnasiet sektor 2;18345915;Alingsås;1489;Kommunal;Alingsås kommun;2120001553;Svenska som andraspråk 1;2;..;..;..;1;..;..;..;1;..;..;..;
Alströmergymnasiet sektor 2;18345915;Alingsås;1489;Kommunal;Alingsås kommun;2120001553;Svenska som andraspråk 3;4;..;..;..;3;..;..;..;1;..;..;..;
Alströmergymnasiet sektor 3;68229719;Alingsås;1489;Kommunal;Alingsås kommun;2120001553;Engelska 6;63;22,2;68,3;9,5;37;10,8;75,7;13,5;26;38,5;57,7;3,8;
Alströmergymnasiet sektor 3;68229719;Alingsås;1489;Kommunal;Alingsås kommun;2120001553;Matematik 1A;18;.;72,2;27,8;12;..;..;..;6;..;..;..;
Alströmergymnasiet sektor 3;68229719;Alingsås;1489;Kommunal;Alingsås kommun;2120001553;Matematik 2B;58;.;82,8;17,2;31;.;87,1;12,9;27;.;77,8;22,2;
Alströmergymnasiet sektor 3;68229719;Alingsås;1489;Kommunal;Alingsås kommun;2120001553;Svenska 1;14;7,1;71,4;21,4;9;..;..;..;5;..;..;..;
Alströmergymnasiet sektor 3;68229719;Alingsås;1489;Kommunal;Alingsås kommun;2120001553;Svenska 3;56;5,4;48,2;46,4;37;5,4;45,9;48,6;19;5,3;52,6;42,1;
Alströmergymnasiet sektor 3;68229719;Alingsås;1489;Kommunal;Alingsås kommun;2120001553;Svenska som andraspråk 1;5;..;..;..;3;..;..;..;2;..;..;..;
Alströmergymnasiet sektor 3;68229719;Alingsås;1489;Kommunal;Alingsås kommun;2120001553;Svenska som andraspråk 3;1;..;..;..;1;..;..;..;.;.;.;.;
Alströmergymnasiet sektor 4;61004230;Alingsås;1489;Kommunal;Alingsås kommun;2120001553;Engelska 5;14;7,1;78,6;14,3;9;..;..;..;5;..;..;..;
Alströmergymnasiet sektor 4;61004230;Alingsås;1489;Kommunal;Alingsås kommun;2120001553;Engelska 6;92;.;93,5;6,5;54;.;92,6;7,4;38;.;94,7;5,3;
Alströmergymnasiet sektor 4;61004230;Alingsås;1489;Kommunal;Alingsås kommun;2120001553;Matematik 1A;56;.;67,9;32,1;12;.;58,3;41,7;44;.;70,5;29,5;
Alströmergymnasiet sektor 4;61004230;Alingsås;1489;Kommunal;Alingsås kommun;2120001553;Matematik 1B;18;.;88,9;11,1;14;..;..;..;4;..;..;..;
Alströmergymnasiet sektor 4;61004230;Alingsås;1489;Kommunal;Alingsås kommun;2120001553;Matematik 2B;21;.;95,2;4,8;17;..;..;..;4;..;..;..;
Alströmergymnasiet sektor 4;61004230;Alingsås;1489;Kommunal;Alingsås kommun;2120001553;Matematik 3B;55;.;81,8;18,2;21;.;76,2;23,8;34;.;85,3;14,7;
Alströmergymnasiet sektor 4;61004230;Alingsås;1489;Kommunal;Alingsås kommun;2120001553;Svenska 1;46;13,0;67,4;19,6;9;..;..;..;37;..;..;..;
Alströmergymnasiet sektor 4;61004230;Alingsås;1489;Kommunal;Alingsås kommun;2120001553;Svenska 3;82;2,4;62,2;35,4;42;.;66,7;33,3;40;5,0;57,5;37,5;
Alströmergymnasiet sektor 4;61004230;Alingsås;1489;Kommunal;Alingsås kommun;2120001553;Svenska som andraspråk 1;5;..;..;..;2;..;..;..;3;..;..;..;
Alströmergymnasiet sektor 4;61004230;Alingsås;1489;Kommunal;Alingsås kommun;2120001553;Svenska som andraspråk 3;2;..;..;..;2;..;..;..;.;.;.;.;
Alströmergymnasiet sektor 5;67768292;Alingsås;1489;Kommunal;Alingsås kommun;2120001553;Matematik 1A;9;..;..;..;5;..;..;..;4;..;..;..;
Alströmergymnasiet sektor 5;67768292;Alingsås;1489;Kommunal;Alingsås kommun;2120001553;Svenska 1;8;..;..;..;5;..;..;..;3;..;..;..;
Alvesta Gymnasieskola;75459583;Alvesta;0764;Kommunal;Alvesta kommun;2120000639;Engelska 5;4;..;..;..;3;..;..;..;1;..;..;..;
Alvesta Gymnasieskola;75459583;Alvesta;0764;Kommunal;Alvesta kommun;2120000639;Matematik 1A;8;..;..;..;5;..;..;..;3;..;..;..;
Alvesta Gymnasieskola;75459583;Alvesta;0764;Kommunal;Alvesta kommun;2120000639;Svenska 1;2;..;..;..;1;..;..;..;1;..;..;..;
Alvesta Gymnasieskola;75459583;Alvesta;0764;Kommunal;Alvesta kommun;2120000639;Svenska som andraspråk 1;4;..;..;..;2;..;..;..;2;..;..;..;
Hornavanskolan;55795961;Arjeplog;2506;Kommunal;Arjeplogs kommun;2120002668;Svenska 3;9;..;..;..;5;..;..;..;4;..;..;..;
Hornavanskolan;55795961;Arjeplog;2506;Kommunal;Arjeplogs kommun;2120002668;Svenska som andraspråk 3;1;..;..;..;1;..;..;..;.;.;.;.;
Sandbackaskolan;84947634;Arvidsjaur;2505;Kommunal;Arvidsjaurs kommun;2120002650;Svenska 3;18;5,6;55,6;38,9;9;..;..;..;9;..;..;..;
Estetiska skolan, gymnasiet;23517336;Arvika;1784;Enskild;Estetiska Skolan Arvika;8740020212;Engelska 6;12;16,7;50,0;33,3;10;..;..;..;2;..;..;..;
Estetiska skolan, gymnasiet;23517336;Arvika;1784;Enskild;Estetiska Skolan Arvika;8740020212;Matematik 1B;13;.;76,9;23,1;10;..;..;..;3;..;..;..;
Estetiska skolan, gymnasiet;23517336;Arvika;1784;Enskild;Estetiska Skolan Arvika;8740020212;Svenska 3;13;.;38,5;61,5;11;..;..;..;2;..;..;..;
Estetiska skolan, gymnasiet;23517336;Arvika;1784;Enskild;Estetiska Skolan Arvika;8740020212;Svenska som andraspråk 3;2;..;..;..;2;..;..;..;.;.;.;.;
Solbergagymnasiet;48009865;Arvika;1784;Kommunal;Arvika kommun;2120001892;Engelska 6;81;6,2;74,1;19,8;53;3,8;75,5;20,8;28;10,7;71,4;17,9;
Solbergagymnasiet;48009865;Arvika;1784;Kommunal;Arvika kommun;2120001892;Matematik 2B;21;.;57,1;42,9;19;..;..;..;2;..;..;..;
Solbergagymnasiet;48009865;Arvika;1784;Kommunal;Arvika kommun;2120001892;Matematik 3B;29;.;75,9;24,1;18;.;77,8;22,2;11;.;72,7;27,3;
Solbergagymnasiet;48009865;Arvika;1784;Kommunal;Arvika kommun;2120001892;Matematik 3C;5;..;..;..;5;..;..;..;.;.;.;.;
Solbergagymnasiet;48009865;Arvika;1784;Kommunal;Arvika kommun;2120001892;Svenska 3;83;9,6;44,6;45,8;46;4,3;43,5;52,2;37;16,2;45,9;37,8;
Solbergagymnasiet;48009865;Arvika;1784;Kommunal;Arvika kommun;2120001892;Svenska som andraspråk 3;13;7,7;53,8;38,5;2;..;..;..;11;..;..;..;
Taserudsgymnasiet;68518617;Arvika;1784;Kommunal;Arvika kommun;2120001892;Engelska 5;114;9,6;72,8;17,5;55;9,1;67,3;23,6;59;10,2;78,0;11,9;
Taserudsgymnasiet;68518617;Arvika;1784;Kommunal;Arvika kommun;2120001892;Matematik 1A;111;.;35,1;64,9;50;.;28,0;72,0;61;.;41,0;59,0;
Taserudsgymnasiet;68518617;Arvika;1784;Kommunal;Arvika kommun;2120001892;Svenska 1;101;5,0;46,5;48,5;48;8,3;56,3;35,4;53;1,9;37,7;60,4;
Karlfeldtgymnasiet;30376472;Avesta;2084;Kommunal;Avesta kommun;2120002262;Engelska 5;126;2,4;69,8;27,8;55;3,6;70,9;25,5;71;1,4;69,0;29,6;
Karlfeldtgymnasiet;30376472;Avesta;2084;Kommunal;Avesta kommun;2120002262;Engelska 6;95;5,3;76,8;17,9;61;1,6;77,0;21,3;34;11,8;76,5;11,8;
Karlfeldtgymnasiet;30376472;Avesta;2084;Kommunal;Avesta kommun;2120002262;Matematik 1A;121;0,8;67,8;31,4;56;.;66,1;33,9;65;1,5;69,2;29,2;
Karlfeldtgymnasiet;30376472;Avesta;2084;Kommunal;Avesta kommun;2120002262;Matematik 2B;28;.;71,4;28,6;21;..;..;..;7;..;..;..;
Karlfeldtgymnasiet;30376472;Avesta;2084;Kommunal;Avesta kommun;2120002262;Matematik 3B;5;..;..;..;3;..;..;..;2;..;..;..;
Karlfeldtgymnasiet;30376472;Avesta;2084;Kommunal;Avesta kommun;2120002262;Matematik 4;17;.;88,2;11,8;10;..;..;..;7;..;..;..;
Karlfeldtgymnasiet;30376472;Avesta;2084;Kommunal;Avesta kommun;2120002262;Svenska 1;19;10,5;68,4;21,1;17;..;..;..;2;..;..;..;
Karlfeldtgymnasiet;30376472;Avesta;2084;Kommunal;Avesta kommun;2120002262;Svenska 3;82;4,9;53,7;41,5;44;9,1;52,3;38,6;38;.;55,3;44,7;
Karlfeldtgymnasiet;30376472;Avesta;2084;Kommunal;Avesta kommun;2120002262;Svenska som andraspråk 1;15;.;26,7;73,3;8;..;..;..;7;..;..;..;
Karlfeldtgymnasiet;30376472;Avesta;2084;Kommunal;Avesta kommun;2120002262;Svenska som andraspråk 3;12;8,3;16,7;75,0;4;..;..;..;8;..;..;..;
Strömkullegymnasiet;19464342;Bengtsfors;1460;Kommunal;Bengtsfors kommun;2120001470;Engelska 5;4;..;..;..;1;..;..;..;3;..;..;..;
Strömkullegymnasiet;19464342;Bengtsfors;1460;Kommunal;Bengtsfors kommun;2120001470;Engelska 6;7;..;..;..;4;..;..;..;3;..;..;..;
Strömkullegymnasiet;19464342;Bengtsfors;1460;Kommunal;Bengtsfors kommun;2120001470;Svenska 1;2;..;..;..;.;.;.;.;2;..;..;..;
Strömkullegymnasiet;19464342;Bengtsfors;1460;Kommunal;Bengtsfors kommun;2120001470;Svenska 3;3;..;..;..;3;..;..;..;.;.;.;.;
Strömkullegymnasiet;19464342;Bengtsfors;1460;Kommunal;Bengtsfors kommun;2120001470;Svenska som andraspråk 1;1;..;..;..;.;.;.;.;1;..;..;..;
Fjällgymnasiet;60743463;Berg;2326;Kommunal;Bergs kommun;2120002502;Matematik 1A;7;..;..;..;7;..;..;..;.;.;.;.;
Fjällgymnasiet;60743463;Berg;2326;Kommunal;Bergs kommun;2120002502;Matematik 2B;4;..;..;..;4;..;..;..;.;.;.;.;
Fjällgymnasiet;60743463;Berg;2326;Kommunal;Bergs kommun;2120002502;Matematik 3B;4;..;..;..;2;..;..;..;2;..;..;..;
Fjällgymnasiet;60743463;Berg;2326;Kommunal;Bergs kommun;2120002502;Matematik 3C;1;..;..;..;1;..;..;..;.;.;.;.;
Friskolan Nytorp;21567982;Bollnäs;2183;Enskild;Friskolan Nytorp AB;5568813561;Engelska 5;30;.;86,7;13,3;7;..;..;..;23;..;..;..;
Friskolan Nytorp;21567982;Bollnäs;2183;Enskild;Friskolan Nytorp AB;5568813561;Matematik 1A;31;.;58,1;41,9;11;.;54,5;45,5;20;.;60,0;40,0;
Friskolan Nytorp;21567982;Bollnäs;2183;Enskild;Friskolan Nytorp AB;5568813561;Svenska 1;31;.;67,7;32,3;8;..;..;..;23;..;..;..;
Hälsingegymnasiet;91748148;Bollnäs;2183;Enskild;Hälsingegymnasiet AB;5567600886;Engelska 6;58;12,1;63,8;24,1;32;9,4;56,3;34,4;26;15,4;73,1;11,5;
Hälsingegymnasiet;91748148;Bollnäs;2183;Enskild;Hälsingegymnasiet AB;5567600886;Matematik 3C;20;.;75,0;25,0;7;..;..;..;13;..;..;..;
Hälsingegymnasiet;91748148;Bollnäs;2183;Enskild;Hälsingegymnasiet AB;5567600886;Svenska 3;61;13,1;60,7;26,2;34;8,8;61,8;29,4;27;18,5;59,3;22,2;
Hälsingegymnasiet;91748148;Bollnäs;2183;Enskild;Hälsingegymnasiet AB;5567600886;Svenska som andraspråk 3;12;.;83,3;16,7;7;..;..;..;5;..;..;..;
Naturlära i Hälsingland;49379603;Bollnäs;2183;Enskild;NaturLära i Hälsingland AB;5568554314;Engelska 5;12;25,0;75,0;.;12;..;..;..;.;.;.;.;
Naturlära i Hälsingland;49379603;Bollnäs;2183;Enskild;NaturLära i Hälsingland AB;5568554314;Matematik 1A;12;.;50,0;50,0;12;..;..;..;.;.;.;.;
Naturlära i Hälsingland;49379603;Bollnäs;2183;Enskild;NaturLära i Hälsingland AB;5568554314;Svenska 1;14;.;71,4;28,6;14;..;..;..;.;.;.;.;
Nytorps Hästgymnasium;80167319;Bollnäs;2183;Enskild;Nytorps Hästgymnasium AB;5569063455;Engelska 5;8;..;..;..;8;..;..;..;.;.;.;.;
Nytorps Hästgymnasium;80167319;Bollnäs;2183;Enskild;Nytorps Hästgymnasium AB;5569063455;Matematik 1A;9;..;..;..;9;..;..;..;.;.;.;.;
Nytorps Hästgymnasium;80167319;Bollnäs;2183;Enskild;Nytorps Hästgymnasium AB;5569063455;Svenska 1;10;.;20,0;80,0;10;..;..;..;.;.;.;.;
Torsbergsgymnasiet RO4;73171934;Bollnäs;2183;Kommunal;Hälsinglands Utbildningsförbund;2220003111;Engelska 6;55;.;54,5;45,5;37;.;59,5;40,5;18;.;44,4;55,6;
Torsbergsgymnasiet RO4;73171934;Bollnäs;2183;Kommunal;Hälsinglands Utbildningsförbund;2220003111;Matematik 1B;18;.;100,0;.;15;..;..;..;3;..;..;..;
Torsbergsgymnasiet RO4;73171934;Bollnäs;2183;Kommunal;Hälsinglands Utbildningsförbund;2220003111;Matematik 2B;41;.;87,8;12,2;23;.;87,0;13,0;18;.;88,9;11,1;
Torsbergsgymnasiet RO4;73171934;Bollnäs;2183;Kommunal;Hälsinglands Utbildningsförbund;2220003111;Svenska 3;40;10,0;30,0;60,0;34;..;..;..;6;..;..;..;
Torsbergsgymnasiet RO4;73171934;Bollnäs;2183;Kommunal;Hälsinglands Utbildningsförbund;2220003111;Svenska som andraspråk 3;2;..;..;..;1;..;..;..;1;..;..;..;
Torsbergsgymnasiet RO5;83474173;Bollnäs;2183;Kommunal;Hälsinglands Utbildningsförbund;2220003111;Engelska 5;100;9,0;63,0;28,0;42;2,4;61,9;35,7;58;13,8;63,8;22,4;
Torsbergsgymnasiet RO5;83474173;Bollnäs;2183;Kommunal;Hälsinglands Utbildningsförbund;2220003111;Engelska 6;1;..;..;..;1;..;..;..;.;.;.;.;
Torsbergsgymnasiet RO5;83474173;Bollnäs;2183;Kommunal;Hälsinglands Utbildningsförbund;2220003111;Matematik 1A;105;1,9;73,3;24,8;48;2,1;64,6;33,3;57;1,8;80,7;17,5;
Torsbergsgymnasiet RO5;83474173;Bollnäs;2183;Kommunal;Hälsinglands Utbildningsförbund;2220003111;Matematik 2B;1;..;..;..;1;..;..;..;.;.;.;.;
Torsbergsgymnasiet RO5;83474173;Bollnäs;2183;Kommunal;Hälsinglands Utbildningsförbund;2220003111;Svenska 1;69;2,9;63,8;33,3;22;.;50,0;50,0;47;4,3;70,2;25,5;
Torsbergsgymnasiet RO5;83474173;Bollnäs;2183;Kommunal;Hälsinglands Utbildningsförbund;2220003111;Svenska som andraspråk 1;11;.;72,7;27,3;4;..;..;..;7;..;..;..;
Hagagymnasiet;74434644;Borlänge;2081;Kommunal;Borlänge kommun;2120002239;Engelska 5;14;14,3;50,0;35,7;11;..;..;..;3;..;..;..;
Hagagymnasiet;74434644;Borlänge;2081;Kommunal;Borlänge kommun;2120002239;Engelska 6;39;5,1;38,5;56,4;27;7,4;40,7;51,9;12;.;33,3;66,7;
Hagagymnasiet;74434644;Borlänge;2081;Kommunal;Borlänge kommun;2120002239;Matematik 1A;33;.;75,8;24,2;20;.;70,0;30,0;13;.;84,6;15,4;
Hagagymnasiet;74434644;Borlänge;2081;Kommunal;Borlänge kommun;2120002239;Matematik 2B;48;.;16,7;83,3;34;.;5,9;94,1;14;.;42,9;57,1;
Hagagymnasiet;74434644;Borlänge;2081;Kommunal;Borlänge kommun;2120002239;Matematik 3B;27;.;48,1;51,9;9;..;..;..;18;..;..;..;
Hagagymnasiet;74434644;Borlänge;2081;Kommunal;Borlänge kommun;2120002239;Svenska 1;19;.;31,6;68,4;13;..;..;..;6;..;..;..;
Hagagymnasiet;74434644;Borlänge;2081;Kommunal;Borlänge kommun;2120002239;Svenska 3;81;2,5;56,8;40,7;60;1,7;50,0;48,3;21;4,8;76,2;19,0;
Hagagymnasiet;74434644;Borlänge;2081;Kommunal;Borlänge kommun;2120002239;Svenska som andraspråk 1;5;..;..;..;1;..;..;..;4;..;..;..;
Hagagymnasiet;74434644;Borlänge;2081;Kommunal;Borlänge kommun;2120002239;Svenska som andraspråk 3;14;.;35,7;64,3;6;..;..;..;8;..;..;..;
Helixgymnasiet Borlänge;42022406;Borlänge;2081;Enskild;NTI Gymnasiet Helix AB;5566747290;Engelska 5;17;47,1;52,9;.;1;..;..;..;16;..;..;..;
Helixgymnasiet Borlänge;42022406;Borlänge;2081;Enskild;NTI Gymnasiet Helix AB;5566747290;Engelska 6;11;.;100,0;.;2;..;..;..;9;..;..;..;
Helixgymnasiet Borlänge;42022406;Borlänge;2081;Enskild;NTI Gymnasiet Helix AB;5566747290;Matematik 1A;17;.;76,5;23,5;1;..;..;..;16;..;..;..;
Helixgymnasiet Borlänge;42022406;Borlänge;2081;Enskild;NTI Gymnasiet Helix AB;5566747290;Matematik 1B;9;..;..;..;3;..;..;..;6;..;..;..;
Helixgymnasiet Borlänge;42022406;Borlänge;2081;Enskild;NTI Gymnasiet Helix AB;5566747290;Matematik 3C;8;..;..;..;.;.;.;.;8;..;..;..;
Helixgymnasiet Borlänge;42022406;Borlänge;2081;Enskild;NTI Gymnasiet Helix AB;5566747290;Svenska 1;15;20,0;46,7;33,3;1;..;..;..;14;..;..;..;
Helixgymnasiet Borlänge;42022406;Borlänge;2081;Enskild;NTI Gymnasiet Helix AB;5566747290;Svenska 3;19;26,3;42,1;31,6;8;..;..;..;11;..;..;..;
Helixgymnasiet Borlänge;42022406;Borlänge;2081;Enskild;NTI Gymnasiet Helix AB;5566747290;Svenska som andraspråk 1;1;..;..;..;.;.;.;.;1;..;..;..;
Helixgymnasiet Borlänge;42022406;Borlänge;2081;Enskild;NTI Gymnasiet Helix AB;5566747290;Svenska som andraspråk 3;5;..;..;..;1;..;..;..;4;..;..;..;
Hushags-Erikslundsgymnasiet;68769650;Borlänge;2081;Kommunal;Borlänge kommun;2120002239;Engelska 5;142;21,1;47,9;31,0;27;11,1;59,3;29,6;115;23,5;45,2;31,3;
Hushags-Erikslundsgymnasiet;68769650;Borlänge;2081;Kommunal;Borlänge kommun;2120002239;Matematik 1A;167;0,6;59,3;40,1;33;3,0;72,7;24,2;134;.;56,0;44,0;
Hushags-Erikslundsgymnasiet;68769650;Borlänge;2081;Kommunal;Borlänge kommun;2120002239;Svenska 1;134;3,0;56,7;40,3;30;10,0;56,7;33,3;104;1,0;56,7;42,3;
Hushags-Erikslundsgymnasiet;68769650;Borlänge;2081;Kommunal;Borlänge kommun;2120002239;Svenska som andraspråk 1;1;..;..;..;.;.;.;.;1;..;..;..;
Rytmus Borlänge;31322470;Borlänge;2081;Enskild;Rytmus AB;5564648979;Engelska 6;45;6,7;75,6;17,8;19;.;78,9;21,1;26;11,5;73,1;15,4;
Rytmus Borlänge;31322470;Borlänge;2081;Enskild;Rytmus AB;5564648979;Matematik 1B;34;.;61,8;38,2;19;.;63,2;36,8;15;.;60,0;40,0;
Rytmus Borlänge;31322470;Borlänge;2081;Enskild;Rytmus AB;5564648979;Svenska 3;38;26,3;52,6;21,1;19;21,1;52,6;26,3;19;31,6;52,6;15,8;
Rytmus Borlänge;31322470;Borlänge;2081;Enskild;Rytmus AB;5564648979;Svenska som andraspråk 3;1;..;..;..;.;.;.;.;1;..;..;..;
Soltorgsgymnasiet;65192707;Borlänge;2081;Kommunal;Borlänge kommun;2120002239;Engelska 6;141;3,5;84,4;12,1;75;1,3;82,7;16,0;66;6,1;86,4;7,6;
Soltorgsgymnasiet;65192707;Borlänge;2081;Kommunal;Borlänge kommun;2120002239;Matematik 1B;27;3,7;74,1;22,2;19;..;..;..;8;..;..;..;
Soltorgsgymnasiet;65192707;Borlänge;2081;Kommunal;Borlänge kommun;2120002239;Matematik 3C;57;.;78,9;21,1;29;.;79,3;20,7;28;.;78,6;21,4;
Soltorgsgymnasiet;65192707;Borlänge;2081;Kommunal;Borlänge kommun;2120002239;Matematik 4;62;.;69,4;30,6;28;.;75,0;25,0;34;.;64,7;35,3;
Soltorgsgymnasiet;65192707;Borlänge;2081;Kommunal;Borlänge kommun;2120002239;Svenska 3;125;7,2;46,4;46,4;75;5,3;38,7;56,0;50;10,0;58,0;32,0;
Soltorgsgymnasiet;65192707;Borlänge;2081;Kommunal;Borlänge kommun;2120002239;Svenska som andraspråk 3;10;30,0;50,0;20,0;8;..;..;..;2;..;..;..;
Almåsgymnasiet A;18425335;Borås;1490;Kommunal;Borås kommun;2120001561;Engelska 5;37;10,8;78,4;10,8;20;15,0;70,0;15,0;17;5,9;88,2;5,9;
Almåsgymnasiet A;18425335;Borås;1490;Kommunal;Borås kommun;2120001561;Matematik 1A;50;.;44,0;56,0;33;.;51,5;48,5;17;.;29,4;70,6;
Almåsgymnasiet A;18425335;Borås;1490;Kommunal;Borås kommun;2120001561;Svenska 1;12;.;16,7;83,3;12;..;..;..;.;.;.;.;
Almåsgymnasiet B;93281974;Borås;1490;Kommunal;Borås kommun;2120001561;Engelska 5;63;3,2;71,4;25,4;52;1,9;75,0;23,1;11;9,1;54,5;36,4;
Almåsgymnasiet B;93281974;Borås;1490;Kommunal;Borås kommun;2120001561;Matematik 1A;47;.;25,5;74,5;37;.;21,6;78,4;10;.;40,0;60,0;
Almåsgymnasiet B;93281974;Borås;1490;Kommunal;Borås kommun;2120001561;Svenska 1;29;.;51,7;48,3;24;..;..;..;5;..;..;..;
Almåsgymnasiet B;93281974;Borås;1490;Kommunal;Borås kommun;2120001561;Svenska som andraspråk 1;21;.;19,0;81,0;17;..;..;..;4;..;..;..;
Almåsgymnasiet C;23424275;Borås;1490;Kommunal;Borås kommun;2120001561;Engelska 5;43;2,3;69,8;27,9;32;.;65,6;34,4;11;9,1;81,8;9,1;
Almåsgymnasiet C;23424275;Borås;1490;Kommunal;Borås kommun;2120001561;Matematik 1A;55;.;25,5;74,5;41;.;22,0;78,0;14;.;35,7;64,3;
Almåsgymnasiet C;23424275;Borås;1490;Kommunal;Borås kommun;2120001561;Svenska 1;45;.;26,7;73,3;34;.;23,5;76,5;11;.;36,4;63,6;
Bäckängsgymnasiet A;43634528;Borås;1490;Kommunal;Borås kommun;2120001561;Engelska 6;92;26,1;68,5;5,4;44;25,0;65,9;9,1;48;27,1;70,8;2,1;
Bäckängsgymnasiet A;43634528;Borås;1490;Kommunal;Borås kommun;2120001561;Matematik 4;38;.;86,8;13,2;19;.;84,2;15,8;19;.;89,5;10,5;
Bäckängsgymnasiet A;43634528;Borås;1490;Kommunal;Borås kommun;2120001561;Svenska 3;67;3,0;65,7;31,3;33;.;69,7;30,3;34;5,9;61,8;32,4;
Bäckängsgymnasiet B;36263479;Borås;1490;Kommunal;Borås kommun;2120001561;Engelska 6;138;7,2;80,4;12,3;102;5,9;78,4;15,7;36;11,1;86,1;2,8;
Bäckängsgymnasiet B;36263479;Borås;1490;Kommunal;Borås kommun;2120001561;Matematik 2B;122;2,5;81,1;16,4;93;1,1;83,9;15,1;29;6,9;72,4;20,7;
Bäckängsgymnasiet B;36263479;Borås;1490;Kommunal;Borås kommun;2120001561;Svenska 3;81;2,5;66,7;30,9;62;3,2;61,3;35,5;19;.;84,2;15,8;
Bäckängsgymnasiet C;56679384;Borås;1490;Kommunal;Borås kommun;2120001561;Engelska 6;60;18,3;66,7;15,0;52;..;..;..;8;..;..;..;
Bäckängsgymnasiet C;56679384;Borås;1490;Kommunal;Borås kommun;2120001561;Matematik 1B;81;.;64,2;35,8;70;.;65,7;34,3;11;.;54,5;45,5;
Bäckängsgymnasiet C;56679384;Borås;1490;Kommunal;Borås kommun;2120001561;Svenska 3;38;2,6;44,7;52,6;32;..;..;..;6;..;..;..;
Bäckängsgymnasiet D;30538202;Borås;1490;Kommunal;Borås kommun;2120001561;Engelska 6;16;18,8;68,8;12,5;14;..;..;..;2;..;..;..;
Bäckängsgymnasiet D;30538202;Borås;1490;Kommunal;Borås kommun;2120001561;Svenska 3;8;..;..;..;4;..;..;..;4;..;..;..;
Bäckängsgymnasiet E;11138440;Borås;1490;Kommunal;Borås kommun;2120001561;Engelska 6;127;27,6;68,5;3,9;71;21,1;74,6;4,2;56;35,7;60,7;3,6;
Bäckängsgymnasiet E;11138440;Borås;1490;Kommunal;Borås kommun;2120001561;Matematik 2B;70;1,4;74,3;24,3;44;.;70,5;29,5;26;3,8;80,8;15,4;
Bäckängsgymnasiet E;11138440;Borås;1490;Kommunal;Borås kommun;2120001561;Matematik 3C;51;.;100,0;.;24;.;100,0;.;27;.;100,0;.;
Bäckängsgymnasiet E;11138440;Borås;1490;Kommunal;Borås kommun;2120001561;Svenska 3;86;4,7;60,5;34,9;57;3,5;57,9;38,6;29;6,9;65,5;27,6;
Drottning Blankas Gymnasieskola Borås;19150273;Borås;1490;Enskild;DBGY Kronan AB;5565668794;Engelska 5;22;.;86,4;13,6;20;..;..;..;2;..;..;..;
Drottning Blankas Gymnasieskola Borås;19150273;Borås;1490;Enskild;DBGY Kronan AB;5565668794;Engelska 6;25;.;88,0;12,0;17;..;..;..;8;..;..;..;
Drottning Blankas Gymnasieskola Borås;19150273;Borås;1490;Enskild;DBGY Kronan AB;5565668794;Matematik 1A;25;.;64,0;36,0;24;..;..;..;1;..;..;..;
Drottning Blankas Gymnasieskola Borås;19150273;Borås;1490;Enskild;DBGY Kronan AB;5565668794;Matematik 2B;23;.;69,6;30,4;16;..;..;..;7;..;..;..;
Drottning Blankas Gymnasieskola Borås;19150273;Borås;1490;Enskild;DBGY Kronan AB;5565668794;Matematik 3B;7;..;..;..;3;..;..;..;4;..;..;..;
Drottning Blankas Gymnasieskola Borås;19150273;Borås;1490;Enskild;DBGY Kronan AB;5565668794;Svenska 1;20;.;90,0;10,0;20;..;..;..;.;.;.;.;
Drottning Blankas Gymnasieskola Borås;19150273;Borås;1490;Enskild;DBGY Kronan AB;5565668794;Svenska 3;19;.;73,7;26,3;15;..;..;..;4;..;..;..;
Drottning Blankas Gymnasieskola Borås;19150273;Borås;1490;Enskild;DBGY Kronan AB;5565668794;Svenska som andraspråk 1;6;..;..;..;4;..;..;..;2;..;..;..;
Drottning Blankas Gymnasieskola Borås;19150273;Borås;1490;Enskild;DBGY Kronan AB;5565668794;Svenska som andraspråk 3;8;..;..;..;3;..;..;..;5;..;..;..;
LBS Kreativa Gymnasiet Borås;69018222;Borås;1490;Enskild;Ljud & Bildskolan LBS AB;5564851649;Engelska 6;56;17,9;44,6;37,5;16;25,0;25,0;50,0;40;15,0;52,5;32,5;
LBS Kreativa Gymnasiet Borås;69018222;Borås;1490;Enskild;Ljud & Bildskolan LBS AB;5564851649;Matematik 1B;28;.;78,6;21,4;13;.;84,6;15,4;15;.;73,3;26,7;
LBS Kreativa Gymnasiet Borås;69018222;Borås;1490;Enskild;Ljud & Bildskolan LBS AB;5564851649;Matematik 3C;18;.;22,2;77,8;1;..;..;..;17;..;..;..;
LBS Kreativa Gymnasiet Borås;69018222;Borås;1490;Enskild;Ljud & Bildskolan LBS AB;5564851649;Svenska 3;39;12,8;48,7;38,5;7;..;..;..;32;..;..;..;
LBS Kreativa Gymnasiet Borås;69018222;Borås;1490;Enskild;Ljud & Bildskolan LBS AB;5564851649;Svenska som andraspråk 3;5;..;..;..;.;.;.;.;5;..;..;..;
Praktiska Gymnasiet Borås;25624692;Borås;1490;Enskild;Praktiska Sverige AB;5562575786;Engelska 5;37;.;100,0;.;3;..;..;..;34;..;..;..;
Praktiska Gymnasiet Borås;25624692;Borås;1490;Enskild;Praktiska Sverige AB;5562575786;Matematik 1A;25;.;60,0;40,0;2;..;..;..;23;..;..;..;
Praktiska Gymnasiet Borås;25624692;Borås;1490;Enskild;Praktiska Sverige AB;5562575786;Svenska 1;19;.;100,0;.;3;..;..;..;16;..;..;..;
Praktiska Gymnasiet Borås;25624692;Borås;1490;Enskild;Praktiska Sverige AB;5562575786;Svenska som andraspråk 1;14;.;85,7;14,3;.;.;.;.;14;..;..;..;
Realgymnasiet Borås;88534520;Borås;1490;Enskild;Lärande i Sverige AB;5565715892;Engelska 5;35;2,9;77,1;20,0;29;..;..;..;6;..;..;..;
Realgymnasiet Borås;88534520;Borås;1490;Enskild;Lärande i Sverige AB;5565715892;Matematik 1A;35;.;57,1;42,9;29;..;..;..;6;..;..;..;
Realgymnasiet Borås;88534520;Borås;1490;Enskild;Lärande i Sverige AB;5565715892;Svenska 1;31;.;51,6;48,4;25;..;..;..;6;..;..;..;
Realgymnasiet Borås;88534520;Borås;1490;Enskild;Lärande i Sverige AB;5565715892;Svenska som andraspråk 1;1;..;..;..;1;..;..;..;.;.;.;.;
Sven Eriksonsgymnasiet A;12889940;Borås;1490;Kommunal;Borås kommun;2120001561;Svenska 3;51;21,6;52,9;25,5;11;.;54,5;45,5;40;27,5;52,5;20,0;
Sven Eriksonsgymnasiet B;16554575;Borås;1490;Kommunal;Borås kommun;2120001561;Matematik 1A;27;.;74,1;25,9;11;.;81,8;18,2;16;.;68,8;31,3;
Sven Eriksonsgymnasiet C;34076477;Borås;1490;Kommunal;Borås kommun;2120001561;Svenska 3;70;8,6;51,4;40,0;29;10,3;34,5;55,2;41;7,3;63,4;29,3;
Viskastrandsgymnasiet B;64284020;Borås;1490;Kommunal;Borås kommun;2120001561;Svenska 3;49;.;20,4;79,6;24;.;33,3;66,7;25;.;8,0;92,0;
Viskastrandsgymnasiet D;67692516;Borås;1490;Kommunal;Borås kommun;2120001561;Engelska 5;53;7,5;81,1;11,3;3;..;..;..;50;..;..;..;
Viskastrandsgymnasiet D;67692516;Borås;1490;Kommunal;Borås kommun;2120001561;Svenska som andraspråk 1;6;..;..;..;.;.;.;.;6;..;..;..;
Yrkesgymnasiet Borås;59082395;Borås;1490;Enskild;Thorengruppen AB;5566139290;Engelska 5;15;26,7;60,0;13,3;1;..;..;..;14;..;..;..;
Yrkesgymnasiet Borås;59082395;Borås;1490;Enskild;Thorengruppen AB;5566139290;Matematik 1A;18;27,8;66,7;5,6;1;..;..;..;17;..;..;..;
Yrkesgymnasiet Borås;59082395;Borås;1490;Enskild;Thorengruppen AB;5566139290;Svenska 1;9;..;..;..;.;.;.;.;9;..;..;..;
Yrkesgymnasiet Borås;59082395;Borås;1490;Enskild;Thorengruppen AB;5566139290;Svenska som andraspråk 1;2;..;..;..;.;.;.;.;2;..;..;..;
Skyttbrinks gymnasium;60096875;Botkyrka;0127;Kommunal;Botkyrka kommun;2120002882;Engelska 5;14;21,4;71,4;7,1;10;..;..;..;4;..;..;..;
Skyttbrinks gymnasium;60096875;Botkyrka;0127;Kommunal;Botkyrka kommun;2120002882;Matematik 1A;32;.;68,8;31,3;13;.;61,5;38,5;19;.;73,7;26,3;
Skyttbrinks gymnasium;60096875;Botkyrka;0127;Kommunal;Botkyrka kommun;2120002882;Svenska 1;17;.;70,6;29,4;7;..;..;..;10;..;..;..;
Skyttbrinks gymnasium;60096875;Botkyrka;0127;Kommunal;Botkyrka kommun;2120002882;Svenska som andraspråk 1;4;..;..;..;4;..;..;..;.;.;.;.;
S:t Botvids gymnasium;97758137;Botkyrka;0127;Kommunal;Botkyrka kommun;2120002882;Engelska 5;2;..;..;..;2;..;..;..;.;.;.;.;
S:t Botvids gymnasium;97758137;Botkyrka;0127;Kommunal;Botkyrka kommun;2120002882;Engelska 6;49;8,2;63,3;28,6;29;6,9;55,2;37,9;20;10,0;75,0;15,0;
S:t Botvids gymnasium;97758137;Botkyrka;0127;Kommunal;Botkyrka kommun;2120002882;Matematik 1B;9;..;..;..;6;..;..;..;3;..;..;..;
S:t Botvids gymnasium;97758137;Botkyrka;0127;Kommunal;Botkyrka kommun;2120002882;Matematik 2B;8;..;..;..;5;..;..;..;3;..;..;..;
S:t Botvids gymnasium;97758137;Botkyrka;0127;Kommunal;Botkyrka kommun;2120002882;Matematik 3B;12;.;66,7;33,3;5;..;..;..;7;..;..;..;
S:t Botvids gymnasium;97758137;Botkyrka;0127;Kommunal;Botkyrka kommun;2120002882;Matematik 3C;4;..;..;..;4;..;..;..;.;.;.;.;
S:t Botvids gymnasium;97758137;Botkyrka;0127;Kommunal;Botkyrka kommun;2120002882;Matematik 4;10;.;70,0;30,0;7;..;..;..;3;..;..;..;
S:t Botvids gymnasium;97758137;Botkyrka;0127;Kommunal;Botkyrka kommun;2120002882;Svenska 3;40;5,0;52,5;42,5;28;3,6;50,0;46,4;12;8,3;58,3;33,3;
S:t Botvids gymnasium;97758137;Botkyrka;0127;Kommunal;Botkyrka kommun;2120002882;Svenska som andraspråk 1;1;..;..;..;1;..;..;..;.;.;.;.;
S:t Botvids gymnasium;97758137;Botkyrka;0127;Kommunal;Botkyrka kommun;2120002882;Svenska som andraspråk 3;15;6,7;60,0;33,3;10;..;..;..;5;..;..;..;
Södertörns Gymnasium;53400472;Botkyrka;0127;Enskild;STEG för framtiden Aktiebolag;5567538383;Engelska 6;28;17,9;57,1;25,0;13;23,1;53,8;23,1;15;13,3;60,0;26,7;
Södertörns Gymnasium;53400472;Botkyrka;0127;Enskild;STEG för framtiden Aktiebolag;5567538383;Matematik 2B;18;.;94,4;5,6;7;..;..;..;11;..;..;..;
Södertörns Gymnasium;53400472;Botkyrka;0127;Enskild;STEG för framtiden Aktiebolag;5567538383;Svenska 3;5;..;..;..;1;..;..;..;4;..;..;..;
Södertörns Gymnasium;53400472;Botkyrka;0127;Enskild;STEG för framtiden Aktiebolag;5567538383;Svenska som andraspråk 3;17;5,9;58,8;35,3;7;..;..;..;10;..;..;..;
Tullinge gymnasium;26334561;Botkyrka;0127;Kommunal;Botkyrka kommun;2120002882;Engelska 5;19;5,3;94,7;.;16;..;..;..;3;..;..;..;
Tullinge gymnasium;26334561;Botkyrka;0127;Kommunal;Botkyrka kommun;2120002882;Engelska 6;195;8,7;79,0;12,3;96;9,4;74,0;16,7;99;8,1;83,8;8,1;
Tullinge gymnasium;26334561;Botkyrka;0127;Kommunal;Botkyrka kommun;2120002882;Matematik 1A;19;.;84,2;15,8;15;..;..;..;4;..;..;..;
Tullinge gymnasium;26334561;Botkyrka;0127;Kommunal;Botkyrka kommun;2120002882;Matematik 2B;76;.;72,4;27,6;52;.;75,0;25,0;24;.;66,7;33,3;
Tullinge gymnasium;26334561;Botkyrka;0127;Kommunal;Botkyrka kommun;2120002882;Matematik 3B;38;2,6;86,8;10,5;15;.;80,0;20,0;23;4,3;91,3;4,3;
Tullinge gymnasium;26334561;Botkyrka;0127;Kommunal;Botkyrka kommun;2120002882;Matematik 4;76;.;94,7;5,3;28;.;96,4;3,6;48;.;93,8;6,3;
Tullinge gymnasium;26334561;Botkyrka;0127;Kommunal;Botkyrka kommun;2120002882;Svenska 1;11;.;54,5;45,5;9;..;..;..;2;..;..;..;
Tullinge gymnasium;26334561;Botkyrka;0127;Kommunal;Botkyrka kommun;2120002882;Svenska 3;195;7,2;65,6;27,2;92;2,2;69,6;28,3;103;11,7;62,1;26,2;
Tullinge gymnasium;26334561;Botkyrka;0127;Kommunal;Botkyrka kommun;2120002882;Svenska som andraspråk 1;4;..;..;..;2;..;..;..;2;..;..;..;
Tullinge gymnasium;26334561;Botkyrka;0127;Kommunal;Botkyrka kommun;2120002882;Svenska som andraspråk 3;22;.;63,6;36,4;11;.;45,5;54,5;11;.;81,8;18,2;
Tumba gymnasium;40386043;Botkyrka;0127;Kommunal;Botkyrka kommun;2120002882;Engelska 5;77;19,5;62,3;18,2;7;..;..;..;70;..;..;..;
Tumba gymnasium;40386043;Botkyrka;0127;Kommunal;Botkyrka kommun;2120002882;Engelska 6;308;7,5;79,5;13,0;174;4,6;83,3;12,1;134;11,2;74,6;14,2;
Tumba gymnasium;40386043;Botkyrka;0127;Kommunal;Botkyrka kommun;2120002882;Matematik 1A;59;1,7;66,1;32,2;6;..;..;..;53;..;..;..;
Tumba gymnasium;40386043;Botkyrka;0127;Kommunal;Botkyrka kommun;2120002882;Matematik 1B;59;.;74,6;25,4;45;.;75,6;24,4;14;.;71,4;28,6;
Tumba gymnasium;40386043;Botkyrka;0127;Kommunal;Botkyrka kommun;2120002882;Matematik 2B;94;.;74,5;25,5;65;.;75,4;24,6;29;.;72,4;27,6;
Tumba gymnasium;40386043;Botkyrka;0127;Kommunal;Botkyrka kommun;2120002882;Matematik 3B;23;.;39,1;60,9;11;.;27,3;72,7;12;.;50,0;50,0;
Tumba gymnasium;40386043;Botkyrka;0127;Kommunal;Botkyrka kommun;2120002882;Matematik 3C;56;.;69,6;30,4;19;.;68,4;31,6;37;.;70,3;29,7;
Tumba gymnasium;40386043;Botkyrka;0127;Kommunal;Botkyrka kommun;2120002882;Matematik 4;54;.;87,0;13,0;29;.;79,3;20,7;25;.;96,0;4,0;
Tumba gymnasium;40386043;Botkyrka;0127;Kommunal;Botkyrka kommun;2120002882;Svenska 1;62;8,1;66,1;25,8;5;..;..;..;57;..;..;..;
Tumba gymnasium;40386043;Botkyrka;0127;Kommunal;Botkyrka kommun;2120002882;Svenska 3;217;6,5;64,5;29,0;137;5,1;59,1;35,8;80;8,8;73,8;17,5;
Tumba gymnasium;40386043;Botkyrka;0127;Kommunal;Botkyrka kommun;2120002882;Svenska som andraspråk 1;14;.;100,0;.;1;..;..;..;13;..;..;..;
Tumba gymnasium;40386043;Botkyrka;0127;Kommunal;Botkyrka kommun;2120002882;Svenska som andraspråk 3;98;7,1;69,4;23,5;50;10,0;66,0;24,0;48;4,2;72,9;22,9;
Jämtlands Gymn, Bräcke;26864271;Bräcke;2305;Kommunal;Jämtlands Gymnasieförbund;2220001636;Engelska 5;28;.;89,3;10,7;6;..;..;..;22;..;..;..;
Jämtlands Gymn, Bräcke;26864271;Bräcke;2305;Kommunal;Jämtlands Gymnasieförbund;2220001636;Matematik 1A;29;.;6,9;93,1;6;..;..;..;23;..;..;..;
Jämtlands Gymn, Bräcke;26864271;Bräcke;2305;Kommunal;Jämtlands Gymnasieförbund;2220001636;Svenska 1;27;3,7;74,1;22,2;5;..;..;..;22;..;..;..;
Akademi Båstad Gymnasium;59483268;Båstad;1278;Kommunal;Båstads kommun;2120000944;Engelska 6;41;.;80,5;19,5;22;.;77,3;22,7;19;.;84,2;15,8;
Akademi Båstad Gymnasium;59483268;Båstad;1278;Kommunal;Båstads kommun;2120000944;Matematik 1A;1;..;..;..;1;..;..;..;.;.;.;.;
Akademi Båstad Gymnasium;59483268;Båstad;1278;Kommunal;Båstads kommun;2120000944;Matematik 2B;15;.;66,7;33,3;12;..;..;..;3;..;..;..;
Akademi Båstad Gymnasium;59483268;Båstad;1278;Kommunal;Båstads kommun;2120000944;Matematik 3B;10;.;60,0;40,0;2;..;..;..;8;..;..;..;
Akademi Båstad Gymnasium;59483268;Båstad;1278;Kommunal;Båstads kommun;2120000944;Svenska 3;39;.;53,8;46,2;17;.;52,9;47,1;22;.;54,5;45,5;
Akademi Båstad Gymnasium;59483268;Båstad;1278;Kommunal;Båstads kommun;2120000944;Svenska som andraspråk 1;1;..;..;..;1;..;..;..;.;.;.;.;
Akademi Båstad Gymnasium;59483268;Båstad;1278;Kommunal;Båstads kommun;2120000944;Svenska som andraspråk 3;3;..;..;..;1;..;..;..;2;..;..;..;
Apelrydsskolan i Båstad;32879845;Båstad;1278;Enskild;Stiftelsen Apelryd International;8024778402;Engelska 5;14;21,4;64,3;14,3;5;..;..;..;9;..;..;..;
Apelrydsskolan i Båstad;32879845;Båstad;1278;Enskild;Stiftelsen Apelryd International;8024778402;Engelska 6;47;10,6;87,2;2,1;30;10,0;86,7;3,3;17;11,8;88,2;.;
Apelrydsskolan i Båstad;32879845;Båstad;1278;Enskild;Stiftelsen Apelryd International;8024778402;Matematik 1A;18;.;77,8;22,2;7;..;..;..;11;..;..;..;
Apelrydsskolan i Båstad;32879845;Båstad;1278;Enskild;Stiftelsen Apelryd International;8024778402;Matematik 1B;22;.;63,6;36,4;19;..;..;..;3;..;..;..;
Apelrydsskolan i Båstad;32879845;Båstad;1278;Enskild;Stiftelsen Apelryd International;8024778402;Matematik 2B;23;.;78,3;21,7;10;.;70,0;30,0;13;.;84,6;15,4;
Apelrydsskolan i Båstad;32879845;Båstad;1278;Enskild;Stiftelsen Apelryd International;8024778402;Svenska 1;17;.;82,4;17,6;6;..;..;..;11;..;..;..;
Apelrydsskolan i Båstad;32879845;Båstad;1278;Enskild;Stiftelsen Apelryd International;8024778402;Svenska 3;37;5,4;75,7;18,9;26;.;80,8;19,2;11;18,2;63,6;18,2;
Apelrydsskolan i Båstad;32879845;Båstad;1278;Enskild;Stiftelsen Apelryd International;8024778402;Svenska som andraspråk 1;1;..;..;..;1;..;..;..;.;.;.;.;
Apelrydsskolan i Båstad;32879845;Båstad;1278;Enskild;Stiftelsen Apelryd International;8024778402;Svenska som andraspråk 3;2;..;..;..;.;.;.;.;2;..;..;..;
Danderyds Gymnasium;30866364;Danderyd;0162;Kommunal;Danderyds kommun;2120000126;Engelska 6;361;11,1;81,4;7,5;149;12,1;79,2;8,7;212;10,4;83,0;6,6;
Danderyds Gymnasium;30866364;Danderyd;0162;Kommunal;Danderyds kommun;2120000126;Matematik 2B;104;.;85,6;14,4;58;.;89,7;10,3;46;.;80,4;19,6;
Danderyds Gymnasium;30866364;Danderyd;0162;Kommunal;Danderyds kommun;2120000126;Matematik 3B;53;.;86,8;13,2;14;.;71,4;28,6;39;.;92,3;7,7;
Danderyds Gymnasium;30866364;Danderyd;0162;Kommunal;Danderyds kommun;2120000126;Matematik 3C;54;.;88,9;11,1;3;..;..;..;51;..;..;..;
Danderyds Gymnasium;30866364;Danderyd;0162;Kommunal;Danderyds kommun;2120000126;Matematik 4;15;.;73,3;26,7;2;..;..;..;13;..;..;..;
Danderyds Gymnasium;30866364;Danderyd;0162;Kommunal;Danderyds kommun;2120000126;Svenska 3;242;7,9;57,9;34,3;90;5,6;52,2;42,2;152;9,2;61,2;29,6;
Marina läroverket i Danderyd;82814120;Danderyd;0162;Enskild;Klart Skepp Marinteknik AB;5565160669;Engelska 5;23;30,4;69,6;.;2;..;..;..;21;..;..;..;
Marina läroverket i Danderyd;82814120;Danderyd;0162;Enskild;Klart Skepp Marinteknik AB;5565160669;Engelska 6;52;7,7;59,6;32,7;39;10,3;56,4;33,3;13;.;69,2;30,8;
Marina läroverket i Danderyd;82814120;Danderyd;0162;Enskild;Klart Skepp Marinteknik AB;5565160669;Matematik 1A;24;.;83,3;16,7;3;..;..;..;21;..;..;..;
Marina läroverket i Danderyd;82814120;Danderyd;0162;Enskild;Klart Skepp Marinteknik AB;5565160669;Matematik 2B;28;.;71,4;28,6;28;..;..;..;.;.;.;.;
Marina läroverket i Danderyd;82814120;Danderyd;0162;Enskild;Klart Skepp Marinteknik AB;5565160669;Matematik 3B;29;.;69,0;31,0;9;..;..;..;20;..;..;..;
Marina läroverket i Danderyd;82814120;Danderyd;0162;Enskild;Klart Skepp Marinteknik AB;5565160669;Svenska 1;102;1,0;66,7;32,4;47;.;63,8;36,2;55;1,8;69,1;29,1;
Marina läroverket i Danderyd;82814120;Danderyd;0162;Enskild;Klart Skepp Marinteknik AB;5565160669;Svenska 3;53;.;86,8;13,2;26;.;84,6;15,4;27;.;88,9;11,1;
Viktor Rydberg gy. Djursholm;45164827;Danderyd;0162;Enskild;Stiftelsen Viktor Rydbergs Skolor;8120005650;Engelska 6;165;9,7;78,8;11,5;94;12,8;79,8;7,4;71;5,6;77,5;16,9;
Viktor Rydberg gy. Djursholm;45164827;Danderyd;0162;Enskild;Stiftelsen Viktor Rydbergs Skolor;8120005650;Matematik 2B;8;..;..;..;6;..;..;..;2;..;..;..;
Viktor Rydberg gy. Djursholm;45164827;Danderyd;0162;Enskild;Stiftelsen Viktor Rydbergs Skolor;8120005650;Matematik 3B;69;.;76,8;23,2;35;.;77,1;22,9;34;.;76,5;23,5;
Viktor Rydberg gy. Djursholm;45164827;Danderyd;0162;Enskild;Stiftelsen Viktor Rydbergs Skolor;8120005650;Matematik 4;43;.;76,7;23,3;19;.;78,9;21,1;24;.;75,0;25,0;
Viktor Rydberg gy. Djursholm;45164827;Danderyd;0162;Enskild;Stiftelsen Viktor Rydbergs Skolor;8120005650;Svenska 3;147;17,7;66,0;16,3;85;11,8;74,1;14,1;62;25,8;54,8;19,4;
Viktor Rydberg gy. Djursholm;45164827;Danderyd;0162;Enskild;Stiftelsen Viktor Rydbergs Skolor;8120005650;Svenska som andraspråk 3;9;..;..;..;2;..;..;..;7;..;..;..;
Degerforsgymnasiet;10924758;Degerfors;1862;Kommunal;Degerfors kommun;2120001934;Engelska 5;31;.;83,9;16,1;11;.;90,9;9,1;20;.;80,0;20,0;
Degerforsgymnasiet;10924758;Degerfors;1862;Kommunal;Degerfors kommun;2120001934;Engelska 6;34;8,8;73,5;17,6;18;.;88,9;11,1;16;18,8;56,3;25,0;
Degerforsgymnasiet;10924758;Degerfors;1862;Kommunal;Degerfors kommun;2120001934;Matematik 1A;11;.;54,5;45,5;9;..;..;..;2;..;..;..;
Degerforsgymnasiet;10924758;Degerfors;1862;Kommunal;Degerfors kommun;2120001934;Matematik 2B;30;.;90,0;10,0;17;.;82,4;17,6;13;.;100,0;.;
Degerforsgymnasiet;10924758;Degerfors;1862;Kommunal;Degerfors kommun;2120001934;Matematik 3B;10;.;70,0;30,0;2;..;..;..;8;..;..;..;
Degerforsgymnasiet;10924758;Degerfors;1862;Kommunal;Degerfors kommun;2120001934;Svenska 1;29;.;79,3;20,7;11;.;63,6;36,4;18;.;88,9;11,1;
Degerforsgymnasiet;10924758;Degerfors;1862;Kommunal;Degerfors kommun;2120001934;Svenska 3;33;6,1;66,7;27,3;12;8,3;50,0;41,7;21;4,8;76,2;19,0;
Degerforsgymnasiet;10924758;Degerfors;1862;Kommunal;Degerfors kommun;2120001934;Svenska som andraspråk 1;2;..;..;..;.;.;.;.;2;..;..;..;
Degerforsgymnasiet;10924758;Degerfors;1862;Kommunal;Degerfors kommun;2120001934;Svenska som andraspråk 3;5;..;..;..;3;..;..;..;2;..;..;..;
Eksjö Gymnasium 1;34153869;Eksjö;0686;Kommunal;Eksjö kommun;2120000589;Engelska 5;12;16,7;66,7;16,7;1;..;..;..;11;..;..;..;
Eksjö Gymnasium 1;34153869;Eksjö;0686;Kommunal;Eksjö kommun;2120000589;Engelska 6;50;.;74,0;26,0;16;.;68,8;31,3;34;.;76,5;23,5;
Eksjö Gymnasium 1;34153869;Eksjö;0686;Kommunal;Eksjö kommun;2120000589;Matematik 1A;12;8,3;16,7;75,0;1;..;..;..;11;..;..;..;
Eksjö Gymnasium 1;34153869;Eksjö;0686;Kommunal;Eksjö kommun;2120000589;Matematik 3C;25;4,0;56,0;40,0;7;..;..;..;18;..;..;..;
Eksjö Gymnasium 1;34153869;Eksjö;0686;Kommunal;Eksjö kommun;2120000589;Matematik 4;1;..;..;..;1;..;..;..;.;.;.;.;
Eksjö Gymnasium 1;34153869;Eksjö;0686;Kommunal;Eksjö kommun;2120000589;Svenska 1;12;.;58,3;41,7;1;..;..;..;11;..;..;..;
Eksjö Gymnasium 1;34153869;Eksjö;0686;Kommunal;Eksjö kommun;2120000589;Svenska 3;28;3,6;53,6;42,9;12;.;50,0;50,0;16;6,3;56,3;37,5;
Eksjö Gymnasium 1;34153869;Eksjö;0686;Kommunal;Eksjö kommun;2120000589;Svenska som andraspråk 3;7;..;..;..;4;..;..;..;3;..;..;..;
Eksjö Gymnasium 2;88259298;Eksjö;0686;Kommunal;Eksjö kommun;2120000589;Engelska 6;68;.;45,6;54,4;53;.;37,7;62,3;15;.;73,3;26,7;
Eksjö Gymnasium 2;88259298;Eksjö;0686;Kommunal;Eksjö kommun;2120000589;Matematik 1B;8;..;..;..;7;..;..;..;1;..;..;..;
Eksjö Gymnasium 2;88259298;Eksjö;0686;Kommunal;Eksjö kommun;2120000589;Matematik 2B;33;.;63,6;36,4;26;..;..;..;7;..;..;..;
Eksjö Gymnasium 2;88259298;Eksjö;0686;Kommunal;Eksjö kommun;2120000589;Matematik 3B;21;.;71,4;28,6;8;..;..;..;13;..;..;..;
Eksjö Gymnasium 2;88259298;Eksjö;0686;Kommunal;Eksjö kommun;2120000589;Svenska 3;50;2,0;30,0;68,0;33;.;30,3;69,7;17;5,9;29,4;64,7;
Eksjö Gymnasium 2;88259298;Eksjö;0686;Kommunal;Eksjö kommun;2120000589;Svenska som andraspråk 3;1;..;..;..;.;.;.;.;1;..;..;..;
Eksjö Gymnasium 3;73098153;Eksjö;0686;Kommunal;Eksjö kommun;2120000589;Engelska 5;18;5,6;77,8;16,7;16;..;..;..;2;..;..;..;
Eksjö Gymnasium 3;73098153;Eksjö;0686;Kommunal;Eksjö kommun;2120000589;Matematik 1A;19;10,5;63,2;26,3;17;..;..;..;2;..;..;..;
Eksjö Gymnasium 3;73098153;Eksjö;0686;Kommunal;Eksjö kommun;2120000589;Svenska 1;17;.;41,2;58,8;16;..;..;..;1;..;..;..;
Eksjö Gymnasium 3;73098153;Eksjö;0686;Kommunal;Eksjö kommun;2120000589;Svenska som andraspråk 1;2;..;..;..;1;..;..;..;1;..;..;..;
Nifsarpsskolan fri;44240250;Eksjö;0686;Enskild;Eksjö Fordonsutbildning AB;5565848537;Engelska 5;67;14,9;70,1;14,9;18;11,1;50,0;38,9;49;16,3;77,6;6,1;
Nifsarpsskolan fri;44240250;Eksjö;0686;Enskild;Eksjö Fordonsutbildning AB;5565848537;Matematik 1A;24;.;83,3;16,7;11;.;81,8;18,2;13;.;84,6;15,4;
Nifsarpsskolan fri;44240250;Eksjö;0686;Enskild;Eksjö Fordonsutbildning AB;5565848537;Svenska 1;71;2,8;50,7;46,5;18;5,6;33,3;61,1;53;1,9;56,6;41,5;
Vilhelm Mobergsgymnasiet;17846181;Emmaboda;0862;Kommunal;Emmaboda kommun;2120000738;Engelska 5;14;7,1;92,9;.;6;..;..;..;8;..;..;..;
Vilhelm Mobergsgymnasiet;17846181;Emmaboda;0862;Kommunal;Emmaboda kommun;2120000738;Engelska 6;26;.;84,6;15,4;11;.;81,8;18,2;15;.;86,7;13,3;
Vilhelm Mobergsgymnasiet;17846181;Emmaboda;0862;Kommunal;Emmaboda kommun;2120000738;Matematik 1A;21;.;76,2;23,8;8;..;..;..;13;..;..;..;
Vilhelm Mobergsgymnasiet;17846181;Emmaboda;0862;Kommunal;Emmaboda kommun;2120000738;Matematik 2B;8;..;..;..;2;..;..;..;6;..;..;..;
Vilhelm Mobergsgymnasiet;17846181;Emmaboda;0862;Kommunal;Emmaboda kommun;2120000738;Matematik 3B;3;..;..;..;1;..;..;..;2;..;..;..;
Vilhelm Mobergsgymnasiet;17846181;Emmaboda;0862;Kommunal;Emmaboda kommun;2120000738;Matematik 4;2;..;..;..;.;.;.;.;2;..;..;..;
Vilhelm Mobergsgymnasiet;17846181;Emmaboda;0862;Kommunal;Emmaboda kommun;2120000738;Svenska 1;9;..;..;..;3;..;..;..;6;..;..;..;
Vilhelm Mobergsgymnasiet;17846181;Emmaboda;0862;Kommunal;Emmaboda kommun;2120000738;Svenska 3;16;.;81,3;18,8;6;..;..;..;10;..;..;..;
Vilhelm Mobergsgymnasiet;17846181;Emmaboda;0862;Kommunal;Emmaboda kommun;2120000738;Svenska som andraspråk 1;13;.;69,2;30,8;5;..;..;..;8;..;..;..;
Vilhelm Mobergsgymnasiet;17846181;Emmaboda;0862;Kommunal;Emmaboda kommun;2120000738;Svenska som andraspråk 3;15;.;46,7;53,3;9;..;..;..;6;..;..;..;
Westerlundska gymnasiet;75082798;Enköping;0381;Kommunal;Enköpings kommun;2120000282;Engelska 5;106;10,4;83,0;6,6;26;11,5;76,9;11,5;80;10,0;85,0;5,0;
Westerlundska gymnasiet;75082798;Enköping;0381;Kommunal;Enköpings kommun;2120000282;Engelska 6;223;6,7;80,7;12,6;102;6,9;80,4;12,7;121;6,6;81,0;12,4;
Westerlundska gymnasiet;75082798;Enköping;0381;Kommunal;Enköpings kommun;2120000282;Matematik 1A;110;.;78,2;21,8;39;.;82,1;17,9;71;.;76,1;23,9;
Westerlundska gymnasiet;75082798;Enköping;0381;Kommunal;Enköpings kommun;2120000282;Matematik 1B;7;..;..;..;4;..;..;..;3;..;..;..;
Westerlundska gymnasiet;75082798;Enköping;0381;Kommunal;Enköpings kommun;2120000282;Matematik 2B;20;.;40,0;60,0;13;..;..;..;7;..;..;..;
Westerlundska gymnasiet;75082798;Enköping;0381;Kommunal;Enköpings kommun;2120000282;Matematik 3B;32;.;75,0;25,0;12;.;66,7;33,3;20;.;80,0;20,0;
Westerlundska gymnasiet;75082798;Enköping;0381;Kommunal;Enköpings kommun;2120000282;Matematik 4;31;.;77,4;22,6;11;.;54,5;45,5;20;.;90,0;10,0;
Westerlundska gymnasiet;75082798;Enköping;0381;Kommunal;Enköpings kommun;2120000282;Svenska 1;89;1,1;49,4;49,4;21;.;57,1;42,9;68;1,5;47,1;51,5;
Westerlundska gymnasiet;75082798;Enköping;0381;Kommunal;Enköpings kommun;2120000282;Svenska 3;164;3,7;57,9;38,4;93;2,2;50,5;47,3;71;5,6;67,6;26,8;
Westerlundska gymnasiet;75082798;Enköping;0381;Kommunal;Enköpings kommun;2120000282;Svenska som andraspråk 1;17;.;64,7;35,3;6;..;..;..;11;..;..;..;
Westerlundska gymnasiet;75082798;Enköping;0381;Kommunal;Enköpings kommun;2120000282;Svenska som andraspråk 3;44;4,5;45,5;50,0;15;6,7;33,3;60,0;29;3,4;51,7;44,8;
Grillska Gymnasiet Eskilstuna;23555409;Eskilstuna;0484;Enskild;Stadsmissionens Skolstiftelse;8020170794;Engelska 5;45;11,1;71,1;17,8;20;10,0;70,0;20,0;25;12,0;72,0;16,0;
Grillska Gymnasiet Eskilstuna;23555409;Eskilstuna;0484;Enskild;Stadsmissionens Skolstiftelse;8020170794;Engelska 6;78;1,3;78,2;20,5;28;.;71,4;28,6;50;2,0;82,0;16,0;
Grillska Gymnasiet Eskilstuna;23555409;Eskilstuna;0484;Enskild;Stadsmissionens Skolstiftelse;8020170794;Matematik 1A;46;.;54,3;45,7;20;.;65,0;35,0;26;.;46,2;53,8;
Grillska Gymnasiet Eskilstuna;23555409;Eskilstuna;0484;Enskild;Stadsmissionens Skolstiftelse;8020170794;Matematik 1B;21;.;76,2;23,8;15;..;..;..;6;..;..;..;
Grillska Gymnasiet Eskilstuna;23555409;Eskilstuna;0484;Enskild;Stadsmissionens Skolstiftelse;8020170794;Matematik 2B;50;2,0;64,0;34,0;39;.;64,1;35,9;11;9,1;63,6;27,3;
Grillska Gymnasiet Eskilstuna;23555409;Eskilstuna;0484;Enskild;Stadsmissionens Skolstiftelse;8020170794;Matematik 3B;40;.;65,0;35,0;20;.;55,0;45,0;20;.;75,0;25,0;
Grillska Gymnasiet Eskilstuna;23555409;Eskilstuna;0484;Enskild;Stadsmissionens Skolstiftelse;8020170794;Matematik 3C;29;.;51,7;48,3;2;..;..;..;27;..;..;..;
Grillska Gymnasiet Eskilstuna;23555409;Eskilstuna;0484;Enskild;Stadsmissionens Skolstiftelse;8020170794;Svenska 1;43;2,3;58,1;39,5;23;.;91,3;8,7;20;5,0;20,0;75,0;
Grillska Gymnasiet Eskilstuna;23555409;Eskilstuna;0484;Enskild;Stadsmissionens Skolstiftelse;8020170794;Svenska 3;124;16,1;65,3;18,5;61;6,6;72,1;21,3;63;25,4;58,7;15,9;
Grillska Gymnasiet Eskilstuna;23555409;Eskilstuna;0484;Enskild;Stadsmissionens Skolstiftelse;8020170794;Svenska som andraspråk 1;3;..;..;..;.;.;.;.;3;..;..;..;
Grillska Gymnasiet Eskilstuna;23555409;Eskilstuna;0484;Enskild;Stadsmissionens Skolstiftelse;8020170794;Svenska som andraspråk 3;17;5,9;70,6;23,5;9;..;..;..;8;..;..;..;
JENSEN Gymnasium Eskilstuna;88986563;Eskilstuna;0484;Enskild;Jensen Education College AB;5566358759;Engelska 6;51;2,0;68,6;29,4;31;.;74,2;25,8;20;5,0;60,0;35,0;
JENSEN Gymnasium Eskilstuna;88986563;Eskilstuna;0484;Enskild;Jensen Education College AB;5566358759;Matematik 2B;34;.;67,6;32,4;24;.;62,5;37,5;10;.;80,0;20,0;
JENSEN Gymnasium Eskilstuna;88986563;Eskilstuna;0484;Enskild;Jensen Education College AB;5566358759;Matematik 3B;5;..;..;..;2;..;..;..;3;..;..;..;
JENSEN Gymnasium Eskilstuna;88986563;Eskilstuna;0484;Enskild;Jensen Education College AB;5566358759;Svenska 3;44;.;59,1;40,9;33;.;51,5;48,5;11;.;81,8;18,2;
JENSEN Gymnasium Eskilstuna;88986563;Eskilstuna;0484;Enskild;Jensen Education College AB;5566358759;Svenska som andraspråk 3;8;..;..;..;5;..;..;..;3;..;..;..;
Kunskapscompaniets Gymnasium i Eskilstuna;91333138;Eskilstuna;0484;Enskild;Kunskapscompaniet Gymnasium KCGY AB;5561383885;Engelska 5;50;18,0;64,0;18,0;18;11,1;50,0;38,9;32;21,9;71,9;6,3;
Kunskapscompaniets Gymnasium i Eskilstuna;91333138;Eskilstuna;0484;Enskild;Kunskapscompaniet Gymnasium KCGY AB;5561383885;Matematik 1A;57;.;57,9;42,1;22;.;45,5;54,5;35;.;65,7;34,3;
Kunskapscompaniets Gymnasium i Eskilstuna;91333138;Eskilstuna;0484;Enskild;Kunskapscompaniet Gymnasium KCGY AB;5561383885;Svenska 1;53;17,0;52,8;30,2;22;18,2;31,8;50,0;31;16,1;67,7;16,1;
Kunskapscompaniets Gymnasium i Eskilstuna;91333138;Eskilstuna;0484;Enskild;Kunskapscompaniet Gymnasium KCGY AB;5561383885;Svenska som andraspråk 1;2;..;..;..;.;.;.;.;2;..;..;..;
NTI Gymnasiet Eskilstuna;30341162;Eskilstuna;0484;Enskild;NTI Gymnasiet Macro AB;5561203679;Engelska 5;20;25,0;70,0;5,0;.;.;.;.;20;..;..;..;
NTI Gymnasiet Eskilstuna;30341162;Eskilstuna;0484;Enskild;NTI Gymnasiet Macro AB;5561203679;Engelska 6;35;37,1;57,1;5,7;11;27,3;54,5;18,2;24;41,7;58,3;.;
NTI Gymnasiet Eskilstuna;30341162;Eskilstuna;0484;Enskild;NTI Gymnasiet Macro AB;5561203679;Matematik 1A;18;.;100,0;.;.;.;.;.;18;..;..;..;
NTI Gymnasiet Eskilstuna;30341162;Eskilstuna;0484;Enskild;NTI Gymnasiet Macro AB;5561203679;Matematik 1B;22;.;90,9;9,1;7;..;..;..;15;..;..;..;
NTI Gymnasiet Eskilstuna;30341162;Eskilstuna;0484;Enskild;NTI Gymnasiet Macro AB;5561203679;Matematik 3C;24;.;100,0;.;2;..;..;..;22;..;..;..;
NTI Gymnasiet Eskilstuna;30341162;Eskilstuna;0484;Enskild;NTI Gymnasiet Macro AB;5561203679;Svenska 1;12;8,3;33,3;58,3;.;.;.;.;12;..;..;..;
NTI Gymnasiet Eskilstuna;30341162;Eskilstuna;0484;Enskild;NTI Gymnasiet Macro AB;5561203679;Svenska 3;19;10,5;31,6;57,9;4;..;..;..;15;..;..;..;
NTI Gymnasiet Eskilstuna;30341162;Eskilstuna;0484;Enskild;NTI Gymnasiet Macro AB;5561203679;Svenska som andraspråk 1;8;..;..;..;.;.;.;.;8;..;..;..;
NTI Gymnasiet Eskilstuna;30341162;Eskilstuna;0484;Enskild;NTI Gymnasiet Macro AB;5561203679;Svenska som andraspråk 3;3;..;..;..;1;..;..;..;2;..;..;..;
Rekarnegymnasiet 1;72266906;Eskilstuna;0484;Kommunal;Eskilstuna kommun;2120000357;Engelska 5;73;16,4;65,8;17,8;7;..;..;..;66;..;..;..;
Rekarnegymnasiet 1;72266906;Eskilstuna;0484;Kommunal;Eskilstuna kommun;2120000357;Engelska 6;62;12,9;50,0;37,1;39;7,7;46,2;46,2;23;21,7;56,5;21,7;
Rekarnegymnasiet 1;72266906;Eskilstuna;0484;Kommunal;Eskilstuna kommun;2120000357;Matematik 1A;89;.;58,4;41,6;4;..;..;..;85;..;..;..;
Rekarnegymnasiet 1;72266906;Eskilstuna;0484;Kommunal;Eskilstuna kommun;2120000357;Matematik 2B;47;.;48,9;51,1;27;.;44,4;55,6;20;.;55,0;45,0;
Rekarnegymnasiet 1;72266906;Eskilstuna;0484;Kommunal;Eskilstuna kommun;2120000357;Svenska 1;75;12,0;41,3;46,7;3;..;..;..;72;..;..;..;
Rekarnegymnasiet 1;72266906;Eskilstuna;0484;Kommunal;Eskilstuna kommun;2120000357;Svenska 3;60;5,0;48,3;46,7;45;4,4;48,9;46,7;15;6,7;46,7;46,7;
Rekarnegymnasiet 1;72266906;Eskilstuna;0484;Kommunal;Eskilstuna kommun;2120000357;Svenska som andraspråk 1;8;..;..;..;1;..;..;..;7;..;..;..;
Rekarnegymnasiet 1;72266906;Eskilstuna;0484;Kommunal;Eskilstuna kommun;2120000357;Svenska som andraspråk 3;14;50,0;28,6;21,4;12;..;..;..;2;..;..;..;
Rekarnegymnasiet 2;27030026;Eskilstuna;0484;Kommunal;Eskilstuna kommun;2120000357;Engelska 5;58;13,8;69,0;17,2;27;11,1;59,3;29,6;31;16,1;77,4;6,5;
Rekarnegymnasiet 2;27030026;Eskilstuna;0484;Kommunal;Eskilstuna kommun;2120000357;Engelska 6;45;17,8;68,9;13,3;24;16,7;62,5;20,8;21;19,0;76,2;4,8;
Rekarnegymnasiet 2;27030026;Eskilstuna;0484;Kommunal;Eskilstuna kommun;2120000357;Matematik 1A;70;.;64,3;35,7;15;.;26,7;73,3;55;.;74,5;25,5;
Rekarnegymnasiet 2;27030026;Eskilstuna;0484;Kommunal;Eskilstuna kommun;2120000357;Matematik 2B;16;.;93,8;6,3;12;..;..;..;4;..;..;..;
Rekarnegymnasiet 2;27030026;Eskilstuna;0484;Kommunal;Eskilstuna kommun;2120000357;Matematik 3B;18;.;72,2;27,8;5;..;..;..;13;..;..;..;
Rekarnegymnasiet 2;27030026;Eskilstuna;0484;Kommunal;Eskilstuna kommun;2120000357;Matematik 3C;3;..;..;..;.;.;.;.;3;..;..;..;
Rekarnegymnasiet 2;27030026;Eskilstuna;0484;Kommunal;Eskilstuna kommun;2120000357;Svenska 1;59;15,3;71,2;13,6;11;9,1;63,6;27,3;48;16,7;72,9;10,4;
Rekarnegymnasiet 2;27030026;Eskilstuna;0484;Kommunal;Eskilstuna kommun;2120000357;Svenska 3;34;11,8;38,2;50,0;13;.;30,8;69,2;21;19,0;42,9;38,1;
Rekarnegymnasiet 2;27030026;Eskilstuna;0484;Kommunal;Eskilstuna kommun;2120000357;Svenska som andraspråk 1;8;..;..;..;3;..;..;..;5;..;..;..;
Rekarnegymnasiet 2;27030026;Eskilstuna;0484;Kommunal;Eskilstuna kommun;2120000357;Svenska som andraspråk 3;2;..;..;..;.;.;.;.;2;..;..;..;
Rinmangymnasiet RI 1N;16950252;Eskilstuna;0484;Kommunal;Eskilstuna kommun;2120000357;Engelska 5;30;3,3;96,7;.;7;..;..;..;23;..;..;..;
Rinmangymnasiet RI 1N;16950252;Eskilstuna;0484;Kommunal;Eskilstuna kommun;2120000357;Engelska 6;76;1,3;64,5;34,2;18;5,6;55,6;38,9;58;.;67,2;32,8;
Rinmangymnasiet RI 1N;16950252;Eskilstuna;0484;Kommunal;Eskilstuna kommun;2120000357;Matematik 1A;30;.;86,7;13,3;5;..;..;..;25;..;..;..;
Rinmangymnasiet RI 1N;16950252;Eskilstuna;0484;Kommunal;Eskilstuna kommun;2120000357;Matematik 3C;68;.;69,1;30,9;21;.;66,7;33,3;47;.;70,2;29,8;
Rinmangymnasiet RI 1N;16950252;Eskilstuna;0484;Kommunal;Eskilstuna kommun;2120000357;Matematik 4;28;.;57,1;42,9;3;..;..;..;25;..;..;..;
Rinmangymnasiet RI 1N;16950252;Eskilstuna;0484;Kommunal;Eskilstuna kommun;2120000357;Svenska 1;26;.;65,4;34,6;5;..;..;..;21;..;..;..;
Rinmangymnasiet RI 1N;16950252;Eskilstuna;0484;Kommunal;Eskilstuna kommun;2120000357;Svenska 3;70;2,9;90,0;7,1;13;.;100,0;.;57;3,5;87,7;8,8;
Rinmangymnasiet RI 1N;16950252;Eskilstuna;0484;Kommunal;Eskilstuna kommun;2120000357;Svenska som andraspråk 1;1;..;..;..;1;..;..;..;.;.;.;.;
Rinmangymnasiet RI 1N;16950252;Eskilstuna;0484;Kommunal;Eskilstuna kommun;2120000357;Svenska som andraspråk 3;22;22,7;45,5;31,8;4;..;..;..;18;..;..;..;
Rinmangymnasiet RI 2N;34637764;Eskilstuna;0484;Kommunal;Eskilstuna kommun;2120000357;Engelska 5;30;3,3;93,3;3,3;24;..;..;..;6;..;..;..;
Rinmangymnasiet RI 2N;34637764;Eskilstuna;0484;Kommunal;Eskilstuna kommun;2120000357;Engelska 6;109;1,8;59,6;38,5;63;.;55,6;44,4;46;4,3;65,2;30,4;
Rinmangymnasiet RI 2N;34637764;Eskilstuna;0484;Kommunal;Eskilstuna kommun;2120000357;Matematik 1A;41;2,4;46,3;51,2;33;..;..;..;8;..;..;..;
Rinmangymnasiet RI 2N;34637764;Eskilstuna;0484;Kommunal;Eskilstuna kommun;2120000357;Matematik 3C;26;.;84,6;15,4;20;..;..;..;6;..;..;..;
Rinmangymnasiet RI 2N;34637764;Eskilstuna;0484;Kommunal;Eskilstuna kommun;2120000357;Matematik 4;76;1,3;68,4;30,3;38;.;65,8;34,2;38;2,6;71,1;26,3;
Rinmangymnasiet RI 2N;34637764;Eskilstuna;0484;Kommunal;Eskilstuna kommun;2120000357;Svenska 1;18;.;61,1;38,9;16;..;..;..;2;..;..;..;
Rinmangymnasiet RI 2N;34637764;Eskilstuna;0484;Kommunal;Eskilstuna kommun;2120000357;Svenska 3;52;7,7;80,8;11,5;30;6,7;83,3;10,0;22;9,1;77,3;13,6;
Rinmangymnasiet RI 2N;34637764;Eskilstuna;0484;Kommunal;Eskilstuna kommun;2120000357;Svenska som andraspråk 1;16;6,3;68,8;25,0;11;..;..;..;5;..;..;..;
Rinmangymnasiet RI 2N;34637764;Eskilstuna;0484;Kommunal;Eskilstuna kommun;2120000357;Svenska som andraspråk 3;52;3,8;42,3;53,8;29;3,4;51,7;44,8;23;4,3;30,4;65,2;
Rinmangymnasiet RI3N;44957557;Eskilstuna;0484;Kommunal;Eskilstuna kommun;2120000357;Engelska 6;1;..;..;..;.;.;.;.;1;..;..;..;
Rinmangymnasiet RI3N;44957557;Eskilstuna;0484;Kommunal;Eskilstuna kommun;2120000357;Matematik 2B;1;..;..;..;.;.;.;.;1;..;..;..;
Rinmangymnasiet RI3N;44957557;Eskilstuna;0484;Kommunal;Eskilstuna kommun;2120000357;Svenska 3;2;..;..;..;1;..;..;..;1;..;..;..;
Rinmangymnasiet RI3N;44957557;Eskilstuna;0484;Kommunal;Eskilstuna kommun;2120000357;Svenska som andraspråk 3;2;..;..;..;1;..;..;..;1;..;..;..;
S:t Eskils gymnasium;19912478;Eskilstuna;0484;Kommunal;Eskilstuna kommun;2120000357;Engelska 6;137;18,2;52,6;29,2;100;14,0;52,0;34,0;37;29,7;54,1;16,2;
S:t Eskils gymnasium;19912478;Eskilstuna;0484;Kommunal;Eskilstuna kommun;2120000357;Matematik 1B;47;.;51,1;48,9;32;.;50,0;50,0;15;.;53,3;46,7;
S:t Eskils gymnasium;19912478;Eskilstuna;0484;Kommunal;Eskilstuna kommun;2120000357;Matematik 2B;71;.;64,8;35,2;52;.;65,4;34,6;19;.;63,2;36,8;
S:t Eskils gymnasium;19912478;Eskilstuna;0484;Kommunal;Eskilstuna kommun;2120000357;Matematik 3B;2;..;..;..;1;..;..;..;1;..;..;..;
S:t Eskils gymnasium;19912478;Eskilstuna;0484;Kommunal;Eskilstuna kommun;2120000357;Svenska 3;97;9,3;71,1;19,6;61;6,6;72,1;21,3;36;13,9;69,4;16,7;
S:t Eskils gymnasium;19912478;Eskilstuna;0484;Kommunal;Eskilstuna kommun;2120000357;Svenska som andraspråk 3;25;8,0;36,0;56,0;19;..;..;..;6;..;..;..;
Zetterbergsgymnasiet;69396818;Eskilstuna;0484;Kommunal;Eskilstuna kommun;2120000357;Engelska 5;25;12,0;80,0;8,0;17;..;..;..;8;..;..;..;
Zetterbergsgymnasiet;69396818;Eskilstuna;0484;Kommunal;Eskilstuna kommun;2120000357;Engelska 6;43;39,5;55,8;4,7;29;27,6;65,5;6,9;14;64,3;35,7;.;
Zetterbergsgymnasiet;69396818;Eskilstuna;0484;Kommunal;Eskilstuna kommun;2120000357;Matematik 1A;37;.;78,4;21,6;27;.;74,1;25,9;10;.;90,0;10,0;
Zetterbergsgymnasiet;69396818;Eskilstuna;0484;Kommunal;Eskilstuna kommun;2120000357;Matematik 3B;17;.;58,8;41,2;11;..;..;..;6;..;..;..;
Zetterbergsgymnasiet;69396818;Eskilstuna;0484;Kommunal;Eskilstuna kommun;2120000357;Svenska 1;23;4,3;21,7;73,9;20;..;..;..;3;..;..;..;
Zetterbergsgymnasiet;69396818;Eskilstuna;0484;Kommunal;Eskilstuna kommun;2120000357;Svenska 3;17;.;70,6;29,4;11;..;..;..;6;..;..;..;
Zetterbergsgymnasiet;69396818;Eskilstuna;0484;Kommunal;Eskilstuna kommun;2120000357;Svenska som andraspråk 1;14;14,3;64,3;21,4;10;..;..;..;4;..;..;..;
Zetterbergsgymnasiet;69396818;Eskilstuna;0484;Kommunal;Eskilstuna kommun;2120000357;Svenska som andraspråk 3;5;..;..;..;2;..;..;..;3;..;..;..;
Carl Engströmgymnasiet;15077883;Eslöv;1285;Kommunal;Eslövs kommun;2120001173;Engelska 5;123;21,1;66,7;12,2;41;14,6;73,2;12,2;82;24,4;63,4;12,2;
Carl Engströmgymnasiet;15077883;Eslöv;1285;Kommunal;Eslövs kommun;2120001173;Engelska 6;69;11,6;78,3;10,1;22;4,5;86,4;9,1;47;14,9;74,5;10,6;
Carl Engströmgymnasiet;15077883;Eslöv;1285;Kommunal;Eslövs kommun;2120001173;Matematik 1A;150;0,7;83,3;16,0;41;.;92,7;7,3;109;0,9;79,8;19,3;
Carl Engströmgymnasiet;15077883;Eslöv;1285;Kommunal;Eslövs kommun;2120001173;Matematik 2B;35;.;77,1;22,9;13;.;61,5;38,5;22;.;86,4;13,6;
Carl Engströmgymnasiet;15077883;Eslöv;1285;Kommunal;Eslövs kommun;2120001173;Matematik 3B;17;.;76,5;23,5;11;..;..;..;6;..;..;..;
Carl Engströmgymnasiet;15077883;Eslöv;1285;Kommunal;Eslövs kommun;2120001173;Matematik 4;7;..;..;..;.;.;.;.;7;..;..;..;
Carl Engströmgymnasiet;15077883;Eslöv;1285;Kommunal;Eslövs kommun;2120001173;Svenska 1;116;2,6;82,8;14,7;40;.;85,0;15,0;76;3,9;81,6;14,5;
Carl Engströmgymnasiet;15077883;Eslöv;1285;Kommunal;Eslövs kommun;2120001173;Svenska 3;62;3,2;80,6;16,1;41;4,9;78,0;17,1;21;.;85,7;14,3;
Carl Engströmgymnasiet;15077883;Eslöv;1285;Kommunal;Eslövs kommun;2120001173;Svenska som andraspråk 1;9;..;..;..;1;..;..;..;8;..;..;..;
Brinellskolan 1;32420077;Fagersta;1982;Kommunal;Fagersta kommun;2120002106;Engelska 5;18;16,7;83,3;.;15;..;..;..;3;..;..;..;
Brinellskolan 1;32420077;Fagersta;1982;Kommunal;Fagersta kommun;2120002106;Matematik 1A;15;.;73,3;26,7;11;..;..;..;4;..;..;..;
Brinellskolan 1;32420077;Fagersta;1982;Kommunal;Fagersta kommun;2120002106;Svenska 1;10;10,0;40,0;50,0;10;..;..;..;.;.;.;.;
Brinellskolan 1;32420077;Fagersta;1982;Kommunal;Fagersta kommun;2120002106;Svenska som andraspråk 1;2;..;..;..;1;..;..;..;1;..;..;..;
Brinellskolan 2;48434184;Fagersta;1982;Kommunal;Fagersta kommun;2120002106;Engelska 5;24;20,8;62,5;16,7;2;..;..;..;22;..;..;..;
Brinellskolan 2;48434184;Fagersta;1982;Kommunal;Fagersta kommun;2120002106;Engelska 6;38;21,1;65,8;13,2;18;11,1;66,7;22,2;20;30,0;65,0;5,0;
Brinellskolan 2;48434184;Fagersta;1982;Kommunal;Fagersta kommun;2120002106;Matematik 1A;22;4,5;95,5;.;3;..;..;..;19;..;..;..;
Brinellskolan 2;48434184;Fagersta;1982;Kommunal;Fagersta kommun;2120002106;Matematik 2B;4;..;..;..;3;..;..;..;1;..;..;..;
Brinellskolan 2;48434184;Fagersta;1982;Kommunal;Fagersta kommun;2120002106;Matematik 3B;4;..;..;..;3;..;..;..;1;..;..;..;
Brinellskolan 2;48434184;Fagersta;1982;Kommunal;Fagersta kommun;2120002106;Matematik 3C;13;.;84,6;15,4;6;..;..;..;7;..;..;..;
Brinellskolan 2;48434184;Fagersta;1982;Kommunal;Fagersta kommun;2120002106;Svenska 1;20;.;60,0;40,0;3;..;..;..;17;..;..;..;
Brinellskolan 2;48434184;Fagersta;1982;Kommunal;Fagersta kommun;2120002106;Svenska 3;25;4,0;36,0;60,0;15;.;40,0;60,0;10;10,0;30,0;60,0;
Brinellskolan 2;48434184;Fagersta;1982;Kommunal;Fagersta kommun;2120002106;Svenska som andraspråk 1;1;..;..;..;.;.;.;.;1;..;..;..;
Brinellskolan 2;48434184;Fagersta;1982;Kommunal;Fagersta kommun;2120002106;Svenska som andraspråk 3;6;..;..;..;2;..;..;..;4;..;..;..;
Brinellskolan 3;25167262;Fagersta;1982;Kommunal;Fagersta kommun;2120002106;Engelska 6;16;.;87,5;12,5;11;..;..;..;5;..;..;..;
Brinellskolan 3;25167262;Fagersta;1982;Kommunal;Fagersta kommun;2120002106;Matematik 2B;15;.;80,0;20,0;11;..;..;..;4;..;..;..;
Brinellskolan 3;25167262;Fagersta;1982;Kommunal;Fagersta kommun;2120002106;Svenska 3;9;..;..;..;7;..;..;..;2;..;..;..;
Brinellskolan 3;25167262;Fagersta;1982;Kommunal;Fagersta kommun;2120002106;Svenska som andraspråk 3;2;..;..;..;1;..;..;..;1;..;..;..;
Drottning Blankas Gymnasieskola Falkenberg;58724424;Falkenberg;1382;Enskild;DBGY Kronan AB;5565668794;Engelska 5;15;.;100,0;.;14;..;..;..;1;..;..;..;
Drottning Blankas Gymnasieskola Falkenberg;58724424;Falkenberg;1382;Enskild;DBGY Kronan AB;5565668794;Engelska 6;30;3,3;86,7;10,0;24;..;..;..;6;..;..;..;
Drottning Blankas Gymnasieskola Falkenberg;58724424;Falkenberg;1382;Enskild;DBGY Kronan AB;5565668794;Matematik 1A;13;.;76,9;23,1;12;..;..;..;1;..;..;..;
Drottning Blankas Gymnasieskola Falkenberg;58724424;Falkenberg;1382;Enskild;DBGY Kronan AB;5565668794;Matematik 1B;9;..;..;..;5;..;..;..;4;..;..;..;
Drottning Blankas Gymnasieskola Falkenberg;58724424;Falkenberg;1382;Enskild;DBGY Kronan AB;5565668794;Matematik 2B;14;.;85,7;14,3;12;..;..;..;2;..;..;..;
Drottning Blankas Gymnasieskola Falkenberg;58724424;Falkenberg;1382;Enskild;DBGY Kronan AB;5565668794;Svenska 1;10;.;30,0;70,0;10;..;..;..;.;.;.;.;
Drottning Blankas Gymnasieskola Falkenberg;58724424;Falkenberg;1382;Enskild;DBGY Kronan AB;5565668794;Svenska 3;9;..;..;..;5;..;..;..;4;..;..;..;
Drottning Blankas Gymnasieskola Falkenberg;58724424;Falkenberg;1382;Enskild;DBGY Kronan AB;5565668794;Svenska som andraspråk 1;1;..;..;..;1;..;..;..;.;.;.;.;
Drottning Blankas Gymnasieskola Falkenberg;58724424;Falkenberg;1382;Enskild;DBGY Kronan AB;5565668794;Svenska som andraspråk 3;4;..;..;..;3;..;..;..;1;..;..;..;
Falkenbergs Gymnasieskola 2;51138448;Falkenberg;1382;Kommunal;Falkenbergs kommun;2120001231;Engelska 6;2;..;..;..;.;.;.;.;2;..;..;..;
Falkenbergs Gymnasieskola 2;51138448;Falkenberg;1382;Kommunal;Falkenbergs kommun;2120001231;Matematik 3C;4;..;..;..;4;..;..;..;.;.;.;.;
Falkenbergs Gymnasieskola 2;51138448;Falkenberg;1382;Kommunal;Falkenbergs kommun;2120001231;Svenska 3;15;.;80,0;20,0;11;..;..;..;4;..;..;..;
Falkenbergs Gymnasieskola 3;19647256;Falkenberg;1382;Kommunal;Falkenbergs kommun;2120001231;Engelska 5;23;4,3;95,7;.;6;..;..;..;17;..;..;..;
Falkenbergs Gymnasieskola 3;19647256;Falkenberg;1382;Kommunal;Falkenbergs kommun;2120001231;Svenska 1;1;..;..;..;1;..;..;..;.;.;.;.;
Ållebergsgymnasiet A;17008320;Falköping;1499;Kommunal;Falköpings kommun;2120001744;Engelska 5;13;.;53,8;46,2;11;..;..;..;2;..;..;..;
Ållebergsgymnasiet A;17008320;Falköping;1499;Kommunal;Falköpings kommun;2120001744;Engelska 6;12;25,0;75,0;.;3;..;..;..;9;..;..;..;
Ållebergsgymnasiet A;17008320;Falköping;1499;Kommunal;Falköpings kommun;2120001744;Matematik 1A;15;.;73,3;26,7;9;..;..;..;6;..;..;..;
Ållebergsgymnasiet A;17008320;Falköping;1499;Kommunal;Falköpings kommun;2120001744;Svenska 1;15;6,7;73,3;20,0;12;..;..;..;3;..;..;..;
Ållebergsgymnasiet A;17008320;Falköping;1499;Kommunal;Falköpings kommun;2120001744;Svenska 3;37;5,4;51,4;43,2;16;.;50,0;50,0;21;9,5;52,4;38,1;
Ållebergsgymnasiet A;17008320;Falköping;1499;Kommunal;Falköpings kommun;2120001744;Svenska som andraspråk 1;3;..;..;..;.;.;.;.;3;..;..;..;
Ållebergsgymnasiet A;17008320;Falköping;1499;Kommunal;Falköpings kommun;2120001744;Svenska som andraspråk 3;10;10,0;80,0;10,0;7;..;..;..;3;..;..;..;
Ållebergsgymnasiet B;56737496;Falköping;1499;Kommunal;Falköpings kommun;2120001744;Engelska 5;22;18,2;72,7;9,1;7;..;..;..;15;..;..;..;
Ållebergsgymnasiet B;56737496;Falköping;1499;Kommunal;Falköpings kommun;2120001744;Engelska 6;40;2,5;75,0;22,5;17;.;70,6;29,4;23;4,3;78,3;17,4;
Ållebergsgymnasiet B;56737496;Falköping;1499;Kommunal;Falköpings kommun;2120001744;Matematik 1A;21;.;66,7;33,3;8;..;..;..;13;..;..;..;
Ållebergsgymnasiet B;56737496;Falköping;1499;Kommunal;Falköpings kommun;2120001744;Matematik 2B;6;..;..;..;5;..;..;..;1;..;..;..;
Ållebergsgymnasiet B;56737496;Falköping;1499;Kommunal;Falköpings kommun;2120001744;Matematik 3B;20;.;60,0;40,0;7;..;..;..;13;..;..;..;
Ållebergsgymnasiet B;56737496;Falköping;1499;Kommunal;Falköpings kommun;2120001744;Svenska 1;27;3,7;44,4;51,9;6;..;..;..;21;..;..;..;
Ållebergsgymnasiet B;56737496;Falköping;1499;Kommunal;Falköpings kommun;2120001744;Svenska 3;30;.;73,3;26,7;10;.;80,0;20,0;20;.;70,0;30,0;
Ållebergsgymnasiet B;56737496;Falköping;1499;Kommunal;Falköpings kommun;2120001744;Svenska som andraspråk 1;7;..;..;..;.;.;.;.;7;..;..;..;
Ållebergsgymnasiet E;93939982;Falköping;1499;Kommunal;Falköpings kommun;2120001744;Engelska 5;30;.;90,0;10,0;10;.;90,0;10,0;20;.;90,0;10,0;
Ållebergsgymnasiet E;93939982;Falköping;1499;Kommunal;Falköpings kommun;2120001744;Engelska 6;55;1,8;78,2;20,0;39;2,6;82,1;15,4;16;.;68,8;31,3;
Ållebergsgymnasiet E;93939982;Falköping;1499;Kommunal;Falköpings kommun;2120001744;Matematik 1A;30;.;90,0;10,0;10;.;90,0;10,0;20;.;90,0;10,0;
Ållebergsgymnasiet E;93939982;Falköping;1499;Kommunal;Falköpings kommun;2120001744;Matematik 1B;7;..;..;..;6;..;..;..;1;..;..;..;
Ållebergsgymnasiet E;93939982;Falköping;1499;Kommunal;Falköpings kommun;2120001744;Matematik 2B;26;.;76,9;23,1;16;.;75,0;25,0;10;.;80,0;20,0;
Ållebergsgymnasiet E;93939982;Falköping;1499;Kommunal;Falköpings kommun;2120001744;Svenska 1;27;.;59,3;40,7;10;.;40,0;60,0;17;.;70,6;29,4;
Ållebergsgymnasiet E;93939982;Falköping;1499;Kommunal;Falköpings kommun;2120001744;Svenska 3;51;9,8;58,8;31,4;38;10,5;57,9;31,6;13;7,7;61,5;30,8;
Ållebergsgymnasiet E;93939982;Falköping;1499;Kommunal;Falköpings kommun;2120001744;Svenska som andraspråk 1;3;..;..;..;.;.;.;.;3;..;..;..;
Drottning Blankas Gymnasieskola Falun;34253318;Falun;2080;Enskild;DBGY Kronan AB;5565668794;Engelska 5;20;.;85,0;15,0;16;..;..;..;4;..;..;..;
Drottning Blankas Gymnasieskola Falun;34253318;Falun;2080;Enskild;DBGY Kronan AB;5565668794;Engelska 6;28;10,7;71,4;17,9;20;..;..;..;8;..;..;..;
Drottning Blankas Gymnasieskola Falun;34253318;Falun;2080;Enskild;DBGY Kronan AB;5565668794;Matematik 1A;21;.;95,2;4,8;18;..;..;..;3;..;..;..;
Drottning Blankas Gymnasieskola Falun;34253318;Falun;2080;Enskild;DBGY Kronan AB;5565668794;Matematik 2B;15;.;80,0;20,0;10;..;..;..;5;..;..;..;
Drottning Blankas Gymnasieskola Falun;34253318;Falun;2080;Enskild;DBGY Kronan AB;5565668794;Matematik 3B;10;.;90,0;10,0;8;..;..;..;2;..;..;..;
Drottning Blankas Gymnasieskola Falun;34253318;Falun;2080;Enskild;DBGY Kronan AB;5565668794;Svenska 1;14;14,3;57,1;28,6;12;..;..;..;2;..;..;..;
Drottning Blankas Gymnasieskola Falun;34253318;Falun;2080;Enskild;DBGY Kronan AB;5565668794;Svenska 3;18;.;66,7;33,3;18;..;..;..;.;.;.;.;
Drottning Blankas Gymnasieskola Falun;34253318;Falun;2080;Enskild;DBGY Kronan AB;5565668794;Svenska som andraspråk 1;4;..;..;..;4;..;..;..;.;.;.;.;
Drottning Blankas Gymnasieskola Falun;34253318;Falun;2080;Enskild;DBGY Kronan AB;5565668794;Svenska som andraspråk 3;17;.;47,1;52,9;8;..;..;..;9;..;..;..;
Falu Frigymnasium;25720752;Falun;2080;Enskild;Falu Frigymnasium Aktiebolag;5566112834;Engelska 5;8;..;..;..;7;..;..;..;1;..;..;..;
Falu Frigymnasium;25720752;Falun;2080;Enskild;Falu Frigymnasium Aktiebolag;5566112834;Engelska 6;86;.;70,9;29,1;52;.;63,5;36,5;34;.;82,4;17,6;
Falu Frigymnasium;25720752;Falun;2080;Enskild;Falu Frigymnasium Aktiebolag;5566112834;Matematik 1A;17;11,8;47,1;41,2;8;..;..;..;9;..;..;..;
Falu Frigymnasium;25720752;Falun;2080;Enskild;Falu Frigymnasium Aktiebolag;5566112834;Matematik 1B;3;..;..;..;3;..;..;..;.;.;.;.;
Falu Frigymnasium;25720752;Falun;2080;Enskild;Falu Frigymnasium Aktiebolag;5566112834;Matematik 2B;37;.;54,1;45,9;31;..;..;..;6;..;..;..;
Falu Frigymnasium;25720752;Falun;2080;Enskild;Falu Frigymnasium Aktiebolag;5566112834;Matematik 3B;9;..;..;..;3;..;..;..;6;..;..;..;
Falu Frigymnasium;25720752;Falun;2080;Enskild;Falu Frigymnasium Aktiebolag;5566112834;Matematik 4;30;.;86,7;13,3;17;.;76,5;23,5;13;.;100,0;.;
Falu Frigymnasium;25720752;Falun;2080;Enskild;Falu Frigymnasium Aktiebolag;5566112834;Svenska 1;4;..;..;..;4;..;..;..;.;.;.;.;
Falu Frigymnasium;25720752;Falun;2080;Enskild;Falu Frigymnasium Aktiebolag;5566112834;Svenska 3;77;7,8;44,2;48,1;45;8,9;35,6;55,6;32;6,3;56,3;37,5;
Falu Frigymnasium;25720752;Falun;2080;Enskild;Falu Frigymnasium Aktiebolag;5566112834;Svenska som andraspråk 1;5;..;..;..;4;..;..;..;1;..;..;..;
Falu Frigymnasium;25720752;Falun;2080;Enskild;Falu Frigymnasium Aktiebolag;5566112834;Svenska som andraspråk 3;23;4,3;60,9;34,8;17;..;..;..;6;..;..;..;
Hagströmska gymnasiet Falun;55155562;Falun;2080;Enskild;Hagströmska Gymnasiet AB;5567550461;Engelska 5;89;1,1;86,5;12,4;20;.;80,0;20,0;69;1,4;88,4;10,1;
Hagströmska gymnasiet Falun;55155562;Falun;2080;Enskild;Hagströmska Gymnasiet AB;5567550461;Engelska 6;105;5,7;55,2;39,0;43;4,7;51,2;44,2;62;6,5;58,1;35,5;
Hagströmska gymnasiet Falun;55155562;Falun;2080;Enskild;Hagströmska Gymnasiet AB;5567550461;Matematik 1A;110;3,6;78,2;18,2;27;.;96,3;3,7;83;4,8;72,3;22,9;
Hagströmska gymnasiet Falun;55155562;Falun;2080;Enskild;Hagströmska Gymnasiet AB;5567550461;Matematik 2B;34;.;64,7;35,3;19;.;73,7;26,3;15;.;53,3;46,7;
Hagströmska gymnasiet Falun;55155562;Falun;2080;Enskild;Hagströmska Gymnasiet AB;5567550461;Matematik 3B;23;.;60,9;39,1;12;.;83,3;16,7;11;.;36,4;63,6;
Hagströmska gymnasiet Falun;55155562;Falun;2080;Enskild;Hagströmska Gymnasiet AB;5567550461;Matematik 3C;25;.;84,0;16,0;3;..;..;..;22;..;..;..;
Hagströmska gymnasiet Falun;55155562;Falun;2080;Enskild;Hagströmska Gymnasiet AB;5567550461;Matematik 4;20;.;70,0;30,0;10;.;70,0;30,0;10;.;70,0;30,0;
Hagströmska gymnasiet Falun;55155562;Falun;2080;Enskild;Hagströmska Gymnasiet AB;5567550461;Svenska 1;89;3,4;69,7;27,0;23;4,3;47,8;47,8;66;3,0;77,3;19,7;
Hagströmska gymnasiet Falun;55155562;Falun;2080;Enskild;Hagströmska Gymnasiet AB;5567550461;Svenska 3;83;7,2;45,8;47,0;38;2,6;52,6;44,7;45;11,1;40,0;48,9;
Hagströmska gymnasiet Falun;55155562;Falun;2080;Enskild;Hagströmska Gymnasiet AB;5567550461;Svenska som andraspråk 1;4;..;..;..;1;..;..;..;3;..;..;..;
Hagströmska gymnasiet Falun;55155562;Falun;2080;Enskild;Hagströmska Gymnasiet AB;5567550461;Svenska som andraspråk 3;9;..;..;..;3;..;..;..;6;..;..;..;
Kristinegymnasiet RO1;31533003;Falun;2080;Kommunal;Falu kommun;2120002221;Engelska 5;17;.;64,7;35,3;14;..;..;..;3;..;..;..;
Kristinegymnasiet RO1;31533003;Falun;2080;Kommunal;Falu kommun;2120002221;Engelska 6;67;1,5;73,1;25,4;39;2,6;82,1;15,4;28;.;60,7;39,3;
Kristinegymnasiet RO1;31533003;Falun;2080;Kommunal;Falu kommun;2120002221;Matematik 1A;34;.;79,4;20,6;28;..;..;..;6;..;..;..;
Kristinegymnasiet RO1;31533003;Falun;2080;Kommunal;Falu kommun;2120002221;Matematik 2B;65;.;92,3;7,7;39;.;92,3;7,7;26;.;92,3;7,7;
Kristinegymnasiet RO1;31533003;Falun;2080;Kommunal;Falu kommun;2120002221;Svenska 1;27;7,4;59,3;33,3;23;..;..;..;4;..;..;..;
Kristinegymnasiet RO1;31533003;Falun;2080;Kommunal;Falu kommun;2120002221;Svenska 3;54;5,6;48,1;46,3;44;6,8;45,5;47,7;10;.;60,0;40,0;
Kristinegymnasiet RO1;31533003;Falun;2080;Kommunal;Falu kommun;2120002221;Svenska som andraspråk 1;2;..;..;..;2;..;..;..;.;.;.;.;
Kristinegymnasiet RO2;31429031;Falun;2080;Kommunal;Falu kommun;2120002221;Engelska 5;31;.;74,2;25,8;28;..;..;..;3;..;..;..;
Kristinegymnasiet RO2;31429031;Falun;2080;Kommunal;Falu kommun;2120002221;Engelska 6;75;.;77,3;22,7;48;.;77,1;22,9;27;.;77,8;22,2;
Kristinegymnasiet RO2;31429031;Falun;2080;Kommunal;Falu kommun;2120002221;Matematik 1A;42;.;83,3;16,7;38;..;..;..;4;..;..;..;
Kristinegymnasiet RO2;31429031;Falun;2080;Kommunal;Falu kommun;2120002221;Matematik 2B;33;.;93,9;6,1;32;..;..;..;1;..;..;..;
Kristinegymnasiet RO2;31429031;Falun;2080;Kommunal;Falu kommun;2120002221;Matematik 3B;34;.;85,3;14,7;13;.;100,0;.;21;.;76,2;23,8;
Kristinegymnasiet RO2;31429031;Falun;2080;Kommunal;Falu kommun;2120002221;Svenska 1;27;14,8;55,6;29,6;24;..;..;..;3;..;..;..;
Kristinegymnasiet RO2;31429031;Falun;2080;Kommunal;Falu kommun;2120002221;Svenska som andraspråk 1;3;..;..;..;3;..;..;..;.;.;.;.;
Kristinegymnasiet RO2;31429031;Falun;2080;Kommunal;Falu kommun;2120002221;Svenska som andraspråk 3;2;..;..;..;1;..;..;..;1;..;..;..;
Lugnetgymnasiet RO1;23164911;Falun;2080;Kommunal;Falu kommun;2120002221;Engelska 6;91;4,4;63,7;31,9;29;.;69,0;31,0;62;6,5;61,3;32,3;
Lugnetgymnasiet RO1;23164911;Falun;2080;Kommunal;Falu kommun;2120002221;Matematik 3C;28;.;75,0;25,0;3;..;..;..;25;..;..;..;
Lugnetgymnasiet RO1;23164911;Falun;2080;Kommunal;Falu kommun;2120002221;Matematik 4;57;.;84,2;15,8;26;.;76,9;23,1;31;.;90,3;9,7;
Lugnetgymnasiet RO1;23164911;Falun;2080;Kommunal;Falu kommun;2120002221;Svenska 3;132;9,1;40,9;50,0;59;8,5;37,3;54,2;73;9,6;43,8;46,6;
Lugnetgymnasiet RO1;23164911;Falun;2080;Kommunal;Falu kommun;2120002221;Svenska som andraspråk 3;7;..;..;..;1;..;..;..;6;..;..;..;
Lugnetgymnasiet RO2;24008049;Falun;2080;Kommunal;Falu kommun;2120002221;Engelska 5;64;9,4;76,6;14,1;12;.;83,3;16,7;52;11,5;75,0;13,5;
Lugnetgymnasiet RO2;24008049;Falun;2080;Kommunal;Falu kommun;2120002221;Matematik 1A;62;.;80,6;19,4;9;..;..;..;53;..;..;..;
Lugnetgymnasiet RO2;24008049;Falun;2080;Kommunal;Falu kommun;2120002221;Svenska 1;49;2,0;59,2;38,8;11;.;63,6;36,4;38;2,6;57,9;39,5;
Lugnetgymnasiet RO2;24008049;Falun;2080;Kommunal;Falu kommun;2120002221;Svenska som andraspråk 1;10;20,0;40,0;40,0;1;..;..;..;9;..;..;..;
Lugnetgymnasiet RO3;72661886;Falun;2080;Kommunal;Falu kommun;2120002221;Engelska 6;45;6,7;64,4;28,9;38;..;..;..;7;..;..;..;
Lugnetgymnasiet RO3;72661886;Falun;2080;Kommunal;Falu kommun;2120002221;Matematik 1B;61;.;83,6;16,4;48;.;81,3;18,8;13;.;92,3;7,7;
Lugnetgymnasiet RO3;72661886;Falun;2080;Kommunal;Falu kommun;2120002221;Svenska 3;49;4,1;42,9;53,1;47;..;..;..;2;..;..;..;
Lugnetgymnasiet RO3;72661886;Falun;2080;Kommunal;Falu kommun;2120002221;Svenska som andraspråk 3;3;..;..;..;2;..;..;..;1;..;..;..;
Musikkonservatoriet Falun;54481243;Falun;2080;Region;Region Dalarna;2321000180;Engelska 6;12;8,3;91,7;.;7;..;..;..;5;..;..;..;
Musikkonservatoriet Falun;54481243;Falun;2080;Region;Region Dalarna;2321000180;Matematik 1B;10;.;60,0;40,0;2;..;..;..;8;..;..;..;
Musikkonservatoriet Falun;54481243;Falun;2080;Region;Region Dalarna;2321000180;Svenska 3;15;.;93,3;6,7;8;..;..;..;7;..;..;..;
Praktiska Gymnasiet Falun;59734510;Falun;2080;Enskild;Praktiska Sverige AB;5562575786;Engelska 5;49;12,2;63,3;24,5;23;17,4;52,2;30,4;26;7,7;73,1;19,2;
Praktiska Gymnasiet Falun;59734510;Falun;2080;Enskild;Praktiska Sverige AB;5562575786;Matematik 1A;53;.;83,0;17,0;25;.;80,0;20,0;28;.;85,7;14,3;
Praktiska Gymnasiet Falun;59734510;Falun;2080;Enskild;Praktiska Sverige AB;5562575786;Svenska 1;39;2,6;35,9;61,5;22;.;31,8;68,2;17;5,9;41,2;52,9;
Praktiska Gymnasiet Falun;59734510;Falun;2080;Enskild;Praktiska Sverige AB;5562575786;Svenska som andraspråk 1;10;.;30,0;70,0;1;..;..;..;9;..;..;..;
Spångbergsgymnasiet;19586169;Filipstad;1782;Kommunal;Filipstads kommun;2120001876;Engelska 5;37;10,8;75,7;13,5;15;6,7;80,0;13,3;22;13,6;72,7;13,6;
Spångbergsgymnasiet;19586169;Filipstad;1782;Kommunal;Filipstads kommun;2120001876;Engelska 6;15;6,7;73,3;20,0;14;..;..;..;1;..;..;..;
Spångbergsgymnasiet;19586169;Filipstad;1782;Kommunal;Filipstads kommun;2120001876;Matematik 1A;43;.;90,7;9,3;15;.;86,7;13,3;28;.;92,9;7,1;
Spångbergsgymnasiet;19586169;Filipstad;1782;Kommunal;Filipstads kommun;2120001876;Matematik 2B;13;.;46,2;53,8;13;..;..;..;.;.;.;.;
Spångbergsgymnasiet;19586169;Filipstad;1782;Kommunal;Filipstads kommun;2120001876;Svenska 1;34;.;47,1;52,9;12;.;33,3;66,7;22;.;54,5;45,5;
Spångbergsgymnasiet;19586169;Filipstad;1782;Kommunal;Filipstads kommun;2120001876;Svenska 3;8;..;..;..;6;..;..;..;2;..;..;..;
Spångbergsgymnasiet;19586169;Filipstad;1782;Kommunal;Filipstads kommun;2120001876;Svenska som andraspråk 1;5;..;..;..;2;..;..;..;3;..;..;..;
Bergska gymnasiet Bergska skolan;17643936;Finspång;0562;Kommunal;Finspångs kommun;2120000423;Engelska 5;4;..;..;..;.;.;.;.;4;..;..;..;
Bergska gymnasiet Bergska skolan;17643936;Finspång;0562;Kommunal;Finspångs kommun;2120000423;Matematik 1A;7;..;..;..;2;..;..;..;5;..;..;..;
Bergska gymnasiet Bergska skolan;17643936;Finspång;0562;Kommunal;Finspångs kommun;2120000423;Svenska 1;2;..;..;..;1;..;..;..;1;..;..;..;
Bergska gymnasiet Bergska skolan;17643936;Finspång;0562;Kommunal;Finspångs kommun;2120000423;Svenska som andraspråk 1;2;..;..;..;.;.;.;.;2;..;..;..;
Bergska gymnasiet Bildningen;24273261;Finspång;0562;Kommunal;Finspångs kommun;2120000423;Engelska 5;10;.;80,0;20,0;9;..;..;..;1;..;..;..;
Bergska gymnasiet Bildningen;24273261;Finspång;0562;Kommunal;Finspångs kommun;2120000423;Engelska 6;36;8,3;77,8;13,9;25;8,0;80,0;12,0;11;9,1;72,7;18,2;
Bergska gymnasiet Bildningen;24273261;Finspång;0562;Kommunal;Finspångs kommun;2120000423;Matematik 1A;10;.;100,0;.;9;..;..;..;1;..;..;..;
Bergska gymnasiet Bildningen;24273261;Finspång;0562;Kommunal;Finspångs kommun;2120000423;Matematik 2B;26;.;73,1;26,9;20;..;..;..;6;..;..;..;
Bergska gymnasiet Bildningen;24273261;Finspång;0562;Kommunal;Finspångs kommun;2120000423;Matematik 3B;6;..;..;..;.;.;.;.;6;..;..;..;
Bergska gymnasiet Bildningen;24273261;Finspång;0562;Kommunal;Finspångs kommun;2120000423;Matematik 4;1;..;..;..;1;..;..;..;.;.;.;.;
Bergska gymnasiet Bildningen;24273261;Finspång;0562;Kommunal;Finspångs kommun;2120000423;Svenska 3;37;5,4;81,1;13,5;22;9,1;77,3;13,6;15;.;86,7;13,3;
Bergska gymnasiet Bildningen;24273261;Finspång;0562;Kommunal;Finspångs kommun;2120000423;Svenska som andraspråk 3;3;..;..;..;2;..;..;..;1;..;..;..;
Curt Nicolin Gymnasiet;95683850;Finspång;0562;Enskild;Curt Nicolin Gymnasiet AB;5566431044;Engelska 5;54;16,7;74,1;9,3;17;.;94,1;5,9;37;24,3;64,9;10,8;
Curt Nicolin Gymnasiet;95683850;Finspång;0562;Enskild;Curt Nicolin Gymnasiet AB;5566431044;Engelska 6;89;9,0;75,3;15,7;21;4,8;76,2;19,0;68;10,3;75,0;14,7;
Curt Nicolin Gymnasiet;95683850;Finspång;0562;Enskild;Curt Nicolin Gymnasiet AB;5566431044;Matematik 1A;19;.;10,5;89,5;1;..;..;..;18;..;..;..;
Curt Nicolin Gymnasiet;95683850;Finspång;0562;Enskild;Curt Nicolin Gymnasiet AB;5566431044;Matematik 3C;71;.;57,7;42,3;15;.;60,0;40,0;56;.;57,1;42,9;
Curt Nicolin Gymnasiet;95683850;Finspång;0562;Enskild;Curt Nicolin Gymnasiet AB;5566431044;Matematik 4;43;.;53,5;46,5;7;..;..;..;36;..;..;..;
Curt Nicolin Gymnasiet;95683850;Finspång;0562;Enskild;Curt Nicolin Gymnasiet AB;5566431044;Svenska 1;36;5,6;72,2;22,2;15;13,3;60,0;26,7;21;.;81,0;19,0;
Curt Nicolin Gymnasiet;95683850;Finspång;0562;Enskild;Curt Nicolin Gymnasiet AB;5566431044;Svenska 3;82;9,8;41,5;48,8;20;10,0;60,0;30,0;62;9,7;35,5;54,8;
Curt Nicolin Gymnasiet;95683850;Finspång;0562;Enskild;Curt Nicolin Gymnasiet AB;5566431044;Svenska som andraspråk 1;2;..;..;..;1;..;..;..;1;..;..;..;
Curt Nicolin Gymnasiet;95683850;Finspång;0562;Enskild;Curt Nicolin Gymnasiet AB;5566431044;Svenska som andraspråk 3;5;..;..;..;3;..;..;..;2;..;..;..;
Prins Wilhelm gymnasiet;59455288;Flen;0482;Kommunal;Flens kommun;2120000332;Engelska 5;9;..;..;..;3;..;..;..;6;..;..;..;
Prins Wilhelm gymnasiet;59455288;Flen;0482;Kommunal;Flens kommun;2120000332;Engelska 6;16;6,3;18,8;75,0;8;..;..;..;8;..;..;..;
Prins Wilhelm gymnasiet;59455288;Flen;0482;Kommunal;Flens kommun;2120000332;Matematik 1A;6;..;..;..;1;..;..;..;5;..;..;..;
Prins Wilhelm gymnasiet;59455288;Flen;0482;Kommunal;Flens kommun;2120000332;Matematik 2B;6;..;..;..;4;..;..;..;2;..;..;..;
Prins Wilhelm gymnasiet;59455288;Flen;0482;Kommunal;Flens kommun;2120000332;Svenska 1;2;..;..;..;.;.;.;.;2;..;..;..;
Prins Wilhelm gymnasiet;59455288;Flen;0482;Kommunal;Flens kommun;2120000332;Svenska 3;2;..;..;..;.;.;.;.;2;..;..;..;
Prins Wilhelm gymnasiet;59455288;Flen;0482;Kommunal;Flens kommun;2120000332;Svenska som andraspråk 1;3;..;..;..;.;.;.;.;3;..;..;..;
Prins Wilhelm gymnasiet;59455288;Flen;0482;Kommunal;Flens kommun;2120000332;Svenska som andraspråk 3;14;7,1;57,1;35,7;9;..;..;..;5;..;..;..;
ForshagaAkademin;82163292;Forshaga;1763;Enskild;ForshagaAkademin AB;5566205737;Engelska 5;39;2,6;82,1;15,4;14;.;85,7;14,3;25;4,0;80,0;16,0;
ForshagaAkademin;82163292;Forshaga;1763;Enskild;ForshagaAkademin AB;5566205737;Matematik 1A;42;.;64,3;35,7;15;.;53,3;46,7;27;.;70,4;29,6;
ForshagaAkademin;82163292;Forshaga;1763;Enskild;ForshagaAkademin AB;5566205737;Svenska 1;34;.;61,8;38,2;13;.;53,8;46,2;21;.;66,7;33,3;
ForshagaAkademin;82163292;Forshaga;1763;Enskild;ForshagaAkademin AB;5566205737;Svenska som andraspråk 1;1;..;..;..;.;.;.;.;1;..;..;..;
Gislaveds gymnasium Ekonomisk sektor;25679488;Gislaved;0662;Kommunal;Gislaveds kommun;2120000514;Engelska 5;24;4,2;75,0;20,8;13;.;84,6;15,4;11;9,1;63,6;27,3;
Gislaveds gymnasium Ekonomisk sektor;25679488;Gislaved;0662;Kommunal;Gislaveds kommun;2120000514;Engelska 6;73;.;84,9;15,1;54;.;83,3;16,7;19;.;89,5;10,5;
Gislaveds gymnasium Ekonomisk sektor;25679488;Gislaved;0662;Kommunal;Gislaveds kommun;2120000514;Matematik 1A;23;.;95,7;4,3;12;.;91,7;8,3;11;.;100,0;.;
Gislaveds gymnasium Ekonomisk sektor;25679488;Gislaved;0662;Kommunal;Gislaveds kommun;2120000514;Matematik 2B;57;.;86,0;14,0;37;.;86,5;13,5;20;.;85,0;15,0;
Gislaveds gymnasium Ekonomisk sektor;25679488;Gislaved;0662;Kommunal;Gislaveds kommun;2120000514;Matematik 3B;12;.;100,0;.;5;..;..;..;7;..;..;..;
Gislaveds gymnasium Ekonomisk sektor;25679488;Gislaved;0662;Kommunal;Gislaveds kommun;2120000514;Svenska 1;27;3,7;70,4;25,9;6;..;..;..;21;..;..;..;
Gislaveds gymnasium Ekonomisk sektor;25679488;Gislaved;0662;Kommunal;Gislaveds kommun;2120000514;Svenska 3;60;10,0;61,7;28,3;39;10,3;61,5;28,2;21;9,5;61,9;28,6;
Gislaveds gymnasium Ekonomisk sektor;25679488;Gislaved;0662;Kommunal;Gislaveds kommun;2120000514;Svenska som andraspråk 3;15;20,0;46,7;33,3;6;..;..;..;9;..;..;..;
Gislaveds gymnasium NEO-sektor;25677996;Gislaved;0662;Kommunal;Gislaveds kommun;2120000514;Engelska 5;20;25,0;60,0;15,0;17;..;..;..;3;..;..;..;
Gislaveds gymnasium NEO-sektor;25677996;Gislaved;0662;Kommunal;Gislaveds kommun;2120000514;Engelska 6;54;14,8;74,1;11,1;39;10,3;76,9;12,8;15;26,7;66,7;6,7;
Gislaveds gymnasium NEO-sektor;25677996;Gislaved;0662;Kommunal;Gislaveds kommun;2120000514;Matematik 1A;18;5,6;55,6;38,9;14;..;..;..;4;..;..;..;
Gislaveds gymnasium NEO-sektor;25677996;Gislaved;0662;Kommunal;Gislaveds kommun;2120000514;Matematik 1B;23;4,3;78,3;17,4;16;..;..;..;7;..;..;..;
Gislaveds gymnasium NEO-sektor;25677996;Gislaved;0662;Kommunal;Gislaveds kommun;2120000514;Svenska 1;12;8,3;33,3;58,3;11;..;..;..;1;..;..;..;
Gislaveds gymnasium NEO-sektor;25677996;Gislaved;0662;Kommunal;Gislaveds kommun;2120000514;Svenska 3;20;20,0;45,0;35,0;15;..;..;..;5;..;..;..;
Gislaveds gymnasium NEO-sektor;25677996;Gislaved;0662;Kommunal;Gislaveds kommun;2120000514;Svenska som andraspråk 1;17;17,6;58,8;23,5;10;..;..;..;7;..;..;..;
Gislaveds gymnasium NEO-sektor;25677996;Gislaved;0662;Kommunal;Gislaveds kommun;2120000514;Svenska som andraspråk 3;4;..;..;..;4;..;..;..;.;.;.;.;
Gislaveds gymnasium Teknisk sektor;89888648;Gislaved;0662;Kommunal;Gislaveds kommun;2120000514;Engelska 5;32;21,9;56,3;21,9;.;.;.;.;32;..;..;..;
Gislaveds gymnasium Teknisk sektor;89888648;Gislaved;0662;Kommunal;Gislaveds kommun;2120000514;Engelska 6;34;41,2;52,9;5,9;7;..;..;..;27;..;..;..;
Gislaveds gymnasium Teknisk sektor;89888648;Gislaved;0662;Kommunal;Gislaveds kommun;2120000514;Matematik 1A;36;2,8;86,1;11,1;1;..;..;..;35;..;..;..;
Gislaveds gymnasium Teknisk sektor;89888648;Gislaved;0662;Kommunal;Gislaveds kommun;2120000514;Svenska 1;17;5,9;94,1;.;1;..;..;..;16;..;..;..;
Gislaveds gymnasium Teknisk sektor;89888648;Gislaved;0662;Kommunal;Gislaveds kommun;2120000514;Svenska 3;32;15,6;43,8;40,6;10;.;40,0;60,0;22;22,7;45,5;31,8;
Gislaveds gymnasium Teknisk sektor;89888648;Gislaved;0662;Kommunal;Gislaveds kommun;2120000514;Svenska som andraspråk 1;3;..;..;..;.;.;.;.;3;..;..;..;
Motorsportsgymnasiet i Anderstorp;90003262;Gislaved;0662;Enskild;Värmdö Tekniska Utbildningar Aktiebolag, Vtu;5563836757;Matematik 1A;27;.;85,2;14,8;5;..;..;..;22;..;..;..;
Stora Segerstad Naturbrukscentrum;88163512;Gislaved;0662;Region;Region Jönköpings Län;2321000057;Engelska 5;1;..;..;..;1;..;..;..;.;.;.;.;
Stora Segerstad Naturbrukscentrum;88163512;Gislaved;0662;Region;Region Jönköpings Län;2321000057;Matematik 1A;13;7,7;23,1;69,2;7;..;..;..;6;..;..;..;
Stora Segerstad Naturbrukscentrum;88163512;Gislaved;0662;Region;Region Jönköpings Län;2321000057;Svenska 1;33;21,2;60,6;18,2;12;8,3;66,7;25,0;21;28,6;57,1;14,3;
Gnosjöandans kunskapsc. gy;35063170;Gnosjö;0617;Kommunal;Gnosjö kommun;2120000506;Engelska 5;11;54,5;27,3;18,2;6;..;..;..;5;..;..;..;
Gnosjöandans kunskapsc. gy;35063170;Gnosjö;0617;Kommunal;Gnosjö kommun;2120000506;Engelska 6;55;12,7;61,8;25,5;22;13,6;59,1;27,3;33;12,1;63,6;24,2;
Gnosjöandans kunskapsc. gy;35063170;Gnosjö;0617;Kommunal;Gnosjö kommun;2120000506;Matematik 1A;13;.;84,6;15,4;7;..;..;..;6;..;..;..;
Gnosjöandans kunskapsc. gy;35063170;Gnosjö;0617;Kommunal;Gnosjö kommun;2120000506;Matematik 2B;15;.;93,3;6,7;10;..;..;..;5;..;..;..;
Gnosjöandans kunskapsc. gy;35063170;Gnosjö;0617;Kommunal;Gnosjö kommun;2120000506;Matematik 3B;2;..;..;..;2;..;..;..;.;.;.;.;
Gnosjöandans kunskapsc. gy;35063170;Gnosjö;0617;Kommunal;Gnosjö kommun;2120000506;Matematik 3C;7;..;..;..;1;..;..;..;6;..;..;..;
Gnosjöandans kunskapsc. gy;35063170;Gnosjö;0617;Kommunal;Gnosjö kommun;2120000506;Svenska 1;4;..;..;..;.;.;.;.;4;..;..;..;
Gnosjöandans kunskapsc. gy;35063170;Gnosjö;0617;Kommunal;Gnosjö kommun;2120000506;Svenska 3;36;2,8;80,6;16,7;24;.;83,3;16,7;12;8,3;75,0;16,7;
Gnosjöandans kunskapsc. gy;35063170;Gnosjö;0617;Kommunal;Gnosjö kommun;2120000506;Svenska som andraspråk 1;8;..;..;..;6;..;..;..;2;..;..;..;
Gnosjöandans kunskapsc. gy;35063170;Gnosjö;0617;Kommunal;Gnosjö kommun;2120000506;Svenska som andraspråk 3;14;14,3;50,0;35,7;9;..;..;..;5;..;..;..;
Gutegymnasiet;31279294;Gotland;0980;Enskild;Guteskolan AB;5567044267;Engelska 5;9;..;..;..;7;..;..;..;2;..;..;..;
Gutegymnasiet;31279294;Gotland;0980;Enskild;Guteskolan AB;5567044267;Engelska 6;19;15,8;36,8;47,4;2;..;..;..;17;..;..;..;
Gutegymnasiet;31279294;Gotland;0980;Enskild;Guteskolan AB;5567044267;Matematik 1A;10;.;40,0;60,0;6;..;..;..;4;..;..;..;
Gutegymnasiet;31279294;Gotland;0980;Enskild;Guteskolan AB;5567044267;Matematik 1B;12;.;83,3;16,7;8;..;..;..;4;..;..;..;
Gutegymnasiet;31279294;Gotland;0980;Enskild;Guteskolan AB;5567044267;Matematik 2B;8;..;..;..;2;..;..;..;6;..;..;..;
Gutegymnasiet;31279294;Gotland;0980;Enskild;Guteskolan AB;5567044267;Matematik 3C;6;..;..;..;.;.;.;.;6;..;..;..;
Gutegymnasiet;31279294;Gotland;0980;Enskild;Guteskolan AB;5567044267;Svenska 1;9;..;..;..;7;..;..;..;2;..;..;..;
Gutegymnasiet;31279294;Gotland;0980;Enskild;Guteskolan AB;5567044267;Svenska 3;8;..;..;..;.;.;.;.;8;..;..;..;
Gutegymnasiet;31279294;Gotland;0980;Enskild;Guteskolan AB;5567044267;Svenska som andraspråk 3;3;..;..;..;1;..;..;..;2;..;..;..;
Wisbygymnasiet;36782335;Gotland;0980;Kommunal;Region Gotland;2120000803;Engelska 5;91;6,6;72,5;20,9;61;4,9;70,5;24,6;30;10,0;76,7;13,3;
Wisbygymnasiet;36782335;Gotland;0980;Kommunal;Region Gotland;2120000803;Engelska 6;160;12,5;72,5;15,0;77;7,8;67,5;24,7;83;16,9;77,1;6,0;
Wisbygymnasiet;36782335;Gotland;0980;Kommunal;Region Gotland;2120000803;Matematik 1A;89;.;66,3;33,7;38;.;68,4;31,6;51;.;64,7;35,3;
Wisbygymnasiet;36782335;Gotland;0980;Kommunal;Region Gotland;2120000803;Matematik 1B;29;3,4;72,4;24,1;25;..;..;..;4;..;..;..;
Wisbygymnasiet;36782335;Gotland;0980;Kommunal;Region Gotland;2120000803;Matematik 2B;146;.;87,7;12,3;78;.;87,2;12,8;68;.;88,2;11,8;
Wisbygymnasiet;36782335;Gotland;0980;Kommunal;Region Gotland;2120000803;Matematik 3B;12;.;75,0;25,0;5;..;..;..;7;..;..;..;
Wisbygymnasiet;36782335;Gotland;0980;Kommunal;Region Gotland;2120000803;Matematik 4;57;.;77,2;22,8;14;.;78,6;21,4;43;.;76,7;23,3;
Wisbygymnasiet;36782335;Gotland;0980;Kommunal;Region Gotland;2120000803;Svenska 1;107;0,9;50,5;48,6;54;1,9;44,4;53,7;53;.;56,6;43,4;
Wisbygymnasiet;36782335;Gotland;0980;Kommunal;Region Gotland;2120000803;Svenska 3;158;5,7;37,3;57,0;92;3,3;37,0;59,8;66;9,1;37,9;53,0;
Wisbygymnasiet;36782335;Gotland;0980;Kommunal;Region Gotland;2120000803;Svenska som andraspråk 1;5;..;..;..;4;..;..;..;1;..;..;..;
Wisbygymnasiet;36782335;Gotland;0980;Kommunal;Region Gotland;2120000803;Svenska som andraspråk 3;7;..;..;..;2;..;..;..;5;..;..;..;
Lapplands Gymnasium Gällivare enhet 1;20666515;Gällivare;2523;Kommunal;Lapplands Kommunalförbund;2220000760;Engelska 5;19;5,3;78,9;15,8;3;..;..;..;16;..;..;..;
Lapplands Gymnasium Gällivare enhet 1;20666515;Gällivare;2523;Kommunal;Lapplands Kommunalförbund;2220000760;Engelska 6;46;15,2;65,2;19,6;24;16,7;58,3;25,0;22;13,6;72,7;13,6;
Lapplands Gymnasium Gällivare enhet 1;20666515;Gällivare;2523;Kommunal;Lapplands Kommunalförbund;2220000760;Matematik 1A;28;.;46,4;53,6;10;.;50,0;50,0;18;.;44,4;55,6;
Lapplands Gymnasium Gällivare enhet 1;20666515;Gällivare;2523;Kommunal;Lapplands Kommunalförbund;2220000760;Matematik 4;32;.;59,4;40,6;17;.;52,9;47,1;15;.;66,7;33,3;
Lapplands Gymnasium Gällivare enhet 1;20666515;Gällivare;2523;Kommunal;Lapplands Kommunalförbund;2220000760;Svenska 1;25;.;72,0;28,0;11;.;72,7;27,3;14;.;71,4;28,6;
Lapplands Gymnasium Gällivare enhet 1;20666515;Gällivare;2523;Kommunal;Lapplands Kommunalförbund;2220000760;Svenska 3;23;.;65,2;34,8;9;..;..;..;14;..;..;..;
Lapplands Gymnasium Gällivare enhet 1;20666515;Gällivare;2523;Kommunal;Lapplands Kommunalförbund;2220000760;Svenska som andraspråk 3;1;..;..;..;.;.;.;.;1;..;..;..;
Lapplands Gymnasium Gällivare enhet 2;37906565;Gällivare;2523;Kommunal;Lapplands Kommunalförbund;2220000760;Engelska 5;21;33,3;52,4;14,3;10;30,0;40,0;30,0;11;36,4;63,6;.;
Lapplands Gymnasium Gällivare enhet 2;37906565;Gällivare;2523;Kommunal;Lapplands Kommunalförbund;2220000760;Engelska 6;11;9,1;72,7;18,2;10;..;..;..;1;..;..;..;
Lapplands Gymnasium Gällivare enhet 2;37906565;Gällivare;2523;Kommunal;Lapplands Kommunalförbund;2220000760;Matematik 1A;23;.;43,5;56,5;11;.;72,7;27,3;12;.;16,7;83,3;
Lapplands Gymnasium Gällivare enhet 2;37906565;Gällivare;2523;Kommunal;Lapplands Kommunalförbund;2220000760;Matematik 2B;9;..;..;..;8;..;..;..;1;..;..;..;
Lapplands Gymnasium Gällivare enhet 2;37906565;Gällivare;2523;Kommunal;Lapplands Kommunalförbund;2220000760;Svenska 1;20;.;80,0;20,0;11;..;..;..;9;..;..;..;
Lapplands Gymnasium Gällivare enhet 2;37906565;Gällivare;2523;Kommunal;Lapplands Kommunalförbund;2220000760;Svenska 3;18;5,6;55,6;38,9;17;..;..;..;1;..;..;..;
Lapplands Gymnasium Gällivare enhet 2;37906565;Gällivare;2523;Kommunal;Lapplands Kommunalförbund;2220000760;Svenska som andraspråk 1;1;..;..;..;1;..;..;..;.;.;.;.;
Lapplands Gymnasium Gällivare enhet 3;23063954;Gällivare;2523;Kommunal;Lapplands Kommunalförbund;2220000760;Engelska 5;38;13,2;81,6;5,3;13;7,7;76,9;15,4;25;16,0;84,0;.;
Lapplands Gymnasium Gällivare enhet 3;23063954;Gällivare;2523;Kommunal;Lapplands Kommunalförbund;2220000760;Engelska 6;12;16,7;58,3;25,0;8;..;..;..;4;..;..;..;
Lapplands Gymnasium Gällivare enhet 3;23063954;Gällivare;2523;Kommunal;Lapplands Kommunalförbund;2220000760;Matematik 1A;39;.;53,8;46,2;13;.;53,8;46,2;26;.;53,8;46,2;
Lapplands Gymnasium Gällivare enhet 3;23063954;Gällivare;2523;Kommunal;Lapplands Kommunalförbund;2220000760;Matematik 3B;7;..;..;..;5;..;..;..;2;..;..;..;
Lapplands Gymnasium Gällivare enhet 3;23063954;Gällivare;2523;Kommunal;Lapplands Kommunalförbund;2220000760;Svenska 1;36;.;75,0;25,0;13;.;61,5;38,5;23;.;82,6;17,4;
Lapplands Gymnasium Gällivare enhet 3;23063954;Gällivare;2523;Kommunal;Lapplands Kommunalförbund;2220000760;Svenska 3;12;8,3;83,3;8,3;10;..;..;..;2;..;..;..;
Lapplands Gymnasium Gällivare enhet 3;23063954;Gällivare;2523;Kommunal;Lapplands Kommunalförbund;2220000760;Svenska som andraspråk 1;4;..;..;..;.;.;.;.;4;..;..;..;
Borgarskolan;21648755;Gävle;2180;Kommunal;Gävle kommun;2120002338;Engelska 5;33;12,1;72,7;15,2;7;..;..;..;26;..;..;..;
Borgarskolan;21648755;Gävle;2180;Kommunal;Gävle kommun;2120002338;Engelska 6;170;14,7;59,4;25,9;92;9,8;60,9;29,3;78;20,5;57,7;21,8;
Borgarskolan;21648755;Gävle;2180;Kommunal;Gävle kommun;2120002338;Matematik 1A;38;.;52,6;47,4;7;..;..;..;31;..;..;..;
Borgarskolan;21648755;Gävle;2180;Kommunal;Gävle kommun;2120002338;Matematik 2B;115;0,9;49,6;49,6;69;.;46,4;53,6;46;2,2;54,3;43,5;
Borgarskolan;21648755;Gävle;2180;Kommunal;Gävle kommun;2120002338;Matematik 3B;41;.;26,8;73,2;8;..;..;..;33;..;..;..;
Borgarskolan;21648755;Gävle;2180;Kommunal;Gävle kommun;2120002338;Svenska 1;32;3,1;53,1;43,8;6;..;..;..;26;..;..;..;
Borgarskolan;21648755;Gävle;2180;Kommunal;Gävle kommun;2120002338;Svenska 3;151;4,0;48,3;47,7;75;1,3;37,3;61,3;76;6,6;59,2;34,2;
Borgarskolan;21648755;Gävle;2180;Kommunal;Gävle kommun;2120002338;Svenska som andraspråk 1;7;..;..;..;1;..;..;..;6;..;..;..;
Borgarskolan;21648755;Gävle;2180;Kommunal;Gävle kommun;2120002338;Svenska som andraspråk 3;6;..;..;..;.;.;.;.;6;..;..;..;
Drottning Blankas Gymnasieskola Gävle;11111710;Gävle;2180;Enskild;DBGY Juvelen AB;5565789129;Engelska 5;12;8,3;58,3;33,3;9;..;..;..;3;..;..;..;
Drottning Blankas Gymnasieskola Gävle;11111710;Gävle;2180;Enskild;DBGY Juvelen AB;5565789129;Engelska 6;52;15,4;65,4;19,2;40;15,0;67,5;17,5;12;16,7;58,3;25,0;
Drottning Blankas Gymnasieskola Gävle;11111710;Gävle;2180;Enskild;DBGY Juvelen AB;5565789129;Matematik 1A;17;.;76,5;23,5;13;..;..;..;4;..;..;..;
Drottning Blankas Gymnasieskola Gävle;11111710;Gävle;2180;Enskild;DBGY Juvelen AB;5565789129;Matematik 2B;38;.;50,0;50,0;34;..;..;..;4;..;..;..;
Drottning Blankas Gymnasieskola Gävle;11111710;Gävle;2180;Enskild;DBGY Juvelen AB;5565789129;Matematik 3B;7;..;..;..;3;..;..;..;4;..;..;..;
Drottning Blankas Gymnasieskola Gävle;11111710;Gävle;2180;Enskild;DBGY Juvelen AB;5565789129;Svenska 1;7;..;..;..;6;..;..;..;1;..;..;..;
Drottning Blankas Gymnasieskola Gävle;11111710;Gävle;2180;Enskild;DBGY Juvelen AB;5565789129;Svenska 3;30;3,3;50,0;46,7;28;..;..;..;2;..;..;..;
Drottning Blankas Gymnasieskola Gävle;11111710;Gävle;2180;Enskild;DBGY Juvelen AB;5565789129;Svenska som andraspråk 1;5;..;..;..;2;..;..;..;3;..;..;..;
Drottning Blankas Gymnasieskola Gävle;11111710;Gävle;2180;Enskild;DBGY Juvelen AB;5565789129;Svenska som andraspråk 3;10;10,0;70,0;20,0;7;..;..;..;3;..;..;..;
NTI Vetenskapsgymnasiet Gävle;86547467;Gävle;2180;Enskild;NTI Gymnasiet Macro AB;5561203679;Engelska 6;50;.;58,0;42,0;18;.;55,6;44,4;32;.;59,4;40,6;
NTI Vetenskapsgymnasiet Gävle;86547467;Gävle;2180;Enskild;NTI Gymnasiet Macro AB;5561203679;Matematik 3C;20;.;85,0;15,0;.;.;.;.;20;..;..;..;
NTI Vetenskapsgymnasiet Gävle;86547467;Gävle;2180;Enskild;NTI Gymnasiet Macro AB;5561203679;Svenska 3;25;12,0;60,0;28,0;3;..;..;..;22;..;..;..;
NTI Vetenskapsgymnasiet Gävle;86547467;Gävle;2180;Enskild;NTI Gymnasiet Macro AB;5561203679;Svenska som andraspråk 3;16;.;50,0;50,0;8;..;..;..;8;..;..;..;
Polhemsskolan;90551279;Gävle;2180;Kommunal;Gävle kommun;2120002338;Engelska 5;186;11,8;59,7;28,5;66;12,1;51,5;36,4;120;11,7;64,2;24,2;
Polhemsskolan;90551279;Gävle;2180;Kommunal;Gävle kommun;2120002338;Engelska 6;107;12,1;80,4;7,5;40;2,5;85,0;12,5;67;17,9;77,6;4,5;
Polhemsskolan;90551279;Gävle;2180;Kommunal;Gävle kommun;2120002338;Matematik 1A;217;3,7;68,2;28,1;81;4,9;60,5;34,6;136;2,9;72,8;24,3;
Polhemsskolan;90551279;Gävle;2180;Kommunal;Gävle kommun;2120002338;Svenska 1;168;5,4;57,7;36,9;60;3,3;51,7;45,0;108;6,5;61,1;32,4;
Polhemsskolan;90551279;Gävle;2180;Kommunal;Gävle kommun;2120002338;Svenska 3;101;2,0;52,5;45,5;35;5,7;48,6;45,7;66;.;54,5;45,5;
Polhemsskolan;90551279;Gävle;2180;Kommunal;Gävle kommun;2120002338;Svenska som andraspråk 1;25;.;52,0;48,0;16;..;..;..;9;..;..;..;
Polhemsskolan;90551279;Gävle;2180;Kommunal;Gävle kommun;2120002338;Svenska som andraspråk 3;8;..;..;..;2;..;..;..;6;..;..;..;
Praktiska Gymnasiet Gävle;93062368;Gävle;2180;Enskild;Praktiska Sverige AB;5562575786;Engelska 5;26;11,5;53,8;34,6;7;..;..;..;19;..;..;..;
Praktiska Gymnasiet Gävle;93062368;Gävle;2180;Enskild;Praktiska Sverige AB;5562575786;Matematik 1A;36;.;77,8;22,2;10;.;90,0;10,0;26;.;73,1;26,9;
Praktiska Gymnasiet Gävle;93062368;Gävle;2180;Enskild;Praktiska Sverige AB;5562575786;Svenska 1;13;.;38,5;61,5;3;..;..;..;10;..;..;..;
Praktiska Gymnasiet Gävle;93062368;Gävle;2180;Enskild;Praktiska Sverige AB;5562575786;Svenska som andraspråk 1;15;.;20,0;80,0;1;..;..;..;14;..;..;..;
Realgymnasiet Gävle;69686851;Gävle;2180;Enskild;Lärande i Sverige AB;5565715892;Engelska 5;73;2,7;49,3;47,9;62;3,2;48,4;48,4;11;.;54,5;45,5;
Realgymnasiet Gävle;69686851;Gävle;2180;Enskild;Lärande i Sverige AB;5565715892;Engelska 6;20;10,0;65,0;25,0;5;..;..;..;15;..;..;..;
Realgymnasiet Gävle;69686851;Gävle;2180;Enskild;Lärande i Sverige AB;5565715892;Matematik 1A;80;2,5;65,0;32,5;70;2,9;64,3;32,9;10;.;70,0;30,0;
Realgymnasiet Gävle;69686851;Gävle;2180;Enskild;Lärande i Sverige AB;5565715892;Matematik 1B;8;..;..;..;3;..;..;..;5;..;..;..;
Realgymnasiet Gävle;69686851;Gävle;2180;Enskild;Lärande i Sverige AB;5565715892;Matematik 3C;12;.;66,7;33,3;1;..;..;..;11;..;..;..;
Realgymnasiet Gävle;69686851;Gävle;2180;Enskild;Lärande i Sverige AB;5565715892;Svenska 1;73;5,5;57,5;37,0;64;..;..;..;9;..;..;..;
Realgymnasiet Gävle;69686851;Gävle;2180;Enskild;Lärande i Sverige AB;5565715892;Svenska 3;14;7,1;78,6;14,3;4;..;..;..;10;..;..;..;
Realgymnasiet Gävle;69686851;Gävle;2180;Enskild;Lärande i Sverige AB;5565715892;Svenska som andraspråk 1;8;..;..;..;6;..;..;..;2;..;..;..;
Realgymnasiet Gävle;69686851;Gävle;2180;Enskild;Lärande i Sverige AB;5565715892;Svenska som andraspråk 3;5;..;..;..;.;.;.;.;5;..;..;..;
Thoren Business School Gävle;49616977;Gävle;2180;Enskild;Thorengruppen AB;5566139290;Engelska 5;19;.;89,5;10,5;10;..;..;..;9;..;..;..;
Thoren Business School Gävle;49616977;Gävle;2180;Enskild;Thorengruppen AB;5566139290;Engelska 6;55;1,8;56,4;41,8;34;2,9;50,0;47,1;21;.;66,7;33,3;
Thoren Business School Gävle;49616977;Gävle;2180;Enskild;Thorengruppen AB;5566139290;Matematik 1A;20;.;45,0;55,0;9;..;..;..;11;..;..;..;
Thoren Business School Gävle;49616977;Gävle;2180;Enskild;Thorengruppen AB;5566139290;Matematik 2B;43;.;44,2;55,8;28;.;46,4;53,6;15;.;40,0;60,0;
Thoren Business School Gävle;49616977;Gävle;2180;Enskild;Thorengruppen AB;5566139290;Svenska 1;8;..;..;..;3;..;..;..;5;..;..;..;
Thoren Business School Gävle;49616977;Gävle;2180;Enskild;Thorengruppen AB;5566139290;Svenska 3;33;18,2;66,7;15,2;24;..;..;..;9;..;..;..;
Thoren Business School Gävle;49616977;Gävle;2180;Enskild;Thorengruppen AB;5566139290;Svenska som andraspråk 1;9;..;..;..;2;..;..;..;7;..;..;..;
Thoren Business School Gävle;49616977;Gävle;2180;Enskild;Thorengruppen AB;5566139290;Svenska som andraspråk 3;5;..;..;..;3;..;..;..;2;..;..;..;
Vasaskolan;54965510;Gävle;2180;Kommunal;Gävle kommun;2120002338;Engelska 6;260;0,8;90,0;9,2;175;0,6;92,0;7,4;85;1,2;85,9;12,9;
Vasaskolan;54965510;Gävle;2180;Kommunal;Gävle kommun;2120002338;Matematik 1B;59;.;86,4;13,6;43;.;86,0;14,0;16;.;87,5;12,5;
Vasaskolan;54965510;Gävle;2180;Kommunal;Gävle kommun;2120002338;Matematik 2B;112;.;76,8;23,2;79;.;75,9;24,1;33;.;78,8;21,2;
Vasaskolan;54965510;Gävle;2180;Kommunal;Gävle kommun;2120002338;Matematik 4;96;1,0;91,7;7,3;53;1,9;86,8;11,3;43;.;97,7;2,3;
Vasaskolan;54965510;Gävle;2180;Kommunal;Gävle kommun;2120002338;Svenska 3;205;2,9;60,5;36,6;135;1,5;58,5;40,0;70;5,7;64,3;30,0;
Vasaskolan;54965510;Gävle;2180;Kommunal;Gävle kommun;2120002338;Svenska som andraspråk 3;41;.;65,9;34,1;24;.;58,3;41,7;17;.;76,5;23,5;
Yrkesgymnasiet Gävle;90267145;Gävle;2180;Enskild;Thorengruppen AB;5566139290;Engelska 5;45;2,2;88,9;8,9;14;.;78,6;21,4;31;3,2;93,5;3,2;
Yrkesgymnasiet Gävle;90267145;Gävle;2180;Enskild;Thorengruppen AB;5566139290;Matematik 1A;47;.;68,1;31,9;15;.;60,0;40,0;32;.;71,9;28,1;
Yrkesgymnasiet Gävle;90267145;Gävle;2180;Enskild;Thorengruppen AB;5566139290;Svenska 1;37;2,7;48,6;48,6;11;.;36,4;63,6;26;3,8;53,8;42,3;
Yrkesgymnasiet Gävle;90267145;Gävle;2180;Enskild;Thorengruppen AB;5566139290;Svenska som andraspråk 1;6;..;..;..;2;..;..;..;4;..;..;..;
Amerikanska Gymnasiet Göteborg;49918856;Göteborg;1480;Enskild;Amerikanska Gymnasiet i Sverige AB;5590415591;Engelska 6;118;9,3;70,3;20,3;65;10,8;69,2;20,0;53;7,5;71,7;20,8;
Amerikanska Gymnasiet Göteborg;49918856;Göteborg;1480;Enskild;Amerikanska Gymnasiet i Sverige AB;5590415591;Matematik 2B;53;1,9;71,7;26,4;40;2,5;62,5;35,0;13;.;100,0;.;
Amerikanska Gymnasiet Göteborg;49918856;Göteborg;1480;Enskild;Amerikanska Gymnasiet i Sverige AB;5590415591;Matematik 3C;13;.;84,6;15,4;4;..;..;..;9;..;..;..;
Amerikanska Gymnasiet Göteborg;49918856;Göteborg;1480;Enskild;Amerikanska Gymnasiet i Sverige AB;5590415591;Matematik 4;10;.;80,0;20,0;6;..;..;..;4;..;..;..;
Amerikanska Gymnasiet Göteborg;49918856;Göteborg;1480;Enskild;Amerikanska Gymnasiet i Sverige AB;5590415591;Svenska 3;94;7,4;48,9;43,6;40;10,0;50,0;40,0;54;5,6;48,1;46,3;
Amerikanska Gymnasiet Göteborg;49918856;Göteborg;1480;Enskild;Amerikanska Gymnasiet i Sverige AB;5590415591;Svenska som andraspråk 3;4;..;..;..;2;..;..;..;2;..;..;..;
Aniaragymnasiet;69481650;Göteborg;1480;Enskild;AF Affärseffekt Framtidsskola AB;5566666789;Engelska 5;36;.;61,1;38,9;11;.;54,5;45,5;25;.;64,0;36,0;
Aniaragymnasiet;69481650;Göteborg;1480;Enskild;AF Affärseffekt Framtidsskola AB;5566666789;Engelska 6;37;8,1;70,3;21,6;19;15,8;63,2;21,1;18;.;77,8;22,2;
Aniaragymnasiet;69481650;Göteborg;1480;Enskild;AF Affärseffekt Framtidsskola AB;5566666789;Svenska 1;26;11,5;73,1;15,4;9;..;..;..;17;..;..;..;
Aniaragymnasiet;69481650;Göteborg;1480;Enskild;AF Affärseffekt Framtidsskola AB;5566666789;Svenska 3;16;6,3;56,3;37,5;8;..;..;..;8;..;..;..;
Aniaragymnasiet;69481650;Göteborg;1480;Enskild;AF Affärseffekt Framtidsskola AB;5566666789;Svenska som andraspråk 1;8;..;..;..;7;..;..;..;1;..;..;..;
Aniaragymnasiet;69481650;Göteborg;1480;Enskild;AF Affärseffekt Framtidsskola AB;5566666789;Svenska som andraspråk 3;12;8,3;33,3;58,3;6;..;..;..;6;..;..;..;
Aspero Idrottsgymn. Göteborg;20319353;Göteborg;1480;Enskild;Aspero Friskolor AB;5566363973;Engelska 6;74;4,1;70,3;25,7;32;3,1;65,6;31,3;42;4,8;73,8;21,4;
Aspero Idrottsgymn. Göteborg;20319353;Göteborg;1480;Enskild;Aspero Friskolor AB;5566363973;Matematik 2B;52;.;40,4;59,6;25;.;36,0;64,0;27;.;44,4;55,6;
Aspero Idrottsgymn. Göteborg;20319353;Göteborg;1480;Enskild;Aspero Friskolor AB;5566363973;Matematik 3B;25;.;44,0;56,0;9;..;..;..;16;..;..;..;
Bernadottegymnasiet;92194545;Göteborg;1480;Kommunal;Göteborgs kommun;2120001355;Engelska 6;117;12,0;73,5;14,5;56;10,7;71,4;17,9;61;13,1;75,4;11,5;
Bernadottegymnasiet;92194545;Göteborg;1480;Kommunal;Göteborgs kommun;2120001355;Matematik 2B;57;.;77,2;22,8;31;.;74,2;25,8;26;.;80,8;19,2;
Bernadottegymnasiet;92194545;Göteborg;1480;Kommunal;Göteborgs kommun;2120001355;Matematik 4;71;1,4;63,4;35,2;27;.;59,3;40,7;44;2,3;65,9;31,8;
Bernadottegymnasiet;92194545;Göteborg;1480;Kommunal;Göteborgs kommun;2120001355;Svenska 3;112;3,6;72,3;24,1;45;4,4;62,2;33,3;67;3,0;79,1;17,9;
Bernadottegymnasiet;92194545;Göteborg;1480;Kommunal;Göteborgs kommun;2120001355;Svenska som andraspråk 3;4;..;..;..;1;..;..;..;3;..;..;..;
Bräckegymnasiet 1;88153340;Göteborg;1480;Kommunal;Göteborgs kommun;2120001355;Engelska 5;26;.;100,0;.;3;..;..;..;23;..;..;..;
Bräckegymnasiet 2;94353434;Göteborg;1480;Kommunal;Göteborgs kommun;2120001355;Engelska 5;36;8,3;86,1;5,6;2;..;..;..;34;..;..;..;
Bräckegymnasiet 2;94353434;Göteborg;1480;Kommunal;Göteborgs kommun;2120001355;Svenska 1;20;10,0;35,0;55,0;1;..;..;..;19;..;..;..;
Bräckegymnasiet 2;94353434;Göteborg;1480;Kommunal;Göteborgs kommun;2120001355;Svenska som andraspråk 1;5;..;..;..;1;..;..;..;4;..;..;..;
Burgårdens Gymnasium 1;59396229;Göteborg;1480;Kommunal;Göteborgs kommun;2120001355;Engelska 5;49;.;93,9;6,1;46;..;..;..;3;..;..;..;
Burgårdens Gymnasium 1;59396229;Göteborg;1480;Kommunal;Göteborgs kommun;2120001355;Matematik 1A;58;.;86,2;13,8;53;..;..;..;5;..;..;..;
Burgårdens Gymnasium 1;59396229;Göteborg;1480;Kommunal;Göteborgs kommun;2120001355;Svenska 1;22;4,5;63,6;31,8;22;..;..;..;.;.;.;.;
Burgårdens Gymnasium 1;59396229;Göteborg;1480;Kommunal;Göteborgs kommun;2120001355;Svenska som andraspråk 1;5;..;..;..;5;..;..;..;.;.;.;.;
Burgårdens Gymnasium 3;64740897;Göteborg;1480;Kommunal;Göteborgs kommun;2120001355;Engelska 6;24;.;95,8;4,2;7;..;..;..;17;..;..;..;
Burgårdens Gymnasium 3;64740897;Göteborg;1480;Kommunal;Göteborgs kommun;2120001355;Matematik 2B;15;.;40,0;60,0;5;..;..;..;10;..;..;..;
Burgårdens Gymnasium 3;64740897;Göteborg;1480;Kommunal;Göteborgs kommun;2120001355;Svenska 3;5;..;..;..;.;.;.;.;5;..;..;..;
Burgårdens Gymnasium 4;78979604;Göteborg;1480;Kommunal;Göteborgs kommun;2120001355;Engelska 6;41;7,3;70,7;22,0;25;4,0;64,0;32,0;16;12,5;81,3;6,3;
Burgårdens Gymnasium 4;78979604;Göteborg;1480;Kommunal;Göteborgs kommun;2120001355;Matematik 2B;23;.;82,6;17,4;13;.;69,2;30,8;10;.;100,0;.;
Burgårdens Gymnasium 4;78979604;Göteborg;1480;Kommunal;Göteborgs kommun;2120001355;Matematik 4;11;.;54,5;45,5;7;..;..;..;4;..;..;..;
Burgårdens Gymnasium 4;78979604;Göteborg;1480;Kommunal;Göteborgs kommun;2120001355;Svenska som andraspråk 3;17;.;29,4;70,6;13;..;..;..;4;..;..;..;
Burgårdens Gymnasium 5;69626109;Göteborg;1480;Kommunal;Göteborgs kommun;2120001355;Engelska 5;25;16,0;44,0;40,0;17;..;..;..;8;..;..;..;
Burgårdens Gymnasium 5;69626109;Göteborg;1480;Kommunal;Göteborgs kommun;2120001355;Matematik 1A;7;..;..;..;3;..;..;..;4;..;..;..;
Burgårdens Gymnasium 5;69626109;Göteborg;1480;Kommunal;Göteborgs kommun;2120001355;Svenska 1;25;8,0;52,0;40,0;19;..;..;..;6;..;..;..;
Burgårdens Gymnasium 6;21938009;Göteborg;1480;Kommunal;Göteborgs kommun;2120001355;Matematik 1A;10;.;50,0;50,0;10;..;..;..;.;.;.;.;
Burgårdens Gymnasium 6;21938009;Göteborg;1480;Kommunal;Göteborgs kommun;2120001355;Svenska 1;17;.;70,6;29,4;16;..;..;..;1;..;..;..;
Burgårdens Gymnasium 6;21938009;Göteborg;1480;Kommunal;Göteborgs kommun;2120001355;Svenska som andraspråk 1;8;..;..;..;7;..;..;..;1;..;..;..;
Designgymnasiet Göteborg;10968377;Göteborg;1480;Enskild;Designgymnasiet i Sverige AB;5569320681;Matematik 1B;29;3,4;93,1;3,4;23;..;..;..;6;..;..;..;
Donnergymnasiet;78397312;Göteborg;1480;Enskild;Donnergymnasiet AB;5565408381;Engelska 6;194;14,9;78,9;6,2;127;15,7;78,0;6,3;67;13,4;80,6;6,0;
Donnergymnasiet;78397312;Göteborg;1480;Enskild;Donnergymnasiet AB;5565408381;Matematik 1B;24;.;95,8;4,2;15;..;..;..;9;..;..;..;
Donnergymnasiet;78397312;Göteborg;1480;Enskild;Donnergymnasiet AB;5565408381;Matematik 2B;70;.;80,0;20,0;52;.;82,7;17,3;18;.;72,2;27,8;
Donnergymnasiet;78397312;Göteborg;1480;Enskild;Donnergymnasiet AB;5565408381;Matematik 3B;30;.;83,3;16,7;10;.;70,0;30,0;20;.;90,0;10,0;
Donnergymnasiet;78397312;Göteborg;1480;Enskild;Donnergymnasiet AB;5565408381;Matematik 4;21;.;100,0;.;11;.;100,0;.;10;.;100,0;.;
Donnergymnasiet;78397312;Göteborg;1480;Enskild;Donnergymnasiet AB;5565408381;Svenska 3;202;5,0;62,9;32,2;107;4,7;58,9;36,4;95;5,3;67,4;27,4;
Donnergymnasiet;78397312;Göteborg;1480;Enskild;Donnergymnasiet AB;5565408381;Svenska som andraspråk 3;7;..;..;..;6;..;..;..;1;..;..;..;
Drottning Blankas Gymnasieskola Göteborg Centrum;36444853;Göteborg;1480;Enskild;DBGY Kronan AB;5565668794;Engelska 5;27;.;96,3;3,7;27;..;..;..;.;.;.;.;
Drottning Blankas Gymnasieskola Göteborg Centrum;36444853;Göteborg;1480;Enskild;DBGY Kronan AB;5565668794;Engelska 6;136;8,1;83,8;8,1;98;8,2;81,6;10,2;38;7,9;89,5;2,6;
Drottning Blankas Gymnasieskola Göteborg Centrum;36444853;Göteborg;1480;Enskild;DBGY Kronan AB;5565668794;Matematik 1A;29;.;62,1;37,9;29;..;..;..;.;.;.;.;
Drottning Blankas Gymnasieskola Göteborg Centrum;36444853;Göteborg;1480;Enskild;DBGY Kronan AB;5565668794;Matematik 1B;31;.;87,1;12,9;31;..;..;..;.;.;.;.;
Drottning Blankas Gymnasieskola Göteborg Centrum;36444853;Göteborg;1480;Enskild;DBGY Kronan AB;5565668794;Matematik 2B;100;.;68,0;32,0;64;.;64,1;35,9;36;.;75,0;25,0;
Drottning Blankas Gymnasieskola Göteborg Centrum;36444853;Göteborg;1480;Enskild;DBGY Kronan AB;5565668794;Svenska 1;26;11,5;76,9;11,5;26;..;..;..;.;.;.;.;
Drottning Blankas Gymnasieskola Göteborg Centrum;36444853;Göteborg;1480;Enskild;DBGY Kronan AB;5565668794;Svenska 3;116;1,7;75,0;23,3;90;1,1;75,6;23,3;26;3,8;73,1;23,1;
Drottning Blankas Gymnasieskola Göteborg Centrum;36444853;Göteborg;1480;Enskild;DBGY Kronan AB;5565668794;Svenska som andraspråk 3;7;..;..;..;6;..;..;..;1;..;..;..;
Drottning Blankas Gymnasieskola Göteborg Gårda;10638939;Göteborg;1480;Enskild;DBGY Juvelen AB;5565789129;Engelska 5;103;.;83,5;16,5;83;.;83,1;16,9;20;.;85,0;15,0;
Drottning Blankas Gymnasieskola Göteborg Gårda;10638939;Göteborg;1480;Enskild;DBGY Juvelen AB;5565789129;Engelska 6;127;2,4;81,9;15,7;107;2,8;81,3;15,9;20;.;85,0;15,0;
Drottning Blankas Gymnasieskola Göteborg Gårda;10638939;Göteborg;1480;Enskild;DBGY Juvelen AB;5565789129;Matematik 1A;131;0,8;75,6;23,7;106;.;76,4;23,6;25;4,0;72,0;24,0;
Drottning Blankas Gymnasieskola Göteborg Gårda;10638939;Göteborg;1480;Enskild;DBGY Juvelen AB;5565789129;Matematik 2B;73;.;80,8;19,2;68;..;..;..;5;..;..;..;
Drottning Blankas Gymnasieskola Göteborg Gårda;10638939;Göteborg;1480;Enskild;DBGY Juvelen AB;5565789129;Matematik 3B;4;..;..;..;2;..;..;..;2;..;..;..;
Drottning Blankas Gymnasieskola Göteborg Gårda;10638939;Göteborg;1480;Enskild;DBGY Juvelen AB;5565789129;Svenska 1;122;0,8;69,7;29,5;100;.;72,0;28,0;22;4,5;59,1;36,4;
Drottning Blankas Gymnasieskola Göteborg Gårda;10638939;Göteborg;1480;Enskild;DBGY Juvelen AB;5565789129;Svenska 3;58;6,9;60,3;32,8;44;2,3;56,8;40,9;14;21,4;71,4;7,1;
Drottning Blankas Gymnasieskola Göteborg Gårda;10638939;Göteborg;1480;Enskild;DBGY Juvelen AB;5565789129;Svenska som andraspråk 1;5;..;..;..;4;..;..;..;1;..;..;..;
Ester Mosessons gymnasium 1;15414001;Göteborg;1480;Kommunal;Göteborgs kommun;2120001355;Engelska 5;77;16,9;75,3;7,8;39;17,9;71,8;10,3;38;15,8;78,9;5,3;
Ester Mosessons gymnasium 1;15414001;Göteborg;1480;Kommunal;Göteborgs kommun;2120001355;Matematik 1A;92;.;68,5;31,5;51;.;58,8;41,2;41;.;80,5;19,5;
Ester Mosessons gymnasium 1;15414001;Göteborg;1480;Kommunal;Göteborgs kommun;2120001355;Svenska 1;74;5,4;66,2;28,4;39;5,1;66,7;28,2;35;5,7;65,7;28,6;
Ester Mosessons gymnasium 1;15414001;Göteborg;1480;Kommunal;Göteborgs kommun;2120001355;Svenska som andraspråk 1;4;..;..;..;1;..;..;..;3;..;..;..;
Ester Mosessons gymnasium 2;38311488;Göteborg;1480;Kommunal;Göteborgs kommun;2120001355;Engelska 6;8;..;..;..;7;..;..;..;1;..;..;..;
GTI:s gymnasieskola;89837629;Göteborg;1480;Enskild;Göteborgs Tekniska Institut Aktiebolag;5562358993;Engelska 6;116;2,6;79,3;18,1;64;4,7;71,9;23,4;52;.;88,5;11,5;
GTI:s gymnasieskola;89837629;Göteborg;1480;Enskild;Göteborgs Tekniska Institut Aktiebolag;5562358993;Matematik 2B;25;.;72,0;28,0;14;.;71,4;28,6;11;.;72,7;27,3;
GTI:s gymnasieskola;89837629;Göteborg;1480;Enskild;Göteborgs Tekniska Institut Aktiebolag;5562358993;Matematik 3B;19;.;63,2;36,8;4;..;..;..;15;..;..;..;
GTI:s gymnasieskola;89837629;Göteborg;1480;Enskild;Göteborgs Tekniska Institut Aktiebolag;5562358993;Matematik 3C;29;.;75,9;24,1;15;.;80,0;20,0;14;.;71,4;28,6;
GTI:s gymnasieskola;89837629;Göteborg;1480;Enskild;Göteborgs Tekniska Institut Aktiebolag;5562358993;Matematik 4;17;.;82,4;17,6;13;..;..;..;4;..;..;..;
GTI:s gymnasieskola;89837629;Göteborg;1480;Enskild;Göteborgs Tekniska Institut Aktiebolag;5562358993;Svenska 3;19;.;36,8;63,2;5;..;..;..;14;..;..;..;
GTI:s gymnasieskola;89837629;Göteborg;1480;Enskild;Göteborgs Tekniska Institut Aktiebolag;5562358993;Svenska som andraspråk 3;111;3,6;52,3;44,1;59;3,4;57,6;39,0;52;3,8;46,2;50,0;
Gymnasieakademin Göteborg;12994441;Göteborg;1480;Enskild;IEAB International Education AB;5567265979;Engelska 5;9;..;..;..;7;..;..;..;2;..;..;..;
Gymnasieakademin Göteborg;12994441;Göteborg;1480;Enskild;IEAB International Education AB;5567265979;Engelska 6;115;1,7;63,5;34,8;70;1,4;67,1;31,4;45;2,2;57,8;40,0;
Gymnasieakademin Göteborg;12994441;Göteborg;1480;Enskild;IEAB International Education AB;5567265979;Matematik 1A;14;.;50,0;50,0;10;..;..;..;4;..;..;..;
Gymnasieakademin Göteborg;12994441;Göteborg;1480;Enskild;IEAB International Education AB;5567265979;Matematik 2B;47;2,1;40,4;57,4;31;3,2;38,7;58,1;16;.;43,8;56,3;
Gymnasieakademin Göteborg;12994441;Göteborg;1480;Enskild;IEAB International Education AB;5567265979;Matematik 3B;16;.;25,0;75,0;7;..;..;..;9;..;..;..;
Gymnasieakademin Göteborg;12994441;Göteborg;1480;Enskild;IEAB International Education AB;5567265979;Matematik 3C;4;..;..;..;2;..;..;..;2;..;..;..;
Gymnasieakademin Göteborg;12994441;Göteborg;1480;Enskild;IEAB International Education AB;5567265979;Matematik 4;42;.;57,1;42,9;25;.;52,0;48,0;17;.;64,7;35,3;
Gymnasieakademin Göteborg;12994441;Göteborg;1480;Enskild;IEAB International Education AB;5567265979;Svenska 1;12;.;41,7;58,3;10;..;..;..;2;..;..;..;
Gymnasieakademin Göteborg;12994441;Göteborg;1480;Enskild;IEAB International Education AB;5567265979;Svenska 3;83;1,2;45,8;53,0;62;1,6;41,9;56,5;21;.;57,1;42,9;
Gymnasieakademin Göteborg;12994441;Göteborg;1480;Enskild;IEAB International Education AB;5567265979;Svenska som andraspråk 3;3;..;..;..;1;..;..;..;2;..;..;..;
Göteborgregionens tekniska gy;53660780;Göteborg;1480;Enskild;Göteborgs Tekniska College Aktiebolag;5565706768;Engelska 6;29;13,8;62,1;24,1;5;..;..;..;24;..;..;..;
Göteborgregionens tekniska gy;53660780;Göteborg;1480;Enskild;Göteborgs Tekniska College Aktiebolag;5565706768;Matematik 3C;80;.;95,0;5,0;11;.;100,0;.;69;.;94,2;5,8;
Göteborgregionens tekniska gy;53660780;Göteborg;1480;Enskild;Göteborgs Tekniska College Aktiebolag;5565706768;Svenska som andraspråk 3;12;.;41,7;58,3;1;..;..;..;11;..;..;..;
Göteborgs Högre Samskola gy.;88774402;Göteborg;1480;Enskild;Stiftelsen Göteborgs Högre Samskola;8572059197;Engelska 6;162;3,7;85,8;10,5;96;4,2;86,5;9,4;66;3,0;84,8;12,1;
Göteborgs Högre Samskola gy.;88774402;Göteborg;1480;Enskild;Stiftelsen Göteborgs Högre Samskola;8572059197;Matematik 2B;79;.;88,6;11,4;51;.;92,2;7,8;28;.;82,1;17,9;
Göteborgs Högre Samskola gy.;88774402;Göteborg;1480;Enskild;Stiftelsen Göteborgs Högre Samskola;8572059197;Matematik 3B;28;.;96,4;3,6;10;.;90,0;10,0;18;.;100,0;.;
Göteborgs Högre Samskola gy.;88774402;Göteborg;1480;Enskild;Stiftelsen Göteborgs Högre Samskola;8572059197;Svenska 3;165;3,0;70,3;26,7;108;2,8;70,4;26,9;57;3,5;70,2;26,3;
Göteborgs Högre Samskola gy.;88774402;Göteborg;1480;Enskild;Stiftelsen Göteborgs Högre Samskola;8572059197;Svenska som andraspråk 3;6;..;..;..;5;..;..;..;1;..;..;..;
Hvitfeldtska gymnasiet 1;61701709;Göteborg;1480;Kommunal;Göteborgs kommun;2120001355;Engelska 6;84;2,4;85,7;11,9;40;.;85,0;15,0;44;4,5;86,4;9,1;
Hvitfeldtska gymnasiet 1;61701709;Göteborg;1480;Kommunal;Göteborgs kommun;2120001355;Matematik 2B;9;..;..;..;7;..;..;..;2;..;..;..;
Hvitfeldtska gymnasiet 1;61701709;Göteborg;1480;Kommunal;Göteborgs kommun;2120001355;Matematik 3B;81;.;80,2;19,8;46;.;73,9;26,1;35;.;88,6;11,4;
Hvitfeldtska gymnasiet 1;61701709;Göteborg;1480;Kommunal;Göteborgs kommun;2120001355;Svenska 3;81;2,5;44,4;53,1;44;4,5;36,4;59,1;37;.;54,1;45,9;
Hvitfeldtska gymnasiet 2;61469192;Göteborg;1480;Kommunal;Göteborgs kommun;2120001355;Engelska 6;55;7,3;85,5;7,3;24;4,2;83,3;12,5;31;9,7;87,1;3,2;
Hvitfeldtska gymnasiet 2;61469192;Göteborg;1480;Kommunal;Göteborgs kommun;2120001355;Matematik 1B;59;.;91,5;8,5;36;.;88,9;11,1;23;.;95,7;4,3;
Hvitfeldtska gymnasiet 2;61469192;Göteborg;1480;Kommunal;Göteborgs kommun;2120001355;Svenska 3;50;6,0;80,0;14,0;24;4,2;75,0;20,8;26;7,7;84,6;7,7;
Hvitfeldtska gymnasiet 3;84306392;Göteborg;1480;Kommunal;Göteborgs kommun;2120001355;Matematik 3C;22;.;86,4;13,6;16;..;..;..;6;..;..;..;
Hvitfeldtska gymnasiet 3;84306392;Göteborg;1480;Kommunal;Göteborgs kommun;2120001355;Matematik 4;103;1,0;95,1;3,9;61;1,6;91,8;6,6;42;.;100,0;.;
Hvitfeldtska gymnasiet 3;84306392;Göteborg;1480;Kommunal;Göteborgs kommun;2120001355;Svenska som andraspråk 3;2;..;..;..;.;.;.;.;2;..;..;..;
Hvitfeldtska gymnasiet 4;28627819;Göteborg;1480;Kommunal;Göteborgs kommun;2120001355;Engelska 6;136;5,9;82,4;11,8;93;5,4;80,6;14,0;43;7,0;86,0;7,0;
Hvitfeldtska gymnasiet 4;28627819;Göteborg;1480;Kommunal;Göteborgs kommun;2120001355;Matematik 2B;117;0,9;84,6;14,5;80;1,3;83,8;15,0;37;.;86,5;13,5;
Hvitfeldtska gymnasiet 4;28627819;Göteborg;1480;Kommunal;Göteborgs kommun;2120001355;Svenska 3;86;4,7;66,3;29,1;72;5,6;65,3;29,2;14;.;71,4;28,6;
Hvitfeldtska gymnasiet 6;50235617;Göteborg;1480;Kommunal;Göteborgs kommun;2120001355;Engelska 5;49;2,0;93,9;4,1;31;.;93,5;6,5;18;5,6;94,4;.;
Hvitfeldtska gymnasiet 6;50235617;Göteborg;1480;Kommunal;Göteborgs kommun;2120001355;Matematik 1A;48;.;68,8;31,3;33;.;63,6;36,4;15;.;80,0;20,0;
Hvitfeldtska gymnasiet 6;50235617;Göteborg;1480;Kommunal;Göteborgs kommun;2120001355;Svenska 1;22;4,5;72,7;22,7;16;..;..;..;6;..;..;..;
IHGR-gymnasiet;26627862;Göteborg;1480;Kommunal;Göteborgs kommun;2120001355;Matematik 3C;5;..;..;..;.;.;.;.;5;..;..;..;
IHGR-gymnasiet;26627862;Göteborg;1480;Kommunal;Göteborgs kommun;2120001355;Matematik 4;1;..;..;..;1;..;..;..;.;.;.;.;
Ingrid Segerstedts gymnasium;48847282;Göteborg;1480;Enskild;Stiftelsen Ingrid Segerstedts Gymnasium;8572088824;Engelska 6;116;5,2;87,9;6,9;93;4,3;87,1;8,6;23;8,7;91,3;.;
Ingrid Segerstedts gymnasium;48847282;Göteborg;1480;Enskild;Stiftelsen Ingrid Segerstedts Gymnasium;8572088824;Matematik 2B;115;2,6;87,8;9,6;91;3,3;86,8;9,9;24;.;91,7;8,3;
International IT College of Sweden Gothenburg;72517762;Göteborg;1480;Enskild;Edinit AB;5563114445;Engelska 6;26;7,7;53,8;38,5;11;.;54,5;45,5;15;13,3;53,3;33,3;
International IT College of Sweden Gothenburg;72517762;Göteborg;1480;Enskild;Edinit AB;5563114445;Matematik 1B;2;..;..;..;1;..;..;..;1;..;..;..;
International IT College of Sweden Gothenburg;72517762;Göteborg;1480;Enskild;Edinit AB;5563114445;Matematik 2B;4;..;..;..;3;..;..;..;1;..;..;..;
International IT College of Sweden Gothenburg;72517762;Göteborg;1480;Enskild;Edinit AB;5563114445;Matematik 3B;5;..;..;..;.;.;.;.;5;..;..;..;
International IT College of Sweden Gothenburg;72517762;Göteborg;1480;Enskild;Edinit AB;5563114445;Matematik 3C;9;..;..;..;1;..;..;..;8;..;..;..;
International IT College of Sweden Gothenburg;72517762;Göteborg;1480;Enskild;Edinit AB;5563114445;Matematik 4;4;..;..;..;1;..;..;..;3;..;..;..;
International IT College of Sweden Gothenburg;72517762;Göteborg;1480;Enskild;Edinit AB;5563114445;Svenska 3;6;..;..;..;1;..;..;..;5;..;..;..;
International IT College of Sweden Gothenburg;72517762;Göteborg;1480;Enskild;Edinit AB;5563114445;Svenska som andraspråk 3;16;12,5;75,0;12,5;3;..;..;..;13;..;..;..;
JENSEN Gymnasium Göteborg;38684438;Göteborg;1480;Enskild;Jensen Education College AB;5566358759;Engelska 6;150;2,0;55,3;42,7;83;1,2;55,4;43,4;67;3,0;55,2;41,8;
JENSEN Gymnasium Göteborg;38684438;Göteborg;1480;Enskild;Jensen Education College AB;5566358759;Matematik 2B;57;.;86,0;14,0;40;.;82,5;17,5;17;.;94,1;5,9;
JENSEN Gymnasium Göteborg;38684438;Göteborg;1480;Enskild;Jensen Education College AB;5566358759;Matematik 3B;19;.;63,2;36,8;5;..;..;..;14;..;..;..;
JENSEN Gymnasium Göteborg;38684438;Göteborg;1480;Enskild;Jensen Education College AB;5566358759;Matematik 4;24;.;41,7;58,3;8;..;..;..;16;..;..;..;
JENSEN Gymnasium Göteborg;38684438;Göteborg;1480;Enskild;Jensen Education College AB;5566358759;Svenska 3;95;3,2;64,2;32,6;47;2,1;68,1;29,8;48;4,2;60,4;35,4;
JENSEN Gymnasium Göteborg;38684438;Göteborg;1480;Enskild;Jensen Education College AB;5566358759;Svenska som andraspråk 3;34;5,9;91,2;2,9;10;.;90,0;10,0;24;8,3;91,7;.;
Katrinelundsgymnasiet 1;31251822;Göteborg;1480;Kommunal;Göteborgs kommun;2120001355;Engelska 6;86;4,7;83,7;11,6;51;2,0;82,4;15,7;35;8,6;85,7;5,7;
Katrinelundsgymnasiet 1;31251822;Göteborg;1480;Kommunal;Göteborgs kommun;2120001355;Matematik 2B;71;.;83,1;16,9;41;.;82,9;17,1;30;.;83,3;16,7;
Katrinelundsgymnasiet 1;31251822;Göteborg;1480;Kommunal;Göteborgs kommun;2120001355;Svenska 3;64;9,4;56,3;34,4;36;13,9;55,6;30,6;28;3,6;57,1;39,3;
Katrinelundsgymnasiet 1;31251822;Göteborg;1480;Kommunal;Göteborgs kommun;2120001355;Svenska som andraspråk 3;18;33,3;55,6;11,1;14;..;..;..;4;..;..;..;
Katrinelundsgymnasiet 4;35647481;Göteborg;1480;Kommunal;Göteborgs kommun;2120001355;Engelska 6;45;2,2;82,2;15,6;26;.;76,9;23,1;19;5,3;89,5;5,3;
Katrinelundsgymnasiet 4;35647481;Göteborg;1480;Kommunal;Göteborgs kommun;2120001355;Matematik 2B;2;..;..;..;.;.;.;.;2;..;..;..;
Katrinelundsgymnasiet 4;35647481;Göteborg;1480;Kommunal;Göteborgs kommun;2120001355;Matematik 3C;44;2,3;84,1;13,6;27;.;88,9;11,1;17;5,9;76,5;17,6;
Katrinelundsgymnasiet 4;35647481;Göteborg;1480;Kommunal;Göteborgs kommun;2120001355;Matematik 4;32;.;65,6;34,4;13;.;61,5;38,5;19;.;68,4;31,6;
Katrinelundsgymnasiet 4;35647481;Göteborg;1480;Kommunal;Göteborgs kommun;2120001355;Svenska 3;43;2,3;83,7;14,0;20;.;90,0;10,0;23;4,3;78,3;17,4;
Katrinelundsgymnasiet 4;35647481;Göteborg;1480;Kommunal;Göteborgs kommun;2120001355;Svenska som andraspråk 3;19;10,5;84,2;5,3;13;..;..;..;6;..;..;..;
Katrinelundsgymnasiet 5;39549479;Göteborg;1480;Kommunal;Göteborgs kommun;2120001355;Engelska 6;102;2,9;90,2;6,9;36;5,6;86,1;8,3;66;1,5;92,4;6,1;
Katrinelundsgymnasiet 5;39549479;Göteborg;1480;Kommunal;Göteborgs kommun;2120001355;Matematik 2B;44;.;84,1;15,9;19;.;89,5;10,5;25;.;80,0;20,0;
Katrinelundsgymnasiet 5;39549479;Göteborg;1480;Kommunal;Göteborgs kommun;2120001355;Matematik 3B;46;.;91,3;8,7;8;..;..;..;38;..;..;..;
Katrinelundsgymnasiet 5;39549479;Göteborg;1480;Kommunal;Göteborgs kommun;2120001355;Svenska 3;86;4,7;61,6;33,7;18;.;44,4;55,6;68;5,9;66,2;27,9;
Katrinelundsgymnasiet 5;39549479;Göteborg;1480;Kommunal;Göteborgs kommun;2120001355;Svenska som andraspråk 3;24;.;87,5;12,5;12;.;91,7;8,3;12;.;83,3;16,7;
Kitas Ekonomi;73147554;Göteborg;1480;Enskild;Kitas utbildning AB;5567097117;Engelska 6;77;2,6;94,8;2,6;43;2,3;95,3;2,3;34;2,9;94,1;2,9;
Kitas Ekonomi;73147554;Göteborg;1480;Enskild;Kitas utbildning AB;5567097117;Matematik 2B;76;2,6;89,5;7,9;42;4,8;90,5;4,8;34;.;88,2;11,8;
Kitas Ekonomi;73147554;Göteborg;1480;Enskild;Kitas utbildning AB;5567097117;Svenska 3;42;.;57,1;42,9;23;.;52,2;47,8;19;.;63,2;36,8;
Kitas Gymnasium;69983740;Göteborg;1480;Enskild;Kitas utbildning AB;5567097117;Engelska 6;96;.;66,7;33,3;71;.;66,2;33,8;25;.;68,0;32,0;
Kitas Gymnasium;69983740;Göteborg;1480;Enskild;Kitas utbildning AB;5567097117;Matematik 2B;54;3,7;94,4;1,9;44;2,3;95,5;2,3;10;10,0;90,0;.;
Kitas Gymnasium;69983740;Göteborg;1480;Enskild;Kitas utbildning AB;5567097117;Matematik 4;26;.;88,5;11,5;14;.;92,9;7,1;12;.;83,3;16,7;
Kitas Gymnasium;69983740;Göteborg;1480;Enskild;Kitas utbildning AB;5567097117;Svenska 3;104;12,5;57,7;29,8;72;9,7;58,3;31,9;32;18,8;56,3;25,0;
Kitas Gymnasium;69983740;Göteborg;1480;Enskild;Kitas utbildning AB;5567097117;Svenska som andraspråk 3;1;..;..;..;1;..;..;..;.;.;.;.;
Kitas Natur;66491596;Göteborg;1480;Enskild;Kitas utbildning AB;5567097117;Engelska 6;97;.;96,9;3,1;44;.;97,7;2,3;53;.;96,2;3,8;
Kitas Natur;66491596;Göteborg;1480;Enskild;Kitas utbildning AB;5567097117;Matematik 4;81;1,2;96,3;2,5;34;2,9;97,1;.;47;.;95,7;4,3;
Kitas Natur;66491596;Göteborg;1480;Enskild;Kitas utbildning AB;5567097117;Svenska 3;92;2,2;62,0;35,9;42;.;57,1;42,9;50;4,0;66,0;30,0;
KLARA Teoretiska Gymnasium Göteborg Postgatan;40690520;Göteborg;1480;Enskild;KLARA Gymnasium Lärande AB;5565583282;Engelska 6;166;1,2;95,2;3,6;129;0,8;96,1;3,1;37;2,7;91,9;5,4;
KLARA Teoretiska Gymnasium Göteborg Postgatan;40690520;Göteborg;1480;Enskild;KLARA Gymnasium Lärande AB;5565583282;Matematik 2B;65;.;93,8;6,2;56;..;..;..;9;..;..;..;
KLARA Teoretiska Gymnasium Göteborg Postgatan;40690520;Göteborg;1480;Enskild;KLARA Gymnasium Lärande AB;5565583282;Matematik 3B;41;.;78,0;22,0;22;.;81,8;18,2;19;.;73,7;26,3;
KLARA Teoretiska Gymnasium Göteborg Postgatan;40690520;Göteborg;1480;Enskild;KLARA Gymnasium Lärande AB;5565583282;Matematik 4;81;.;85,2;14,8;61;.;88,5;11,5;20;.;75,0;25,0;
KLARA Teoretiska Gymnasium Göteborg Postgatan;40690520;Göteborg;1480;Enskild;KLARA Gymnasium Lärande AB;5565583282;Svenska 3;173;.;83,8;16,2;113;.;80,5;19,5;60;.;90,0;10,0;
KLARA Teoretiska Gymnasium Göteborg Postgatan;40690520;Göteborg;1480;Enskild;KLARA Gymnasium Lärande AB;5565583282;Svenska som andraspråk 3;12;8,3;58,3;33,3;6;..;..;..;6;..;..;..;
KLARA Teoretiska Gymnasium Göteborg Vallgatan;75141151;Göteborg;1480;Enskild;KLARA Gymnasium Bildning AB;5565286696;Engelska 6;111;7,2;79,3;13,5;77;5,2;79,2;15,6;34;11,8;79,4;8,8;
KLARA Teoretiska Gymnasium Göteborg Vallgatan;75141151;Göteborg;1480;Enskild;KLARA Gymnasium Bildning AB;5565286696;Matematik 2B;58;.;82,8;17,2;46;.;87,0;13,0;12;.;66,7;33,3;
KLARA Teoretiska Gymnasium Göteborg Vallgatan;75141151;Göteborg;1480;Enskild;KLARA Gymnasium Bildning AB;5565286696;Matematik 3B;12;.;83,3;16,7;6;..;..;..;6;..;..;..;
KLARA Teoretiska Gymnasium Göteborg Vallgatan;75141151;Göteborg;1480;Enskild;KLARA Gymnasium Bildning AB;5565286696;Matematik 3C;9;..;..;..;6;..;..;..;3;..;..;..;
KLARA Teoretiska Gymnasium Göteborg Vallgatan;75141151;Göteborg;1480;Enskild;KLARA Gymnasium Bildning AB;5565286696;Matematik 4;10;.;70,0;30,0;7;..;..;..;3;..;..;..;
KLARA Teoretiska Gymnasium Göteborg Vallgatan;75141151;Göteborg;1480;Enskild;KLARA Gymnasium Bildning AB;5565286696;Svenska 3;69;4,3;85,5;10,1;45;4,4;80,0;15,6;24;4,2;95,8;.;
KLARA Teoretiska Gymnasium Göteborg Vallgatan;75141151;Göteborg;1480;Enskild;KLARA Gymnasium Bildning AB;5565286696;Svenska som andraspråk 3;11;9,1;81,8;9,1;8;..;..;..;3;..;..;..;
Kunskapsgymnasiet Göteborg;12052268;Göteborg;1480;Enskild;Kunskapsskolan i Sverige Aktiebolag;5565661815;Engelska 6;85;4,7;52,9;42,4;57;3,5;47,4;49,1;28;7,1;64,3;28,6;
Kunskapsgymnasiet Göteborg;12052268;Göteborg;1480;Enskild;Kunskapsskolan i Sverige Aktiebolag;5565661815;Matematik 2B;38;.;68,4;31,6;30;..;..;..;8;..;..;..;
Kunskapsgymnasiet Göteborg;12052268;Göteborg;1480;Enskild;Kunskapsskolan i Sverige Aktiebolag;5565661815;Matematik 3B;12;.;41,7;58,3;3;..;..;..;9;..;..;..;
Kunskapsgymnasiet Göteborg;12052268;Göteborg;1480;Enskild;Kunskapsskolan i Sverige Aktiebolag;5565661815;Matematik 3C;17;5,9;64,7;29,4;10;..;..;..;7;..;..;..;
Kunskapsgymnasiet Göteborg;12052268;Göteborg;1480;Enskild;Kunskapsskolan i Sverige Aktiebolag;5565661815;Matematik 4;6;..;..;..;3;..;..;..;3;..;..;..;
Kunskapsgymnasiet Göteborg;12052268;Göteborg;1480;Enskild;Kunskapsskolan i Sverige Aktiebolag;5565661815;Svenska 3;9;..;..;..;4;..;..;..;5;..;..;..;
Kunskapsgymnasiet Göteborg;12052268;Göteborg;1480;Enskild;Kunskapsskolan i Sverige Aktiebolag;5565661815;Svenska som andraspråk 3;55;10,9;78,2;10,9;34;5,9;85,3;8,8;21;19,0;66,7;14,3;
LBS Kreativa Gymnasiet Göteborg;53231578;Göteborg;1480;Enskild;Ljud & Bildskolan LBS AB;5564851649;Engelska 6;148;12,8;74,3;12,8;38;10,5;76,3;13,2;110;13,6;73,6;12,7;
LBS Kreativa Gymnasiet Göteborg;53231578;Göteborg;1480;Enskild;Ljud & Bildskolan LBS AB;5564851649;Matematik 1B;79;.;82,3;17,7;32;.;81,3;18,8;47;.;83,0;17,0;
LBS Kreativa Gymnasiet Göteborg;53231578;Göteborg;1480;Enskild;Ljud & Bildskolan LBS AB;5564851649;Matematik 3C;72;.;100,0;.;8;..;..;..;64;..;..;..;
LBS Kreativa Gymnasiet Göteborg;53231578;Göteborg;1480;Enskild;Ljud & Bildskolan LBS AB;5564851649;Svenska 3;135;14,1;60,7;25,2;26;19,2;34,6;46,2;109;12,8;67,0;20,2;
LBS Kreativa Gymnasiet Göteborg;53231578;Göteborg;1480;Enskild;Ljud & Bildskolan LBS AB;5564851649;Svenska som andraspråk 3;9;..;..;..;1;..;..;..;8;..;..;..;
LBS Mediegymnasiet;97382366;Göteborg;1480;Enskild;Ljud & Bildskolan LBS AB;5564851649;Matematik 1B;54;1,9;87,0;11,1;37;.;89,2;10,8;17;5,9;82,4;11,8;
LBS Mediegymnasiet;97382366;Göteborg;1480;Enskild;Ljud & Bildskolan LBS AB;5564851649;Matematik 2B;16;.;75,0;25,0;10;..;..;..;6;..;..;..;
LBS Mediegymnasiet;97382366;Göteborg;1480;Enskild;Ljud & Bildskolan LBS AB;5564851649;Svenska 3;67;16,4;46,3;37,3;37;10,8;45,9;43,2;30;23,3;46,7;30,0;
LBS Mediegymnasiet;97382366;Göteborg;1480;Enskild;Ljud & Bildskolan LBS AB;5564851649;Svenska som andraspråk 3;5;..;..;..;1;..;..;..;4;..;..;..;
Lindholmens tekn gymnasium 1;11274830;Göteborg;1480;Kommunal;Göteborgs kommun;2120001355;Svenska 1;1;..;..;..;.;.;.;.;1;..;..;..;
Lindholmens tekn gymnasium 2;51321260;Göteborg;1480;Kommunal;Göteborgs kommun;2120001355;Engelska 5;2;..;..;..;.;.;.;.;2;..;..;..;
Lindholmens tekn gymnasium 2;51321260;Göteborg;1480;Kommunal;Göteborgs kommun;2120001355;Matematik 1A;7;..;..;..;.;.;.;.;7;..;..;..;
Lindholmens tekn gymnasium 3;96279444;Göteborg;1480;Kommunal;Göteborgs kommun;2120001355;Matematik 3C;11;.;72,7;27,3;.;.;.;.;11;..;..;..;
Lindholmens tekn gymnasium 3;96279444;Göteborg;1480;Kommunal;Göteborgs kommun;2120001355;Svenska 3;3;..;..;..;.;.;.;.;3;..;..;..;
LM Engströms gymnasium;71597051;Göteborg;1480;Enskild;Peter Isaac Béens Utbildningsstiftelse;8572003666;Engelska 6;180;8,3;85,6;6,1;111;8,1;86,5;5,4;69;8,7;84,1;7,2;
LM Engströms gymnasium;71597051;Göteborg;1480;Enskild;Peter Isaac Béens Utbildningsstiftelse;8572003666;Matematik 1B;7;..;..;..;7;..;..;..;.;.;.;.;
LM Engströms gymnasium;71597051;Göteborg;1480;Enskild;Peter Isaac Béens Utbildningsstiftelse;8572003666;Matematik 2B;69;.;89,9;10,1;46;.;89,1;10,9;23;.;91,3;8,7;
LM Engströms gymnasium;71597051;Göteborg;1480;Enskild;Peter Isaac Béens Utbildningsstiftelse;8572003666;Matematik 3B;22;.;86,4;13,6;13;..;..;..;9;..;..;..;
LM Engströms gymnasium;71597051;Göteborg;1480;Enskild;Peter Isaac Béens Utbildningsstiftelse;8572003666;Matematik 4;59;.;94,9;5,1;30;.;93,3;6,7;29;.;96,6;3,4;
LM Engströms gymnasium;71597051;Göteborg;1480;Enskild;Peter Isaac Béens Utbildningsstiftelse;8572003666;Svenska 3;149;10,1;67,8;22,1;100;11,0;65,0;24,0;49;8,2;73,5;18,4;
Magelungens Gymnasium Göteborg;27268498;Göteborg;1480;Enskild;Magelungen Utveckling AB;5564891447;Engelska 6;7;..;..;..;2;..;..;..;5;..;..;..;
Magelungens Gymnasium Göteborg;27268498;Göteborg;1480;Enskild;Magelungen Utveckling AB;5564891447;Matematik 2B;8;..;..;..;3;..;..;..;5;..;..;..;
Magelungens Gymnasium Göteborg;27268498;Göteborg;1480;Enskild;Magelungen Utveckling AB;5564891447;Svenska 3;4;..;..;..;3;..;..;..;1;..;..;..;
Motorbranschens Tekniska gymn.;61880907;Göteborg;1480;Kommunal;Göteborgs kommun;2120001355;Engelska 5;31;22,6;67,7;9,7;8;..;..;..;23;..;..;..;
Motorbranschens Tekniska gymn.;61880907;Göteborg;1480;Kommunal;Göteborgs kommun;2120001355;Matematik 1A;83;.;88,0;12,0;21;.;85,7;14,3;62;.;88,7;11,3;
Motorbranschens Tekniska gymn.;61880907;Göteborg;1480;Kommunal;Göteborgs kommun;2120001355;Svenska 1;68;2,9;73,5;23,5;21;4,8;61,9;33,3;47;2,1;78,7;19,1;
Motorbranschens Tekniska gymn.;61880907;Göteborg;1480;Kommunal;Göteborgs kommun;2120001355;Svenska som andraspråk 1;17;.;76,5;23,5;.;.;.;.;17;..;..;..;
NTI Gymnasiet Johanneberg;79094701;Göteborg;1480;Enskild;NTI Gymnasiet Ellips AB;5565970471;Engelska 5;26;3,8;92,3;3,8;1;..;..;..;25;..;..;..;
NTI Gymnasiet Johanneberg;79094701;Göteborg;1480;Enskild;NTI Gymnasiet Ellips AB;5565970471;Engelska 6;119;16,0;80,7;3,4;23;21,7;73,9;4,3;96;14,6;82,3;3,1;
NTI Gymnasiet Johanneberg;79094701;Göteborg;1480;Enskild;NTI Gymnasiet Ellips AB;5565970471;Matematik 1A;29;.;89,7;10,3;1;..;..;..;28;..;..;..;
NTI Gymnasiet Johanneberg;79094701;Göteborg;1480;Enskild;NTI Gymnasiet Ellips AB;5565970471;Matematik 1B;30;.;86,7;13,3;15;.;86,7;13,3;15;.;86,7;13,3;
NTI Gymnasiet Johanneberg;79094701;Göteborg;1480;Enskild;NTI Gymnasiet Ellips AB;5565970471;Svenska 1;28;7,1;57,1;35,7;1;..;..;..;27;..;..;..;
NTI Gymnasiet Johanneberg;79094701;Göteborg;1480;Enskild;NTI Gymnasiet Ellips AB;5565970471;Svenska 3;89;10,1;75,3;14,6;14;.;85,7;14,3;75;12,0;73,3;14,7;
NTI Gymnasiet Johanneberg;79094701;Göteborg;1480;Enskild;NTI Gymnasiet Ellips AB;5565970471;Svenska som andraspråk 3;7;..;..;..;2;..;..;..;5;..;..;..;
NTI Gymnasiet Kronhus;35006050;Göteborg;1480;Enskild;NTI Gymnasiet Macro AB;5561203679;Engelska 5;24;.;83,3;16,7;.;.;.;.;24;..;..;..;
NTI Gymnasiet Kronhus;35006050;Göteborg;1480;Enskild;NTI Gymnasiet Macro AB;5561203679;Engelska 6;72;6,9;66,7;26,4;6;..;..;..;66;..;..;..;
NTI Gymnasiet Kronhus;35006050;Göteborg;1480;Enskild;NTI Gymnasiet Macro AB;5561203679;Matematik 1A;25;.;60,0;40,0;.;.;.;.;25;..;..;..;
NTI Gymnasiet Kronhus;35006050;Göteborg;1480;Enskild;NTI Gymnasiet Macro AB;5561203679;Matematik 3B;48;.;58,3;41,7;16;.;50,0;50,0;32;.;62,5;37,5;
NTI Gymnasiet Kronhus;35006050;Göteborg;1480;Enskild;NTI Gymnasiet Macro AB;5561203679;Matematik 3C;20;.;55,0;45,0;.;.;.;.;20;..;..;..;
NTI Gymnasiet Kronhus;35006050;Göteborg;1480;Enskild;NTI Gymnasiet Macro AB;5561203679;Svenska 1;15;.;60,0;40,0;.;.;.;.;15;..;..;..;
NTI Gymnasiet Kronhus;35006050;Göteborg;1480;Enskild;NTI Gymnasiet Macro AB;5561203679;Svenska 3;108;7,4;44,4;48,1;26;11,5;38,5;50,0;82;6,1;46,3;47,6;
NTI Gymnasiet Kronhus;35006050;Göteborg;1480;Enskild;NTI Gymnasiet Macro AB;5561203679;Svenska som andraspråk 1;9;..;..;..;.;.;.;.;9;..;..;..;
NTI Gymnasiet Kronhus;35006050;Göteborg;1480;Enskild;NTI Gymnasiet Macro AB;5561203679;Svenska som andraspråk 3;8;..;..;..;3;..;..;..;5;..;..;..;
NTI Handelsgymnasiet Göteborg;53698122;Göteborg;1480;Enskild;NTI Gymnasiet Macro AB;5561203679;Engelska 5;24;25,0;75,0;.;9;..;..;..;15;..;..;..;
NTI Handelsgymnasiet Göteborg;53698122;Göteborg;1480;Enskild;NTI Gymnasiet Macro AB;5561203679;Engelska 6;52;11,5;57,7;30,8;14;7,1;50,0;42,9;38;13,2;60,5;26,3;
NTI Handelsgymnasiet Göteborg;53698122;Göteborg;1480;Enskild;NTI Gymnasiet Macro AB;5561203679;Matematik 1A;29;.;69,0;31,0;12;.;50,0;50,0;17;.;82,4;17,6;
NTI Handelsgymnasiet Göteborg;53698122;Göteborg;1480;Enskild;NTI Gymnasiet Macro AB;5561203679;Svenska 1;24;25,0;45,8;29,2;12;25,0;50,0;25,0;12;25,0;41,7;33,3;
NTI Handelsgymnasiet Göteborg;53698122;Göteborg;1480;Enskild;NTI Gymnasiet Macro AB;5561203679;Svenska som andraspråk 1;4;..;..;..;1;..;..;..;3;..;..;..;
Polhemsgymnasiet 1;21505555;Göteborg;1480;Kommunal;Göteborgs kommun;2120001355;Engelska 6;106;0,9;84,9;14,2;39;.;84,6;15,4;67;1,5;85,1;13,4;
Polhemsgymnasiet 1;21505555;Göteborg;1480;Kommunal;Göteborgs kommun;2120001355;Matematik 3C;11;.;63,6;36,4;8;..;..;..;3;..;..;..;
Polhemsgymnasiet 1;21505555;Göteborg;1480;Kommunal;Göteborgs kommun;2120001355;Matematik 4;110;0,9;77,3;21,8;40;.;70,0;30,0;70;1,4;81,4;17,1;
Polhemsgymnasiet 1;21505555;Göteborg;1480;Kommunal;Göteborgs kommun;2120001355;Svenska 3;99;10,1;63,6;26,3;39;10,3;66,7;23,1;60;10,0;61,7;28,3;
Polhemsgymnasiet 1;21505555;Göteborg;1480;Kommunal;Göteborgs kommun;2120001355;Svenska som andraspråk 3;16;.;75,0;25,0;6;..;..;..;10;..;..;..;
Polhemsgymnasiet 2;34336190;Göteborg;1480;Kommunal;Göteborgs kommun;2120001355;Engelska 6;105;1,0;92,4;6,7;35;.;97,1;2,9;70;1,4;90,0;8,6;
Polhemsgymnasiet 2;34336190;Göteborg;1480;Kommunal;Göteborgs kommun;2120001355;Matematik 3B;117;1,7;69,2;29,1;57;1,8;68,4;29,8;60;1,7;70,0;28,3;
Polhemsgymnasiet 2;34336190;Göteborg;1480;Kommunal;Göteborgs kommun;2120001355;Svenska 3;103;1,0;54,4;44,7;56;.;50,0;50,0;47;2,1;59,6;38,3;
Polhemsgymnasiet 3;21052710;Göteborg;1480;Kommunal;Göteborgs kommun;2120001355;Engelska 6;112;8,0;79,5;12,5;62;8,1;80,6;11,3;50;8,0;78,0;14,0;
Polhemsgymnasiet 3;21052710;Göteborg;1480;Kommunal;Göteborgs kommun;2120001355;Matematik 2B;60;1,7;36,7;61,7;40;.;37,5;62,5;20;5,0;35,0;60,0;
Polhemsgymnasiet 3;21052710;Göteborg;1480;Kommunal;Göteborgs kommun;2120001355;Matematik 3C;62;4,8;62,9;32,3;30;6,7;60,0;33,3;32;3,1;65,6;31,3;
Polhemsgymnasiet 3;21052710;Göteborg;1480;Kommunal;Göteborgs kommun;2120001355;Svenska 3;98;9,2;61,2;29,6;63;7,9;61,9;30,2;35;11,4;60,0;28,6;
Praktiska Gymnasiet Gamlestaden;16819383;Göteborg;1480;Enskild;Praktiska Utbildning AB;5564781606;Engelska 5;19;.;68,4;31,6;1;..;..;..;18;..;..;..;
Praktiska Gymnasiet Gamlestaden;16819383;Göteborg;1480;Enskild;Praktiska Utbildning AB;5564781606;Matematik 1A;14;.;28,6;71,4;1;..;..;..;13;..;..;..;
Praktiska Gymnasiet Gamlestaden;16819383;Göteborg;1480;Enskild;Praktiska Utbildning AB;5564781606;Svenska 1;6;..;..;..;1;..;..;..;5;..;..;..;
Praktiska Gymnasiet Gamlestaden;16819383;Göteborg;1480;Enskild;Praktiska Utbildning AB;5564781606;Svenska som andraspråk 1;22;.;36,4;63,6;.;.;.;.;22;..;..;..;
Praktiska Gymnasiet Göteborg;88556189;Göteborg;1480;Enskild;Praktiska Sverige AB;5562575786;Matematik 1A;53;.;67,9;32,1;16;.;81,3;18,8;37;.;62,2;37,8;
Praktiska Gymnasiet Göteborg;88556189;Göteborg;1480;Enskild;Praktiska Sverige AB;5562575786;Svenska 1;32;6,3;53,1;40,6;10;.;40,0;60,0;22;9,1;59,1;31,8;
Praktiska Gymnasiet Göteborg;88556189;Göteborg;1480;Enskild;Praktiska Sverige AB;5562575786;Svenska som andraspråk 1;24;4,2;54,2;41,7;8;..;..;..;16;..;..;..;
Realgymnasiet Göteborg;35236491;Göteborg;1480;Enskild;Lärande i Sverige AB;5565715892;Engelska 5;71;5,6;56,3;38,0;58;6,9;53,4;39,7;13;.;69,2;30,8;
Realgymnasiet Göteborg;35236491;Göteborg;1480;Enskild;Lärande i Sverige AB;5565715892;Engelska 6;12;.;33,3;66,7;11;..;..;..;1;..;..;..;
Realgymnasiet Göteborg;35236491;Göteborg;1480;Enskild;Lärande i Sverige AB;5565715892;Matematik 1A;91;.;79,1;20,9;72;.;77,8;22,2;19;.;84,2;15,8;
Realgymnasiet Göteborg;35236491;Göteborg;1480;Enskild;Lärande i Sverige AB;5565715892;Svenska 1;89;5,6;60,7;33,7;74;6,8;56,8;36,5;15;.;80,0;20,0;
Realgymnasiet Göteborg;35236491;Göteborg;1480;Enskild;Lärande i Sverige AB;5565715892;Svenska som andraspråk 1;2;..;..;..;2;..;..;..;.;.;.;.;
Rytmus Göteborg;69739484;Göteborg;1480;Enskild;Rytmus AB;5564648979;Engelska 6;87;19,5;77,0;3,4;60;15,0;80,0;5,0;27;29,6;70,4;.;
Rytmus Göteborg;69739484;Göteborg;1480;Enskild;Rytmus AB;5564648979;Matematik 1B;92;.;78,3;21,7;53;.;75,5;24,5;39;.;82,1;17,9;
Rytmus Göteborg;69739484;Göteborg;1480;Enskild;Rytmus AB;5564648979;Svenska 3;78;1,3;70,5;28,2;41;.;73,2;26,8;37;2,7;67,6;29,7;
Rytmus Göteborg;69739484;Göteborg;1480;Enskild;Rytmus AB;5564648979;Svenska som andraspråk 3;1;..;..;..;1;..;..;..;.;.;.;.;
Schillerska gymnasiet 1;92887917;Göteborg;1480;Kommunal;Göteborgs kommun;2120001355;Engelska 6;75;10,7;84,0;5,3;63;6,3;88,9;4,8;12;33,3;58,3;8,3;
Schillerska gymnasiet 1;92887917;Göteborg;1480;Kommunal;Göteborgs kommun;2120001355;Matematik 1B;119;2,5;86,6;10,9;106;1,9;88,7;9,4;13;7,7;69,2;23,1;
Schillerska gymnasiet 1;92887917;Göteborg;1480;Kommunal;Göteborgs kommun;2120001355;Svenska 3;86;9,3;59,3;31,4;74;9,5;56,8;33,8;12;8,3;75,0;16,7;
Schillerska gymnasiet 2;88834120;Göteborg;1480;Kommunal;Göteborgs kommun;2120001355;Engelska 6;28;17,9;71,4;10,7;19;..;..;..;9;..;..;..;
Schillerska gymnasiet 2;88834120;Göteborg;1480;Kommunal;Göteborgs kommun;2120001355;Matematik 2B;21;.;90,5;9,5;15;..;..;..;6;..;..;..;
Schillerska gymnasiet 2;88834120;Göteborg;1480;Kommunal;Göteborgs kommun;2120001355;Matematik 3B;20;.;75,0;25,0;3;..;..;..;17;..;..;..;
Schillerska gymnasiet 2;88834120;Göteborg;1480;Kommunal;Göteborgs kommun;2120001355;Svenska 3;23;4,3;60,9;34,8;11;.;63,6;36,4;12;8,3;58,3;33,3;
Schillerska gymnasiet 3;36748805;Göteborg;1480;Kommunal;Göteborgs kommun;2120001355;Engelska 6;87;6,9;85,1;8,0;64;7,8;82,8;9,4;23;4,3;91,3;4,3;
Schillerska gymnasiet 3;36748805;Göteborg;1480;Kommunal;Göteborgs kommun;2120001355;Matematik 2B;48;.;47,9;52,1;35;.;51,4;48,6;13;.;38,5;61,5;
Schillerska gymnasiet 3;36748805;Göteborg;1480;Kommunal;Göteborgs kommun;2120001355;Matematik 3C;21;.;100,0;.;12;..;..;..;9;..;..;..;
Schillerska gymnasiet 3;36748805;Göteborg;1480;Kommunal;Göteborgs kommun;2120001355;Matematik 4;8;..;..;..;4;..;..;..;4;..;..;..;
Schillerska gymnasiet 3;36748805;Göteborg;1480;Kommunal;Göteborgs kommun;2120001355;Svenska 3;33;.;60,6;39,4;21;.;52,4;47,6;12;.;75,0;25,0;
Sigrid Rudebecks gymnasium;19207279;Göteborg;1480;Enskild;Aktiebolaget Sigrid Rudebecks Skola;5563571248;Engelska 6;134;11,2;80,6;8,2;71;9,9;81,7;8,5;63;12,7;79,4;7,9;
Sigrid Rudebecks gymnasium;19207279;Göteborg;1480;Enskild;Aktiebolaget Sigrid Rudebecks Skola;5563571248;Matematik 2B;58;.;69,0;31,0;40;.;70,0;30,0;18;.;66,7;33,3;
Sigrid Rudebecks gymnasium;19207279;Göteborg;1480;Enskild;Aktiebolaget Sigrid Rudebecks Skola;5563571248;Svenska 3;136;1,5;47,1;51,5;103;1,9;47,6;50,5;33;.;45,5;54,5;
Sjölins Gymnasium Göteborg;53640774;Göteborg;1480;Enskild;Sjölins Gymnasium AB;5563758399;Engelska 6;141;5,7;81,6;12,8;83;4,8;79,5;15,7;58;6,9;84,5;8,6;
Sjölins Gymnasium Göteborg;53640774;Göteborg;1480;Enskild;Sjölins Gymnasium AB;5563758399;Matematik 2B;31;.;80,6;19,4;22;..;..;..;9;..;..;..;
Sjölins Gymnasium Göteborg;53640774;Göteborg;1480;Enskild;Sjölins Gymnasium AB;5563758399;Matematik 3B;39;.;53,8;46,2;13;.;46,2;53,8;26;.;57,7;42,3;
Sjölins Gymnasium Göteborg;53640774;Göteborg;1480;Enskild;Sjölins Gymnasium AB;5563758399;Svenska 3;135;13,3;63,7;23,0;67;10,4;58,2;31,3;68;16,2;69,1;14,7;
SKF Tekniska Gymnasium;58502307;Göteborg;1480;Enskild;SKF Sverige Aktiebolag;5562408301;Engelska 5;15;20,0;80,0;.;.;.;.;.;15;..;..;..;
SKF Tekniska Gymnasium;58502307;Göteborg;1480;Enskild;SKF Sverige Aktiebolag;5562408301;Matematik 3C;15;.;100,0;.;2;..;..;..;13;..;..;..;
SKF Tekniska Gymnasium;58502307;Göteborg;1480;Enskild;SKF Sverige Aktiebolag;5562408301;Svenska 1;13;7,7;46,2;46,2;.;.;.;.;13;..;..;..;
SKF Tekniska Gymnasium;58502307;Göteborg;1480;Enskild;SKF Sverige Aktiebolag;5562408301;Svenska 3;16;.;62,5;37,5;4;..;..;..;12;..;..;..;
SKF Tekniska Gymnasium;58502307;Göteborg;1480;Enskild;SKF Sverige Aktiebolag;5562408301;Svenska som andraspråk 1;2;..;..;..;.;.;.;.;2;..;..;..;
Thoren Innovation School Göteborg;97177328;Göteborg;1480;Enskild;Thoren Innovation School AB;5568902653;Engelska 5;14;.;85,7;14,3;1;..;..;..;13;..;..;..;
Thoren Innovation School Göteborg;97177328;Göteborg;1480;Enskild;Thoren Innovation School AB;5568902653;Engelska 6;21;.;81,0;19,0;6;..;..;..;15;..;..;..;
Thoren Innovation School Göteborg;97177328;Göteborg;1480;Enskild;Thoren Innovation School AB;5568902653;Matematik 1A;16;.;37,5;62,5;1;..;..;..;15;..;..;..;
Thoren Innovation School Göteborg;97177328;Göteborg;1480;Enskild;Thoren Innovation School AB;5568902653;Matematik 3C;16;.;43,8;56,3;2;..;..;..;14;..;..;..;
Thoren Innovation School Göteborg;97177328;Göteborg;1480;Enskild;Thoren Innovation School AB;5568902653;Svenska 1;10;.;30,0;70,0;.;.;.;.;10;..;..;..;
Thoren Innovation School Göteborg;97177328;Göteborg;1480;Enskild;Thoren Innovation School AB;5568902653;Svenska 3;16;6,3;81,3;12,5;2;..;..;..;14;..;..;..;
Thoren Innovation School Göteborg;97177328;Göteborg;1480;Enskild;Thoren Innovation School AB;5568902653;Svenska som andraspråk 1;4;..;..;..;.;.;.;.;4;..;..;..;
Thoren Innovation School Göteborg;97177328;Göteborg;1480;Enskild;Thoren Innovation School AB;5568902653;Svenska som andraspråk 3;6;..;..;..;.;.;.;.;6;..;..;..;
Västsvenska Gymnasiet;34831349;Göteborg;1480;Enskild;Idrottens Skola i Göteborg AB;5562035906;Engelska 5;36;.;38,9;61,1;16;.;37,5;62,5;20;.;40,0;60,0;
Västsvenska Gymnasiet;34831349;Göteborg;1480;Enskild;Idrottens Skola i Göteborg AB;5562035906;Engelska 6;18;.;11,1;88,9;11;..;..;..;7;..;..;..;
Västsvenska Gymnasiet;34831349;Göteborg;1480;Enskild;Idrottens Skola i Göteborg AB;5562035906;Matematik 1A;30;.;100,0;.;.;.;.;.;30;..;..;..;
Västsvenska Gymnasiet;34831349;Göteborg;1480;Enskild;Idrottens Skola i Göteborg AB;5562035906;Matematik 3C;25;.;96,0;4,0;17;..;..;..;8;..;..;..;
Västsvenska Gymnasiet;34831349;Göteborg;1480;Enskild;Idrottens Skola i Göteborg AB;5562035906;Svenska 1;5;..;..;..;.;.;.;.;5;..;..;..;
Västsvenska Gymnasiet;34831349;Göteborg;1480;Enskild;Idrottens Skola i Göteborg AB;5562035906;Svenska 3;1;..;..;..;1;..;..;..;.;.;.;.;
Västsvenska Gymnasiet;34831349;Göteborg;1480;Enskild;Idrottens Skola i Göteborg AB;5562035906;Svenska som andraspråk 1;36;2,8;44,4;52,8;18;5,6;55,6;38,9;18;.;33,3;66,7;
Västsvenska Gymnasiet;34831349;Göteborg;1480;Enskild;Idrottens Skola i Göteborg AB;5562035906;Svenska som andraspråk 3;14;7,1;21,4;71,4;11;..;..;..;3;..;..;..;
Olinsgymnasiet i Götene;77718188;Götene;1471;Enskild;Olinsgymnasiet i Skara AB;5569998932;Engelska 5;34;.;97,1;2,9;8;..;..;..;26;..;..;..;
Olinsgymnasiet i Götene;77718188;Götene;1471;Enskild;Olinsgymnasiet i Skara AB;5569998932;Matematik 1A;31;.;25,8;74,2;7;..;..;..;24;..;..;..;
Olinsgymnasiet i Götene;77718188;Götene;1471;Enskild;Olinsgymnasiet i Skara AB;5569998932;Svenska 1;33;.;72,7;27,3;9;..;..;..;24;..;..;..;
Olinsgymnasiet i Götene;77718188;Götene;1471;Enskild;Olinsgymnasiet i Skara AB;5569998932;Svenska som andraspråk 1;5;..;..;..;.;.;.;.;5;..;..;..;
Älvstrandsgymnasiet;72127035;Hagfors;1783;Kommunal;Hagfors kommun;2120001884;Engelska 5;11;9,1;63,6;27,3;10;..;..;..;1;..;..;..;
Älvstrandsgymnasiet;72127035;Hagfors;1783;Kommunal;Hagfors kommun;2120001884;Engelska 6;27;.;92,6;7,4;19;..;..;..;8;..;..;..;
Älvstrandsgymnasiet;72127035;Hagfors;1783;Kommunal;Hagfors kommun;2120001884;Matematik 1A;15;.;46,7;53,3;14;..;..;..;1;..;..;..;
Älvstrandsgymnasiet;72127035;Hagfors;1783;Kommunal;Hagfors kommun;2120001884;Matematik 2B;8;..;..;..;6;..;..;..;2;..;..;..;
Älvstrandsgymnasiet;72127035;Hagfors;1783;Kommunal;Hagfors kommun;2120001884;Matematik 3B;3;..;..;..;1;..;..;..;2;..;..;..;
Älvstrandsgymnasiet;72127035;Hagfors;1783;Kommunal;Hagfors kommun;2120001884;Svenska 1;9;..;..;..;8;..;..;..;1;..;..;..;
Älvstrandsgymnasiet;72127035;Hagfors;1783;Kommunal;Hagfors kommun;2120001884;Svenska 3;20;5,0;70,0;25,0;15;..;..;..;5;..;..;..;
Älvstrandsgymnasiet;72127035;Hagfors;1783;Kommunal;Hagfors kommun;2120001884;Svenska som andraspråk 1;4;..;..;..;4;..;..;..;.;.;.;.;
Älvstrandsgymnasiet;72127035;Hagfors;1783;Kommunal;Hagfors kommun;2120001884;Svenska som andraspråk 3;3;..;..;..;3;..;..;..;.;.;.;.;
Älvstrandsgymnasiet2;28310176;Hagfors;1783;Kommunal;Hagfors kommun;2120001884;Engelska 5;29;10,3;58,6;31,0;4;..;..;..;25;..;..;..;
Älvstrandsgymnasiet2;28310176;Hagfors;1783;Kommunal;Hagfors kommun;2120001884;Engelska 6;23;21,7;43,5;34,8;9;..;..;..;14;..;..;..;
Älvstrandsgymnasiet2;28310176;Hagfors;1783;Kommunal;Hagfors kommun;2120001884;Matematik 1A;30;.;53,3;46,7;4;..;..;..;26;..;..;..;
Älvstrandsgymnasiet2;28310176;Hagfors;1783;Kommunal;Hagfors kommun;2120001884;Matematik 3C;11;.;36,4;63,6;2;..;..;..;9;..;..;..;
Älvstrandsgymnasiet2;28310176;Hagfors;1783;Kommunal;Hagfors kommun;2120001884;Svenska 1;25;.;40,0;60,0;3;..;..;..;22;..;..;..;
Älvstrandsgymnasiet2;28310176;Hagfors;1783;Kommunal;Hagfors kommun;2120001884;Svenska 3;17;.;70,6;29,4;9;..;..;..;8;..;..;..;
Älvstrandsgymnasiet2;28310176;Hagfors;1783;Kommunal;Hagfors kommun;2120001884;Svenska som andraspråk 1;4;..;..;..;.;.;.;.;4;..;..;..;
Älvstrandsgymnasiet2;28310176;Hagfors;1783;Kommunal;Hagfors kommun;2120001884;Svenska som andraspråk 3;3;..;..;..;1;..;..;..;2;..;..;..;
Alléskolan 1;70969714;Hallsberg;1861;Kommunal;Sydnärkes Utbildningsförbund;2220001180;Engelska 5;1;..;..;..;.;.;.;.;1;..;..;..;
Alléskolan 1;70969714;Hallsberg;1861;Kommunal;Sydnärkes Utbildningsförbund;2220001180;Engelska 6;30;16,7;73,3;10,0;6;..;..;..;24;..;..;..;
Alléskolan 1;70969714;Hallsberg;1861;Kommunal;Sydnärkes Utbildningsförbund;2220001180;Matematik 1A;63;.;92,1;7,9;17;.;88,2;11,8;46;.;93,5;6,5;
Alléskolan 1;70969714;Hallsberg;1861;Kommunal;Sydnärkes Utbildningsförbund;2220001180;Matematik 4;8;..;..;..;.;.;.;.;8;..;..;..;
Alléskolan 1;70969714;Hallsberg;1861;Kommunal;Sydnärkes Utbildningsförbund;2220001180;Svenska 1;50;8,0;72,0;20,0;16;6,3;56,3;37,5;34;8,8;79,4;11,8;
Alléskolan 1;70969714;Hallsberg;1861;Kommunal;Sydnärkes Utbildningsförbund;2220001180;Svenska som andraspråk 1;8;..;..;..;.;.;.;.;8;..;..;..;
Alléskolan 1;70969714;Hallsberg;1861;Kommunal;Sydnärkes Utbildningsförbund;2220001180;Svenska som andraspråk 3;1;..;..;..;1;..;..;..;.;.;.;.;
Alléskolan 2;85003442;Hallsberg;1861;Kommunal;Sydnärkes Utbildningsförbund;2220001180;Engelska 5;15;.;86,7;13,3;14;..;..;..;1;..;..;..;
Alléskolan 2;85003442;Hallsberg;1861;Kommunal;Sydnärkes Utbildningsförbund;2220001180;Matematik 1A;13;.;92,3;7,7;12;..;..;..;1;..;..;..;
Alléskolan 2;85003442;Hallsberg;1861;Kommunal;Sydnärkes Utbildningsförbund;2220001180;Svenska 1;5;..;..;..;5;..;..;..;.;.;.;.;
Alléskolan 2;85003442;Hallsberg;1861;Kommunal;Sydnärkes Utbildningsförbund;2220001180;Svenska som andraspråk 1;4;..;..;..;4;..;..;..;.;.;.;.;
Alléskolan 3;22752398;Hallsberg;1861;Kommunal;Sydnärkes Utbildningsförbund;2220001180;Engelska 5;71;8,5;81,7;9,9;7;..;..;..;64;..;..;..;
Alléskolan 3;22752398;Hallsberg;1861;Kommunal;Sydnärkes Utbildningsförbund;2220001180;Matematik 1A;61;3,3;91,8;4,9;7;..;..;..;54;..;..;..;
Alléskolan 3;22752398;Hallsberg;1861;Kommunal;Sydnärkes Utbildningsförbund;2220001180;Svenska 1;59;.;83,1;16,9;8;..;..;..;51;..;..;..;
Alléskolan 3;22752398;Hallsberg;1861;Kommunal;Sydnärkes Utbildningsförbund;2220001180;Svenska som andraspråk 1;4;..;..;..;.;.;.;.;4;..;..;..;
Alléskolan 4;68734112;Hallsberg;1861;Kommunal;Sydnärkes Utbildningsförbund;2220001180;Engelska 6;47;6,4;78,7;14,9;26;3,8;80,8;15,4;21;9,5;76,2;14,3;
Alléskolan 4;68734112;Hallsberg;1861;Kommunal;Sydnärkes Utbildningsförbund;2220001180;Matematik 1B;9;..;..;..;6;..;..;..;3;..;..;..;
Alléskolan 4;68734112;Hallsberg;1861;Kommunal;Sydnärkes Utbildningsförbund;2220001180;Matematik 2B;40;.;92,5;7,5;23;.;91,3;8,7;17;.;94,1;5,9;
Alléskolan 4;68734112;Hallsberg;1861;Kommunal;Sydnärkes Utbildningsförbund;2220001180;Svenska 3;47;6,4;70,2;23,4;30;3,3;76,7;20,0;17;11,8;58,8;29,4;
Alléskolan 4;68734112;Hallsberg;1861;Kommunal;Sydnärkes Utbildningsförbund;2220001180;Svenska som andraspråk 3;3;..;..;..;1;..;..;..;2;..;..;..;
Alléskolan 5;71922787;Hallsberg;1861;Kommunal;Sydnärkes Utbildningsförbund;2220001180;Engelska 5;25;4,0;68,0;28,0;14;7,1;78,6;14,3;11;.;54,5;45,5;
Alléskolan 5;71922787;Hallsberg;1861;Kommunal;Sydnärkes Utbildningsförbund;2220001180;Engelska 6;29;10,3;79,3;10,3;18;11,1;83,3;5,6;11;9,1;72,7;18,2;
Alléskolan 5;71922787;Hallsberg;1861;Kommunal;Sydnärkes Utbildningsförbund;2220001180;Matematik 1A;20;.;95,0;5,0;12;..;..;..;8;..;..;..;
Alléskolan 5;71922787;Hallsberg;1861;Kommunal;Sydnärkes Utbildningsförbund;2220001180;Matematik 2B;14;.;100,0;.;12;..;..;..;2;..;..;..;
Alléskolan 5;71922787;Hallsberg;1861;Kommunal;Sydnärkes Utbildningsförbund;2220001180;Matematik 3B;8;..;..;..;2;..;..;..;6;..;..;..;
Alléskolan 5;71922787;Hallsberg;1861;Kommunal;Sydnärkes Utbildningsförbund;2220001180;Svenska 1;16;6,3;62,5;31,3;10;..;..;..;6;..;..;..;
Alléskolan 5;71922787;Hallsberg;1861;Kommunal;Sydnärkes Utbildningsförbund;2220001180;Svenska 3;15;13,3;73,3;13,3;8;..;..;..;7;..;..;..;
Alléskolan 5;71922787;Hallsberg;1861;Kommunal;Sydnärkes Utbildningsförbund;2220001180;Svenska som andraspråk 1;3;..;..;..;.;.;.;.;3;..;..;..;
Alléskolan 5;71922787;Hallsberg;1861;Kommunal;Sydnärkes Utbildningsförbund;2220001180;Svenska som andraspråk 3;2;..;..;..;.;.;.;.;2;..;..;..;
Alléskolan 7;74148070;Hallsberg;1861;Kommunal;Sydnärkes Utbildningsförbund;2220001180;Engelska 5;18;.;94,4;5,6;12;..;..;..;6;..;..;..;
Alléskolan 7;74148070;Hallsberg;1861;Kommunal;Sydnärkes Utbildningsförbund;2220001180;Engelska 6;19;5,3;94,7;.;7;..;..;..;12;..;..;..;
Alléskolan 7;74148070;Hallsberg;1861;Kommunal;Sydnärkes Utbildningsförbund;2220001180;Matematik 1A;17;5,9;82,4;11,8;9;..;..;..;8;..;..;..;
Alléskolan 7;74148070;Hallsberg;1861;Kommunal;Sydnärkes Utbildningsförbund;2220001180;Matematik 4;13;.;100,0;.;7;..;..;..;6;..;..;..;
Alléskolan 7;74148070;Hallsberg;1861;Kommunal;Sydnärkes Utbildningsförbund;2220001180;Svenska 1;17;.;58,8;41,2;9;..;..;..;8;..;..;..;
Alléskolan 7;74148070;Hallsberg;1861;Kommunal;Sydnärkes Utbildningsförbund;2220001180;Svenska 3;13;.;69,2;30,8;6;..;..;..;7;..;..;..;
Alléskolan 7;74148070;Hallsberg;1861;Kommunal;Sydnärkes Utbildningsförbund;2220001180;Svenska som andraspråk 3;1;..;..;..;1;..;..;..;.;.;.;.;
Ridsportsgymnasiet;50696507;Hallstahammar;1961;Enskild;Ridskolan Strömsholm RS AB;5566940408;Matematik 1A;28;3,6;42,9;53,6;25;..;..;..;3;..;..;..;
Ridsportsgymnasiet;50696507;Hallstahammar;1961;Enskild;Ridskolan Strömsholm RS AB;5566940408;Svenska som andraspråk 1;2;..;..;..;.;.;.;.;2;..;..;..;
Aspero Idrottsgymn. Halmstad;92507006;Halmstad;1380;Enskild;Aspero Friskolor AB;5566363973;Engelska 6;110;.;74,5;25,5;38;.;68,4;31,6;72;.;77,8;22,2;
Aspero Idrottsgymn. Halmstad;92507006;Halmstad;1380;Enskild;Aspero Friskolor AB;5566363973;Matematik 2B;52;.;63,5;36,5;22;.;59,1;40,9;30;.;66,7;33,3;
Aspero Idrottsgymn. Halmstad;92507006;Halmstad;1380;Enskild;Aspero Friskolor AB;5566363973;Matematik 3B;51;2,0;60,8;37,3;12;.;41,7;58,3;39;2,6;66,7;30,8;
Aspero Idrottsgymn. Halmstad;92507006;Halmstad;1380;Enskild;Aspero Friskolor AB;5566363973;Svenska 3;87;1,1;52,9;46,0;38;.;65,8;34,2;49;2,0;42,9;55,1;
Aspero Idrottsgymn. Halmstad;92507006;Halmstad;1380;Enskild;Aspero Friskolor AB;5566363973;Svenska som andraspråk 3;1;..;..;..;1;..;..;..;.;.;.;.;
Drottning Blankas Gymnasieskola Halmstad;44653962;Halmstad;1380;Enskild;DBGY Kronan AB;5565668794;Engelska 5;36;.;66,7;33,3;32;..;..;..;4;..;..;..;
Drottning Blankas Gymnasieskola Halmstad;44653962;Halmstad;1380;Enskild;DBGY Kronan AB;5565668794;Engelska 6;36;22,2;75,0;2,8;30;..;..;..;6;..;..;..;
Drottning Blankas Gymnasieskola Halmstad;44653962;Halmstad;1380;Enskild;DBGY Kronan AB;5565668794;Matematik 1A;33;.;93,9;6,1;29;..;..;..;4;..;..;..;
Drottning Blankas Gymnasieskola Halmstad;44653962;Halmstad;1380;Enskild;DBGY Kronan AB;5565668794;Matematik 2B;23;.;60,9;39,1;20;..;..;..;3;..;..;..;
Drottning Blankas Gymnasieskola Halmstad;44653962;Halmstad;1380;Enskild;DBGY Kronan AB;5565668794;Matematik 3B;9;..;..;..;7;..;..;..;2;..;..;..;
Drottning Blankas Gymnasieskola Halmstad;44653962;Halmstad;1380;Enskild;DBGY Kronan AB;5565668794;Svenska 1;20;.;50,0;50,0;18;..;..;..;2;..;..;..;
Drottning Blankas Gymnasieskola Halmstad;44653962;Halmstad;1380;Enskild;DBGY Kronan AB;5565668794;Svenska 3;20;.;55,0;45,0;14;..;..;..;6;..;..;..;
Drottning Blankas Gymnasieskola Halmstad;44653962;Halmstad;1380;Enskild;DBGY Kronan AB;5565668794;Svenska som andraspråk 1;17;.;47,1;52,9;16;..;..;..;1;..;..;..;
Drottning Blankas Gymnasieskola Halmstad;44653962;Halmstad;1380;Enskild;DBGY Kronan AB;5565668794;Svenska som andraspråk 3;6;..;..;..;5;..;..;..;1;..;..;..;
Kattegattgymnasiet 1;20100577;Halmstad;1380;Kommunal;Halmstads kommun;2120001215;Engelska 6;132;3,0;81,8;15,2;82;2,4;79,3;18,3;50;4,0;86,0;10,0;
Kattegattgymnasiet 1;20100577;Halmstad;1380;Kommunal;Halmstads kommun;2120001215;Matematik 2B;71;.;70,4;29,6;57;.;71,9;28,1;14;.;64,3;35,7;
Kattegattgymnasiet 1;20100577;Halmstad;1380;Kommunal;Halmstads kommun;2120001215;Matematik 3B;54;.;59,3;40,7;16;.;62,5;37,5;38;.;57,9;42,1;
Kattegattgymnasiet 1;20100577;Halmstad;1380;Kommunal;Halmstads kommun;2120001215;Svenska 3;124;4,0;63,7;32,3;57;3,5;54,4;42,1;67;4,5;71,6;23,9;
Kattegattgymnasiet 2;81993306;Halmstad;1380;Kommunal;Halmstads kommun;2120001215;Engelska 6;84;2,4;81,0;16,7;33;.;84,8;15,2;51;3,9;78,4;17,6;
Kattegattgymnasiet 2;81993306;Halmstad;1380;Kommunal;Halmstads kommun;2120001215;Matematik 3C;78;1,3;85,9;12,8;30;.;90,0;10,0;48;2,1;83,3;14,6;
Kattegattgymnasiet 2;81993306;Halmstad;1380;Kommunal;Halmstads kommun;2120001215;Matematik 4;21;.;76,2;23,8;4;..;..;..;17;..;..;..;
Kattegattgymnasiet 2;81993306;Halmstad;1380;Kommunal;Halmstads kommun;2120001215;Svenska 3;68;2,9;72,1;25,0;19;.;63,2;36,8;49;4,1;75,5;20,4;
Kattegattgymnasiet 2;81993306;Halmstad;1380;Kommunal;Halmstads kommun;2120001215;Svenska som andraspråk 3;14;35,7;64,3;.;2;..;..;..;12;..;..;..;
Kattegattgymnasiet 3;19051089;Halmstad;1380;Kommunal;Halmstads kommun;2120001215;Engelska 6;92;.;69,6;30,4;48;.;58,3;41,7;44;.;81,8;18,2;
Kattegattgymnasiet 3;19051089;Halmstad;1380;Kommunal;Halmstads kommun;2120001215;Matematik 3C;23;.;91,3;8,7;17;..;..;..;6;..;..;..;
Kattegattgymnasiet 3;19051089;Halmstad;1380;Kommunal;Halmstads kommun;2120001215;Matematik 4;44;.;93,2;6,8;17;.;100,0;.;27;.;88,9;11,1;
Kattegattgymnasiet 3;19051089;Halmstad;1380;Kommunal;Halmstads kommun;2120001215;Svenska 3;64;.;78,1;21,9;31;.;87,1;12,9;33;.;69,7;30,3;
Kattegattgymnasiet 3;19051089;Halmstad;1380;Kommunal;Halmstads kommun;2120001215;Svenska som andraspråk 3;14;.;57,1;42,9;5;..;..;..;9;..;..;..;
Kattegattgymnasiet 5;61195886;Halmstad;1380;Kommunal;Halmstads kommun;2120001215;Engelska 5;63;9,5;79,4;11,1;7;..;..;..;56;..;..;..;
Kattegattgymnasiet 5;61195886;Halmstad;1380;Kommunal;Halmstads kommun;2120001215;Matematik 1A;66;4,5;81,8;13,6;7;..;..;..;59;..;..;..;
Kattegattgymnasiet 5;61195886;Halmstad;1380;Kommunal;Halmstads kommun;2120001215;Svenska 1;50;.;78,0;22,0;6;..;..;..;44;..;..;..;
Kattegattgymnasiet 5;61195886;Halmstad;1380;Kommunal;Halmstads kommun;2120001215;Svenska som andraspråk 1;5;..;..;..;.;.;.;.;5;..;..;..;
Kattegattgymnasiet 6;19413066;Halmstad;1380;Kommunal;Halmstads kommun;2120001215;Engelska 5;58;6,9;77,6;15,5;3;..;..;..;55;..;..;..;
Kattegattgymnasiet 6;19413066;Halmstad;1380;Kommunal;Halmstads kommun;2120001215;Matematik 1A;58;.;69,0;31,0;2;..;..;..;56;..;..;..;
Kattegattgymnasiet 6;19413066;Halmstad;1380;Kommunal;Halmstads kommun;2120001215;Svenska 1;53;3,8;24,5;71,7;3;..;..;..;50;..;..;..;
LBS Kreativa Gymnasiet Halmstad;47264019;Halmstad;1380;Enskild;Ljud & Bildskolan LBS AB;5564851649;Engelska 6;51;7,8;92,2;.;8;..;..;..;43;..;..;..;
LBS Kreativa Gymnasiet Halmstad;47264019;Halmstad;1380;Enskild;Ljud & Bildskolan LBS AB;5564851649;Matematik 1B;33;.;75,8;24,2;12;.;75,0;25,0;21;.;76,2;23,8;
LBS Kreativa Gymnasiet Halmstad;47264019;Halmstad;1380;Enskild;Ljud & Bildskolan LBS AB;5564851649;Matematik 3C;31;3,2;71,0;25,8;3;..;..;..;28;..;..;..;
LBS Kreativa Gymnasiet Halmstad;47264019;Halmstad;1380;Enskild;Ljud & Bildskolan LBS AB;5564851649;Svenska 3;31;6,5;87,1;6,5;5;..;..;..;26;..;..;..;
LBS Kreativa Gymnasiet Halmstad;47264019;Halmstad;1380;Enskild;Ljud & Bildskolan LBS AB;5564851649;Svenska som andraspråk 3;7;..;..;..;.;.;.;.;7;..;..;..;
Praktiska Gymnasiet Halmstad;87764775;Halmstad;1380;Enskild;Praktiska Sverige AB;5562575786;Engelska 5;42;2,4;85,7;11,9;21;.;90,5;9,5;21;4,8;81,0;14,3;
Praktiska Gymnasiet Halmstad;87764775;Halmstad;1380;Enskild;Praktiska Sverige AB;5562575786;Matematik 1A;48;.;54,2;45,8;21;.;42,9;57,1;27;.;63,0;37,0;
Praktiska Gymnasiet Halmstad;87764775;Halmstad;1380;Enskild;Praktiska Sverige AB;5562575786;Svenska 1;25;24,0;40,0;36,0;13;15,4;38,5;46,2;12;33,3;41,7;25,0;
Praktiska Gymnasiet Halmstad;87764775;Halmstad;1380;Enskild;Praktiska Sverige AB;5562575786;Svenska som andraspråk 1;6;..;..;..;1;..;..;..;5;..;..;..;
Realgymnasiet Halmstad;71401921;Halmstad;1380;Enskild;Lärande i Sverige AB;5565715892;Engelska 5;23;8,7;73,9;17,4;23;..;..;..;.;.;.;.;
Realgymnasiet Halmstad;71401921;Halmstad;1380;Enskild;Lärande i Sverige AB;5565715892;Matematik 1A;25;4,0;80,0;16,0;25;..;..;..;.;.;.;.;
Realgymnasiet Halmstad;71401921;Halmstad;1380;Enskild;Lärande i Sverige AB;5565715892;Svenska 1;27;3,7;74,1;22,2;27;..;..;..;.;.;.;.;
Sannarpsgymnasiet 1;35670336;Halmstad;1380;Kommunal;Halmstads kommun;2120001215;Engelska 5;37;13,5;64,9;21,6;15;13,3;60,0;26,7;22;13,6;68,2;18,2;
Sannarpsgymnasiet 1;35670336;Halmstad;1380;Kommunal;Halmstads kommun;2120001215;Matematik 1A;29;.;75,9;24,1;13;.;69,2;30,8;16;.;81,3;18,8;
Sannarpsgymnasiet 1;35670336;Halmstad;1380;Kommunal;Halmstads kommun;2120001215;Svenska 1;29;10,3;69,0;20,7;16;12,5;62,5;25,0;13;7,7;76,9;15,4;
Sannarpsgymnasiet 1;35670336;Halmstad;1380;Kommunal;Halmstads kommun;2120001215;Svenska som andraspråk 1;9;..;..;..;.;.;.;.;9;..;..;..;
Sannarpsgymnasiet 2;50198492;Halmstad;1380;Kommunal;Halmstads kommun;2120001215;Engelska 6;131;4,6;77,1;18,3;85;2,4;74,1;23,5;46;8,7;82,6;8,7;
Sannarpsgymnasiet 2;50198492;Halmstad;1380;Kommunal;Halmstads kommun;2120001215;Matematik 2B;107;.;72,9;27,1;74;.;77,0;23,0;33;.;63,6;36,4;
Sannarpsgymnasiet 2;50198492;Halmstad;1380;Kommunal;Halmstads kommun;2120001215;Svenska 3;119;9,2;62,2;28,6;67;6,0;65,7;28,4;52;13,5;57,7;28,8;
Sannarpsgymnasiet 2;50198492;Halmstad;1380;Kommunal;Halmstads kommun;2120001215;Svenska som andraspråk 3;8;..;..;..;6;..;..;..;2;..;..;..;
Sannarpsgymnasiet 3;48438396;Halmstad;1380;Kommunal;Halmstads kommun;2120001215;Engelska 5;18;16,7;72,2;11,1;18;..;..;..;.;.;.;.;
Sannarpsgymnasiet 3;48438396;Halmstad;1380;Kommunal;Halmstads kommun;2120001215;Engelska 6;53;5,7;77,4;17,0;26;7,7;73,1;19,2;27;3,7;81,5;14,8;
Sannarpsgymnasiet 3;48438396;Halmstad;1380;Kommunal;Halmstads kommun;2120001215;Matematik 1A;15;.;73,3;26,7;15;..;..;..;.;.;.;.;
Sannarpsgymnasiet 3;48438396;Halmstad;1380;Kommunal;Halmstads kommun;2120001215;Matematik 2B;20;.;75,0;25,0;14;..;..;..;6;..;..;..;
Sannarpsgymnasiet 3;48438396;Halmstad;1380;Kommunal;Halmstads kommun;2120001215;Matematik 3B;31;.;74,2;25,8;10;.;60,0;40,0;21;.;81,0;19,0;
Sannarpsgymnasiet 3;48438396;Halmstad;1380;Kommunal;Halmstads kommun;2120001215;Svenska 1;10;10,0;60,0;30,0;10;..;..;..;.;.;.;.;
Sannarpsgymnasiet 3;48438396;Halmstad;1380;Kommunal;Halmstads kommun;2120001215;Svenska 3;77;3,9;66,2;29,9;41;2,4;65,9;31,7;36;5,6;66,7;27,8;
Sannarpsgymnasiet 3;48438396;Halmstad;1380;Kommunal;Halmstads kommun;2120001215;Svenska som andraspråk 1;7;..;..;..;7;..;..;..;.;.;.;.;
Sannarpsgymnasiet 3;48438396;Halmstad;1380;Kommunal;Halmstads kommun;2120001215;Svenska som andraspråk 3;5;..;..;..;3;..;..;..;2;..;..;..;
Sannarpsgymnasiet 4;98052678;Halmstad;1380;Kommunal;Halmstads kommun;2120001215;Engelska 5;43;.;48,8;51,2;10;.;50,0;50,0;33;.;48,5;51,5;
Sannarpsgymnasiet 4;98052678;Halmstad;1380;Kommunal;Halmstads kommun;2120001215;Matematik 1A;43;.;72,1;27,9;11;.;72,7;27,3;32;.;71,9;28,1;
Sannarpsgymnasiet 4;98052678;Halmstad;1380;Kommunal;Halmstads kommun;2120001215;Svenska 1;43;2,3;60,5;37,2;11;.;45,5;54,5;32;3,1;65,6;31,3;
Sannarpsgymnasiet 4;98052678;Halmstad;1380;Kommunal;Halmstads kommun;2120001215;Svenska som andraspråk 1;1;..;..;..;.;.;.;.;1;..;..;..;
Sannarpsgymnasiet 5;95993832;Halmstad;1380;Kommunal;Halmstads kommun;2120001215;Engelska 6;45;2,2;80,0;17,8;29;.;79,3;20,7;16;6,3;81,3;12,5;
Sannarpsgymnasiet 5;95993832;Halmstad;1380;Kommunal;Halmstads kommun;2120001215;Matematik 3C;14;.;92,9;7,1;14;..;..;..;.;.;.;.;
Sannarpsgymnasiet 5;95993832;Halmstad;1380;Kommunal;Halmstads kommun;2120001215;Matematik 4;19;.;52,6;47,4;11;..;..;..;8;..;..;..;
Sannarpsgymnasiet 5;95993832;Halmstad;1380;Kommunal;Halmstads kommun;2120001215;Svenska 3;39;5,1;56,4;38,5;16;6,3;56,3;37,5;23;4,3;56,5;39,1;
Sannarpsgymnasiet 5;95993832;Halmstad;1380;Kommunal;Halmstads kommun;2120001215;Svenska som andraspråk 3;5;..;..;..;5;..;..;..;.;.;.;.;
Sturegymnasiet 1;20099064;Halmstad;1380;Kommunal;Halmstads kommun;2120001215;Engelska 6;63;3,2;84,1;12,7;45;.;91,1;8,9;18;11,1;66,7;22,2;
Sturegymnasiet 1;20099064;Halmstad;1380;Kommunal;Halmstads kommun;2120001215;Matematik 1B;65;9,2;81,5;9,2;44;6,8;81,8;11,4;21;14,3;81,0;4,8;
Sturegymnasiet 1;20099064;Halmstad;1380;Kommunal;Halmstads kommun;2120001215;Matematik 2B;19;5,3;78,9;15,8;14;..;..;..;5;..;..;..;
Sturegymnasiet 1;20099064;Halmstad;1380;Kommunal;Halmstads kommun;2120001215;Svenska 3;83;6,0;67,5;26,5;68;4,4;70,6;25,0;15;13,3;53,3;33,3;
Sturegymnasiet 1;20099064;Halmstad;1380;Kommunal;Halmstads kommun;2120001215;Svenska som andraspråk 3;7;..;..;..;5;..;..;..;2;..;..;..;
Sturegymnasiet 2;44341171;Halmstad;1380;Kommunal;Halmstads kommun;2120001215;Engelska 6;9;..;..;..;7;..;..;..;2;..;..;..;
Sturegymnasiet 2;44341171;Halmstad;1380;Kommunal;Halmstads kommun;2120001215;Matematik 1A;8;..;..;..;6;..;..;..;2;..;..;..;
Sturegymnasiet 2;44341171;Halmstad;1380;Kommunal;Halmstads kommun;2120001215;Svenska 1;11;9,1;81,8;9,1;11;..;..;..;.;.;.;.;
Sturegymnasiet 4;32671805;Halmstad;1380;Kommunal;Halmstads kommun;2120001215;Engelska 5;21;.;81,0;19,0;15;..;..;..;6;..;..;..;
Sturegymnasiet 4;32671805;Halmstad;1380;Kommunal;Halmstads kommun;2120001215;Svenska 1;24;4,2;45,8;50,0;17;..;..;..;7;..;..;..;
Sturegymnasiet 5;13993712;Halmstad;1380;Kommunal;Halmstads kommun;2120001215;Engelska 5;21;19,0;61,9;19,0;15;..;..;..;6;..;..;..;
Sturegymnasiet 5;13993712;Halmstad;1380;Kommunal;Halmstads kommun;2120001215;Matematik 1A;25;4,0;68,0;28,0;17;..;..;..;8;..;..;..;
Sturegymnasiet 5;13993712;Halmstad;1380;Kommunal;Halmstads kommun;2120001215;Svenska 1;17;11,8;58,8;29,4;11;..;..;..;6;..;..;..;
Sturegymnasiet 5;13993712;Halmstad;1380;Kommunal;Halmstads kommun;2120001215;Svenska som andraspråk 1;3;..;..;..;2;..;..;..;1;..;..;..;
Fredrika Bremergymnasiet;16313848;Haninge;0136;Kommunal;Haninge kommun;2120000084;Engelska 5;230;6,5;78,3;15,2;72;6,9;73,6;19,4;158;6,3;80,4;13,3;
Fredrika Bremergymnasiet;16313848;Haninge;0136;Kommunal;Haninge kommun;2120000084;Engelska 6;272;9,9;74,6;15,4;107;4,7;76,6;18,7;165;13,3;73,3;13,3;
Fredrika Bremergymnasiet;16313848;Haninge;0136;Kommunal;Haninge kommun;2120000084;Matematik 1A;250;.;46,4;53,6;79;.;46,8;53,2;171;.;46,2;53,8;
Fredrika Bremergymnasiet;16313848;Haninge;0136;Kommunal;Haninge kommun;2120000084;Matematik 1B;26;.;80,8;19,2;18;..;..;..;8;..;..;..;
Fredrika Bremergymnasiet;16313848;Haninge;0136;Kommunal;Haninge kommun;2120000084;Matematik 2B;115;.;45,2;54,8;54;.;48,1;51,9;61;.;42,6;57,4;
Fredrika Bremergymnasiet;16313848;Haninge;0136;Kommunal;Haninge kommun;2120000084;Matematik 3B;42;2,4;50,0;47,6;12;8,3;33,3;58,3;30;.;56,7;43,3;
Fredrika Bremergymnasiet;16313848;Haninge;0136;Kommunal;Haninge kommun;2120000084;Matematik 3C;31;.;83,9;16,1;7;..;..;..;24;..;..;..;
Fredrika Bremergymnasiet;16313848;Haninge;0136;Kommunal;Haninge kommun;2120000084;Matematik 4;48;.;97,9;2,1;21;.;100,0;.;27;.;96,3;3,7;
Fredrika Bremergymnasiet;16313848;Haninge;0136;Kommunal;Haninge kommun;2120000084;Svenska 1;196;5,1;56,1;38,8;59;1,7;55,9;42,4;137;6,6;56,2;37,2;
Fredrika Bremergymnasiet;16313848;Haninge;0136;Kommunal;Haninge kommun;2120000084;Svenska 3;202;6,4;50,5;43,1;94;4,3;48,9;46,8;108;8,3;51,9;39,8;
Fredrika Bremergymnasiet;16313848;Haninge;0136;Kommunal;Haninge kommun;2120000084;Svenska som andraspråk 1;18;.;27,8;72,2;5;..;..;..;13;..;..;..;
Fredrika Bremergymnasiet;16313848;Haninge;0136;Kommunal;Haninge kommun;2120000084;Svenska som andraspråk 3;29;13,8;55,2;31,0;19;15,8;57,9;26,3;10;10,0;50,0;40,0;
Tornedalsskolan;11294673;Haparanda;2583;Kommunal;Haparanda kommun;2120002775;Engelska 5;19;21,1;68,4;10,5;11;..;..;..;8;..;..;..;
Tornedalsskolan;11294673;Haparanda;2583;Kommunal;Haparanda kommun;2120002775;Engelska 6;32;.;62,5;37,5;20;.;45,0;55,0;12;.;91,7;8,3;
Tornedalsskolan;11294673;Haparanda;2583;Kommunal;Haparanda kommun;2120002775;Matematik 1A;25;.;52,0;48,0;11;.;63,6;36,4;14;.;42,9;57,1;
Tornedalsskolan;11294673;Haparanda;2583;Kommunal;Haparanda kommun;2120002775;Matematik 2B;16;.;43,8;56,3;9;..;..;..;7;..;..;..;
Tornedalsskolan;11294673;Haparanda;2583;Kommunal;Haparanda kommun;2120002775;Matematik 3B;5;..;..;..;3;..;..;..;2;..;..;..;
Tornedalsskolan;11294673;Haparanda;2583;Kommunal;Haparanda kommun;2120002775;Svenska 1;9;..;..;..;5;..;..;..;4;..;..;..;
Tornedalsskolan;11294673;Haparanda;2583;Kommunal;Haparanda kommun;2120002775;Svenska 3;16;12,5;43,8;43,8;10;..;..;..;6;..;..;..;
Tornedalsskolan;11294673;Haparanda;2583;Kommunal;Haparanda kommun;2120002775;Svenska som andraspråk 1;12;.;75,0;25,0;8;..;..;..;4;..;..;..;
Tornedalsskolan;11294673;Haparanda;2583;Kommunal;Haparanda kommun;2120002775;Svenska som andraspråk 3;3;..;..;..;1;..;..;..;2;..;..;..;
Martin Koch-gymnasiet;86327236;Hedemora;2083;Kommunal;Hedemora kommun;2120002254;Matematik 1A;40;2,5;37,5;60,0;26;3,8;38,5;57,7;14;.;35,7;64,3;
Martin Koch-gymnasiet;86327236;Hedemora;2083;Kommunal;Hedemora kommun;2120002254;Matematik 2B;8;..;..;..;7;..;..;..;1;..;..;..;
Martin Koch-gymnasiet;86327236;Hedemora;2083;Kommunal;Hedemora kommun;2120002254;Matematik 3C;10;10,0;30,0;60,0;.;.;.;.;10;..;..;..;
Martin Koch-gymnasiet;86327236;Hedemora;2083;Kommunal;Hedemora kommun;2120002254;Matematik 4;7;..;..;..;4;..;..;..;3;..;..;..;
Martin Koch-gymnasiet;86327236;Hedemora;2083;Kommunal;Hedemora kommun;2120002254;Svenska 1;38;.;73,7;26,3;23;.;73,9;26,1;15;.;73,3;26,7;
Martin Koch-gymnasiet;86327236;Hedemora;2083;Kommunal;Hedemora kommun;2120002254;Svenska 3;15;.;66,7;33,3;10;..;..;..;5;..;..;..;
Martin Koch-gymnasiet;86327236;Hedemora;2083;Kommunal;Hedemora kommun;2120002254;Svenska som andraspråk 1;1;..;..;..;1;..;..;..;.;.;.;.;
Martin Koch-gymnasiet;86327236;Hedemora;2083;Kommunal;Hedemora kommun;2120002254;Svenska som andraspråk 3;8;..;..;..;4;..;..;..;4;..;..;..;
Campeon Frigymnasium;41745951;Helsingborg;1283;Enskild;Campeon Frigymnasium AB;5566264056;Engelska 6;70;1,4;82,9;15,7;52;1,9;80,8;17,3;18;.;88,9;11,1;
Campeon Frigymnasium;41745951;Helsingborg;1283;Enskild;Campeon Frigymnasium AB;5566264056;Matematik 2B;68;.;86,8;13,2;50;.;88,0;12,0;18;.;83,3;16,7;
Campeon Frigymnasium;41745951;Helsingborg;1283;Enskild;Campeon Frigymnasium AB;5566264056;Svenska 3;68;4,4;75,0;20,6;50;6,0;80,0;14,0;18;.;61,1;38,9;
Cultura Gymnasium;83137205;Helsingborg;1283;Enskild;Cultura Utbildning AB;5567127237;Engelska 6;51;3,9;43,1;52,9;35;5,7;37,1;57,1;16;.;56,3;43,8;
Cultura Gymnasium;83137205;Helsingborg;1283;Enskild;Cultura Utbildning AB;5567127237;Matematik 2B;39;.;89,7;10,3;26;.;92,3;7,7;13;.;84,6;15,4;
Cultura Gymnasium;83137205;Helsingborg;1283;Enskild;Cultura Utbildning AB;5567127237;Matematik 4;34;.;94,1;5,9;17;.;88,2;11,8;17;.;100,0;.;
Cultura Gymnasium;83137205;Helsingborg;1283;Enskild;Cultura Utbildning AB;5567127237;Svenska 3;27;.;81,5;18,5;14;.;78,6;21,4;13;.;84,6;15,4;
Cultura Gymnasium;83137205;Helsingborg;1283;Enskild;Cultura Utbildning AB;5567127237;Svenska som andraspråk 3;29;.;93,1;6,9;16;.;93,8;6,3;13;.;92,3;7,7;
Drottning Blankas Gymnasieskola Helsingborg Prästgatan;66335258;Helsingborg;1283;Enskild;DBGY Kronan AB;5565668794;Engelska 5;41;.;87,8;12,2;39;..;..;..;2;..;..;..;
Drottning Blankas Gymnasieskola Helsingborg Prästgatan;66335258;Helsingborg;1283;Enskild;DBGY Kronan AB;5565668794;Engelska 6;62;.;93,5;6,5;36;.;94,4;5,6;26;.;92,3;7,7;
Drottning Blankas Gymnasieskola Helsingborg Prästgatan;66335258;Helsingborg;1283;Enskild;DBGY Kronan AB;5565668794;Matematik 1A;45;.;66,7;33,3;42;..;..;..;3;..;..;..;
Drottning Blankas Gymnasieskola Helsingborg Prästgatan;66335258;Helsingborg;1283;Enskild;DBGY Kronan AB;5565668794;Matematik 2B;29;.;96,6;3,4;24;..;..;..;5;..;..;..;
Drottning Blankas Gymnasieskola Helsingborg Prästgatan;66335258;Helsingborg;1283;Enskild;DBGY Kronan AB;5565668794;Matematik 3B;24;4,2;75,0;20,8;7;..;..;..;17;..;..;..;
Drottning Blankas Gymnasieskola Helsingborg Prästgatan;66335258;Helsingborg;1283;Enskild;DBGY Kronan AB;5565668794;Svenska 1;37;.;59,5;40,5;36;..;..;..;1;..;..;..;
Drottning Blankas Gymnasieskola Helsingborg Prästgatan;66335258;Helsingborg;1283;Enskild;DBGY Kronan AB;5565668794;Svenska 3;42;.;57,1;42,9;25;.;48,0;52,0;17;.;70,6;29,4;
Drottning Blankas Gymnasieskola Helsingborg Prästgatan;66335258;Helsingborg;1283;Enskild;DBGY Kronan AB;5565668794;Svenska som andraspråk 1;5;..;..;..;5;..;..;..;.;.;.;.;
Drottning Blankas Gymnasieskola Helsingborg Prästgatan;66335258;Helsingborg;1283;Enskild;DBGY Kronan AB;5565668794;Svenska som andraspråk 3;13;.;84,6;15,4;4;..;..;..;9;..;..;..;
Drottning Blankas Gymnasieskola Helsingborg S:a Kyrkogatan;28398531;Helsingborg;1283;Enskild;DBGY Kronan AB;5565668794;Engelska 5;21;19,0;66,7;14,3;13;..;..;..;8;..;..;..;
Drottning Blankas Gymnasieskola Helsingborg S:a Kyrkogatan;28398531;Helsingborg;1283;Enskild;DBGY Kronan AB;5565668794;Engelska 6;50;20,0;70,0;10,0;35;20,0;65,7;14,3;15;20,0;80,0;.;
Drottning Blankas Gymnasieskola Helsingborg S:a Kyrkogatan;28398531;Helsingborg;1283;Enskild;DBGY Kronan AB;5565668794;Matematik 1A;37;.;73,0;27,0;27;.;66,7;33,3;10;.;90,0;10,0;
Drottning Blankas Gymnasieskola Helsingborg S:a Kyrkogatan;28398531;Helsingborg;1283;Enskild;DBGY Kronan AB;5565668794;Matematik 2B;24;.;83,3;16,7;19;..;..;..;5;..;..;..;
Drottning Blankas Gymnasieskola Helsingborg S:a Kyrkogatan;28398531;Helsingborg;1283;Enskild;DBGY Kronan AB;5565668794;Svenska 1;27;3,7;74,1;22,2;23;..;..;..;4;..;..;..;
Drottning Blankas Gymnasieskola Helsingborg S:a Kyrkogatan;28398531;Helsingborg;1283;Enskild;DBGY Kronan AB;5565668794;Svenska 3;13;7,7;38,5;53,8;12;..;..;..;1;..;..;..;
Drottning Blankas Gymnasieskola Helsingborg S:a Kyrkogatan;28398531;Helsingborg;1283;Enskild;DBGY Kronan AB;5565668794;Svenska som andraspråk 1;4;..;..;..;.;.;.;.;4;..;..;..;
Drottning Blankas Gymnasieskola Helsingborg S:a Kyrkogatan;28398531;Helsingborg;1283;Enskild;DBGY Kronan AB;5565668794;Svenska som andraspråk 3;8;..;..;..;4;..;..;..;4;..;..;..;
Filbornaskolan;54172830;Helsingborg;1283;Kommunal;Helsingborgs kommun;2120001157;Engelska 5;26;11,5;80,8;7,7;9;..;..;..;17;..;..;..;
Filbornaskolan;54172830;Helsingborg;1283;Kommunal;Helsingborgs kommun;2120001157;Engelska 6;93;8,6;86,0;5,4;34;8,8;82,4;8,8;59;8,5;88,1;3,4;
Filbornaskolan;54172830;Helsingborg;1283;Kommunal;Helsingborgs kommun;2120001157;Matematik 1A;33;.;42,4;57,6;8;..;..;..;25;..;..;..;
Filbornaskolan;54172830;Helsingborg;1283;Kommunal;Helsingborgs kommun;2120001157;Matematik 2B;28;.;17,9;82,1;14;.;14,3;85,7;14;.;21,4;78,6;
Filbornaskolan;54172830;Helsingborg;1283;Kommunal;Helsingborgs kommun;2120001157;Matematik 3B;58;.;65,5;34,5;21;.;71,4;28,6;37;.;62,2;37,8;
Filbornaskolan;54172830;Helsingborg;1283;Kommunal;Helsingborgs kommun;2120001157;Matematik 4;23;.;82,6;17,4;10;.;90,0;10,0;13;.;76,9;23,1;
Filbornaskolan;54172830;Helsingborg;1283;Kommunal;Helsingborgs kommun;2120001157;Svenska 1;29;.;69,0;31,0;11;.;45,5;54,5;18;.;83,3;16,7;
Filbornaskolan;54172830;Helsingborg;1283;Kommunal;Helsingborgs kommun;2120001157;Svenska 3;102;3,9;68,6;27,5;51;2,0;64,7;33,3;51;5,9;72,5;21,6;
Filbornaskolan;54172830;Helsingborg;1283;Kommunal;Helsingborgs kommun;2120001157;Svenska som andraspråk 3;4;..;..;..;1;..;..;..;3;..;..;..;
G.O. Kompetens Transportgymnasium;86310217;Helsingborg;1283;Enskild;G.O. Kompetens Transportgymnasium AB;5566412549;Engelska 5;37;.;97,3;2,7;15;.;100,0;.;22;.;95,5;4,5;
G.O. Kompetens Transportgymnasium;86310217;Helsingborg;1283;Enskild;G.O. Kompetens Transportgymnasium AB;5566412549;Matematik 1A;37;.;91,9;8,1;15;.;86,7;13,3;22;.;95,5;4,5;
G.O. Kompetens Transportgymnasium;86310217;Helsingborg;1283;Enskild;G.O. Kompetens Transportgymnasium AB;5566412549;Svenska 1;37;.;78,4;21,6;16;.;75,0;25,0;21;.;81,0;19,0;
Helsingborgs Lärlingsgymnasium;77352223;Helsingborg;1283;Kommunal;Helsingborgs kommun;2120001157;Engelska 5;100;24,0;69,0;7,0;44;22,7;61,4;15,9;56;25,0;75,0;.;
Helsingborgs Lärlingsgymnasium;77352223;Helsingborg;1283;Kommunal;Helsingborgs kommun;2120001157;Engelska 6;4;..;..;..;2;..;..;..;2;..;..;..;
Helsingborgs Lärlingsgymnasium;77352223;Helsingborg;1283;Kommunal;Helsingborgs kommun;2120001157;Matematik 1A;105;.;61,9;38,1;47;.;48,9;51,1;58;.;72,4;27,6;
Helsingborgs Lärlingsgymnasium;77352223;Helsingborg;1283;Kommunal;Helsingborgs kommun;2120001157;Svenska 1;79;6,3;36,7;57,0;41;9,8;43,9;46,3;38;2,6;28,9;68,4;
Helsingborgs Lärlingsgymnasium;77352223;Helsingborg;1283;Kommunal;Helsingborgs kommun;2120001157;Svenska som andraspråk 1;27;3,7;37,0;59,3;8;..;..;..;19;..;..;..;
Helsingborgs Sportgymnasium;75458014;Helsingborg;1283;Enskild;Helsingborgs Sportgymnasium AB;5591204101;Engelska 5;12;.;91,7;8,3;2;..;..;..;10;..;..;..;
Helsingborgs Sportgymnasium;75458014;Helsingborg;1283;Enskild;Helsingborgs Sportgymnasium AB;5591204101;Matematik 1A;11;.;63,6;36,4;2;..;..;..;9;..;..;..;
Helsingborgs Sportgymnasium;75458014;Helsingborg;1283;Enskild;Helsingborgs Sportgymnasium AB;5591204101;Matematik 2B;17;.;64,7;35,3;3;..;..;..;14;..;..;..;
Helsingborgs Sportgymnasium;75458014;Helsingborg;1283;Enskild;Helsingborgs Sportgymnasium AB;5591204101;Svenska 1;11;.;90,9;9,1;2;..;..;..;9;..;..;..;
Impius gymnasium;65136104;Helsingborg;1283;Enskild;Impius Utvecklings AB;5565523858;Engelska 6;13;.;69,2;30,8;6;..;..;..;7;..;..;..;
Impius gymnasium;65136104;Helsingborg;1283;Enskild;Impius Utvecklings AB;5565523858;Matematik 2B;8;..;..;..;4;..;..;..;4;..;..;..;
Impius gymnasium;65136104;Helsingborg;1283;Enskild;Impius Utvecklings AB;5565523858;Matematik 4;3;..;..;..;.;.;.;.;3;..;..;..;
Impius gymnasium;65136104;Helsingborg;1283;Enskild;Impius Utvecklings AB;5565523858;Svenska 3;12;.;16,7;83,3;4;..;..;..;8;..;..;..;
JENSEN Gymnasium Helsingborg;56330385;Helsingborg;1283;Enskild;Jensen Education College AB;5566358759;Engelska 6;62;.;62,9;37,1;41;.;53,7;46,3;21;.;81,0;19,0;
JENSEN Gymnasium Helsingborg;56330385;Helsingborg;1283;Enskild;Jensen Education College AB;5566358759;Matematik 2B;49;.;77,6;22,4;30;.;73,3;26,7;19;.;84,2;15,8;
JENSEN Gymnasium Helsingborg;56330385;Helsingborg;1283;Enskild;Jensen Education College AB;5566358759;Matematik 3B;11;.;81,8;18,2;5;..;..;..;6;..;..;..;
JENSEN Gymnasium Helsingborg;56330385;Helsingborg;1283;Enskild;Jensen Education College AB;5566358759;Matematik 4;15;.;86,7;13,3;12;..;..;..;3;..;..;..;
JENSEN Gymnasium Helsingborg;56330385;Helsingborg;1283;Enskild;Jensen Education College AB;5566358759;Svenska 3;47;6,4;70,2;23,4;36;5,6;72,2;22,2;11;9,1;63,6;27,3;
JENSEN Gymnasium Helsingborg;56330385;Helsingborg;1283;Enskild;Jensen Education College AB;5566358759;Svenska som andraspråk 3;30;6,7;73,3;20,0;18;5,6;66,7;27,8;12;8,3;83,3;8,3;
Johannes Hedberggymnasiet;20228162;Helsingborg;1283;Enskild;Folkuniversitetet Stiftelsen Kurs- Verksamheten vid Lunds Universitet;8450003481;Engelska 6;133;0,8;83,5;15,8;79;.;86,1;13,9;54;1,9;79,6;18,5;
Johannes Hedberggymnasiet;20228162;Helsingborg;1283;Enskild;Folkuniversitetet Stiftelsen Kurs- Verksamheten vid Lunds Universitet;8450003481;Matematik 2B;49;2,0;73,5;24,5;37;2,7;73,0;24,3;12;.;75,0;25,0;
Johannes Hedberggymnasiet;20228162;Helsingborg;1283;Enskild;Folkuniversitetet Stiftelsen Kurs- Verksamheten vid Lunds Universitet;8450003481;Matematik 3C;18;.;83,3;16,7;9;..;..;..;9;..;..;..;
Johannes Hedberggymnasiet;20228162;Helsingborg;1283;Enskild;Folkuniversitetet Stiftelsen Kurs- Verksamheten vid Lunds Universitet;8450003481;Svenska 3;132;2,3;63,6;34,1;91;2,2;63,7;34,1;41;2,4;63,4;34,1;
Johannes Hedberggymnasiet;20228162;Helsingborg;1283;Enskild;Folkuniversitetet Stiftelsen Kurs- Verksamheten vid Lunds Universitet;8450003481;Svenska som andraspråk 3;2;..;..;..;2;..;..;..;.;.;.;.;
LBS Kreativa Gymnasiet Helsingborg;68240485;Helsingborg;1283;Enskild;Ljud & Bildskolan LBS AB;5564851649;Engelska 6;72;18,1;62,5;19,4;28;14,3;71,4;14,3;44;20,5;56,8;22,7;
LBS Kreativa Gymnasiet Helsingborg;68240485;Helsingborg;1283;Enskild;Ljud & Bildskolan LBS AB;5564851649;Matematik 1B;54;.;83,3;16,7;27;.;77,8;22,2;27;.;88,9;11,1;
LBS Kreativa Gymnasiet Helsingborg;68240485;Helsingborg;1283;Enskild;Ljud & Bildskolan LBS AB;5564851649;Matematik 3C;23;.;56,5;43,5;2;..;..;..;21;..;..;..;
LBS Kreativa Gymnasiet Helsingborg;68240485;Helsingborg;1283;Enskild;Ljud & Bildskolan LBS AB;5564851649;Svenska 3;69;.;46,4;53,6;24;.;62,5;37,5;45;.;37,8;62,2;
Mega Musik gymnasium;95046058;Helsingborg;1283;Enskild;Mega Musik Gymnasieskola AB;5565956553;Engelska 6;38;26,3;52,6;21,1;21;19,0;52,4;28,6;17;35,3;52,9;11,8;
Mega Musik gymnasium;95046058;Helsingborg;1283;Enskild;Mega Musik Gymnasieskola AB;5565956553;Matematik 1B;40;.;62,5;37,5;18;.;38,9;61,1;22;.;81,8;18,2;
Nicolaiskolan;44392995;Helsingborg;1283;Kommunal;Helsingborgs kommun;2120001157;Engelska 5;28;21,4;67,9;10,7;27;..;..;..;1;..;..;..;
Nicolaiskolan;44392995;Helsingborg;1283;Kommunal;Helsingborgs kommun;2120001157;Engelska 6;114;9,6;68,4;21,9;70;5,7;65,7;28,6;44;15,9;72,7;11,4;
Nicolaiskolan;44392995;Helsingborg;1283;Kommunal;Helsingborgs kommun;2120001157;Matematik 1A;29;.;65,5;34,5;27;..;..;..;2;..;..;..;
Nicolaiskolan;44392995;Helsingborg;1283;Kommunal;Helsingborgs kommun;2120001157;Matematik 1B;49;.;71,4;28,6;39;.;71,8;28,2;10;.;70,0;30,0;
Nicolaiskolan;44392995;Helsingborg;1283;Kommunal;Helsingborgs kommun;2120001157;Matematik 3B;47;.;80,9;19,1;14;.;64,3;35,7;33;.;87,9;12,1;
Nicolaiskolan;44392995;Helsingborg;1283;Kommunal;Helsingborgs kommun;2120001157;Svenska 1;25;8,0;68,0;24,0;24;..;..;..;1;..;..;..;
Nicolaiskolan;44392995;Helsingborg;1283;Kommunal;Helsingborgs kommun;2120001157;Svenska 3;87;1,1;49,4;49,4;51;.;56,9;43,1;36;2,8;38,9;58,3;
Nicolaiskolan;44392995;Helsingborg;1283;Kommunal;Helsingborgs kommun;2120001157;Svenska som andraspråk 1;2;..;..;..;2;..;..;..;.;.;.;.;
Nicolaiskolan;44392995;Helsingborg;1283;Kommunal;Helsingborgs kommun;2120001157;Svenska som andraspråk 3;21;.;52,4;47,6;8;..;..;..;13;..;..;..;
NTI Gymnasiet Helsingborg;79033948;Helsingborg;1283;Enskild;NTI Gymnasiet Ellips AB;5565970471;Engelska 5;46;15,2;60,9;23,9;.;.;.;.;46;..;..;..;
NTI Gymnasiet Helsingborg;79033948;Helsingborg;1283;Enskild;NTI Gymnasiet Ellips AB;5565970471;Engelska 6;50;8,0;58,0;34,0;8;..;..;..;42;..;..;..;
NTI Gymnasiet Helsingborg;79033948;Helsingborg;1283;Enskild;NTI Gymnasiet Ellips AB;5565970471;Matematik 1A;47;.;87,2;12,8;.;.;.;.;47;..;..;..;
NTI Gymnasiet Helsingborg;79033948;Helsingborg;1283;Enskild;NTI Gymnasiet Ellips AB;5565970471;Matematik 1B;20;.;90,0;10,0;8;..;..;..;12;..;..;..;
NTI Gymnasiet Helsingborg;79033948;Helsingborg;1283;Enskild;NTI Gymnasiet Ellips AB;5565970471;Matematik 3C;38;.;89,5;10,5;3;..;..;..;35;..;..;..;
NTI Gymnasiet Helsingborg;79033948;Helsingborg;1283;Enskild;NTI Gymnasiet Ellips AB;5565970471;Svenska 1;22;.;72,7;27,3;.;.;.;.;22;..;..;..;
NTI Gymnasiet Helsingborg;79033948;Helsingborg;1283;Enskild;NTI Gymnasiet Ellips AB;5565970471;Svenska 3;39;5,1;87,2;7,7;4;..;..;..;35;..;..;..;
NTI Gymnasiet Helsingborg;79033948;Helsingborg;1283;Enskild;NTI Gymnasiet Ellips AB;5565970471;Svenska som andraspråk 1;20;.;85,0;15,0;.;.;.;.;20;..;..;..;
NTI Gymnasiet Helsingborg;79033948;Helsingborg;1283;Enskild;NTI Gymnasiet Ellips AB;5565970471;Svenska som andraspråk 3;11;9,1;81,8;9,1;5;..;..;..;6;..;..;..;
NTI Vetenskapsgymnasiet Helsingborg;48610406;Helsingborg;1283;Enskild;NTI Gymnasiet Macro AB;5561203679;Engelska 6;24;.;87,5;12,5;9;..;..;..;15;..;..;..;
NTI Vetenskapsgymnasiet Helsingborg;48610406;Helsingborg;1283;Enskild;NTI Gymnasiet Macro AB;5561203679;Svenska 3;5;..;..;..;.;.;.;.;5;..;..;..;
NTI Vetenskapsgymnasiet Helsingborg;48610406;Helsingborg;1283;Enskild;NTI Gymnasiet Macro AB;5561203679;Svenska som andraspråk 3;11;18,2;36,4;45,5;5;..;..;..;6;..;..;..;
Olympiaskolan;53462953;Helsingborg;1283;Kommunal;Helsingborgs kommun;2120001157;Engelska 5;19;.;78,9;21,1;15;..;..;..;4;..;..;..;
Olympiaskolan;53462953;Helsingborg;1283;Kommunal;Helsingborgs kommun;2120001157;Engelska 6;51;2,0;54,9;43,1;30;.;56,7;43,3;21;4,8;52,4;42,9;
Olympiaskolan;53462953;Helsingborg;1283;Kommunal;Helsingborgs kommun;2120001157;Matematik 1A;16;.;93,8;6,3;12;..;..;..;4;..;..;..;
Olympiaskolan;53462953;Helsingborg;1283;Kommunal;Helsingborgs kommun;2120001157;Matematik 1B;9;..;..;..;6;..;..;..;3;..;..;..;
Olympiaskolan;53462953;Helsingborg;1283;Kommunal;Helsingborgs kommun;2120001157;Matematik 2B;46;.;87,0;13,0;24;.;87,5;12,5;22;.;86,4;13,6;
Olympiaskolan;53462953;Helsingborg;1283;Kommunal;Helsingborgs kommun;2120001157;Svenska 1;13;.;46,2;53,8;12;..;..;..;1;..;..;..;
Olympiaskolan;53462953;Helsingborg;1283;Kommunal;Helsingborgs kommun;2120001157;Svenska 3;47;10,6;57,4;31,9;23;4,3;60,9;34,8;24;16,7;54,2;29,2;
Olympiaskolan;53462953;Helsingborg;1283;Kommunal;Helsingborgs kommun;2120001157;Svenska som andraspråk 1;4;..;..;..;1;..;..;..;3;..;..;..;
Olympiaskolan;53462953;Helsingborg;1283;Kommunal;Helsingborgs kommun;2120001157;Svenska som andraspråk 3;25;4,0;72,0;24,0;10;10,0;70,0;20,0;15;.;73,3;26,7;
Praktiska Gymnasiet Helsingborg;69241230;Helsingborg;1283;Enskild;Praktiska Sverige AB;5562575786;Engelska 5;66;.;93,9;6,1;6;..;..;..;60;..;..;..;
Praktiska Gymnasiet Helsingborg;69241230;Helsingborg;1283;Enskild;Praktiska Sverige AB;5562575786;Matematik 1A;58;.;32,8;67,2;6;..;..;..;52;..;..;..;
Praktiska Gymnasiet Helsingborg;69241230;Helsingborg;1283;Enskild;Praktiska Sverige AB;5562575786;Svenska 1;47;17,0;55,3;27,7;6;..;..;..;41;..;..;..;
Praktiska Gymnasiet Helsingborg;69241230;Helsingborg;1283;Enskild;Praktiska Sverige AB;5562575786;Svenska som andraspråk 1;7;..;..;..;.;.;.;.;7;..;..;..;
ProCivitas Privata Gymnasium Helsingborg;60730660;Helsingborg;1283;Enskild;ProCivitas Privata Gymnasium AB;5566157102;Engelska 6;200;8,0;78,5;13,5;131;9,9;72,5;17,6;69;4,3;89,9;5,8;
ProCivitas Privata Gymnasium Helsingborg;60730660;Helsingborg;1283;Enskild;ProCivitas Privata Gymnasium AB;5566157102;Matematik 2B;33;.;84,8;15,2;28;..;..;..;5;..;..;..;
ProCivitas Privata Gymnasium Helsingborg;60730660;Helsingborg;1283;Enskild;ProCivitas Privata Gymnasium AB;5566157102;Matematik 3B;70;.;81,4;18,6;45;.;80,0;20,0;25;.;84,0;16,0;
ProCivitas Privata Gymnasium Helsingborg;60730660;Helsingborg;1283;Enskild;ProCivitas Privata Gymnasium AB;5566157102;Svenska 3;175;.;85,7;14,3;120;.;82,5;17,5;55;.;92,7;7,3;
ProCivitas Privata Gymnasium Helsingborg;60730660;Helsingborg;1283;Enskild;ProCivitas Privata Gymnasium AB;5566157102;Svenska som andraspråk 3;1;..;..;..;.;.;.;.;1;..;..;..;
Realgymnasiet Helsingborg;85544331;Helsingborg;1283;Enskild;Lärande i Sverige AB;5565715892;Engelska 5;40;15,0;75,0;10,0;28;14,3;78,6;7,1;12;16,7;66,7;16,7;
Realgymnasiet Helsingborg;85544331;Helsingborg;1283;Enskild;Lärande i Sverige AB;5565715892;Matematik 1A;38;.;36,8;63,2;28;.;42,9;57,1;10;.;20,0;80,0;
Realgymnasiet Helsingborg;85544331;Helsingborg;1283;Enskild;Lärande i Sverige AB;5565715892;Svenska 1;34;11,8;35,3;52,9;27;..;..;..;7;..;..;..;
Realgymnasiet Helsingborg;85544331;Helsingborg;1283;Enskild;Lärande i Sverige AB;5565715892;Svenska som andraspråk 1;4;..;..;..;1;..;..;..;3;..;..;..;
Rid- & Djursjukvårdsgymnasiet, Helsingborg;83085136;Helsingborg;1283;Enskild;Humeq Education AB;5565974671;Engelska 5;41;4,9;87,8;7,3;40;..;..;..;1;..;..;..;
Rid- & Djursjukvårdsgymnasiet, Helsingborg;83085136;Helsingborg;1283;Enskild;Humeq Education AB;5565974671;Matematik 1A;41;.;90,2;9,8;40;..;..;..;1;..;..;..;
Rid- & Djursjukvårdsgymnasiet, Helsingborg;83085136;Helsingborg;1283;Enskild;Humeq Education AB;5565974671;Svenska 1;38;.;81,6;18,4;37;..;..;..;1;..;..;..;
Rönnowska skolan;80327946;Helsingborg;1283;Kommunal;Helsingborgs kommun;2120001157;Engelska 5;157;4,5;65,6;29,9;41;2,4;65,9;31,7;116;5,2;65,5;29,3;
Rönnowska skolan;80327946;Helsingborg;1283;Kommunal;Helsingborgs kommun;2120001157;Engelska 6;7;..;..;..;6;..;..;..;1;..;..;..;
Rönnowska skolan;80327946;Helsingborg;1283;Kommunal;Helsingborgs kommun;2120001157;Matematik 1A;163;0,6;60,7;38,7;51;.;56,9;43,1;112;0,9;62,5;36,6;
Rönnowska skolan;80327946;Helsingborg;1283;Kommunal;Helsingborgs kommun;2120001157;Svenska 1;114;3,5;57,9;38,6;37;2,7;40,5;56,8;77;3,9;66,2;29,9;
Rönnowska skolan;80327946;Helsingborg;1283;Kommunal;Helsingborgs kommun;2120001157;Svenska som andraspråk 1;43;.;37,2;62,8;10;.;30,0;70,0;33;.;39,4;60,6;
Thoren Business School Helsingborg;82592568;Helsingborg;1283;Enskild;Thorengruppen AB;5566139290;Engelska 6;163;0,6;84,0;15,3;81;1,2;76,5;22,2;82;.;91,5;8,5;
Thoren Business School Helsingborg;82592568;Helsingborg;1283;Enskild;Thorengruppen AB;5566139290;Matematik 2B;69;.;71,0;29,0;46;.;71,7;28,3;23;.;69,6;30,4;
Thoren Business School Helsingborg;82592568;Helsingborg;1283;Enskild;Thorengruppen AB;5566139290;Matematik 3B;67;.;52,2;47,8;29;.;51,7;48,3;38;.;52,6;47,4;
Thoren Business School Helsingborg;82592568;Helsingborg;1283;Enskild;Thorengruppen AB;5566139290;Svenska 3;152;8,6;78,9;12,5;85;8,2;84,7;7,1;67;9,0;71,6;19,4;
Thoren Business School Helsingborg;82592568;Helsingborg;1283;Enskild;Thorengruppen AB;5566139290;Svenska som andraspråk 3;7;..;..;..;3;..;..;..;4;..;..;..;
Thoren Innovation School Helsingborg;30359269;Helsingborg;1283;Enskild;Thoren Innovation School AB;5568902653;Engelska 6;51;23,5;68,6;7,8;13;23,1;69,2;7,7;38;23,7;68,4;7,9;
Thoren Innovation School Helsingborg;30359269;Helsingborg;1283;Enskild;Thoren Innovation School AB;5568902653;Matematik 2B;19;.;36,8;63,2;5;..;..;..;14;..;..;..;
Thoren Innovation School Helsingborg;30359269;Helsingborg;1283;Enskild;Thoren Innovation School AB;5568902653;Matematik 3C;22;.;22,7;77,3;1;..;..;..;21;..;..;..;
Thoren Innovation School Helsingborg;30359269;Helsingborg;1283;Enskild;Thoren Innovation School AB;5568902653;Matematik 4;7;..;..;..;4;..;..;..;3;..;..;..;
Thoren Innovation School Helsingborg;30359269;Helsingborg;1283;Enskild;Thoren Innovation School AB;5568902653;Svenska 3;51;25,5;37,3;37,3;8;..;..;..;43;..;..;..;
Thoren Innovation School Helsingborg;30359269;Helsingborg;1283;Enskild;Thoren Innovation School AB;5568902653;Svenska som andraspråk 3;11;9,1;54,5;36,4;5;..;..;..;6;..;..;..;
Tycho Braheskolan;78875918;Helsingborg;1283;Kommunal;Helsingborgs kommun;2120001157;Engelska 6;168;11,3;84,5;4,2;63;12,7;81,0;6,3;105;10,5;86,7;2,9;
Tycho Braheskolan;78875918;Helsingborg;1283;Kommunal;Helsingborgs kommun;2120001157;Matematik 3C;64;.;98,4;1,6;23;.;95,7;4,3;41;.;100,0;.;
Tycho Braheskolan;78875918;Helsingborg;1283;Kommunal;Helsingborgs kommun;2120001157;Matematik 4;25;.;84,0;16,0;15;.;80,0;20,0;10;.;90,0;10,0;
Tycho Braheskolan;78875918;Helsingborg;1283;Kommunal;Helsingborgs kommun;2120001157;Svenska 3;124;11,3;61,3;27,4;42;9,5;69,0;21,4;82;12,2;57,3;30,5;
Tycho Braheskolan;78875918;Helsingborg;1283;Kommunal;Helsingborgs kommun;2120001157;Svenska som andraspråk 3;22;18,2;77,3;4,5;7;..;..;..;15;..;..;..;
Victum Gymnasium;78023197;Helsingborg;1283;Enskild;Victum Gymnasium Aktiebolag;5564889482;Engelska 5;1;..;..;..;1;..;..;..;.;.;.;.;
Victum Gymnasium;78023197;Helsingborg;1283;Enskild;Victum Gymnasium Aktiebolag;5564889482;Svenska 1;8;..;..;..;8;..;..;..;.;.;.;.;
Victum Gymnasium;78023197;Helsingborg;1283;Enskild;Victum Gymnasium Aktiebolag;5564889482;Svenska som andraspråk 1;13;7,7;61,5;30,8;11;..;..;..;2;..;..;..;
Kunskapskällan;86385479;Herrljunga;1466;Kommunal;Herrljunga kommun;2120001520;Engelska 5;19;26,3;73,7;.;4;..;..;..;15;..;..;..;
Kunskapskällan;86385479;Herrljunga;1466;Kommunal;Herrljunga kommun;2120001520;Engelska 6;25;4,0;88,0;8,0;8;..;..;..;17;..;..;..;
Kunskapskällan;86385479;Herrljunga;1466;Kommunal;Herrljunga kommun;2120001520;Matematik 1A;24;.;91,7;8,3;5;..;..;..;19;..;..;..;
Kunskapskällan;86385479;Herrljunga;1466;Kommunal;Herrljunga kommun;2120001520;Matematik 1B;1;..;..;..;1;..;..;..;.;.;.;.;
Kunskapskällan;86385479;Herrljunga;1466;Kommunal;Herrljunga kommun;2120001520;Matematik 3B;8;..;..;..;4;..;..;..;4;..;..;..;
Kunskapskällan;86385479;Herrljunga;1466;Kommunal;Herrljunga kommun;2120001520;Matematik 4;5;..;..;..;2;..;..;..;3;..;..;..;
Kunskapskällan;86385479;Herrljunga;1466;Kommunal;Herrljunga kommun;2120001520;Svenska 3;25;.;72,0;28,0;16;..;..;..;9;..;..;..;
Kunskapskällan;86385479;Herrljunga;1466;Kommunal;Herrljunga kommun;2120001520;Svenska som andraspråk 3;2;..;..;..;2;..;..;..;.;.;.;.;
Huddingegymnasiet;49862313;Huddinge;0126;Kommunal;Huddinge kommun;2120000068;Engelska 6;115;9,6;55,7;34,8;55;5,5;52,7;41,8;60;13,3;58,3;28,3;
Huddingegymnasiet;49862313;Huddinge;0126;Kommunal;Huddinge kommun;2120000068;Matematik 2B;70;.;72,9;27,1;38;.;63,2;36,8;32;.;84,4;15,6;
Huddingegymnasiet;49862313;Huddinge;0126;Kommunal;Huddinge kommun;2120000068;Matematik 3B;26;.;19,2;80,8;11;.;45,5;54,5;15;.;.;100,0;
Huddingegymnasiet;49862313;Huddinge;0126;Kommunal;Huddinge kommun;2120000068;Matematik 3C;13;.;92,3;7,7;2;..;..;..;11;..;..;..;
Huddingegymnasiet;49862313;Huddinge;0126;Kommunal;Huddinge kommun;2120000068;Svenska 3;71;4,2;62,0;33,8;35;5,7;54,3;40,0;36;2,8;69,4;27,8;
Huddingegymnasiet;49862313;Huddinge;0126;Kommunal;Huddinge kommun;2120000068;Svenska som andraspråk 3;60;23,3;60,0;16,7;28;17,9;60,7;21,4;32;28,1;59,4;12,5;
NTI Gymnasiet Södertörn;99838438;Huddinge;0126;Enskild;NTI Gymnasiet Ellips AB;5565970471;Engelska 5;21;23,8;71,4;4,8;.;.;.;.;21;..;..;..;
NTI Gymnasiet Södertörn;99838438;Huddinge;0126;Enskild;NTI Gymnasiet Ellips AB;5565970471;Engelska 6;32;28,1;62,5;9,4;7;..;..;..;25;..;..;..;
NTI Gymnasiet Södertörn;99838438;Huddinge;0126;Enskild;NTI Gymnasiet Ellips AB;5565970471;Matematik 1A;25;.;60,0;40,0;.;.;.;.;25;..;..;..;
NTI Gymnasiet Södertörn;99838438;Huddinge;0126;Enskild;NTI Gymnasiet Ellips AB;5565970471;Matematik 1B;15;.;100,0;.;7;..;..;..;8;..;..;..;
NTI Gymnasiet Södertörn;99838438;Huddinge;0126;Enskild;NTI Gymnasiet Ellips AB;5565970471;Matematik 3C;25;.;84,0;16,0;2;..;..;..;23;..;..;..;
NTI Gymnasiet Södertörn;99838438;Huddinge;0126;Enskild;NTI Gymnasiet Ellips AB;5565970471;Svenska 1;18;5,6;38,9;55,6;.;.;.;.;18;..;..;..;
NTI Gymnasiet Södertörn;99838438;Huddinge;0126;Enskild;NTI Gymnasiet Ellips AB;5565970471;Svenska 3;33;3,0;60,6;36,4;4;..;..;..;29;..;..;..;
NTI Gymnasiet Södertörn;99838438;Huddinge;0126;Enskild;NTI Gymnasiet Ellips AB;5565970471;Svenska som andraspråk 1;3;..;..;..;.;.;.;.;3;..;..;..;
NTI Gymnasiet Södertörn;99838438;Huddinge;0126;Enskild;NTI Gymnasiet Ellips AB;5565970471;Svenska som andraspråk 3;3;..;..;..;.;.;.;.;3;..;..;..;
Sjödalsgymnasiet;42859669;Huddinge;0126;Kommunal;Huddinge kommun;2120000068;Engelska 5;48;8,3;91,7;.;9;..;..;..;39;..;..;..;
Sjödalsgymnasiet;42859669;Huddinge;0126;Kommunal;Huddinge kommun;2120000068;Engelska 6;105;10,5;87,6;1,9;55;7,3;92,7;.;50;14,0;82,0;4,0;
Sjödalsgymnasiet;42859669;Huddinge;0126;Kommunal;Huddinge kommun;2120000068;Matematik 1A;21;.;100,0;.;.;.;.;.;21;..;..;..;
Sjödalsgymnasiet;42859669;Huddinge;0126;Kommunal;Huddinge kommun;2120000068;Matematik 2B;33;.;93,9;6,1;13;.;100,0;.;20;.;90,0;10,0;
Sjödalsgymnasiet;42859669;Huddinge;0126;Kommunal;Huddinge kommun;2120000068;Matematik 3B;17;.;100,0;.;4;..;..;..;13;..;..;..;
Sjödalsgymnasiet;42859669;Huddinge;0126;Kommunal;Huddinge kommun;2120000068;Svenska 1;33;.;90,9;9,1;6;..;..;..;27;..;..;..;
Sjödalsgymnasiet;42859669;Huddinge;0126;Kommunal;Huddinge kommun;2120000068;Svenska 3;68;5,9;64,7;29,4;36;.;75,0;25,0;32;12,5;53,1;34,4;
Sjödalsgymnasiet;42859669;Huddinge;0126;Kommunal;Huddinge kommun;2120000068;Svenska som andraspråk 1;2;..;..;..;.;.;.;.;2;..;..;..;
Sjödalsgymnasiet;42859669;Huddinge;0126;Kommunal;Huddinge kommun;2120000068;Svenska som andraspråk 3;17;.;88,2;11,8;5;..;..;..;12;..;..;..;
Sågbäcksgymnasiet;70923626;Huddinge;0126;Kommunal;Huddinge kommun;2120000068;Engelska 5;40;5,0;60,0;35,0;12;.;83,3;16,7;28;7,1;50,0;42,9;
Sågbäcksgymnasiet;70923626;Huddinge;0126;Kommunal;Huddinge kommun;2120000068;Matematik 1A;34;.;52,9;47,1;5;..;..;..;29;..;..;..;
Sågbäcksgymnasiet;70923626;Huddinge;0126;Kommunal;Huddinge kommun;2120000068;Svenska 1;29;6,9;65,5;27,6;8;..;..;..;21;..;..;..;
Sågbäcksgymnasiet;70923626;Huddinge;0126;Kommunal;Huddinge kommun;2120000068;Svenska 3;7;..;..;..;7;..;..;..;.;.;.;.;
Widerströmska gymnasiet;55871389;Huddinge;0126;Kommunal;Huddinge kommun;2120000068;Engelska 5;27;.;29,6;70,4;25;..;..;..;2;..;..;..;
Widerströmska gymnasiet;55871389;Huddinge;0126;Kommunal;Huddinge kommun;2120000068;Engelska 6;108;15,7;74,1;10,2;39;23,1;69,2;7,7;69;11,6;76,8;11,6;
Widerströmska gymnasiet;55871389;Huddinge;0126;Kommunal;Huddinge kommun;2120000068;Matematik 3B;25;.;60,0;40,0;12;.;58,3;41,7;13;.;61,5;38,5;
Widerströmska gymnasiet;55871389;Huddinge;0126;Kommunal;Huddinge kommun;2120000068;Matematik 4;80;.;100,0;.;28;.;100,0;.;52;.;100,0;.;
Widerströmska gymnasiet;55871389;Huddinge;0126;Kommunal;Huddinge kommun;2120000068;Svenska 1;13;.;38,5;61,5;12;..;..;..;1;..;..;..;
Widerströmska gymnasiet;55871389;Huddinge;0126;Kommunal;Huddinge kommun;2120000068;Svenska 3;81;3,7;64,2;32,1;32;3,1;68,8;28,1;49;4,1;61,2;34,7;
Widerströmska gymnasiet;55871389;Huddinge;0126;Kommunal;Huddinge kommun;2120000068;Svenska som andraspråk 1;11;.;27,3;72,7;10;..;..;..;1;..;..;..;
Widerströmska gymnasiet;55871389;Huddinge;0126;Kommunal;Huddinge kommun;2120000068;Svenska som andraspråk 3;26;.;57,7;42,3;11;.;36,4;63,6;15;.;73,3;26,7;
Yrkesgymnasiet Huddinge;92905347;Huddinge;0126;Enskild;Thorengruppen AB;5566139290;Engelska 5;55;23,6;74,5;1,8;20;5,0;90,0;5,0;35;34,3;65,7;.;
Yrkesgymnasiet Huddinge;92905347;Huddinge;0126;Enskild;Thorengruppen AB;5566139290;Matematik 1A;71;21,1;39,4;39,4;29;17,2;48,3;34,5;42;23,8;33,3;42,9;
Yrkesgymnasiet Huddinge;92905347;Huddinge;0126;Enskild;Thorengruppen AB;5566139290;Svenska 1;40;2,5;45,0;52,5;16;.;31,3;68,8;24;4,2;54,2;41,7;
Yrkesgymnasiet Huddinge;92905347;Huddinge;0126;Enskild;Thorengruppen AB;5566139290;Svenska som andraspråk 1;10;.;30,0;70,0;5;..;..;..;5;..;..;..;
Bromangymnasiet 1;34247736;Hudiksvall;2184;Kommunal;Hudiksvalls kommun;2120002379;Engelska 5;1;..;..;..;1;..;..;..;.;.;.;.;
Bromangymnasiet 1;34247736;Hudiksvall;2184;Kommunal;Hudiksvalls kommun;2120002379;Engelska 6;17;5,9;82,4;11,8;11;..;..;..;6;..;..;..;
Bromangymnasiet 1;34247736;Hudiksvall;2184;Kommunal;Hudiksvalls kommun;2120002379;Matematik 1A;3;..;..;..;2;..;..;..;1;..;..;..;
Bromangymnasiet 1;34247736;Hudiksvall;2184;Kommunal;Hudiksvalls kommun;2120002379;Matematik 1B;1;..;..;..;.;.;.;.;1;..;..;..;
Bromangymnasiet 1;34247736;Hudiksvall;2184;Kommunal;Hudiksvalls kommun;2120002379;Matematik 3C;5;..;..;..;4;..;..;..;1;..;..;..;
Bromangymnasiet 1;34247736;Hudiksvall;2184;Kommunal;Hudiksvalls kommun;2120002379;Matematik 4;31;.;100,0;.;16;.;100,0;.;15;.;100,0;.;
Bromangymnasiet 1;34247736;Hudiksvall;2184;Kommunal;Hudiksvalls kommun;2120002379;Svenska 3;28;14,3;50,0;35,7;16;6,3;56,3;37,5;12;25,0;41,7;33,3;
Bromangymnasiet 1;34247736;Hudiksvall;2184;Kommunal;Hudiksvalls kommun;2120002379;Svenska som andraspråk 1;3;..;..;..;2;..;..;..;1;..;..;..;
Hudikgymnasiet;76877530;Hudiksvall;2184;Enskild;Hudiksvalls Gymnasieskola AB;5590053723;Engelska 5;2;..;..;..;1;..;..;..;1;..;..;..;
Hudikgymnasiet;76877530;Hudiksvall;2184;Enskild;Hudiksvalls Gymnasieskola AB;5590053723;Engelska 6;35;20,0;65,7;14,3;26;..;..;..;9;..;..;..;
Hudikgymnasiet;76877530;Hudiksvall;2184;Enskild;Hudiksvalls Gymnasieskola AB;5590053723;Matematik 1A;5;..;..;..;3;..;..;..;2;..;..;..;
Hudikgymnasiet;76877530;Hudiksvall;2184;Enskild;Hudiksvalls Gymnasieskola AB;5590053723;Matematik 1B;14;.;7,1;92,9;7;..;..;..;7;..;..;..;
Hudikgymnasiet;76877530;Hudiksvall;2184;Enskild;Hudiksvalls Gymnasieskola AB;5590053723;Matematik 2B;14;.;.;100,0;11;..;..;..;3;..;..;..;
Hudikgymnasiet;76877530;Hudiksvall;2184;Enskild;Hudiksvalls Gymnasieskola AB;5590053723;Matematik 3B;5;..;..;..;3;..;..;..;2;..;..;..;
Hudikgymnasiet;76877530;Hudiksvall;2184;Enskild;Hudiksvalls Gymnasieskola AB;5590053723;Svenska 1;2;..;..;..;2;..;..;..;.;.;.;.;
Hudikgymnasiet;76877530;Hudiksvall;2184;Enskild;Hudiksvalls Gymnasieskola AB;5590053723;Svenska 3;22;.;13,6;86,4;13;..;..;..;9;..;..;..;
Hudikgymnasiet;76877530;Hudiksvall;2184;Enskild;Hudiksvalls Gymnasieskola AB;5590053723;Svenska som andraspråk 1;1;..;..;..;1;..;..;..;.;.;.;.;
Hudikgymnasiet;76877530;Hudiksvall;2184;Enskild;Hudiksvalls Gymnasieskola AB;5590053723;Svenska som andraspråk 3;1;..;..;..;.;.;.;.;1;..;..;..;
Hultsfreds gymnasium 1;47046103;Hultsfred;0860;Kommunal;Hultsfreds kommun;2120000712;Engelska 5;17;.;47,1;52,9;16;..;..;..;1;..;..;..;
Hultsfreds gymnasium 1;47046103;Hultsfred;0860;Kommunal;Hultsfreds kommun;2120000712;Engelska 6;12;.;66,7;33,3;9;..;..;..;3;..;..;..;
Hultsfreds gymnasium 1;47046103;Hultsfred;0860;Kommunal;Hultsfreds kommun;2120000712;Matematik 1A;15;6,7;46,7;46,7;14;..;..;..;1;..;..;..;
Hultsfreds gymnasium 1;47046103;Hultsfred;0860;Kommunal;Hultsfreds kommun;2120000712;Matematik 2B;8;..;..;..;5;..;..;..;3;..;..;..;
Hultsfreds gymnasium 1;47046103;Hultsfred;0860;Kommunal;Hultsfreds kommun;2120000712;Svenska 1;11;9,1;18,2;72,7;11;..;..;..;.;.;.;.;
Hultsfreds gymnasium 1;47046103;Hultsfred;0860;Kommunal;Hultsfreds kommun;2120000712;Svenska 3;10;.;10,0;90,0;4;..;..;..;6;..;..;..;
Hultsfreds gymnasium 1;47046103;Hultsfred;0860;Kommunal;Hultsfreds kommun;2120000712;Svenska som andraspråk 1;5;..;..;..;4;..;..;..;1;..;..;..;
Hultsfreds gymnasium 1;47046103;Hultsfred;0860;Kommunal;Hultsfreds kommun;2120000712;Svenska som andraspråk 3;1;..;..;..;1;..;..;..;.;.;.;.;
Hultsfreds gymnasium 2;56664512;Hultsfred;0860;Kommunal;Hultsfreds kommun;2120000712;Engelska 5;27;22,2;66,7;11,1;7;..;..;..;20;..;..;..;
Hultsfreds gymnasium 2;56664512;Hultsfred;0860;Kommunal;Hultsfreds kommun;2120000712;Engelska 6;21;9,5;38,1;52,4;13;..;..;..;8;..;..;..;
Hultsfreds gymnasium 2;56664512;Hultsfred;0860;Kommunal;Hultsfreds kommun;2120000712;Matematik 1A;28;7,1;71,4;21,4;9;..;..;..;19;..;..;..;
Hultsfreds gymnasium 2;56664512;Hultsfred;0860;Kommunal;Hultsfreds kommun;2120000712;Matematik 2B;13;.;15,4;84,6;13;..;..;..;.;.;.;.;
Hultsfreds gymnasium 2;56664512;Hultsfred;0860;Kommunal;Hultsfreds kommun;2120000712;Matematik 3B;10;.;40,0;60,0;3;..;..;..;7;..;..;..;
Hultsfreds gymnasium 2;56664512;Hultsfred;0860;Kommunal;Hultsfreds kommun;2120000712;Svenska 1;27;3,7;55,6;40,7;8;..;..;..;19;..;..;..;
Hultsfreds gymnasium 2;56664512;Hultsfred;0860;Kommunal;Hultsfreds kommun;2120000712;Svenska 3;14;.;.;100,0;7;..;..;..;7;..;..;..;
Hultsfreds gymnasium 2;56664512;Hultsfred;0860;Kommunal;Hultsfreds kommun;2120000712;Svenska som andraspråk 1;2;..;..;..;.;.;.;.;2;..;..;..;
Hultsfreds gymnasium 2;56664512;Hultsfred;0860;Kommunal;Hultsfreds kommun;2120000712;Svenska som andraspråk 3;3;..;..;..;1;..;..;..;2;..;..;..;
Hultsfreds gymnasium 3;38167912;Hultsfred;0860;Kommunal;Hultsfreds kommun;2120000712;Engelska 6;10;.;90,0;10,0;4;..;..;..;6;..;..;..;
Hultsfreds gymnasium 3;38167912;Hultsfred;0860;Kommunal;Hultsfreds kommun;2120000712;Matematik 1A;5;..;..;..;.;.;.;.;5;..;..;..;
Hultsfreds gymnasium 3;38167912;Hultsfred;0860;Kommunal;Hultsfreds kommun;2120000712;Matematik 4;5;..;..;..;2;..;..;..;3;..;..;..;
Hultsfreds gymnasium 3;38167912;Hultsfred;0860;Kommunal;Hultsfreds kommun;2120000712;Svenska 1;4;..;..;..;.;.;.;.;4;..;..;..;
Hultsfreds gymnasium 3;38167912;Hultsfred;0860;Kommunal;Hultsfreds kommun;2120000712;Svenska 3;11;.;54,5;45,5;.;.;.;.;11;..;..;..;
Hultsfreds gymnasium 3;38167912;Hultsfred;0860;Kommunal;Hultsfreds kommun;2120000712;Svenska som andraspråk 1;2;..;..;..;.;.;.;.;2;..;..;..;
Hultsfreds gymnasium 3;38167912;Hultsfred;0860;Kommunal;Hultsfreds kommun;2120000712;Svenska som andraspråk 3;5;..;..;..;4;..;..;..;1;..;..;..;
Hylte gymnasieskola;83501757;Hylte;1315;Kommunal;Hylte kommun;2120001207;Svenska som andraspråk 3;1;..;..;..;.;.;.;.;1;..;..;..;
OneSchool Global Nyby Campus Gymnasium;43826783;Hylte;1315;Enskild;OneSchool Global Nyby Campus AB;5566657515;Engelska 6;9;..;..;..;5;..;..;..;4;..;..;..;
OneSchool Global Nyby Campus Gymnasium;43826783;Hylte;1315;Enskild;OneSchool Global Nyby Campus AB;5566657515;Matematik 3B;10;.;20,0;80,0;3;..;..;..;7;..;..;..;
OneSchool Global Nyby Campus Gymnasium;43826783;Hylte;1315;Enskild;OneSchool Global Nyby Campus AB;5566657515;Svenska 3;10;10,0;70,0;20,0;3;..;..;..;7;..;..;..;
Fridegårdsgymnasiet;58125096;Håbo;0305;Kommunal;Håbo kommun;2120000241;Engelska 5;17;.;70,6;29,4;13;..;..;..;4;..;..;..;
Fridegårdsgymnasiet;58125096;Håbo;0305;Kommunal;Håbo kommun;2120000241;Engelska 6;107;25,2;68,2;6,5;46;17,4;76,1;6,5;61;31,1;62,3;6,6;
Fridegårdsgymnasiet;58125096;Håbo;0305;Kommunal;Håbo kommun;2120000241;Matematik 1A;35;.;62,9;37,1;26;..;..;..;9;..;..;..;
Fridegårdsgymnasiet;58125096;Håbo;0305;Kommunal;Håbo kommun;2120000241;Matematik 2B;37;.;64,9;35,1;27;.;55,6;44,4;10;.;90,0;10,0;
Fridegårdsgymnasiet;58125096;Håbo;0305;Kommunal;Håbo kommun;2120000241;Matematik 3B;24;.;50,0;50,0;12;.;50,0;50,0;12;.;50,0;50,0;
Fridegårdsgymnasiet;58125096;Håbo;0305;Kommunal;Håbo kommun;2120000241;Matematik 4;30;.;80,0;20,0;18;.;100,0;.;12;.;50,0;50,0;
Fridegårdsgymnasiet;58125096;Håbo;0305;Kommunal;Håbo kommun;2120000241;Svenska 1;16;6,3;37,5;56,3;13;..;..;..;3;..;..;..;
Fridegårdsgymnasiet;58125096;Håbo;0305;Kommunal;Håbo kommun;2120000241;Svenska 3;87;9,2;50,6;40,2;52;9,6;50,0;40,4;35;8,6;51,4;40,0;
Fridegårdsgymnasiet;58125096;Håbo;0305;Kommunal;Håbo kommun;2120000241;Svenska som andraspråk 1;1;..;..;..;.;.;.;.;1;..;..;..;
Fridegårdsgymnasiet;58125096;Håbo;0305;Kommunal;Håbo kommun;2120000241;Svenska som andraspråk 3;10;.;70,0;30,0;5;..;..;..;5;..;..;..;
Fridegårdsgymnasiet- AST-programmen;82914148;Håbo;0305;Kommunal;Håbo kommun;2120000241;Engelska 6;12;16,7;75,0;8,3;6;..;..;..;6;..;..;..;
Fridegårdsgymnasiet- AST-programmen;82914148;Håbo;0305;Kommunal;Håbo kommun;2120000241;Matematik 2B;8;..;..;..;2;..;..;..;6;..;..;..;
Fridegårdsgymnasiet- AST-programmen;82914148;Håbo;0305;Kommunal;Håbo kommun;2120000241;Matematik 3C;4;..;..;..;1;..;..;..;3;..;..;..;
Fridegårdsgymnasiet- AST-programmen;82914148;Håbo;0305;Kommunal;Håbo kommun;2120000241;Svenska 3;11;9,1;81,8;9,1;4;..;..;..;7;..;..;..;
Pihlskolan gymnasium;20620556;Hällefors;1863;Kommunal;Hällefors kommun;2120001942;Engelska 5;11;18,2;72,7;9,1;1;..;..;..;10;..;..;..;
Pihlskolan gymnasium;20620556;Hällefors;1863;Kommunal;Hällefors kommun;2120001942;Engelska 6;10;.;40,0;60,0;3;..;..;..;7;..;..;..;
Pihlskolan gymnasium;20620556;Hällefors;1863;Kommunal;Hällefors kommun;2120001942;Matematik 1A;9;..;..;..;.;.;.;.;9;..;..;..;
Pihlskolan gymnasium;20620556;Hällefors;1863;Kommunal;Hällefors kommun;2120001942;Matematik 2B;12;.;33,3;66,7;5;..;..;..;7;..;..;..;
Pihlskolan gymnasium;20620556;Hällefors;1863;Kommunal;Hällefors kommun;2120001942;Matematik 4;2;..;..;..;.;.;.;.;2;..;..;..;
Pihlskolan gymnasium;20620556;Hällefors;1863;Kommunal;Hällefors kommun;2120001942;Svenska 1;9;..;..;..;1;..;..;..;8;..;..;..;
Pihlskolan gymnasium;20620556;Hällefors;1863;Kommunal;Hällefors kommun;2120001942;Svenska 3;8;..;..;..;2;..;..;..;6;..;..;..;
Pihlskolan gymnasium;20620556;Hällefors;1863;Kommunal;Hällefors kommun;2120001942;Svenska som andraspråk 1;2;..;..;..;.;.;.;.;2;..;..;..;
Pihlskolan gymnasium;20620556;Hällefors;1863;Kommunal;Hällefors kommun;2120001942;Svenska som andraspråk 3;3;..;..;..;1;..;..;..;2;..;..;..;
Härjedalens gymnasium;17173461;Härjedalen;2361;Kommunal;Härjedalens kommun;2120002510;Engelska 5;21;.;95,2;4,8;5;..;..;..;16;..;..;..;
Härjedalens gymnasium;17173461;Härjedalen;2361;Kommunal;Härjedalens kommun;2120002510;Engelska 6;32;.;75,0;25,0;22;.;72,7;27,3;10;.;80,0;20,0;
Härjedalens gymnasium;17173461;Härjedalen;2361;Kommunal;Härjedalens kommun;2120002510;Matematik 1A;22;.;86,4;13,6;5;..;..;..;17;..;..;..;
Härjedalens gymnasium;17173461;Härjedalen;2361;Kommunal;Härjedalens kommun;2120002510;Matematik 2B;9;..;..;..;7;..;..;..;2;..;..;..;
Härjedalens gymnasium;17173461;Härjedalen;2361;Kommunal;Härjedalens kommun;2120002510;Matematik 3B;6;..;..;..;6;..;..;..;.;.;.;.;
Härjedalens gymnasium;17173461;Härjedalen;2361;Kommunal;Härjedalens kommun;2120002510;Matematik 4;12;.;83,3;16,7;8;..;..;..;4;..;..;..;
Härjedalens gymnasium;17173461;Härjedalen;2361;Kommunal;Härjedalens kommun;2120002510;Svenska 1;20;5,0;40,0;55,0;5;..;..;..;15;..;..;..;
Härjedalens gymnasium;17173461;Härjedalen;2361;Kommunal;Härjedalens kommun;2120002510;Svenska 3;2;..;..;..;2;..;..;..;.;.;.;.;
Härnösands gymnasium 1;55535552;Härnösand;2280;Kommunal;Härnösands kommun;2120002403;Engelska 5;2;..;..;..;2;..;..;..;.;.;.;.;
Härnösands gymnasium 1;55535552;Härnösand;2280;Kommunal;Härnösands kommun;2120002403;Matematik 1A;1;..;..;..;.;.;.;.;1;..;..;..;
Härnösands gymnasium 1;55535552;Härnösand;2280;Kommunal;Härnösands kommun;2120002403;Svenska 1;2;..;..;..;2;..;..;..;.;.;.;.;
Härnösands gymnasium 1;55535552;Härnösand;2280;Kommunal;Härnösands kommun;2120002403;Svenska som andraspråk 1;2;..;..;..;.;.;.;.;2;..;..;..;
Härnösands gymnasium 2;19560192;Härnösand;2280;Kommunal;Härnösands kommun;2120002403;Engelska 5;39;7,7;76,9;15,4;17;.;76,5;23,5;22;13,6;77,3;9,1;
Härnösands gymnasium 2;19560192;Härnösand;2280;Kommunal;Härnösands kommun;2120002403;Engelska 6;24;12,5;83,3;4,2;2;..;..;..;22;..;..;..;
Härnösands gymnasium 2;19560192;Härnösand;2280;Kommunal;Härnösands kommun;2120002403;Matematik 1A;56;.;73,2;26,8;21;.;71,4;28,6;35;.;74,3;25,7;
Härnösands gymnasium 2;19560192;Härnösand;2280;Kommunal;Härnösands kommun;2120002403;Svenska 1;47;4,3;57,4;38,3;19;.;42,1;57,9;28;7,1;67,9;25,0;
Härnösands gymnasium 2;19560192;Härnösand;2280;Kommunal;Härnösands kommun;2120002403;Svenska som andraspråk 1;14;.;78,6;21,4;4;..;..;..;10;..;..;..;
Härnösands gymnasium 3;30468157;Härnösand;2280;Kommunal;Härnösands kommun;2120002403;Engelska 6;131;4,6;90,1;5,3;68;4,4;89,7;5,9;63;4,8;90,5;4,8;
Härnösands gymnasium 3;30468157;Härnösand;2280;Kommunal;Härnösands kommun;2120002403;Matematik 2B;12;.;100,0;.;4;..;..;..;8;..;..;..;
Härnösands gymnasium 3;30468157;Härnösand;2280;Kommunal;Härnösands kommun;2120002403;Matematik 3B;3;..;..;..;.;.;.;.;3;..;..;..;
Härnösands gymnasium 3;30468157;Härnösand;2280;Kommunal;Härnösands kommun;2120002403;Matematik 3C;6;..;..;..;3;..;..;..;3;..;..;..;
Härnösands gymnasium 3;30468157;Härnösand;2280;Kommunal;Härnösands kommun;2120002403;Svenska 3;113;0,9;91,2;8,0;63;.;93,7;6,3;50;2,0;88,0;10,0;
Härnösands gymnasium 3;30468157;Härnösand;2280;Kommunal;Härnösands kommun;2120002403;Svenska som andraspråk 3;10;.;70,0;30,0;6;..;..;..;4;..;..;..;
Fridagymnasiet i Mölnlycke;67286143;Härryda;1401;Enskild;Fridaskolorna AB;5564515988;Engelska 6;78;17,9;73,1;9,0;25;12,0;72,0;16,0;53;20,8;73,6;5,7;
Fridagymnasiet i Mölnlycke;67286143;Härryda;1401;Enskild;Fridaskolorna AB;5564515988;Matematik 2B;37;.;70,3;29,7;19;.;78,9;21,1;18;.;61,1;38,9;
Fridagymnasiet i Mölnlycke;67286143;Härryda;1401;Enskild;Fridaskolorna AB;5564515988;Matematik 3B;14;.;85,7;14,3;1;..;..;..;13;..;..;..;
Fridagymnasiet i Mölnlycke;67286143;Härryda;1401;Enskild;Fridaskolorna AB;5564515988;Matematik 3C;5;..;..;..;.;.;.;.;5;..;..;..;
Fridagymnasiet i Mölnlycke;67286143;Härryda;1401;Enskild;Fridaskolorna AB;5564515988;Svenska 3;53;7,5;64,2;28,3;11;.;54,5;45,5;42;9,5;66,7;23,8;
Hulebäcksgymnasiet 1;98053087;Härryda;1401;Kommunal;Härryda kommun;2120001264;Engelska 6;52;11,5;71,2;17,3;23;13,0;69,6;17,4;29;10,3;72,4;17,2;
Hulebäcksgymnasiet 1;98053087;Härryda;1401;Kommunal;Härryda kommun;2120001264;Matematik 1A;29;.;86,2;13,8;11;.;81,8;18,2;18;.;88,9;11,1;
Hulebäcksgymnasiet 1;98053087;Härryda;1401;Kommunal;Härryda kommun;2120001264;Matematik 2B;31;35,5;54,8;9,7;20;50,0;40,0;10,0;11;9,1;81,8;9,1;
Hulebäcksgymnasiet 1;98053087;Härryda;1401;Kommunal;Härryda kommun;2120001264;Matematik 3B;45;.;33,3;66,7;16;.;12,5;87,5;29;.;44,8;55,2;
Hulebäcksgymnasiet 1;98053087;Härryda;1401;Kommunal;Härryda kommun;2120001264;Svenska 1;28;10,7;35,7;53,6;11;.;18,2;81,8;17;17,6;47,1;35,3;
Hulebäcksgymnasiet 1;98053087;Härryda;1401;Kommunal;Härryda kommun;2120001264;Svenska 3;29;.;55,2;44,8;20;..;..;..;9;..;..;..;
Hulebäcksgymnasiet 2;92533079;Härryda;1401;Kommunal;Härryda kommun;2120001264;Engelska 6;18;5,6;88,9;5,6;18;..;..;..;.;.;.;.;
Hulebäcksgymnasiet 2;92533079;Härryda;1401;Kommunal;Härryda kommun;2120001264;Matematik 1B;41;2,4;58,5;39,0;31;.;61,3;38,7;10;10,0;50,0;40,0;
Hulebäcksgymnasiet 2;92533079;Härryda;1401;Kommunal;Härryda kommun;2120001264;Svenska 3;41;9,8;80,5;9,8;32;..;..;..;9;..;..;..;
Hulebäcksgymnasiet 3;61528940;Härryda;1401;Kommunal;Härryda kommun;2120001264;Engelska 6;76;1,3;86,8;11,8;38;.;78,9;21,1;38;2,6;94,7;2,6;
Hulebäcksgymnasiet 3;61528940;Härryda;1401;Kommunal;Härryda kommun;2120001264;Matematik 4;41;2,4;78,0;19,5;19;.;73,7;26,3;22;4,5;81,8;13,6;
Hulebäcksgymnasiet 3;61528940;Härryda;1401;Kommunal;Härryda kommun;2120001264;Svenska 3;50;2,0;52,0;46,0;18;.;77,8;22,2;32;3,1;37,5;59,4;
Hulebäcksgymnasiet 5;66861851;Härryda;1401;Kommunal;Härryda kommun;2120001264;Engelska 6;55;5,5;90,9;3,6;29;3,4;93,1;3,4;26;7,7;88,5;3,8;
Hulebäcksgymnasiet 5;66861851;Härryda;1401;Kommunal;Härryda kommun;2120001264;Svenska 1;21;14,3;42,9;42,9;15;..;..;..;6;..;..;..;
Hulebäcksgymnasiet 5;66861851;Härryda;1401;Kommunal;Härryda kommun;2120001264;Svenska 3;42;2,4;78,6;19,0;31;3,2;80,6;16,1;11;.;72,7;27,3;
Hulebäcksgymnasiet 6;72206824;Härryda;1401;Kommunal;Härryda kommun;2120001264;Matematik 1A;38;.;89,5;10,5;.;.;.;.;38;..;..;..;
Hulebäcksgymnasiet 6;72206824;Härryda;1401;Kommunal;Härryda kommun;2120001264;Svenska 3;57;14,0;66,7;19,3;9;..;..;..;48;..;..;..;
Hässleholms Tekniska Skola;92858957;Hässleholm;1293;Kommunal;Hässleholms kommun;2120000985;Engelska 5;23;13,0;82,6;4,3;13;.;92,3;7,7;10;30,0;70,0;.;
Hässleholms Tekniska Skola;92858957;Hässleholm;1293;Kommunal;Hässleholms kommun;2120000985;Engelska 6;217;12,9;77,9;9,2;112;11,6;80,4;8,0;105;14,3;75,2;10,5;
Hässleholms Tekniska Skola;92858957;Hässleholm;1293;Kommunal;Hässleholms kommun;2120000985;Matematik 1A;23;.;73,9;26,1;13;.;69,2;30,8;10;.;80,0;20,0;
Hässleholms Tekniska Skola;92858957;Hässleholm;1293;Kommunal;Hässleholms kommun;2120000985;Matematik 1B;16;.;25,0;75,0;10;..;..;..;6;..;..;..;
Hässleholms Tekniska Skola;92858957;Hässleholm;1293;Kommunal;Hässleholms kommun;2120000985;Matematik 2B;72;1,4;70,8;27,8;51;2,0;64,7;33,3;21;.;85,7;14,3;
Hässleholms Tekniska Skola;92858957;Hässleholm;1293;Kommunal;Hässleholms kommun;2120000985;Matematik 3B;35;37,1;37,1;25,7;12;25,0;41,7;33,3;23;43,5;34,8;21,7;
Hässleholms Tekniska Skola;92858957;Hässleholm;1293;Kommunal;Hässleholms kommun;2120000985;Matematik 3C;38;.;97,4;2,6;9;..;..;..;29;..;..;..;
Hässleholms Tekniska Skola;92858957;Hässleholm;1293;Kommunal;Hässleholms kommun;2120000985;Matematik 4;50;2,0;82,0;16,0;22;.;86,4;13,6;28;3,6;78,6;17,9;
Hässleholms Tekniska Skola;92858957;Hässleholm;1293;Kommunal;Hässleholms kommun;2120000985;Svenska 1;18;.;50,0;50,0;12;..;..;..;6;..;..;..;
Hässleholms Tekniska Skola;92858957;Hässleholm;1293;Kommunal;Hässleholms kommun;2120000985;Svenska 3;161;13,0;58,4;28,6;98;16,3;55,1;28,6;63;7,9;63,5;28,6;
Hässleholms Tekniska Skola;92858957;Hässleholm;1293;Kommunal;Hässleholms kommun;2120000985;Svenska som andraspråk 1;2;..;..;..;1;..;..;..;1;..;..;..;
Hässleholms Tekniska Skola;92858957;Hässleholm;1293;Kommunal;Hässleholms kommun;2120000985;Svenska som andraspråk 3;31;48,4;48,4;3,2;14;50,0;50,0;.;17;47,1;47,1;5,9;
Jacobsskolan;46660042;Hässleholm;1293;Kommunal;Hässleholms kommun;2120000985;Engelska 5;122;19,7;73,8;6,6;47;12,8;76,6;10,6;75;24,0;72,0;4,0;
Jacobsskolan;46660042;Hässleholm;1293;Kommunal;Hässleholms kommun;2120000985;Matematik 1A;132;0,8;78,8;20,5;44;.;77,3;22,7;88;1,1;79,5;19,3;
Jacobsskolan;46660042;Hässleholm;1293;Kommunal;Hässleholms kommun;2120000985;Svenska 1;101;4,0;71,3;24,8;31;.;58,1;41,9;70;5,7;77,1;17,1;
Jacobsskolan;46660042;Hässleholm;1293;Kommunal;Hässleholms kommun;2120000985;Svenska som andraspråk 1;35;8,6;77,1;14,3;18;16,7;66,7;16,7;17;.;88,2;11,8;
Kullagymnasiet 1;44113417;Höganäs;1284;Kommunal;Höganäs kommun;2120001165;Engelska 5;17;29,4;70,6;.;1;..;..;..;16;..;..;..;
Kullagymnasiet 1;44113417;Höganäs;1284;Kommunal;Höganäs kommun;2120001165;Engelska 6;31;.;80,6;19,4;10;.;90,0;10,0;21;.;76,2;23,8;
Kullagymnasiet 1;44113417;Höganäs;1284;Kommunal;Höganäs kommun;2120001165;Matematik 1A;17;.;94,1;5,9;1;..;..;..;16;..;..;..;
Kullagymnasiet 1;44113417;Höganäs;1284;Kommunal;Höganäs kommun;2120001165;Matematik 3C;29;.;96,6;3,4;10;.;90,0;10,0;19;.;100,0;.;
Kullagymnasiet 1;44113417;Höganäs;1284;Kommunal;Höganäs kommun;2120001165;Svenska 1;15;.;86,7;13,3;1;..;..;..;14;..;..;..;
Kullagymnasiet 1;44113417;Höganäs;1284;Kommunal;Höganäs kommun;2120001165;Svenska 3;21;4,8;76,2;19,0;.;.;.;.;21;..;..;..;
Kullagymnasiet 1;44113417;Höganäs;1284;Kommunal;Höganäs kommun;2120001165;Svenska som andraspråk 3;3;..;..;..;.;.;.;.;3;..;..;..;
Kullagymnasiet 2;43627097;Höganäs;1284;Kommunal;Höganäs kommun;2120001165;Engelska 5;7;..;..;..;2;..;..;..;5;..;..;..;
Kullagymnasiet 2;43627097;Höganäs;1284;Kommunal;Höganäs kommun;2120001165;Engelska 6;75;14,7;69,3;16,0;24;12,5;66,7;20,8;51;15,7;70,6;13,7;
Kullagymnasiet 2;43627097;Höganäs;1284;Kommunal;Höganäs kommun;2120001165;Matematik 1A;7;..;..;..;2;..;..;..;5;..;..;..;
Kullagymnasiet 2;43627097;Höganäs;1284;Kommunal;Höganäs kommun;2120001165;Matematik 2B;45;.;77,8;22,2;13;.;76,9;23,1;32;.;78,1;21,9;
Kullagymnasiet 2;43627097;Höganäs;1284;Kommunal;Höganäs kommun;2120001165;Matematik 3C;6;..;..;..;3;..;..;..;3;..;..;..;
Kullagymnasiet 2;43627097;Höganäs;1284;Kommunal;Höganäs kommun;2120001165;Svenska 1;7;..;..;..;2;..;..;..;5;..;..;..;
Kullagymnasiet 2;43627097;Höganäs;1284;Kommunal;Höganäs kommun;2120001165;Svenska 3;34;8,8;67,6;23,5;19;10,5;63,2;26,3;15;6,7;73,3;20,0;
Kullagymnasiet 2;43627097;Höganäs;1284;Kommunal;Höganäs kommun;2120001165;Svenska som andraspråk 3;5;..;..;..;2;..;..;..;3;..;..;..;
Hörby Yrkesgymnasium;38917647;Hörby;1266;Enskild;Hörby Yrkesgymnasium AB;5568212939;Engelska 5;19;5,3;42,1;52,6;5;..;..;..;14;..;..;..;
Hörby Yrkesgymnasium;38917647;Hörby;1266;Enskild;Hörby Yrkesgymnasium AB;5568212939;Matematik 1A;26;.;7,7;92,3;8;..;..;..;18;..;..;..;
Hörby Yrkesgymnasium;38917647;Hörby;1266;Enskild;Hörby Yrkesgymnasium AB;5568212939;Svenska 1;26;3,8;38,5;57,7;7;..;..;..;19;..;..;..;
Hörby Yrkesgymnasium;38917647;Hörby;1266;Enskild;Hörby Yrkesgymnasium AB;5568212939;Svenska som andraspråk 1;2;..;..;..;.;.;.;.;2;..;..;..;
Lapplands Gymnasium Jokkmokk;39555838;Jokkmokk;2510;Kommunal;Lapplands Kommunalförbund;2220000760;Engelska 6;8;..;..;..;7;..;..;..;1;..;..;..;
Lapplands Gymnasium Jokkmokk;39555838;Jokkmokk;2510;Kommunal;Lapplands Kommunalförbund;2220000760;Matematik 1A;13;.;92,3;7,7;5;..;..;..;8;..;..;..;
Lapplands Gymnasium Jokkmokk;39555838;Jokkmokk;2510;Kommunal;Lapplands Kommunalförbund;2220000760;Matematik 2B;3;..;..;..;3;..;..;..;.;.;.;.;
Lapplands Gymnasium Jokkmokk;39555838;Jokkmokk;2510;Kommunal;Lapplands Kommunalförbund;2220000760;Matematik 4;2;..;..;..;2;..;..;..;.;.;.;.;
Lapplands Gymnasium Jokkmokk;39555838;Jokkmokk;2510;Kommunal;Lapplands Kommunalförbund;2220000760;Svenska 1;10;.;20,0;80,0;4;..;..;..;6;..;..;..;
Drottning Blankas Gymnasieskola Jakobsberg;85214294;Järfälla;0123;Enskild;Didaktus Skolor AB;5564732856;Engelska 5;23;.;78,3;21,7;18;..;..;..;5;..;..;..;
Drottning Blankas Gymnasieskola Jakobsberg;85214294;Järfälla;0123;Enskild;Didaktus Skolor AB;5564732856;Engelska 6;31;.;90,3;9,7;21;.;85,7;14,3;10;.;100,0;.;
Drottning Blankas Gymnasieskola Jakobsberg;85214294;Järfälla;0123;Enskild;Didaktus Skolor AB;5564732856;Matematik 1A;30;.;36,7;63,3;23;..;..;..;7;..;..;..;
Drottning Blankas Gymnasieskola Jakobsberg;85214294;Järfälla;0123;Enskild;Didaktus Skolor AB;5564732856;Matematik 4;20;.;40,0;60,0;15;..;..;..;5;..;..;..;
Drottning Blankas Gymnasieskola Jakobsberg;85214294;Järfälla;0123;Enskild;Didaktus Skolor AB;5564732856;Svenska 1;17;.;82,4;17,6;14;..;..;..;3;..;..;..;
Drottning Blankas Gymnasieskola Jakobsberg;85214294;Järfälla;0123;Enskild;Didaktus Skolor AB;5564732856;Svenska 3;22;.;95,5;4,5;17;..;..;..;5;..;..;..;
Drottning Blankas Gymnasieskola Jakobsberg;85214294;Järfälla;0123;Enskild;Didaktus Skolor AB;5564732856;Svenska som andraspråk 1;9;..;..;..;3;..;..;..;6;..;..;..;
Drottning Blankas Gymnasieskola Jakobsberg;85214294;Järfälla;0123;Enskild;Didaktus Skolor AB;5564732856;Svenska som andraspråk 3;15;6,7;46,7;46,7;10;..;..;..;5;..;..;..;
Järfälla gymnasium;82084961;Järfälla;0123;Kommunal;Järfälla kommun;2120000043;Engelska 5;59;20,3;72,9;6,8;2;..;..;..;57;..;..;..;
Järfälla gymnasium;82084961;Järfälla;0123;Kommunal;Järfälla kommun;2120000043;Engelska 6;131;5,3;86,3;8,4;77;5,2;83,1;11,7;54;5,6;90,7;3,7;
Järfälla gymnasium;82084961;Järfälla;0123;Kommunal;Järfälla kommun;2120000043;Matematik 1A;50;.;46,0;54,0;2;..;..;..;48;..;..;..;
Järfälla gymnasium;82084961;Järfälla;0123;Kommunal;Järfälla kommun;2120000043;Matematik 1B;21;.;95,2;4,8;16;..;..;..;5;..;..;..;
Järfälla gymnasium;82084961;Järfälla;0123;Kommunal;Järfälla kommun;2120000043;Matematik 2B;43;.;83,7;16,3;26;.;88,5;11,5;17;.;76,5;23,5;
Järfälla gymnasium;82084961;Järfälla;0123;Kommunal;Järfälla kommun;2120000043;Matematik 3B;8;..;..;..;1;..;..;..;7;..;..;..;
Järfälla gymnasium;82084961;Järfälla;0123;Kommunal;Järfälla kommun;2120000043;Matematik 3C;16;.;100,0;.;5;..;..;..;11;..;..;..;
Järfälla gymnasium;82084961;Järfälla;0123;Kommunal;Järfälla kommun;2120000043;Svenska 1;50;6,0;56,0;38,0;1;..;..;..;49;..;..;..;
Järfälla gymnasium;82084961;Järfälla;0123;Kommunal;Järfälla kommun;2120000043;Svenska 3;53;3,8;62,3;34,0;25;8,0;64,0;28,0;28;.;60,7;39,3;
Järfälla gymnasium;82084961;Järfälla;0123;Kommunal;Järfälla kommun;2120000043;Svenska som andraspråk 3;16;.;31,3;68,8;8;..;..;..;8;..;..;..;
Bäckadalsgymn RO 1;46162400;Jönköping;0680;Kommunal;Jönköpings kommun;2120000530;Engelska 5;40;15,0;80,0;5,0;9;..;..;..;31;..;..;..;
Bäckadalsgymn RO 1;46162400;Jönköping;0680;Kommunal;Jönköpings kommun;2120000530;Matematik 1A;1;..;..;..;1;..;..;..;.;.;.;.;
Bäckadalsgymn RO 1;46162400;Jönköping;0680;Kommunal;Jönköpings kommun;2120000530;Svenska 1;90;.;71,1;28,9;16;.;68,8;31,3;74;.;71,6;28,4;
Bäckadalsgymn RO 2;39565412;Jönköping;0680;Kommunal;Jönköpings kommun;2120000530;Engelska 5;20;10,0;80,0;10,0;19;..;..;..;1;..;..;..;
Bäckadalsgymn RO 2;39565412;Jönköping;0680;Kommunal;Jönköpings kommun;2120000530;Matematik 1A;24;.;87,5;12,5;21;..;..;..;3;..;..;..;
Bäckadalsgymn RO 2;39565412;Jönköping;0680;Kommunal;Jönköpings kommun;2120000530;Svenska 1;18;.;72,2;27,8;18;..;..;..;.;.;.;.;
Bäckadalsgymn RO 3;98369689;Jönköping;0680;Kommunal;Jönköpings kommun;2120000530;Engelska 5;38;2,6;86,8;10,5;12;.;83,3;16,7;26;3,8;88,5;7,7;
Bäckadalsgymn RO 3;98369689;Jönköping;0680;Kommunal;Jönköpings kommun;2120000530;Matematik 1A;73;.;71,2;28,8;16;.;68,8;31,3;57;.;71,9;28,1;
Bäckadalsgymn RO 3;98369689;Jönköping;0680;Kommunal;Jönköpings kommun;2120000530;Svenska 1;49;4,1;71,4;24,5;13;.;61,5;38,5;36;5,6;75,0;19,4;
Bäckadalsgymn RO 4;56529916;Jönköping;0680;Kommunal;Jönköpings kommun;2120000530;Engelska 5;99;.;79,8;20,2;31;.;71,0;29,0;68;.;83,8;16,2;
Bäckadalsgymn RO 4;56529916;Jönköping;0680;Kommunal;Jönköpings kommun;2120000530;Svenska 1;82;3,7;64,6;31,7;29;3,4;58,6;37,9;53;3,8;67,9;28,3;
Bäckadalsgymn RO 4;56529916;Jönköping;0680;Kommunal;Jönköpings kommun;2120000530;Svenska 3;21;4,8;28,6;66,7;4;..;..;..;17;..;..;..;
Bäckadalsgymn RO 5;40810950;Jönköping;0680;Kommunal;Jönköpings kommun;2120000530;Engelska 5;16;37,5;62,5;.;10;..;..;..;6;..;..;..;
Bäckadalsgymn RO 5;40810950;Jönköping;0680;Kommunal;Jönköpings kommun;2120000530;Matematik 1A;18;.;83,3;16,7;12;..;..;..;6;..;..;..;
Bäckadalsgymn RO 5;40810950;Jönköping;0680;Kommunal;Jönköpings kommun;2120000530;Svenska 1;17;.;17,6;82,4;11;..;..;..;6;..;..;..;
Drottning Blankas Gymnasieskola Jönköping;12279302;Jönköping;0680;Enskild;DBGY Juvelen AB;5565789129;Engelska 5;35;2,9;82,9;14,3;34;..;..;..;1;..;..;..;
Drottning Blankas Gymnasieskola Jönköping;12279302;Jönköping;0680;Enskild;DBGY Juvelen AB;5565789129;Engelska 6;16;18,8;68,8;12,5;13;..;..;..;3;..;..;..;
Drottning Blankas Gymnasieskola Jönköping;12279302;Jönköping;0680;Enskild;DBGY Juvelen AB;5565789129;Matematik 1A;37;.;73,0;27,0;35;..;..;..;2;..;..;..;
Drottning Blankas Gymnasieskola Jönköping;12279302;Jönköping;0680;Enskild;DBGY Juvelen AB;5565789129;Matematik 2B;11;.;54,5;45,5;9;..;..;..;2;..;..;..;
Drottning Blankas Gymnasieskola Jönköping;12279302;Jönköping;0680;Enskild;DBGY Juvelen AB;5565789129;Svenska 1;35;2,9;71,4;25,7;34;..;..;..;1;..;..;..;
Drottning Blankas Gymnasieskola Jönköping;12279302;Jönköping;0680;Enskild;DBGY Juvelen AB;5565789129;Svenska 3;6;..;..;..;6;..;..;..;.;.;.;.;
Drottning Blankas Gymnasieskola Jönköping;12279302;Jönköping;0680;Enskild;DBGY Juvelen AB;5565789129;Svenska som andraspråk 1;1;..;..;..;1;..;..;..;.;.;.;.;
Erik Dahlbergsgymnasiet Ro 1;67279263;Jönköping;0680;Kommunal;Jönköpings kommun;2120000530;Engelska 6;122;11,5;82,0;6,6;19;.;94,7;5,3;103;13,6;79,6;6,8;
Erik Dahlbergsgymnasiet Ro 1;67279263;Jönköping;0680;Kommunal;Jönköpings kommun;2120000530;Matematik 3C;85;.;87,1;12,9;16;.;68,8;31,3;69;.;91,3;8,7;
Erik Dahlbergsgymnasiet Ro 1;67279263;Jönköping;0680;Kommunal;Jönköpings kommun;2120000530;Svenska 3;94;13,8;70,2;16,0;24;4,2;79,2;16,7;70;17,1;67,1;15,7;
Erik Dahlbergsgymnasiet RO 2;40037982;Jönköping;0680;Kommunal;Jönköpings kommun;2120000530;Engelska 5;16;.;75,0;25,0;16;..;..;..;.;.;.;.;
Erik Dahlbergsgymnasiet RO 2;40037982;Jönköping;0680;Kommunal;Jönköpings kommun;2120000530;Matematik 1A;45;.;73,3;26,7;41;..;..;..;4;..;..;..;
Erik Dahlbergsgymnasiet RO 2;40037982;Jönköping;0680;Kommunal;Jönköpings kommun;2120000530;Svenska 1;21;9,5;81,0;9,5;20;..;..;..;1;..;..;..;
Erik Dahlbergsgymnasiet RO 2;40037982;Jönköping;0680;Kommunal;Jönköpings kommun;2120000530;Svenska som andraspråk 1;11;.;63,6;36,4;10;..;..;..;1;..;..;..;
Erik Dahlbergsgymnasiet RO 3;51210136;Jönköping;0680;Kommunal;Jönköpings kommun;2120000530;Engelska 6;74;10,8;78,4;10,8;42;9,5;76,2;14,3;32;12,5;81,3;6,3;
Erik Dahlbergsgymnasiet RO 3;51210136;Jönköping;0680;Kommunal;Jönköpings kommun;2120000530;Matematik 3C;18;.;94,4;5,6;11;..;..;..;7;..;..;..;
Erik Dahlbergsgymnasiet RO 3;51210136;Jönköping;0680;Kommunal;Jönköpings kommun;2120000530;Svenska 3;76;.;51,3;48,7;39;.;51,3;48,7;37;.;51,4;48,6;
Erik Dahlbergsgymnasiet RO 4;73829818;Jönköping;0680;Kommunal;Jönköpings kommun;2120000530;Engelska 5;24;20,8;79,2;.;2;..;..;..;22;..;..;..;
Erik Dahlbergsgymnasiet RO 4;73829818;Jönköping;0680;Kommunal;Jönköpings kommun;2120000530;Engelska 6;86;7,0;67,4;25,6;39;.;69,2;30,8;47;12,8;66,0;21,3;
Erik Dahlbergsgymnasiet RO 4;73829818;Jönköping;0680;Kommunal;Jönköpings kommun;2120000530;Matematik 1A;24;.;62,5;37,5;2;..;..;..;22;..;..;..;
Erik Dahlbergsgymnasiet RO 4;73829818;Jönköping;0680;Kommunal;Jönköpings kommun;2120000530;Matematik 2B;35;.;74,3;25,7;19;.;68,4;31,6;16;.;81,3;18,8;
Erik Dahlbergsgymnasiet RO 4;73829818;Jönköping;0680;Kommunal;Jönköpings kommun;2120000530;Matematik 3B;55;.;76,4;23,6;23;.;73,9;26,1;32;.;78,1;21,9;
Erik Dahlbergsgymnasiet RO 4;73829818;Jönköping;0680;Kommunal;Jönköpings kommun;2120000530;Svenska 1;21;4,8;52,4;42,9;2;..;..;..;19;..;..;..;
Erik Dahlbergsgymnasiet RO 4;73829818;Jönköping;0680;Kommunal;Jönköpings kommun;2120000530;Svenska 3;52;9,6;69,2;21,2;22;4,5;77,3;18,2;30;13,3;63,3;23,3;
Erik Dahlbergsgymnasiet RO 4;73829818;Jönköping;0680;Kommunal;Jönköpings kommun;2120000530;Svenska som andraspråk 1;1;..;..;..;.;.;.;.;1;..;..;..;
Erik Dahlbergsgymnasiet RO 5;60881275;Jönköping;0680;Kommunal;Jönköpings kommun;2120000530;Engelska 6;29;.;100,0;.;19;.;100,0;.;10;.;100,0;.;
Erik Dahlbergsgymnasiet RO 5;60881275;Jönköping;0680;Kommunal;Jönköpings kommun;2120000530;Matematik 2B;72;.;75,0;25,0;44;.;68,2;31,8;28;.;85,7;14,3;
Erik Dahlbergsgymnasiet RO 5;60881275;Jönköping;0680;Kommunal;Jönköpings kommun;2120000530;Svenska 3;73;17,8;63,0;19,2;42;14,3;61,9;23,8;31;22,6;64,5;12,9;
JENSEN Gymnasium Jönköping;18881773;Jönköping;0680;Enskild;Jensen Education College AB;5566358759;Engelska 6;16;18,8;50,0;31,3;9;..;..;..;7;..;..;..;
JENSEN Gymnasium Jönköping;18881773;Jönköping;0680;Enskild;Jensen Education College AB;5566358759;Matematik 2B;18;.;72,2;27,8;12;..;..;..;6;..;..;..;
JENSEN Gymnasium Jönköping;18881773;Jönköping;0680;Enskild;Jensen Education College AB;5566358759;Matematik 3B;6;..;..;..;2;..;..;..;4;..;..;..;
JENSEN Gymnasium Jönköping;18881773;Jönköping;0680;Enskild;Jensen Education College AB;5566358759;Svenska 3;11;.;81,8;18,2;7;..;..;..;4;..;..;..;
JENSEN Gymnasium Jönköping;18881773;Jönköping;0680;Enskild;Jensen Education College AB;5566358759;Svenska som andraspråk 3;2;..;..;..;2;..;..;..;.;.;.;.;
Kungsgymnasiet;50908408;Jönköping;0680;Enskild;Jönköpings Kristna Skolförening;8260017648;Engelska 6;9;..;..;..;3;..;..;..;6;..;..;..;
Kungsgymnasiet;50908408;Jönköping;0680;Enskild;Jönköpings Kristna Skolförening;8260017648;Matematik 1B;8;..;..;..;4;..;..;..;4;..;..;..;
Kungsgymnasiet;50908408;Jönköping;0680;Enskild;Jönköpings Kristna Skolförening;8260017648;Svenska 3;11;.;27,3;72,7;6;..;..;..;5;..;..;..;
LBS Kreativa Gymnasiet Jönköping;18594470;Jönköping;0680;Enskild;Ljud & Bildskolan LBS AB;5564851649;Engelska 6;61;.;68,9;31,1;18;.;55,6;44,4;43;.;74,4;25,6;
LBS Kreativa Gymnasiet Jönköping;18594470;Jönköping;0680;Enskild;Ljud & Bildskolan LBS AB;5564851649;Matematik 1B;41;.;82,9;17,1;10;.;80,0;20,0;31;.;83,9;16,1;
LBS Kreativa Gymnasiet Jönköping;18594470;Jönköping;0680;Enskild;Ljud & Bildskolan LBS AB;5564851649;Matematik 3C;22;.;72,7;27,3;2;..;..;..;20;..;..;..;
LBS Kreativa Gymnasiet Jönköping;18594470;Jönköping;0680;Enskild;Ljud & Bildskolan LBS AB;5564851649;Svenska 3;63;11,1;54,0;34,9;14;7,1;50,0;42,9;49;12,2;55,1;32,7;
LBS Kreativa Gymnasiet Jönköping;18594470;Jönköping;0680;Enskild;Ljud & Bildskolan LBS AB;5564851649;Svenska som andraspråk 3;2;..;..;..;2;..;..;..;.;.;.;.;
Magelungens Gymnasium Jönköping;69271071;Jönköping;0680;Enskild;Magelungen Utveckling AB;5564891447;Engelska 6;10;.;90,0;10,0;5;..;..;..;5;..;..;..;
Magelungens Gymnasium Jönköping;69271071;Jönköping;0680;Enskild;Magelungen Utveckling AB;5564891447;Svenska som andraspråk 3;1;..;..;..;1;..;..;..;.;.;.;.;
Per Brahegymnasiet RO 1;78295411;Jönköping;0680;Kommunal;Jönköpings kommun;2120000530;Matematik 2B;54;.;85,2;14,8;47;..;..;..;7;..;..;..;
Per Brahegymnasiet RO 1;78295411;Jönköping;0680;Kommunal;Jönköpings kommun;2120000530;Svenska 3;117;6,0;50,4;43,6;91;7,7;48,4;44,0;26;.;57,7;42,3;
Per Brahegymnasiet RO 1;78295411;Jönköping;0680;Kommunal;Jönköpings kommun;2120000530;Svenska som andraspråk 3;7;..;..;..;5;..;..;..;2;..;..;..;
Per Brahegymnasiet RO 2;80686587;Jönköping;0680;Kommunal;Jönköpings kommun;2120000530;Svenska 3;27;3,7;70,4;25,9;20;..;..;..;7;..;..;..;
Per Brahegymnasiet RO 2;80686587;Jönköping;0680;Kommunal;Jönköpings kommun;2120000530;Svenska som andraspråk 3;4;..;..;..;3;..;..;..;1;..;..;..;
Per Brahegymnasiet RO 3;72232853;Jönköping;0680;Kommunal;Jönköpings kommun;2120000530;Engelska 6;49;14,3;73,5;12,2;34;8,8;82,4;8,8;15;26,7;53,3;20,0;
Per Brahegymnasiet RO 3;72232853;Jönköping;0680;Kommunal;Jönköpings kommun;2120000530;Svenska 3;71;12,7;57,7;29,6;55;12,7;56,4;30,9;16;12,5;62,5;25,0;
Per Brahegymnasiet RO 3;72232853;Jönköping;0680;Kommunal;Jönköpings kommun;2120000530;Svenska som andraspråk 3;2;..;..;..;1;..;..;..;1;..;..;..;
Per Brahegymnasiet RO 4;78986011;Jönköping;0680;Kommunal;Jönköpings kommun;2120000530;Engelska 6;27;18,5;77,8;3,7;19;..;..;..;8;..;..;..;
Per Brahegymnasiet RO 4;78986011;Jönköping;0680;Kommunal;Jönköpings kommun;2120000530;Svenska 3;70;8,6;57,1;34,3;45;6,7;46,7;46,7;25;12,0;76,0;12,0;
Per Brahegymnasiet RO 4;78986011;Jönköping;0680;Kommunal;Jönköpings kommun;2120000530;Svenska som andraspråk 3;20;30,0;40,0;30,0;10;30,0;50,0;20,0;10;30,0;30,0;40,0;
Praktiska Gymnasiet Jönköping;17849518;Jönköping;0680;Enskild;Praktiska Sverige AB;5562575786;Engelska 5;19;36,8;21,1;42,1;6;..;..;..;13;..;..;..;
Praktiska Gymnasiet Jönköping;17849518;Jönköping;0680;Enskild;Praktiska Sverige AB;5562575786;Matematik 1A;15;.;26,7;73,3;3;..;..;..;12;..;..;..;
Praktiska Gymnasiet Jönköping;17849518;Jönköping;0680;Enskild;Praktiska Sverige AB;5562575786;Svenska 1;6;..;..;..;3;..;..;..;3;..;..;..;
Praktiska Gymnasiet Jönköping;17849518;Jönköping;0680;Enskild;Praktiska Sverige AB;5562575786;Svenska som andraspråk 1;6;..;..;..;1;..;..;..;5;..;..;..;
Sandagymnasiet RO 1;64205087;Jönköping;0680;Kommunal;Jönköpings kommun;2120000530;Engelska 6;28;3,6;46,4;50,0;16;6,3;50,0;43,8;12;.;41,7;58,3;
Sandagymnasiet RO 1;64205087;Jönköping;0680;Kommunal;Jönköpings kommun;2120000530;Matematik 2B;31;.;64,5;35,5;26;..;..;..;5;..;..;..;
Sandagymnasiet RO 1;64205087;Jönköping;0680;Kommunal;Jönköpings kommun;2120000530;Matematik 3B;47;.;48,9;51,1;10;.;50,0;50,0;37;.;48,6;51,4;
Sandagymnasiet RO 1;64205087;Jönköping;0680;Kommunal;Jönköpings kommun;2120000530;Svenska 3;112;6,3;47,3;46,4;57;7,0;38,6;54,4;55;5,5;56,4;38,2;
Sandagymnasiet RO 1;64205087;Jönköping;0680;Kommunal;Jönköpings kommun;2120000530;Svenska som andraspråk 3;8;..;..;..;5;..;..;..;3;..;..;..;
Sandagymnasiet RO 2;50500028;Jönköping;0680;Kommunal;Jönköpings kommun;2120000530;Engelska 6;57;21,1;71,9;7,0;27;14,8;74,1;11,1;30;26,7;70,0;3,3;
Sandagymnasiet RO 2;50500028;Jönköping;0680;Kommunal;Jönköpings kommun;2120000530;Matematik 2B;51;.;62,7;37,3;27;.;70,4;29,6;24;.;54,2;45,8;
Sandagymnasiet RO 2;50500028;Jönköping;0680;Kommunal;Jönköpings kommun;2120000530;Matematik 3C;17;.;76,5;23,5;7;..;..;..;10;..;..;..;
Sandagymnasiet RO 2;50500028;Jönköping;0680;Kommunal;Jönköpings kommun;2120000530;Matematik 4;31;.;90,3;9,7;16;.;87,5;12,5;15;.;93,3;6,7;
Sandagymnasiet RO 2;50500028;Jönköping;0680;Kommunal;Jönköpings kommun;2120000530;Svenska 3;88;5,7;46,6;47,7;55;3,6;41,8;54,5;33;9,1;54,5;36,4;
Sandagymnasiet RO 2;50500028;Jönköping;0680;Kommunal;Jönköpings kommun;2120000530;Svenska som andraspråk 3;12;8,3;25,0;66,7;9;..;..;..;3;..;..;..;
Sandagymnasiet RO 4;94570025;Jönköping;0680;Kommunal;Jönköpings kommun;2120000530;Engelska 5;26;7,7;73,1;19,2;13;15,4;61,5;23,1;13;.;84,6;15,4;
Sandagymnasiet RO 4;94570025;Jönköping;0680;Kommunal;Jönköpings kommun;2120000530;Svenska 1;20;.;45,0;55,0;10;.;50,0;50,0;10;.;40,0;60,0;
Sandagymnasiet RO 4;94570025;Jönköping;0680;Kommunal;Jönköpings kommun;2120000530;Svenska som andraspråk 1;4;..;..;..;2;..;..;..;2;..;..;..;
Sandagymnasiet RO 5;91984508;Jönköping;0680;Kommunal;Jönköpings kommun;2120000530;Engelska 5;22;4,5;77,3;18,2;11;9,1;63,6;27,3;11;.;90,9;9,1;
Sandagymnasiet RO 5;91984508;Jönköping;0680;Kommunal;Jönköpings kommun;2120000530;Svenska 1;41;7,3;58,5;34,1;23;8,7;52,2;39,1;18;5,6;66,7;27,8;
Sandagymnasiet RO 5;91984508;Jönköping;0680;Kommunal;Jönköpings kommun;2120000530;Svenska som andraspråk 1;4;..;..;..;2;..;..;..;2;..;..;..;
Tenhults naturbruksgymnasium;78659008;Jönköping;0680;Region;Region Jönköpings Län;2321000057;Engelska 5;50;14,0;78,0;8,0;39;12,8;79,5;7,7;11;18,2;72,7;9,1;
Tenhults naturbruksgymnasium;78659008;Jönköping;0680;Region;Region Jönköpings Län;2321000057;Matematik 1A;47;2,1;72,3;25,5;37;.;73,0;27,0;10;10,0;70,0;20,0;
Tenhults naturbruksgymnasium;78659008;Jönköping;0680;Region;Region Jönköpings Län;2321000057;Svenska 1;44;.;86,4;13,6;35;..;..;..;9;..;..;..;
Thoren Business School Jönköping;66151516;Jönköping;0680;Enskild;Thorengruppen AB;5566139290;Svenska 3;11;.;63,6;36,4;6;..;..;..;5;..;..;..;
Thoren Business School Jönköping;66151516;Jönköping;0680;Enskild;Thorengruppen AB;5566139290;Svenska som andraspråk 3;5;..;..;..;1;..;..;..;4;..;..;..;
Vettergymnasiet Jönköping;12448823;Jönköping;0680;Enskild;Wetterbygdens Gymnasium AB;5567507420;Engelska 5;8;..;..;..;2;..;..;..;6;..;..;..;
Vettergymnasiet Jönköping;12448823;Jönköping;0680;Enskild;Wetterbygdens Gymnasium AB;5567507420;Matematik 1A;8;..;..;..;2;..;..;..;6;..;..;..;
Vettergymnasiet Jönköping;12448823;Jönköping;0680;Enskild;Wetterbygdens Gymnasium AB;5567507420;Svenska 1;1;..;..;..;1;..;..;..;.;.;.;.;
Vettergymnasiet Jönköping;12448823;Jönköping;0680;Enskild;Wetterbygdens Gymnasium AB;5567507420;Svenska som andraspråk 1;5;..;..;..;.;.;.;.;5;..;..;..;
VFG Jönköping;11518576;Jönköping;0680;Enskild;VFG Utbildning AB;5562496629;Engelska 5;7;..;..;..;.;.;.;.;7;..;..;..;
VFG Jönköping;11518576;Jönköping;0680;Enskild;VFG Utbildning AB;5562496629;Matematik 1A;12;.;100,0;.;1;..;..;..;11;..;..;..;
Furuhed 3;73008905;Kalix;2514;Kommunal;Kalix kommun;2120002692;Matematik 2B;2;..;..;..;2;..;..;..;.;.;.;.;
Furuhedsskolan 1;40667807;Kalix;2514;Kommunal;Kalix kommun;2120002692;Svenska som andraspråk 1;3;..;..;..;3;..;..;..;.;.;.;.;
Furuhedsskolan 2;18091973;Kalix;2514;Kommunal;Kalix kommun;2120002692;Matematik 3B;15;.;80,0;20,0;7;..;..;..;8;..;..;..;
Calmare Internationella Skola;88466776;Kalmar;0880;Enskild;CIS Kalmar AB;5565896213;Engelska 6;93;22,6;74,2;3,2;54;18,5;75,9;5,6;39;28,2;71,8;.;
Calmare Internationella Skola;88466776;Kalmar;0880;Enskild;CIS Kalmar AB;5565896213;Matematik 2B;41;2,4;34,1;63,4;28;.;25,0;75,0;13;7,7;53,8;38,5;
Calmare Internationella Skola;88466776;Kalmar;0880;Enskild;CIS Kalmar AB;5565896213;Matematik 3B;7;..;..;..;1;..;..;..;6;..;..;..;
Calmare Internationella Skola;88466776;Kalmar;0880;Enskild;CIS Kalmar AB;5565896213;Matematik 4;9;..;..;..;5;..;..;..;4;..;..;..;
Calmare Internationella Skola;88466776;Kalmar;0880;Enskild;CIS Kalmar AB;5565896213;Svenska 3;43;9,3;72,1;18,6;22;13,6;81,8;4,5;21;4,8;61,9;33,3;
Calmare Internationella Skola;88466776;Kalmar;0880;Enskild;CIS Kalmar AB;5565896213;Svenska som andraspråk 3;13;15,4;46,2;38,5;9;..;..;..;4;..;..;..;
Dag Hammarskjöld Gymnasiet;36539945;Kalmar;0880;Enskild;Stiftelsen Kalmar Waldorfskola;8324012288;Engelska 6;6;..;..;..;5;..;..;..;1;..;..;..;
Dag Hammarskjöld Gymnasiet;36539945;Kalmar;0880;Enskild;Stiftelsen Kalmar Waldorfskola;8324012288;Svenska 3;3;..;..;..;3;..;..;..;.;.;.;.;
Fria Läroverken i Kalmar;40634612;Kalmar;0880;Enskild;Gymnasieskolor i Syd AB;5569306979;Engelska 5;9;..;..;..;2;..;..;..;7;..;..;..;
Fria Läroverken i Kalmar;40634612;Kalmar;0880;Enskild;Gymnasieskolor i Syd AB;5569306979;Engelska 6;27;7,4;63,0;29,6;14;.;64,3;35,7;13;15,4;61,5;23,1;
Fria Läroverken i Kalmar;40634612;Kalmar;0880;Enskild;Gymnasieskolor i Syd AB;5569306979;Matematik 1A;9;..;..;..;2;..;..;..;7;..;..;..;
Fria Läroverken i Kalmar;40634612;Kalmar;0880;Enskild;Gymnasieskolor i Syd AB;5569306979;Matematik 2B;15;.;93,3;6,7;7;..;..;..;8;..;..;..;
Fria Läroverken i Kalmar;40634612;Kalmar;0880;Enskild;Gymnasieskolor i Syd AB;5569306979;Svenska 1;6;..;..;..;2;..;..;..;4;..;..;..;
Fria Läroverken i Kalmar;40634612;Kalmar;0880;Enskild;Gymnasieskolor i Syd AB;5569306979;Svenska 3;20;10,0;35,0;55,0;10;10,0;20,0;70,0;10;10,0;50,0;40,0;
Fria Läroverken i Kalmar;40634612;Kalmar;0880;Enskild;Gymnasieskolor i Syd AB;5569306979;Svenska som andraspråk 1;6;..;..;..;2;..;..;..;4;..;..;..;
Fria Läroverken i Kalmar;40634612;Kalmar;0880;Enskild;Gymnasieskolor i Syd AB;5569306979;Svenska som andraspråk 3;3;..;..;..;2;..;..;..;1;..;..;..;
Jenny Nyströmskolan B;54655009;Kalmar;0880;Kommunal;Kalmarsunds Gymnasieförbund;8324016453;Engelska 5;62;.;88,7;11,3;48;.;89,6;10,4;14;.;85,7;14,3;
Jenny Nyströmskolan B;54655009;Kalmar;0880;Kommunal;Kalmarsunds Gymnasieförbund;8324016453;Engelska 6;72;4,2;84,7;11,1;58;3,4;86,2;10,3;14;7,1;78,6;14,3;
Jenny Nyströmskolan B;54655009;Kalmar;0880;Kommunal;Kalmarsunds Gymnasieförbund;8324016453;Matematik 1A;73;.;71,2;28,8;58;.;69,0;31,0;15;.;80,0;20,0;
Jenny Nyströmskolan B;54655009;Kalmar;0880;Kommunal;Kalmarsunds Gymnasieförbund;8324016453;Matematik 1B;71;.;88,7;11,3;56;.;89,3;10,7;15;.;86,7;13,3;
Jenny Nyströmskolan B;54655009;Kalmar;0880;Kommunal;Kalmarsunds Gymnasieförbund;8324016453;Matematik 3C;8;..;..;..;4;..;..;..;4;..;..;..;
Jenny Nyströmskolan B;54655009;Kalmar;0880;Kommunal;Kalmarsunds Gymnasieförbund;8324016453;Matematik 4;15;.;53,3;46,7;12;..;..;..;3;..;..;..;
Jenny Nyströmskolan B;54655009;Kalmar;0880;Kommunal;Kalmarsunds Gymnasieförbund;8324016453;Svenska 1;68;2,9;82,4;14,7;51;2,0;82,4;15,7;17;5,9;82,4;11,8;
Jenny Nyströmskolan B;54655009;Kalmar;0880;Kommunal;Kalmarsunds Gymnasieförbund;8324016453;Svenska 3;73;1,4;75,3;23,3;55;1,8;70,9;27,3;18;.;88,9;11,1;
Jenny Nyströmskolan B;54655009;Kalmar;0880;Kommunal;Kalmarsunds Gymnasieförbund;8324016453;Svenska som andraspråk 1;9;..;..;..;8;..;..;..;1;..;..;..;
Jenny Nyströmskolan B;54655009;Kalmar;0880;Kommunal;Kalmarsunds Gymnasieförbund;8324016453;Svenska som andraspråk 3;8;..;..;..;4;..;..;..;4;..;..;..;
Lars Kaggskolan;37917591;Kalmar;0880;Kommunal;Kalmarsunds Gymnasieförbund;8324016453;Engelska 5;155;4,5;76,1;19,4;45;2,2;77,8;20,0;110;5,5;75,5;19,1;
Lars Kaggskolan;37917591;Kalmar;0880;Kommunal;Kalmarsunds Gymnasieförbund;8324016453;Engelska 6;162;3,7;77,8;18,5;68;5,9;77,9;16,2;94;2,1;77,7;20,2;
Lars Kaggskolan;37917591;Kalmar;0880;Kommunal;Kalmarsunds Gymnasieförbund;8324016453;Matematik 1A;165;0,6;74,5;24,8;45;.;73,3;26,7;120;0,8;75,0;24,2;
Lars Kaggskolan;37917591;Kalmar;0880;Kommunal;Kalmarsunds Gymnasieförbund;8324016453;Matematik 3C;106;.;62,3;37,7;39;.;51,3;48,7;67;.;68,7;31,3;
Lars Kaggskolan;37917591;Kalmar;0880;Kommunal;Kalmarsunds Gymnasieförbund;8324016453;Matematik 4;55;.;76,4;23,6;29;.;72,4;27,6;26;.;80,8;19,2;
Lars Kaggskolan;37917591;Kalmar;0880;Kommunal;Kalmarsunds Gymnasieförbund;8324016453;Svenska 1;136;8,1;50,0;41,9;41;12,2;34,1;53,7;95;6,3;56,8;36,8;
Lars Kaggskolan;37917591;Kalmar;0880;Kommunal;Kalmarsunds Gymnasieförbund;8324016453;Svenska 3;170;5,9;55,3;38,8;77;6,5;44,2;49,4;93;5,4;64,5;30,1;
Lars Kaggskolan;37917591;Kalmar;0880;Kommunal;Kalmarsunds Gymnasieförbund;8324016453;Svenska som andraspråk 3;23;13,0;52,2;34,8;4;..;..;..;19;..;..;..;
Naturbruksgymnasiet Kalmar 1;88624631;Kalmar;0880;Enskild;Hushållningssällskapet Kalmar-Kronoberg-Blekinge;2620000071;Engelska 5;35;2,9;88,6;8,6;28;..;..;..;7;..;..;..;
Naturbruksgymnasiet Kalmar 1;88624631;Kalmar;0880;Enskild;Hushållningssällskapet Kalmar-Kronoberg-Blekinge;2620000071;Matematik 1A;32;.;75,0;25,0;26;..;..;..;6;..;..;..;
Naturbruksgymnasiet Kalmar 1;88624631;Kalmar;0880;Enskild;Hushållningssällskapet Kalmar-Kronoberg-Blekinge;2620000071;Svenska 1;32;.;59,4;40,6;26;..;..;..;6;..;..;..;
Naturbruksgymnasiet Kalmar 2;35390185;Kalmar;0880;Enskild;Hushållningssällskapet Kalmar-Kronoberg-Blekinge;2620000071;Engelska 5;7;..;..;..;1;..;..;..;6;..;..;..;
Naturbruksgymnasiet Kalmar 2;35390185;Kalmar;0880;Enskild;Hushållningssällskapet Kalmar-Kronoberg-Blekinge;2620000071;Matematik 1A;7;..;..;..;1;..;..;..;6;..;..;..;
Naturbruksgymnasiet Kalmar 2;35390185;Kalmar;0880;Enskild;Hushållningssällskapet Kalmar-Kronoberg-Blekinge;2620000071;Svenska 1;7;..;..;..;1;..;..;..;6;..;..;..;
Praktiska Gymnasiet Kalmar;31657916;Kalmar;0880;Enskild;Praktiska Sverige AB;5562575786;Engelska 5;38;10,5;71,1;18,4;17;5,9;64,7;29,4;21;14,3;76,2;9,5;
Praktiska Gymnasiet Kalmar;31657916;Kalmar;0880;Enskild;Praktiska Sverige AB;5562575786;Matematik 1A;35;2,9;37,1;60,0;14;.;42,9;57,1;21;4,8;33,3;61,9;
Praktiska Gymnasiet Kalmar;31657916;Kalmar;0880;Enskild;Praktiska Sverige AB;5562575786;Svenska 1;30;3,3;50,0;46,7;13;7,7;53,8;38,5;17;.;47,1;52,9;
Praktiska Gymnasiet Kalmar;31657916;Kalmar;0880;Enskild;Praktiska Sverige AB;5562575786;Svenska som andraspråk 1;9;..;..;..;2;..;..;..;7;..;..;..;
Stagneliusskolan;23058925;Kalmar;0880;Kommunal;Kalmarsunds Gymnasieförbund;8324016453;Engelska 5;23;4,3;47,8;47,8;10;.;40,0;60,0;13;7,7;53,8;38,5;
Stagneliusskolan;23058925;Kalmar;0880;Kommunal;Kalmarsunds Gymnasieförbund;8324016453;Engelska 6;287;7,3;70,4;22,3;150;6,7;65,3;28,0;137;8,0;75,9;16,1;
Stagneliusskolan;23058925;Kalmar;0880;Kommunal;Kalmarsunds Gymnasieförbund;8324016453;Matematik 1A;18;.;72,2;27,8;8;..;..;..;10;..;..;..;
Stagneliusskolan;23058925;Kalmar;0880;Kommunal;Kalmarsunds Gymnasieförbund;8324016453;Matematik 2B;217;.;61,3;38,7;136;.;58,8;41,2;81;.;65,4;34,6;
Stagneliusskolan;23058925;Kalmar;0880;Kommunal;Kalmarsunds Gymnasieförbund;8324016453;Matematik 3B;46;.;50,0;50,0;21;.;33,3;66,7;25;.;64,0;36,0;
Stagneliusskolan;23058925;Kalmar;0880;Kommunal;Kalmarsunds Gymnasieförbund;8324016453;Svenska 1;16;.;75,0;25,0;8;..;..;..;8;..;..;..;
Stagneliusskolan;23058925;Kalmar;0880;Kommunal;Kalmarsunds Gymnasieförbund;8324016453;Svenska 3;302;5,6;41,4;53,0;188;2,7;40,4;56,9;114;10,5;43,0;46,5;
Stagneliusskolan;23058925;Kalmar;0880;Kommunal;Kalmarsunds Gymnasieförbund;8324016453;Svenska som andraspråk 1;9;..;..;..;2;..;..;..;7;..;..;..;
Stagneliusskolan;23058925;Kalmar;0880;Kommunal;Kalmarsunds Gymnasieförbund;8324016453;Svenska som andraspråk 3;25;4,0;36,0;60,0;13;7,7;38,5;53,8;12;.;33,3;66,7;
SYAB Transportgymnasium;46241804;Kalmar;0880;Enskild;SYAB Transportgymnasium AB;5567290035;Engelska 5;1;..;..;..;1;..;..;..;.;.;.;.;
Fria Läroverken i Karlshamn;42573391;Karlshamn;1082;Enskild;Gymnasieskolor i Syd AB;5569306979;Engelska 5;27;3,7;92,6;3,7;15;.;93,3;6,7;12;8,3;91,7;.;
Fria Läroverken i Karlshamn;42573391;Karlshamn;1082;Enskild;Gymnasieskolor i Syd AB;5569306979;Engelska 6;7;..;..;..;4;..;..;..;3;..;..;..;
Fria Läroverken i Karlshamn;42573391;Karlshamn;1082;Enskild;Gymnasieskolor i Syd AB;5569306979;Matematik 1A;33;.;90,9;9,1;18;.;88,9;11,1;15;.;93,3;6,7;
Fria Läroverken i Karlshamn;42573391;Karlshamn;1082;Enskild;Gymnasieskolor i Syd AB;5569306979;Matematik 2B;5;..;..;..;3;..;..;..;2;..;..;..;
Fria Läroverken i Karlshamn;42573391;Karlshamn;1082;Enskild;Gymnasieskolor i Syd AB;5569306979;Svenska 1;26;.;46,2;53,8;15;.;26,7;73,3;11;.;72,7;27,3;
Fria Läroverken i Karlshamn;42573391;Karlshamn;1082;Enskild;Gymnasieskolor i Syd AB;5569306979;Svenska 3;11;.;54,5;45,5;8;..;..;..;3;..;..;..;
Vägga gymnasieskola 2;64574972;Karlshamn;1082;Kommunal;Karlshamns kommun;2120000845;Engelska 5;23;.;73,9;26,1;22;..;..;..;1;..;..;..;
Vägga gymnasieskola 2;64574972;Karlshamn;1082;Kommunal;Karlshamns kommun;2120000845;Engelska 6;57;3,5;77,2;19,3;45;2,2;75,6;22,2;12;8,3;83,3;8,3;
Vägga gymnasieskola 2;64574972;Karlshamn;1082;Kommunal;Karlshamns kommun;2120000845;Matematik 1A;27;.;81,5;18,5;25;..;..;..;2;..;..;..;
Vägga gymnasieskola 2;64574972;Karlshamn;1082;Kommunal;Karlshamns kommun;2120000845;Matematik 1B;20;.;55,0;45,0;14;..;..;..;6;..;..;..;
Vägga gymnasieskola 2;64574972;Karlshamn;1082;Kommunal;Karlshamns kommun;2120000845;Matematik 2B;41;.;78,0;22,0;34;..;..;..;7;..;..;..;
Vägga gymnasieskola 2;64574972;Karlshamn;1082;Kommunal;Karlshamns kommun;2120000845;Svenska 1;20;10,0;50,0;40,0;19;..;..;..;1;..;..;..;
Vägga gymnasieskola 2;64574972;Karlshamn;1082;Kommunal;Karlshamns kommun;2120000845;Svenska 3;50;14,0;60,0;26,0;38;10,5;60,5;28,9;12;25,0;58,3;16,7;
Vägga gymnasieskola 2;64574972;Karlshamn;1082;Kommunal;Karlshamns kommun;2120000845;Svenska som andraspråk 1;3;..;..;..;2;..;..;..;1;..;..;..;
Vägga gymnasieskola 3;19741742;Karlshamn;1082;Kommunal;Karlshamns kommun;2120000845;Engelska 5;43;14,0;79,1;7,0;9;..;..;..;34;..;..;..;
Vägga gymnasieskola 3;19741742;Karlshamn;1082;Kommunal;Karlshamns kommun;2120000845;Engelska 6;70;4,3;67,1;28,6;36;5,6;55,6;38,9;34;2,9;79,4;17,6;
Vägga gymnasieskola 3;19741742;Karlshamn;1082;Kommunal;Karlshamns kommun;2120000845;Matematik 1A;55;.;69,1;30,9;19;.;57,9;42,1;36;.;75,0;25,0;
Vägga gymnasieskola 3;19741742;Karlshamn;1082;Kommunal;Karlshamns kommun;2120000845;Matematik 2B;18;.;77,8;22,2;14;..;..;..;4;..;..;..;
Vägga gymnasieskola 3;19741742;Karlshamn;1082;Kommunal;Karlshamns kommun;2120000845;Matematik 3B;9;..;..;..;4;..;..;..;5;..;..;..;
Vägga gymnasieskola 3;19741742;Karlshamn;1082;Kommunal;Karlshamns kommun;2120000845;Svenska 1;46;.;76,1;23,9;15;.;53,3;46,7;31;.;87,1;12,9;
Vägga gymnasieskola 3;19741742;Karlshamn;1082;Kommunal;Karlshamns kommun;2120000845;Svenska 3;40;2,5;42,5;55,0;19;.;36,8;63,2;21;4,8;47,6;47,6;
Vägga gymnasieskola 3;19741742;Karlshamn;1082;Kommunal;Karlshamns kommun;2120000845;Svenska som andraspråk 1;1;..;..;..;.;.;.;.;1;..;..;..;
Vägga gymnasieskola 3;19741742;Karlshamn;1082;Kommunal;Karlshamns kommun;2120000845;Svenska som andraspråk 3;2;..;..;..;.;.;.;.;2;..;..;..;
Vägga gymnasieskola 4;29032715;Karlshamn;1082;Kommunal;Karlshamns kommun;2120000845;Engelska 5;35;14,3;62,9;22,9;9;..;..;..;26;..;..;..;
Vägga gymnasieskola 4;29032715;Karlshamn;1082;Kommunal;Karlshamns kommun;2120000845;Engelska 6;60;1,7;61,7;36,7;27;.;51,9;48,1;33;3,0;69,7;27,3;
Vägga gymnasieskola 4;29032715;Karlshamn;1082;Kommunal;Karlshamns kommun;2120000845;Matematik 1A;20;.;90,0;10,0;7;..;..;..;13;..;..;..;
Vägga gymnasieskola 4;29032715;Karlshamn;1082;Kommunal;Karlshamns kommun;2120000845;Matematik 3C;34;.;76,5;23,5;13;.;84,6;15,4;21;.;71,4;28,6;
Vägga gymnasieskola 4;29032715;Karlshamn;1082;Kommunal;Karlshamns kommun;2120000845;Matematik 4;19;.;57,9;42,1;6;..;..;..;13;..;..;..;
Vägga gymnasieskola 4;29032715;Karlshamn;1082;Kommunal;Karlshamns kommun;2120000845;Svenska 1;29;.;55,2;44,8;8;..;..;..;21;..;..;..;
Vägga gymnasieskola 4;29032715;Karlshamn;1082;Kommunal;Karlshamns kommun;2120000845;Svenska 3;42;2,4;40,5;57,1;17;.;47,1;52,9;25;4,0;36,0;60,0;
Vägga gymnasieskola 4;29032715;Karlshamn;1082;Kommunal;Karlshamns kommun;2120000845;Svenska som andraspråk 3;7;..;..;..;3;..;..;..;4;..;..;..;
Karlskoga Idrottsgymnasium;45830583;Karlskoga;1883;Enskild;Karlskoga Idrottsgymnasium AB;5567823611;Engelska 6;22;.;72,7;27,3;9;..;..;..;13;..;..;..;
Karlskoga Idrottsgymnasium;45830583;Karlskoga;1883;Enskild;Karlskoga Idrottsgymnasium AB;5567823611;Matematik 2B;8;..;..;..;5;..;..;..;3;..;..;..;
Karlskoga Idrottsgymnasium;45830583;Karlskoga;1883;Enskild;Karlskoga Idrottsgymnasium AB;5567823611;Matematik 3B;7;..;..;..;6;..;..;..;1;..;..;..;
Karlskoga Idrottsgymnasium;45830583;Karlskoga;1883;Enskild;Karlskoga Idrottsgymnasium AB;5567823611;Svenska 3;15;20,0;46,7;33,3;11;..;..;..;4;..;..;..;
Karlskoga Idrottsgymnasium;45830583;Karlskoga;1883;Enskild;Karlskoga Idrottsgymnasium AB;5567823611;Svenska som andraspråk 3;1;..;..;..;1;..;..;..;.;.;.;.;
Möckelngymnasiet Ro 2;48931433;Karlskoga;1883;Kommunal;Karlskoga kommun;2120001991;Engelska 5;18;5,6;61,1;33,3;16;..;..;..;2;..;..;..;
Möckelngymnasiet Ro 2;48931433;Karlskoga;1883;Kommunal;Karlskoga kommun;2120001991;Engelska 6;105;9,5;81,9;8,6;58;6,9;79,3;13,8;47;12,8;85,1;2,1;
Möckelngymnasiet Ro 2;48931433;Karlskoga;1883;Kommunal;Karlskoga kommun;2120001991;Matematik 1A;19;5,3;63,2;31,6;16;..;..;..;3;..;..;..;
Möckelngymnasiet Ro 2;48931433;Karlskoga;1883;Kommunal;Karlskoga kommun;2120001991;Matematik 2B;18;.;83,3;16,7;14;..;..;..;4;..;..;..;
Möckelngymnasiet Ro 2;48931433;Karlskoga;1883;Kommunal;Karlskoga kommun;2120001991;Matematik 4;30;.;86,7;13,3;16;.;87,5;12,5;14;.;85,7;14,3;
Möckelngymnasiet Ro 2;48931433;Karlskoga;1883;Kommunal;Karlskoga kommun;2120001991;Svenska 1;14;14,3;71,4;14,3;12;..;..;..;2;..;..;..;
Möckelngymnasiet Ro 2;48931433;Karlskoga;1883;Kommunal;Karlskoga kommun;2120001991;Svenska 3;46;4,3;63,0;32,6;19;5,3;52,6;42,1;27;3,7;70,4;25,9;
Möckelngymnasiet Ro 2;48931433;Karlskoga;1883;Kommunal;Karlskoga kommun;2120001991;Svenska som andraspråk 1;5;..;..;..;5;..;..;..;.;.;.;.;
Möckelngymnasiet Ro 2;48931433;Karlskoga;1883;Kommunal;Karlskoga kommun;2120001991;Svenska som andraspråk 3;16;31,3;62,5;6,3;7;..;..;..;9;..;..;..;
Möckelngymnasiet Ro 3;97270136;Karlskoga;1883;Kommunal;Karlskoga kommun;2120001991;Engelska 5;21;38,1;57,1;4,8;15;..;..;..;6;..;..;..;
Möckelngymnasiet Ro 3;97270136;Karlskoga;1883;Kommunal;Karlskoga kommun;2120001991;Matematik 1A;24;.;70,8;29,2;15;..;..;..;9;..;..;..;
Möckelngymnasiet Ro 3;97270136;Karlskoga;1883;Kommunal;Karlskoga kommun;2120001991;Svenska 1;20;5,0;50,0;45,0;14;..;..;..;6;..;..;..;
Möckelngymnasiet Ro 3;97270136;Karlskoga;1883;Kommunal;Karlskoga kommun;2120001991;Svenska som andraspråk 1;1;..;..;..;.;.;.;.;1;..;..;..;
Möckelngymnasiet Ro 4;19909435;Karlskoga;1883;Kommunal;Karlskoga kommun;2120001991;Engelska 5;56;26,8;73,2;.;4;..;..;..;52;..;..;..;
Möckelngymnasiet Ro 4;19909435;Karlskoga;1883;Kommunal;Karlskoga kommun;2120001991;Engelska 6;29;10,3;89,7;.;8;..;..;..;21;..;..;..;
Möckelngymnasiet Ro 4;19909435;Karlskoga;1883;Kommunal;Karlskoga kommun;2120001991;Matematik 1A;56;.;73,2;26,8;4;..;..;..;52;..;..;..;
Möckelngymnasiet Ro 4;19909435;Karlskoga;1883;Kommunal;Karlskoga kommun;2120001991;Matematik 3C;29;.;82,8;17,2;8;..;..;..;21;..;..;..;
Möckelngymnasiet Ro 4;19909435;Karlskoga;1883;Kommunal;Karlskoga kommun;2120001991;Svenska 1;51;3,9;60,8;35,3;4;..;..;..;47;..;..;..;
Möckelngymnasiet Ro 4;19909435;Karlskoga;1883;Kommunal;Karlskoga kommun;2120001991;Svenska 3;28;10,7;67,9;21,4;6;..;..;..;22;..;..;..;
Möckelngymnasiet Ro 4;19909435;Karlskoga;1883;Kommunal;Karlskoga kommun;2120001991;Svenska som andraspråk 1;5;..;..;..;.;.;.;.;5;..;..;..;
Möckelngymnasiet Ro 4;19909435;Karlskoga;1883;Kommunal;Karlskoga kommun;2120001991;Svenska som andraspråk 3;3;..;..;..;1;..;..;..;2;..;..;..;
af Chapmangymnasiet;30530571;Karlskrona;1080;Kommunal;Karlskrona kommun;2120000829;Engelska 5;41;.;85,4;14,6;20;.;95,0;5,0;21;.;76,2;23,8;
af Chapmangymnasiet;30530571;Karlskrona;1080;Kommunal;Karlskrona kommun;2120000829;Engelska 6;192;3,1;73,4;23,4;124;.;67,7;32,3;68;8,8;83,8;7,4;
af Chapmangymnasiet;30530571;Karlskrona;1080;Kommunal;Karlskrona kommun;2120000829;Matematik 1A;36;2,8;86,1;11,1;18;5,6;77,8;16,7;18;.;94,4;5,6;
af Chapmangymnasiet;30530571;Karlskrona;1080;Kommunal;Karlskrona kommun;2120000829;Matematik 2B;143;.;88,8;11,2;98;.;87,8;12,2;45;.;91,1;8,9;
af Chapmangymnasiet;30530571;Karlskrona;1080;Kommunal;Karlskrona kommun;2120000829;Matematik 3B;36;.;80,6;19,4;15;.;66,7;33,3;21;.;90,5;9,5;
af Chapmangymnasiet;30530571;Karlskrona;1080;Kommunal;Karlskrona kommun;2120000829;Svenska 1;39;5,1;64,1;30,8;19;.;63,2;36,8;20;10,0;65,0;25,0;
af Chapmangymnasiet;30530571;Karlskrona;1080;Kommunal;Karlskrona kommun;2120000829;Svenska 3;135;4,4;52,6;43,0;84;6,0;50,0;44,0;51;2,0;56,9;41,2;
af Chapmangymnasiet;30530571;Karlskrona;1080;Kommunal;Karlskrona kommun;2120000829;Svenska som andraspråk 1;2;..;..;..;1;..;..;..;1;..;..;..;
af Chapmangymnasiet;30530571;Karlskrona;1080;Kommunal;Karlskrona kommun;2120000829;Svenska som andraspråk 3;7;..;..;..;2;..;..;..;5;..;..;..;
Aspero Idrottsgymn. Karlskrona;78839208;Karlskrona;1080;Enskild;Aspero Friskolor AB;5566363973;Matematik 3B;23;.;82,6;17,4;9;..;..;..;14;..;..;..;
Ehrensvärdska gymnasiet;96024712;Karlskrona;1080;Kommunal;Karlskrona kommun;2120000829;Engelska 5;52;15,4;75,0;9,6;37;16,2;75,7;8,1;15;13,3;73,3;13,3;
Ehrensvärdska gymnasiet;96024712;Karlskrona;1080;Kommunal;Karlskrona kommun;2120000829;Engelska 6;156;9,0;73,1;17,9;58;6,9;77,6;15,5;98;10,2;70,4;19,4;
Ehrensvärdska gymnasiet;96024712;Karlskrona;1080;Kommunal;Karlskrona kommun;2120000829;Matematik 1A;62;.;82,3;17,7;47;.;85,1;14,9;15;.;73,3;26,7;
Ehrensvärdska gymnasiet;96024712;Karlskrona;1080;Kommunal;Karlskrona kommun;2120000829;Matematik 4;87;.;90,8;9,2;33;.;90,9;9,1;54;.;90,7;9,3;
Ehrensvärdska gymnasiet;96024712;Karlskrona;1080;Kommunal;Karlskrona kommun;2120000829;Svenska 1;53;1,9;47,2;50,9;41;.;48,8;51,2;12;8,3;41,7;50,0;
Ehrensvärdska gymnasiet;96024712;Karlskrona;1080;Kommunal;Karlskrona kommun;2120000829;Svenska 3;118;1,7;53,4;44,9;38;2,6;55,3;42,1;80;1,3;52,5;46,3;
Ehrensvärdska gymnasiet;96024712;Karlskrona;1080;Kommunal;Karlskrona kommun;2120000829;Svenska som andraspråk 1;6;..;..;..;2;..;..;..;4;..;..;..;
Ehrensvärdska gymnasiet;96024712;Karlskrona;1080;Kommunal;Karlskrona kommun;2120000829;Svenska som andraspråk 3;30;.;56,7;43,3;18;.;55,6;44,4;12;.;58,3;41,7;
Törnströmska anpassade gymnasieskola;85800840;Karlskrona;1080;Kommunal;Karlskrona kommun;2120000829;Engelska 5;110;22,7;65,5;11,8;17;5,9;70,6;23,5;93;25,8;64,5;9,7;
Törnströmska anpassade gymnasieskola;85800840;Karlskrona;1080;Kommunal;Karlskrona kommun;2120000829;Engelska 6;35;5,7;65,7;28,6;22;9,1;59,1;31,8;13;.;76,9;23,1;
Törnströmska anpassade gymnasieskola;85800840;Karlskrona;1080;Kommunal;Karlskrona kommun;2120000829;Matematik 1A;133;3,8;45,9;50,4;30;3,3;50,0;46,7;103;3,9;44,7;51,5;
Törnströmska anpassade gymnasieskola;85800840;Karlskrona;1080;Kommunal;Karlskrona kommun;2120000829;Matematik 1B;48;2,1;56,3;41,7;29;3,4;41,4;55,2;19;.;78,9;21,1;
Törnströmska anpassade gymnasieskola;85800840;Karlskrona;1080;Kommunal;Karlskrona kommun;2120000829;Svenska 1;102;2,0;61,8;36,3;24;.;75,0;25,0;78;2,6;57,7;39,7;
Törnströmska anpassade gymnasieskola;85800840;Karlskrona;1080;Kommunal;Karlskrona kommun;2120000829;Svenska 3;34;5,9;32,4;61,8;19;5,3;31,6;63,2;15;6,7;33,3;60,0;
Törnströmska anpassade gymnasieskola;85800840;Karlskrona;1080;Kommunal;Karlskrona kommun;2120000829;Svenska som andraspråk 1;12;16,7;8,3;75,0;3;..;..;..;9;..;..;..;
Fria Läroverken Karlstad;27115998;Karlstad;1780;Enskild;Fria Läroverken i Sverige AB;5569172041;Engelska 5;53;1,9;94,3;3,8;17;5,9;82,4;11,8;36;.;100,0;.;
Fria Läroverken Karlstad;27115998;Karlstad;1780;Enskild;Fria Läroverken i Sverige AB;5569172041;Engelska 6;135;7,4;80,7;11,9;55;1,8;80,0;18,2;80;11,3;81,3;7,5;
Fria Läroverken Karlstad;27115998;Karlstad;1780;Enskild;Fria Läroverken i Sverige AB;5569172041;Matematik 1A;53;.;62,3;37,7;17;.;52,9;47,1;36;.;66,7;33,3;
Fria Läroverken Karlstad;27115998;Karlstad;1780;Enskild;Fria Läroverken i Sverige AB;5569172041;Matematik 2B;77;.;77,9;22,1;40;.;80,0;20,0;37;.;75,7;24,3;
Fria Läroverken Karlstad;27115998;Karlstad;1780;Enskild;Fria Läroverken i Sverige AB;5569172041;Matematik 3B;26;.;57,7;42,3;13;.;30,8;69,2;13;.;84,6;15,4;
Fria Läroverken Karlstad;27115998;Karlstad;1780;Enskild;Fria Läroverken i Sverige AB;5569172041;Matematik 3C;2;..;..;..;.;.;.;.;2;..;..;..;
Fria Läroverken Karlstad;27115998;Karlstad;1780;Enskild;Fria Läroverken i Sverige AB;5569172041;Matematik 4;6;..;..;..;3;..;..;..;3;..;..;..;
Fria Läroverken Karlstad;27115998;Karlstad;1780;Enskild;Fria Läroverken i Sverige AB;5569172041;Svenska 3;123;4,1;61,8;34,1;67;6,0;61,2;32,8;56;1,8;62,5;35,7;
Fria Läroverken Karlstad;27115998;Karlstad;1780;Enskild;Fria Läroverken i Sverige AB;5569172041;Svenska som andraspråk 1;1;..;..;..;1;..;..;..;.;.;.;.;
Karlstads Globala Gymnasium;54399371;Karlstad;1780;Enskild;Global bildning AB;5592340144;Matematik 3B;7;..;..;..;2;..;..;..;5;..;..;..;
Karlstads Globala Gymnasium;54399371;Karlstad;1780;Enskild;Global bildning AB;5592340144;Matematik 4;40;2,5;70,0;27,5;17;.;70,6;29,4;23;4,3;69,6;26,1;
Karlstads Globala Gymnasium;54399371;Karlstad;1780;Enskild;Global bildning AB;5592340144;Svenska 3;59;8,5;69,5;22,0;32;9,4;71,9;18,8;27;7,4;66,7;25,9;
KLARA Teoretiska Gymnasium Karlstad;79516949;Karlstad;1780;Enskild;KLARA Gymnasium Kunskap AB;5566303938;Engelska 6;17;11,8;82,4;5,9;5;..;..;..;12;..;..;..;
KLARA Teoretiska Gymnasium Karlstad;79516949;Karlstad;1780;Enskild;KLARA Gymnasium Kunskap AB;5566303938;Matematik 1B;3;..;..;..;2;..;..;..;1;..;..;..;
KLARA Teoretiska Gymnasium Karlstad;79516949;Karlstad;1780;Enskild;KLARA Gymnasium Kunskap AB;5566303938;Matematik 2B;9;..;..;..;6;..;..;..;3;..;..;..;
KLARA Teoretiska Gymnasium Karlstad;79516949;Karlstad;1780;Enskild;KLARA Gymnasium Kunskap AB;5566303938;Matematik 3C;7;..;..;..;.;.;.;.;7;..;..;..;
Lillerudsgymnasiet;65662401;Karlstad;1780;Enskild;Lillerudsgymnasiet AB;5566243548;Engelska 5;68;10,3;73,5;16,2;52;11,5;76,9;11,5;16;6,3;62,5;31,3;
Lillerudsgymnasiet;65662401;Karlstad;1780;Enskild;Lillerudsgymnasiet AB;5566243548;Matematik 1A;77;1,3;61,0;37,7;61;1,6;62,3;36,1;16;.;56,3;43,8;
Lillerudsgymnasiet;65662401;Karlstad;1780;Enskild;Lillerudsgymnasiet AB;5566243548;Svenska 1;69;.;65,2;34,8;55;.;61,8;38,2;14;.;78,6;21,4;
Lillerudsgymnasiet;65662401;Karlstad;1780;Enskild;Lillerudsgymnasiet AB;5566243548;Svenska som andraspråk 1;1;..;..;..;.;.;.;.;1;..;..;..;
Nobelgymnasiet 1;55654062;Karlstad;1780;Kommunal;Karlstads kommun;2120001850;Engelska 5;18;.;94,4;5,6;1;..;..;..;17;..;..;..;
Nobelgymnasiet 1;55654062;Karlstad;1780;Kommunal;Karlstads kommun;2120001850;Matematik 1A;19;.;78,9;21,1;1;..;..;..;18;..;..;..;
Nobelgymnasiet 1;55654062;Karlstad;1780;Kommunal;Karlstads kommun;2120001850;Svenska 1;18;11,1;72,2;16,7;1;..;..;..;17;..;..;..;
Nobelgymnasiet 2;82378820;Karlstad;1780;Kommunal;Karlstads kommun;2120001850;Engelska 5;95;7,4;74,7;17,9;64;7,8;75,0;17,2;31;6,5;74,2;19,4;
Nobelgymnasiet 2;82378820;Karlstad;1780;Kommunal;Karlstads kommun;2120001850;Matematik 1A;96;.;46,9;53,1;61;.;55,7;44,3;35;.;31,4;68,6;
Nobelgymnasiet 2;82378820;Karlstad;1780;Kommunal;Karlstads kommun;2120001850;Svenska 1;95;5,3;66,3;28,4;66;4,5;65,2;30,3;29;6,9;69,0;24,1;
Nobelgymnasiet 2;82378820;Karlstad;1780;Kommunal;Karlstads kommun;2120001850;Svenska som andraspråk 1;1;..;..;..;.;.;.;.;1;..;..;..;
Nobelgymnasiet 3;79909954;Karlstad;1780;Kommunal;Karlstads kommun;2120001850;Engelska 5;89;20,2;77,5;2,2;15;20,0;80,0;.;74;20,3;77,0;2,7;
Nobelgymnasiet 3;79909954;Karlstad;1780;Kommunal;Karlstads kommun;2120001850;Matematik 1A;89;.;68,5;31,5;15;.;46,7;53,3;74;.;73,0;27,0;
Nobelgymnasiet 3;79909954;Karlstad;1780;Kommunal;Karlstads kommun;2120001850;Svenska 1;94;3,2;74,5;22,3;15;.;66,7;33,3;79;3,8;75,9;20,3;
Nobelgymnasiet 3;79909954;Karlstad;1780;Kommunal;Karlstads kommun;2120001850;Svenska som andraspråk 1;1;..;..;..;.;.;.;.;1;..;..;..;
NTI Gymnasiet Karlstad;41867682;Karlstad;1780;Enskild;NTI Gymnasiet Ellips AB;5565970471;Engelska 5;27;18,5;70,4;11,1;.;.;.;.;27;..;..;..;
NTI Gymnasiet Karlstad;41867682;Karlstad;1780;Enskild;NTI Gymnasiet Ellips AB;5565970471;Engelska 6;33;15,2;72,7;12,1;3;..;..;..;30;..;..;..;
NTI Gymnasiet Karlstad;41867682;Karlstad;1780;Enskild;NTI Gymnasiet Ellips AB;5565970471;Matematik 1A;28;.;78,6;21,4;.;.;.;.;28;..;..;..;
NTI Gymnasiet Karlstad;41867682;Karlstad;1780;Enskild;NTI Gymnasiet Ellips AB;5565970471;Matematik 1B;13;.;76,9;23,1;3;..;..;..;10;..;..;..;
NTI Gymnasiet Karlstad;41867682;Karlstad;1780;Enskild;NTI Gymnasiet Ellips AB;5565970471;Matematik 3C;7;..;..;..;.;.;.;.;7;..;..;..;
NTI Gymnasiet Karlstad;41867682;Karlstad;1780;Enskild;NTI Gymnasiet Ellips AB;5565970471;Svenska 1;25;.;40,0;60,0;.;.;.;.;25;..;..;..;
NTI Gymnasiet Karlstad;41867682;Karlstad;1780;Enskild;NTI Gymnasiet Ellips AB;5565970471;Svenska 3;25;4,0;60,0;36,0;5;..;..;..;20;..;..;..;
NTI Gymnasiet Karlstad;41867682;Karlstad;1780;Enskild;NTI Gymnasiet Ellips AB;5565970471;Svenska som andraspråk 1;2;..;..;..;.;.;.;.;2;..;..;..;
NTI Gymnasiet Karlstad;41867682;Karlstad;1780;Enskild;NTI Gymnasiet Ellips AB;5565970471;Svenska som andraspråk 3;5;..;..;..;.;.;.;.;5;..;..;..;
Praktiska Gymnasiet Karlstad;38645259;Karlstad;1780;Enskild;Praktiska Sverige AB;5562575786;Engelska 5;66;9,1;74,2;16,7;16;6,3;68,8;25,0;50;10,0;76,0;14,0;
Praktiska Gymnasiet Karlstad;38645259;Karlstad;1780;Enskild;Praktiska Sverige AB;5562575786;Matematik 1A;65;18,5;44,6;36,9;16;12,5;43,8;43,8;49;20,4;44,9;34,7;
Praktiska Gymnasiet Karlstad;38645259;Karlstad;1780;Enskild;Praktiska Sverige AB;5562575786;Svenska 1;50;2,0;70,0;28,0;15;.;80,0;20,0;35;2,9;65,7;31,4;
Praktiska Gymnasiet Karlstad;38645259;Karlstad;1780;Enskild;Praktiska Sverige AB;5562575786;Svenska som andraspråk 1;8;..;..;..;.;.;.;.;8;..;..;..;
Sundsta-Älvkullegymnasiet 1;99147574;Karlstad;1780;Kommunal;Karlstads kommun;2120001850;Engelska 6;99;5,1;91,9;3,0;65;1,5;95,4;3,1;34;11,8;85,3;2,9;
Sundsta-Älvkullegymnasiet 1;99147574;Karlstad;1780;Kommunal;Karlstads kommun;2120001850;Svenska 3;109;7,3;79,8;12,8;66;4,5;84,8;10,6;43;11,6;72,1;16,3;
Sundsta-Älvkullegymnasiet 1;99147574;Karlstad;1780;Kommunal;Karlstads kommun;2120001850;Svenska som andraspråk 3;12;.;75,0;25,0;8;..;..;..;4;..;..;..;
Sundsta-Älvkullegymnasiet 2;42168219;Karlstad;1780;Kommunal;Karlstads kommun;2120001850;Engelska 6;141;9,9;81,6;8,5;30;3,3;90,0;6,7;111;11,7;79,3;9,0;
Sundsta-Älvkullegymnasiet 2;42168219;Karlstad;1780;Kommunal;Karlstads kommun;2120001850;Matematik 3C;130;1,5;86,9;11,5;30;3,3;96,7;.;100;1,0;84,0;15,0;
Sundsta-Älvkullegymnasiet 2;42168219;Karlstad;1780;Kommunal;Karlstads kommun;2120001850;Svenska 3;148;4,1;54,1;41,9;39;5,1;33,3;61,5;109;3,7;61,5;34,9;
Sundsta-Älvkullegymnasiet 2;42168219;Karlstad;1780;Kommunal;Karlstads kommun;2120001850;Svenska som andraspråk 3;6;..;..;..;2;..;..;..;4;..;..;..;
Sundsta-Älvkullegymnasiet 4;89630390;Karlstad;1780;Kommunal;Karlstads kommun;2120001850;Engelska 6;159;6,9;86,2;6,9;122;7,4;84,4;8,2;37;5,4;91,9;2,7;
Sundsta-Älvkullegymnasiet 4;89630390;Karlstad;1780;Kommunal;Karlstads kommun;2120001850;Matematik 2B;168;0,6;71,4;28,0;124;0,8;71,0;28,2;44;.;72,7;27,3;
Sundsta-Älvkullegymnasiet 4;89630390;Karlstad;1780;Kommunal;Karlstads kommun;2120001850;Svenska 3;138;7,2;58,0;34,8;87;5,7;55,2;39,1;51;9,8;62,7;27,5;
Sundsta-Älvkullegymnasiet 4;89630390;Karlstad;1780;Kommunal;Karlstads kommun;2120001850;Svenska som andraspråk 3;10;.;60,0;40,0;6;..;..;..;4;..;..;..;
Sundsta-Älvkullegymnasiet 5;65637648;Karlstad;1780;Kommunal;Karlstads kommun;2120001850;Engelska 6;92;12,0;79,3;8,7;66;6,1;83,3;10,6;26;26,9;69,2;3,8;
Sundsta-Älvkullegymnasiet 5;65637648;Karlstad;1780;Kommunal;Karlstads kommun;2120001850;Matematik 1B;102;.;80,4;19,6;73;.;80,8;19,2;29;.;79,3;20,7;
Sundsta-Älvkullegymnasiet 5;65637648;Karlstad;1780;Kommunal;Karlstads kommun;2120001850;Svenska 3;94;6,4;62,8;30,9;63;7,9;63,5;28,6;31;3,2;61,3;35,5;
Sundsta-Älvkullegymnasiet 5;65637648;Karlstad;1780;Kommunal;Karlstads kommun;2120001850;Svenska som andraspråk 3;2;..;..;..;1;..;..;..;1;..;..;..;
Sundsta-Älvkullegymnasiet 6;62272121;Karlstad;1780;Kommunal;Karlstads kommun;2120001850;Engelska 6;15;20,0;73,3;6,7;11;..;..;..;4;..;..;..;
Sundsta-Älvkullegymnasiet 6;62272121;Karlstad;1780;Kommunal;Karlstads kommun;2120001850;Matematik 1B;24;.;95,8;4,2;21;..;..;..;3;..;..;..;
Sundsta-Älvkullegymnasiet 6;62272121;Karlstad;1780;Kommunal;Karlstads kommun;2120001850;Svenska 3;21;23,8;71,4;4,8;16;..;..;..;5;..;..;..;
Sundsta-Älvkullegymnasiet 6;62272121;Karlstad;1780;Kommunal;Karlstads kommun;2120001850;Svenska som andraspråk 3;2;..;..;..;2;..;..;..;.;.;.;.;
Thoren Business School Karlstad;87207941;Karlstad;1780;Enskild;Thorengruppen AB;5566139290;Engelska 5;11;.;81,8;18,2;5;..;..;..;6;..;..;..;
Thoren Business School Karlstad;87207941;Karlstad;1780;Enskild;Thorengruppen AB;5566139290;Engelska 6;55;29,1;49,1;21,8;17;17,6;52,9;29,4;38;34,2;47,4;18,4;
Thoren Business School Karlstad;87207941;Karlstad;1780;Enskild;Thorengruppen AB;5566139290;Matematik 1A;10;10,0;90,0;.;5;..;..;..;5;..;..;..;
Thoren Business School Karlstad;87207941;Karlstad;1780;Enskild;Thorengruppen AB;5566139290;Matematik 2B;32;.;53,1;46,9;14;.;57,1;42,9;18;.;50,0;50,0;
Thoren Business School Karlstad;87207941;Karlstad;1780;Enskild;Thorengruppen AB;5566139290;Matematik 3B;22;.;72,7;27,3;6;..;..;..;16;..;..;..;
Thoren Business School Karlstad;87207941;Karlstad;1780;Enskild;Thorengruppen AB;5566139290;Svenska 1;3;..;..;..;.;.;.;.;3;..;..;..;
Thoren Business School Karlstad;87207941;Karlstad;1780;Enskild;Thorengruppen AB;5566139290;Svenska 3;55;1,8;27,3;70,9;24;4,2;25,0;70,8;31;.;29,0;71,0;
Thoren Business School Karlstad;87207941;Karlstad;1780;Enskild;Thorengruppen AB;5566139290;Svenska som andraspråk 3;16;6,3;50,0;43,8;11;..;..;..;5;..;..;..;
Tingvallagymnasiet 1;73235474;Karlstad;1780;Kommunal;Karlstads kommun;2120001850;Engelska 6;112;7,1;79,5;13,4;55;5,5;80,0;14,5;57;8,8;78,9;12,3;
Tingvallagymnasiet 1;73235474;Karlstad;1780;Kommunal;Karlstads kommun;2120001850;Matematik 2B;41;2,4;85,4;12,2;23;.;82,6;17,4;18;5,6;88,9;5,6;
Tingvallagymnasiet 1;73235474;Karlstad;1780;Kommunal;Karlstads kommun;2120001850;Matematik 3B;41;.;73,2;26,8;15;.;60,0;40,0;26;.;80,8;19,2;
Tingvallagymnasiet 2;56249605;Karlstad;1780;Kommunal;Karlstads kommun;2120001850;Engelska 5;45;13,3;77,8;8,9;31;12,9;74,2;12,9;14;14,3;85,7;.;
Tingvallagymnasiet 2;56249605;Karlstad;1780;Kommunal;Karlstads kommun;2120001850;Engelska 6;7;..;..;..;7;..;..;..;.;.;.;.;
Tingvallagymnasiet 2;56249605;Karlstad;1780;Kommunal;Karlstads kommun;2120001850;Matematik 1A;63;.;79,4;20,6;48;.;81,3;18,8;15;.;73,3;26,7;
Tingvallagymnasiet 2;56249605;Karlstad;1780;Kommunal;Karlstads kommun;2120001850;Svenska 1;51;11,8;56,9;31,4;39;10,3;53,8;35,9;12;16,7;66,7;16,7;
Tingvallagymnasiet 2;56249605;Karlstad;1780;Kommunal;Karlstads kommun;2120001850;Svenska som andraspråk 1;13;.;61,5;38,5;12;..;..;..;1;..;..;..;
Duveholmsgymnasiet 1;23836342;Katrineholm;0483;Kommunal;Katrineholms kommun;2120000340;Engelska 6;3;..;..;..;2;..;..;..;1;..;..;..;
Duveholmsgymnasiet 1;23836342;Katrineholm;0483;Kommunal;Katrineholms kommun;2120000340;Matematik 1B;3;..;..;..;3;..;..;..;.;.;.;.;
Duveholmsgymnasiet 1;23836342;Katrineholm;0483;Kommunal;Katrineholms kommun;2120000340;Matematik 2B;41;.;43,9;56,1;30;.;40,0;60,0;11;.;54,5;45,5;
Katrineholms Tekniska College 1;63791419;Katrineholm;0483;Kommunal;Katrineholms kommun;2120000340;Engelska 5;44;11,4;68,2;20,5;23;13,0;52,2;34,8;21;9,5;85,7;4,8;
Katrineholms Tekniska College 1;63791419;Katrineholm;0483;Kommunal;Katrineholms kommun;2120000340;Engelska 6;30;6,7;63,3;30,0;23;..;..;..;7;..;..;..;
Katrineholms Tekniska College 1;63791419;Katrineholm;0483;Kommunal;Katrineholms kommun;2120000340;Matematik 1A;76;.;53,9;46,1;32;.;53,1;46,9;44;.;54,5;45,5;
Katrineholms Tekniska College 1;63791419;Katrineholm;0483;Kommunal;Katrineholms kommun;2120000340;Matematik 3C;13;.;84,6;15,4;9;..;..;..;4;..;..;..;
Katrineholms Tekniska College 1;63791419;Katrineholm;0483;Kommunal;Katrineholms kommun;2120000340;Matematik 4;13;.;84,6;15,4;5;..;..;..;8;..;..;..;
Katrineholms Tekniska College 1;63791419;Katrineholm;0483;Kommunal;Katrineholms kommun;2120000340;Svenska 1;38;.;42,1;57,9;18;.;33,3;66,7;20;.;50,0;50,0;
Katrineholms Tekniska College 1;63791419;Katrineholm;0483;Kommunal;Katrineholms kommun;2120000340;Svenska 3;8;..;..;..;4;..;..;..;4;..;..;..;
Katrineholms Tekniska College 1;63791419;Katrineholm;0483;Kommunal;Katrineholms kommun;2120000340;Svenska som andraspråk 1;23;8,7;17,4;73,9;10;10,0;30,0;60,0;13;7,7;7,7;84,6;
Katrineholms Tekniska College 1;63791419;Katrineholm;0483;Kommunal;Katrineholms kommun;2120000340;Svenska som andraspråk 3;15;.;26,7;73,3;8;..;..;..;7;..;..;..;
Katrineholms Tekniska College 2;39805497;Katrineholm;0483;Kommunal;Katrineholms kommun;2120000340;Engelska 5;53;11,3;60,4;28,3;8;..;..;..;45;..;..;..;
Katrineholms Tekniska College 2;39805497;Katrineholm;0483;Kommunal;Katrineholms kommun;2120000340;Engelska 6;28;7,1;42,9;50,0;4;..;..;..;24;..;..;..;
Katrineholms Tekniska College 2;39805497;Katrineholm;0483;Kommunal;Katrineholms kommun;2120000340;Matematik 1A;86;.;65,1;34,9;12;.;66,7;33,3;74;.;64,9;35,1;
Katrineholms Tekniska College 2;39805497;Katrineholm;0483;Kommunal;Katrineholms kommun;2120000340;Matematik 3C;29;.;100,0;.;4;..;..;..;25;..;..;..;
Katrineholms Tekniska College 2;39805497;Katrineholm;0483;Kommunal;Katrineholms kommun;2120000340;Svenska 1;61;3,3;36,1;60,7;6;..;..;..;55;..;..;..;
Katrineholms Tekniska College 2;39805497;Katrineholm;0483;Kommunal;Katrineholms kommun;2120000340;Svenska 3;19;15,8;57,9;26,3;.;.;.;.;19;..;..;..;
Katrineholms Tekniska College 2;39805497;Katrineholm;0483;Kommunal;Katrineholms kommun;2120000340;Svenska som andraspråk 1;8;..;..;..;.;.;.;.;8;..;..;..;
Katrineholms Tekniska College 2;39805497;Katrineholm;0483;Kommunal;Katrineholms kommun;2120000340;Svenska som andraspråk 3;7;..;..;..;.;.;.;.;7;..;..;..;
Lindengymnasiet;38400227;Katrineholm;0483;Kommunal;Katrineholms kommun;2120000340;Engelska 5;44;.;86,4;13,6;25;.;84,0;16,0;19;.;89,5;10,5;
Lindengymnasiet;38400227;Katrineholm;0483;Kommunal;Katrineholms kommun;2120000340;Engelska 6;62;19,4;61,3;19,4;29;6,9;65,5;27,6;33;30,3;57,6;12,1;
Lindengymnasiet;38400227;Katrineholm;0483;Kommunal;Katrineholms kommun;2120000340;Matematik 1A;47;2,1;63,8;34,0;29;3,4;58,6;37,9;18;.;72,2;27,8;
Lindengymnasiet;38400227;Katrineholm;0483;Kommunal;Katrineholms kommun;2120000340;Matematik 2B;26;.;73,1;26,9;18;..;..;..;8;..;..;..;
Lindengymnasiet;38400227;Katrineholm;0483;Kommunal;Katrineholms kommun;2120000340;Matematik 3B;25;.;72,0;28,0;7;..;..;..;18;..;..;..;
Lindengymnasiet;38400227;Katrineholm;0483;Kommunal;Katrineholms kommun;2120000340;Svenska 1;35;.;45,7;54,3;27;..;..;..;8;..;..;..;
Lindengymnasiet;38400227;Katrineholm;0483;Kommunal;Katrineholms kommun;2120000340;Svenska 3;31;.;35,5;64,5;16;.;12,5;87,5;15;.;60,0;40,0;
Lindengymnasiet;38400227;Katrineholm;0483;Kommunal;Katrineholms kommun;2120000340;Svenska som andraspråk 1;11;.;63,6;36,4;2;..;..;..;9;..;..;..;
Lindengymnasiet;38400227;Katrineholm;0483;Kommunal;Katrineholms kommun;2120000340;Svenska som andraspråk 3;9;..;..;..;3;..;..;..;6;..;..;..;
Lapplands Gymnasium Kiruna enh. 1;53630885;Kiruna;2584;Kommunal;Lapplands Kommunalförbund;2220000760;Engelska 6;41;.;85,4;14,6;31;.;87,1;12,9;10;.;80,0;20,0;
Lapplands Gymnasium Kiruna enh. 1;53630885;Kiruna;2584;Kommunal;Lapplands Kommunalförbund;2220000760;Matematik 2B;28;3,6;64,3;32,1;20;..;..;..;8;..;..;..;
Lapplands Gymnasium Kiruna enh. 1;53630885;Kiruna;2584;Kommunal;Lapplands Kommunalförbund;2220000760;Matematik 3B;12;.;83,3;16,7;4;..;..;..;8;..;..;..;
Lapplands Gymnasium Kiruna enh. 1;53630885;Kiruna;2584;Kommunal;Lapplands Kommunalförbund;2220000760;Svenska 3;38;7,9;52,6;39,5;24;.;50,0;50,0;14;21,4;57,1;21,4;
Lapplands Gymnasium Kiruna enh. 2;53048977;Kiruna;2584;Kommunal;Lapplands Kommunalförbund;2220000760;Engelska 5;29;13,8;72,4;13,8;5;..;..;..;24;..;..;..;
Lapplands Gymnasium Kiruna enh. 2;53048977;Kiruna;2584;Kommunal;Lapplands Kommunalförbund;2220000760;Engelska 6;36;2,8;75,0;22,2;17;.;82,4;17,6;19;5,3;68,4;26,3;
Lapplands Gymnasium Kiruna enh. 2;53048977;Kiruna;2584;Kommunal;Lapplands Kommunalförbund;2220000760;Matematik 1A;36;.;83,3;16,7;8;..;..;..;28;..;..;..;
Lapplands Gymnasium Kiruna enh. 2;53048977;Kiruna;2584;Kommunal;Lapplands Kommunalförbund;2220000760;Matematik 4;17;.;52,9;47,1;9;..;..;..;8;..;..;..;
Lapplands Gymnasium Kiruna enh. 2;53048977;Kiruna;2584;Kommunal;Lapplands Kommunalförbund;2220000760;Svenska 1;32;.;46,9;53,1;6;..;..;..;26;..;..;..;
Lapplands Gymnasium Kiruna enh. 2;53048977;Kiruna;2584;Kommunal;Lapplands Kommunalförbund;2220000760;Svenska 3;27;3,7;44,4;51,9;14;.;50,0;50,0;13;7,7;38,5;53,8;
Lapplands Gymnasium Kiruna enh. 2;53048977;Kiruna;2584;Kommunal;Lapplands Kommunalförbund;2220000760;Svenska som andraspråk 3;1;..;..;..;.;.;.;.;1;..;..;..;
Lapplands Gymnasium Kiruna enh. 3;53131149;Kiruna;2584;Kommunal;Lapplands Kommunalförbund;2220000760;Engelska 5;73;13,7;71,2;15,1;23;4,3;56,5;39,1;50;18,0;78,0;4,0;
Lapplands Gymnasium Kiruna enh. 3;53131149;Kiruna;2584;Kommunal;Lapplands Kommunalförbund;2220000760;Engelska 6;7;..;..;..;5;..;..;..;2;..;..;..;
Lapplands Gymnasium Kiruna enh. 3;53131149;Kiruna;2584;Kommunal;Lapplands Kommunalförbund;2220000760;Matematik 1A;68;.;75,0;25,0;19;.;68,4;31,6;49;.;77,6;22,4;
Lapplands Gymnasium Kiruna enh. 3;53131149;Kiruna;2584;Kommunal;Lapplands Kommunalförbund;2220000760;Matematik 1B;9;..;..;..;8;..;..;..;1;..;..;..;
Lapplands Gymnasium Kiruna enh. 3;53131149;Kiruna;2584;Kommunal;Lapplands Kommunalförbund;2220000760;Svenska 1;66;1,5;40,9;57,6;18;.;27,8;72,2;48;2,1;45,8;52,1;
Lapplands Gymnasium Kiruna enh. 3;53131149;Kiruna;2584;Kommunal;Lapplands Kommunalförbund;2220000760;Svenska 3;7;..;..;..;2;..;..;..;5;..;..;..;
Lapplands Gymnasium Kiruna enh. 3;53131149;Kiruna;2584;Kommunal;Lapplands Kommunalförbund;2220000760;Svenska som andraspråk 3;1;..;..;..;.;.;.;.;1;..;..;..;
Rymdgymnasiet;90006712;Kiruna;2584;Enskild;Malmens Friskola AB;5565528022;Engelska 6;29;3,4;86,2;10,3;12;.;91,7;8,3;17;5,9;82,4;11,8;
Flygteknikcenter, Ljungbyhed;43649848;Klippan;1276;Kommunal;Klippans kommun;2120000928;Engelska 6;18;.;83,3;16,7;2;..;..;..;16;..;..;..;
Flygteknikcenter, Ljungbyhed;43649848;Klippan;1276;Kommunal;Klippans kommun;2120000928;Svenska 1;15;.;60,0;40,0;2;..;..;..;13;..;..;..;
Flygteknikcenter, Ljungbyhed;43649848;Klippan;1276;Kommunal;Klippans kommun;2120000928;Svenska som andraspråk 1;4;..;..;..;1;..;..;..;3;..;..;..;
Tegelbruksskolan;84247499;Klippan;1276;Kommunal;Klippans kommun;2120000928;Matematik 1A;22;.;50,0;50,0;2;..;..;..;20;..;..;..;
Åbyskolan;27041885;Klippan;1276;Kommunal;Klippans kommun;2120000928;Engelska 5;54;.;90,7;9,3;40;.;92,5;7,5;14;.;85,7;14,3;
Åbyskolan;27041885;Klippan;1276;Kommunal;Klippans kommun;2120000928;Engelska 6;68;1,5;97,1;1,5;32;.;100,0;.;36;2,8;94,4;2,8;
Åbyskolan;27041885;Klippan;1276;Kommunal;Klippans kommun;2120000928;Matematik 3B;8;..;..;..;4;..;..;..;4;..;..;..;
Åbyskolan;27041885;Klippan;1276;Kommunal;Klippans kommun;2120000928;Svenska 3;52;1,9;78,8;19,2;24;4,2;70,8;25,0;28;.;85,7;14,3;
Sjögrenska gymnasiet;97064126;Knivsta;0330;Kommunal;Knivsta kommun;2120003013;Engelska 5;6;..;..;..;2;..;..;..;4;..;..;..;
Sjögrenska gymnasiet;97064126;Knivsta;0330;Kommunal;Knivsta kommun;2120003013;Matematik 1A;8;..;..;..;4;..;..;..;4;..;..;..;
Sjögrenska gymnasiet;97064126;Knivsta;0330;Kommunal;Knivsta kommun;2120003013;Svenska 1;1;..;..;..;1;..;..;..;.;.;.;.;
Sjögrenska gymnasiet;97064126;Knivsta;0330;Kommunal;Knivsta kommun;2120003013;Svenska som andraspråk 1;1;..;..;..;.;.;.;.;1;..;..;..;
Räddningsgymnasiet Sandö;38233622;Kramfors;2282;Kommunal;Kramfors kommun;2120002429;Matematik 3C;12;.;66,7;33,3;6;..;..;..;6;..;..;..;
Räddningsgymnasiet Sandö;38233622;Kramfors;2282;Kommunal;Kramfors kommun;2120002429;Svenska 3;18;11,1;72,2;16,7;10;..;..;..;8;..;..;..;
Räddningsgymnasiet Sandö;38233622;Kramfors;2282;Kommunal;Kramfors kommun;2120002429;Svenska som andraspråk 3;1;..;..;..;1;..;..;..;.;.;.;.;
Ådalsskolan 1;48156011;Kramfors;2282;Kommunal;Kramfors kommun;2120002429;Engelska 6;47;14,9;78,7;6,4;27;11,1;77,8;11,1;20;20,0;80,0;.;
Ådalsskolan 1;48156011;Kramfors;2282;Kommunal;Kramfors kommun;2120002429;Matematik 1B;6;..;..;..;3;..;..;..;3;..;..;..;
Ådalsskolan 1;48156011;Kramfors;2282;Kommunal;Kramfors kommun;2120002429;Matematik 2B;9;..;..;..;6;..;..;..;3;..;..;..;
Ådalsskolan 1;48156011;Kramfors;2282;Kommunal;Kramfors kommun;2120002429;Matematik 3C;18;.;55,6;44,4;5;..;..;..;13;..;..;..;
Ådalsskolan 1;48156011;Kramfors;2282;Kommunal;Kramfors kommun;2120002429;Matematik 4;10;.;30,0;70,0;7;..;..;..;3;..;..;..;
Ådalsskolan 1;48156011;Kramfors;2282;Kommunal;Kramfors kommun;2120002429;Svenska 3;55;1,8;54,5;43,6;33;3,0;48,5;48,5;22;.;63,6;36,4;
Ådalsskolan 1;48156011;Kramfors;2282;Kommunal;Kramfors kommun;2120002429;Svenska som andraspråk 3;8;..;..;..;2;..;..;..;6;..;..;..;
Ådalsskolan 2;48722826;Kramfors;2282;Kommunal;Kramfors kommun;2120002429;Engelska 5;47;8,5;89,4;2,1;17;11,8;82,4;5,9;30;6,7;93,3;.;
Ådalsskolan 2;48722826;Kramfors;2282;Kommunal;Kramfors kommun;2120002429;Matematik 1A;31;6,5;54,8;38,7;17;5,9;58,8;35,3;14;7,1;50,0;42,9;
Ådalsskolan 2;48722826;Kramfors;2282;Kommunal;Kramfors kommun;2120002429;Svenska 1;36;8,3;75,0;16,7;12;8,3;75,0;16,7;24;8,3;75,0;16,7;
Ådalsskolan 2;48722826;Kramfors;2282;Kommunal;Kramfors kommun;2120002429;Svenska som andraspråk 1;6;..;..;..;3;..;..;..;3;..;..;..;
Ådalsskolan 3;87094678;Kramfors;2282;Kommunal;Kramfors kommun;2120002429;Engelska 5;27;11,1;74,1;14,8;21;..;..;..;6;..;..;..;
Ådalsskolan 3;87094678;Kramfors;2282;Kommunal;Kramfors kommun;2120002429;Matematik 1A;22;4,5;68,2;27,3;16;..;..;..;6;..;..;..;
Ådalsskolan 3;87094678;Kramfors;2282;Kommunal;Kramfors kommun;2120002429;Svenska 1;24;12,5;75,0;12,5;17;..;..;..;7;..;..;..;
Academy of Retail and Business (ARB);85014247;Kristianstad;1290;Enskild;Academy of Retail and Business Education Kristianstad AB;5569863433;Engelska 6;22;18,2;59,1;22,7;7;..;..;..;15;..;..;..;
Academy of Retail and Business (ARB);85014247;Kristianstad;1290;Enskild;Academy of Retail and Business Education Kristianstad AB;5569863433;Matematik 3B;16;.;75,0;25,0;7;..;..;..;9;..;..;..;
Academy of Retail and Business (ARB);85014247;Kristianstad;1290;Enskild;Academy of Retail and Business Education Kristianstad AB;5569863433;Svenska 3;26;3,8;53,8;42,3;16;6,3;68,8;25,0;10;.;30,0;70,0;
Christian 4:s Gymnasium 11;84341377;Kristianstad;1290;Kommunal;Kristianstads kommun;2120000951;Engelska 6;25;16,0;76,0;8,0;19;..;..;..;6;..;..;..;
Christian 4:s Gymnasium 11;84341377;Kristianstad;1290;Kommunal;Kristianstads kommun;2120000951;Matematik 1B;50;.;68,0;32,0;36;.;72,2;27,8;14;.;57,1;42,9;
Christian 4:s Gymnasium 11;84341377;Kristianstad;1290;Kommunal;Kristianstads kommun;2120000951;Svenska 3;19;26,3;63,2;10,5;16;..;..;..;3;..;..;..;
Christian 4:s Gymnasium 11;84341377;Kristianstad;1290;Kommunal;Kristianstads kommun;2120000951;Svenska som andraspråk 3;1;..;..;..;.;.;.;.;1;..;..;..;
Christian 4:s Gymnasium 12;20734425;Kristianstad;1290;Kommunal;Kristianstads kommun;2120000951;Engelska 5;19;.;78,9;21,1;15;..;..;..;4;..;..;..;
Christian 4:s Gymnasium 12;20734425;Kristianstad;1290;Kommunal;Kristianstads kommun;2120000951;Engelska 6;5;..;..;..;5;..;..;..;.;.;.;.;
Christian 4:s Gymnasium 12;20734425;Kristianstad;1290;Kommunal;Kristianstads kommun;2120000951;Matematik 1A;26;3,8;50,0;46,2;20;..;..;..;6;..;..;..;
Christian 4:s Gymnasium 12;20734425;Kristianstad;1290;Kommunal;Kristianstads kommun;2120000951;Svenska 1;25;.;64,0;36,0;18;..;..;..;7;..;..;..;
Christian 4:s Gymnasium 12;20734425;Kristianstad;1290;Kommunal;Kristianstads kommun;2120000951;Svenska som andraspråk 1;1;..;..;..;1;..;..;..;.;.;.;.;
Christian 4:s Gymnasium 13;71073360;Kristianstad;1290;Kommunal;Kristianstads kommun;2120000951;Engelska 5;1;..;..;..;.;.;.;.;1;..;..;..;
Christian 4:s Gymnasium 13;71073360;Kristianstad;1290;Kommunal;Kristianstads kommun;2120000951;Engelska 6;19;10,5;89,5;.;15;..;..;..;4;..;..;..;
Christian 4:s Gymnasium 13;71073360;Kristianstad;1290;Kommunal;Kristianstads kommun;2120000951;Matematik 2B;9;..;..;..;9;..;..;..;.;.;.;.;
Christian 4:s Gymnasium 13;71073360;Kristianstad;1290;Kommunal;Kristianstads kommun;2120000951;Matematik 4;13;.;69,2;30,8;9;..;..;..;4;..;..;..;
Christian 4:s Gymnasium 13;71073360;Kristianstad;1290;Kommunal;Kristianstads kommun;2120000951;Svenska 3;5;..;..;..;4;..;..;..;1;..;..;..;
Christian 4:s Gymnasium 13;71073360;Kristianstad;1290;Kommunal;Kristianstads kommun;2120000951;Svenska som andraspråk 3;10;.;20,0;80,0;9;..;..;..;1;..;..;..;
Drottning Blankas Gymnasieskola Kristianstad;67554405;Kristianstad;1290;Enskild;DBGY Juvelen AB;5565789129;Engelska 5;102;7,8;88,2;3,9;81;8,6;86,4;4,9;21;4,8;95,2;.;
Drottning Blankas Gymnasieskola Kristianstad;67554405;Kristianstad;1290;Enskild;DBGY Juvelen AB;5565789129;Engelska 6;104;9,6;80,8;9,6;70;8,6;77,1;14,3;34;11,8;88,2;.;
Drottning Blankas Gymnasieskola Kristianstad;67554405;Kristianstad;1290;Enskild;DBGY Juvelen AB;5565789129;Matematik 1A;106;0,9;96,2;2,8;84;1,2;95,2;3,6;22;.;100,0;.;
Drottning Blankas Gymnasieskola Kristianstad;67554405;Kristianstad;1290;Enskild;DBGY Juvelen AB;5565789129;Matematik 1B;9;..;..;..;6;..;..;..;3;..;..;..;
Drottning Blankas Gymnasieskola Kristianstad;67554405;Kristianstad;1290;Enskild;DBGY Juvelen AB;5565789129;Matematik 2B;66;.;78,8;21,2;50;.;84,0;16,0;16;.;62,5;37,5;
Drottning Blankas Gymnasieskola Kristianstad;67554405;Kristianstad;1290;Enskild;DBGY Juvelen AB;5565789129;Matematik 3B;29;.;86,2;13,8;19;.;89,5;10,5;10;.;80,0;20,0;
Drottning Blankas Gymnasieskola Kristianstad;67554405;Kristianstad;1290;Enskild;DBGY Juvelen AB;5565789129;Svenska 1;82;.;82,9;17,1;67;.;82,1;17,9;15;.;86,7;13,3;
Drottning Blankas Gymnasieskola Kristianstad;67554405;Kristianstad;1290;Enskild;DBGY Juvelen AB;5565789129;Svenska 3;89;7,9;76,4;15,7;68;10,3;73,5;16,2;21;.;85,7;14,3;
Drottning Blankas Gymnasieskola Kristianstad;67554405;Kristianstad;1290;Enskild;DBGY Juvelen AB;5565789129;Svenska som andraspråk 1;17;.;64,7;35,3;11;..;..;..;6;..;..;..;
Drottning Blankas Gymnasieskola Kristianstad;67554405;Kristianstad;1290;Enskild;DBGY Juvelen AB;5565789129;Svenska som andraspråk 3;21;19,0;81,0;.;11;18,2;81,8;.;10;20,0;80,0;.;
Furuboda Gymnasieskola;10975008;Kristianstad;1290;Enskild;Föreningen Furuboda;8382005281;Engelska 5;4;..;..;..;4;..;..;..;.;.;.;.;
Furuboda Gymnasieskola;10975008;Kristianstad;1290;Enskild;Föreningen Furuboda;8382005281;Svenska 1;4;..;..;..;4;..;..;..;.;.;.;.;
JENSEN Gymnasium Kristianstad;17666526;Kristianstad;1290;Enskild;Jensen Education College AB;5566358759;Engelska 6;39;10,3;76,9;12,8;21;14,3;66,7;19,0;18;5,6;88,9;5,6;
JENSEN Gymnasium Kristianstad;17666526;Kristianstad;1290;Enskild;Jensen Education College AB;5566358759;Matematik 3C;4;..;..;..;.;.;.;.;4;..;..;..;
LBS Kreativa Gymnasiet Kristianstad;43251309;Kristianstad;1290;Enskild;Ljud & Bildskolan LBS AB;5564851649;Engelska 6;38;15,8;71,1;13,2;6;..;..;..;32;..;..;..;
LBS Kreativa Gymnasiet Kristianstad;43251309;Kristianstad;1290;Enskild;Ljud & Bildskolan LBS AB;5564851649;Matematik 1B;36;.;83,3;16,7;10;.;80,0;20,0;26;.;84,6;15,4;
LBS Kreativa Gymnasiet Kristianstad;43251309;Kristianstad;1290;Enskild;Ljud & Bildskolan LBS AB;5564851649;Matematik 3C;12;.;58,3;41,7;.;.;.;.;12;..;..;..;
LBS Kreativa Gymnasiet Kristianstad;43251309;Kristianstad;1290;Enskild;Ljud & Bildskolan LBS AB;5564851649;Svenska 3;34;5,9;85,3;8,8;6;..;..;..;28;..;..;..;
LBS Kreativa Gymnasiet Kristianstad;43251309;Kristianstad;1290;Enskild;Ljud & Bildskolan LBS AB;5564851649;Svenska som andraspråk 3;2;..;..;..;1;..;..;..;1;..;..;..;
NTI Gymnasiet Kristianstad;53691739;Kristianstad;1290;Enskild;NTI Gymnasiet Ellips AB;5565970471;Engelska 5;23;17,4;47,8;34,8;2;..;..;..;21;..;..;..;
NTI Gymnasiet Kristianstad;53691739;Kristianstad;1290;Enskild;NTI Gymnasiet Ellips AB;5565970471;Engelska 6;16;.;50,0;50,0;4;..;..;..;12;..;..;..;
NTI Gymnasiet Kristianstad;53691739;Kristianstad;1290;Enskild;NTI Gymnasiet Ellips AB;5565970471;Matematik 1A;30;.;86,7;13,3;3;..;..;..;27;..;..;..;
NTI Gymnasiet Kristianstad;53691739;Kristianstad;1290;Enskild;NTI Gymnasiet Ellips AB;5565970471;Matematik 3C;16;.;50,0;50,0;4;..;..;..;12;..;..;..;
NTI Gymnasiet Kristianstad;53691739;Kristianstad;1290;Enskild;NTI Gymnasiet Ellips AB;5565970471;Svenska 1;21;23,8;42,9;33,3;2;..;..;..;19;..;..;..;
NTI Gymnasiet Kristianstad;53691739;Kristianstad;1290;Enskild;NTI Gymnasiet Ellips AB;5565970471;Svenska 3;10;.;70,0;30,0;.;.;.;.;10;..;..;..;
NTI Gymnasiet Kristianstad;53691739;Kristianstad;1290;Enskild;NTI Gymnasiet Ellips AB;5565970471;Svenska som andraspråk 1;6;..;..;..;1;..;..;..;5;..;..;..;
NTI Gymnasiet Kristianstad;53691739;Kristianstad;1290;Enskild;NTI Gymnasiet Ellips AB;5565970471;Svenska som andraspråk 3;11;.;63,6;36,4;4;..;..;..;7;..;..;..;
Praktiska Gymnasiet Kristianstad;71571158;Kristianstad;1290;Enskild;Praktiska Studier Riks AB;5565755500;Engelska 5;44;2,3;68,2;29,5;18;.;72,2;27,8;26;3,8;65,4;30,8;
Praktiska Gymnasiet Kristianstad;71571158;Kristianstad;1290;Enskild;Praktiska Studier Riks AB;5565755500;Matematik 1A;39;.;61,5;38,5;16;.;68,8;31,3;23;.;56,5;43,5;
Praktiska Gymnasiet Kristianstad;71571158;Kristianstad;1290;Enskild;Praktiska Studier Riks AB;5565755500;Svenska 1;20;5,0;75,0;20,0;7;..;..;..;13;..;..;..;
Praktiska Gymnasiet Kristianstad;71571158;Kristianstad;1290;Enskild;Praktiska Studier Riks AB;5565755500;Svenska som andraspråk 1;11;.;63,6;36,4;5;..;..;..;6;..;..;..;
Söderportgymnasiet 31;73944169;Kristianstad;1290;Kommunal;Kristianstads kommun;2120000951;Engelska 5;22;18,2;77,3;4,5;17;..;..;..;5;..;..;..;
Söderportgymnasiet 31;73944169;Kristianstad;1290;Kommunal;Kristianstads kommun;2120000951;Engelska 6;91;5,5;80,2;14,3;61;8,2;75,4;16,4;30;.;90,0;10,0;
Söderportgymnasiet 31;73944169;Kristianstad;1290;Kommunal;Kristianstads kommun;2120000951;Matematik 1A;21;.;61,9;38,1;16;..;..;..;5;..;..;..;
Söderportgymnasiet 31;73944169;Kristianstad;1290;Kommunal;Kristianstads kommun;2120000951;Matematik 2B;78;.;38,5;61,5;51;.;33,3;66,7;27;.;48,1;51,9;
Söderportgymnasiet 31;73944169;Kristianstad;1290;Kommunal;Kristianstads kommun;2120000951;Svenska 1;13;.;53,8;46,2;11;..;..;..;2;..;..;..;
Söderportgymnasiet 31;73944169;Kristianstad;1290;Kommunal;Kristianstads kommun;2120000951;Svenska 3;73;4,1;47,9;47,9;51;5,9;41,2;52,9;22;.;63,6;36,4;
Söderportgymnasiet 31;73944169;Kristianstad;1290;Kommunal;Kristianstads kommun;2120000951;Svenska som andraspråk 1;5;..;..;..;2;..;..;..;3;..;..;..;
Söderportgymnasiet 31;73944169;Kristianstad;1290;Kommunal;Kristianstads kommun;2120000951;Svenska som andraspråk 3;6;..;..;..;3;..;..;..;3;..;..;..;
Söderportgymnasiet 32;59849681;Kristianstad;1290;Kommunal;Kristianstads kommun;2120000951;Engelska 5;50;14,0;72,0;14,0;27;7,4;77,8;14,8;23;21,7;65,2;13,0;
Söderportgymnasiet 32;59849681;Kristianstad;1290;Kommunal;Kristianstads kommun;2120000951;Engelska 6;120;.;78,3;21,7;65;.;72,3;27,7;55;.;85,5;14,5;
Söderportgymnasiet 32;59849681;Kristianstad;1290;Kommunal;Kristianstads kommun;2120000951;Matematik 1A;48;4,2;47,9;47,9;26;.;46,2;53,8;22;9,1;50,0;40,9;
Söderportgymnasiet 32;59849681;Kristianstad;1290;Kommunal;Kristianstads kommun;2120000951;Matematik 2B;35;.;22,9;77,1;32;..;..;..;3;..;..;..;
Söderportgymnasiet 32;59849681;Kristianstad;1290;Kommunal;Kristianstads kommun;2120000951;Matematik 3B;25;.;56,0;44,0;5;..;..;..;20;..;..;..;
Söderportgymnasiet 32;59849681;Kristianstad;1290;Kommunal;Kristianstads kommun;2120000951;Svenska 1;41;.;75,6;24,4;25;.;76,0;24,0;16;.;75,0;25,0;
Söderportgymnasiet 32;59849681;Kristianstad;1290;Kommunal;Kristianstads kommun;2120000951;Svenska 3;48;6,3;70,8;22,9;17;5,9;70,6;23,5;31;6,5;71,0;22,6;
Söderportgymnasiet 32;59849681;Kristianstad;1290;Kommunal;Kristianstads kommun;2120000951;Svenska som andraspråk 1;7;..;..;..;2;..;..;..;5;..;..;..;
Söderportgymnasiet 32;59849681;Kristianstad;1290;Kommunal;Kristianstads kommun;2120000951;Svenska som andraspråk 3;8;..;..;..;4;..;..;..;4;..;..;..;
Söderportgymnasiet 33;98239050;Kristianstad;1290;Kommunal;Kristianstads kommun;2120000951;Engelska 6;24;4,2;70,8;25,0;17;..;..;..;7;..;..;..;
Söderportgymnasiet 33;98239050;Kristianstad;1290;Kommunal;Kristianstads kommun;2120000951;Matematik 4;22;9,1;68,2;22,7;15;..;..;..;7;..;..;..;
Söderportgymnasiet 33;98239050;Kristianstad;1290;Kommunal;Kristianstads kommun;2120000951;Svenska som andraspråk 3;19;.;36,8;63,2;14;..;..;..;5;..;..;..;
Wendesgymnasiet 51;58368956;Kristianstad;1290;Kommunal;Kristianstads kommun;2120000951;Engelska 5;56;17,9;71,4;10,7;3;..;..;..;53;..;..;..;
Wendesgymnasiet 51;58368956;Kristianstad;1290;Kommunal;Kristianstads kommun;2120000951;Matematik 1A;58;.;60,3;39,7;3;..;..;..;55;..;..;..;
Wendesgymnasiet 51;58368956;Kristianstad;1290;Kommunal;Kristianstads kommun;2120000951;Svenska 1;56;1,8;92,9;5,4;3;..;..;..;53;..;..;..;
Wendesgymnasiet 52;73567152;Kristianstad;1290;Kommunal;Kristianstads kommun;2120000951;Engelska 5;62;9,7;74,2;16,1;6;..;..;..;56;..;..;..;
Wendesgymnasiet 52;73567152;Kristianstad;1290;Kommunal;Kristianstads kommun;2120000951;Matematik 1A;67;.;44,8;55,2;6;..;..;..;61;..;..;..;
Wendesgymnasiet 52;73567152;Kristianstad;1290;Kommunal;Kristianstads kommun;2120000951;Svenska 1;56;5,4;58,9;35,7;6;..;..;..;50;..;..;..;
Wendesgymnasiet 52;73567152;Kristianstad;1290;Kommunal;Kristianstads kommun;2120000951;Svenska som andraspråk 1;2;..;..;..;.;.;.;.;2;..;..;..;
Önnestadsgymnasiet;61547652;Kristianstad;1290;Enskild;Hushållningssällskapets Kompetensutveckling i Syd AB (HUSKAB);5567502777;Engelska 5;73;13,7;56,2;30,1;38;5,3;47,4;47,4;35;22,9;65,7;11,4;
Önnestadsgymnasiet;61547652;Kristianstad;1290;Enskild;Hushållningssällskapets Kompetensutveckling i Syd AB (HUSKAB);5567502777;Matematik 1A;71;.;83,1;16,9;34;.;85,3;14,7;37;.;81,1;18,9;
Önnestadsgymnasiet;61547652;Kristianstad;1290;Enskild;Hushållningssällskapets Kompetensutveckling i Syd AB (HUSKAB);5567502777;Svenska 1;70;5,7;61,4;32,9;38;5,3;71,1;23,7;32;6,3;50,0;43,8;
Österänggymnasiet 61;21702982;Kristianstad;1290;Kommunal;Kristianstads kommun;2120000951;Engelska 6;83;10,8;78,3;10,8;41;7,3;78,0;14,6;42;14,3;78,6;7,1;
Österänggymnasiet 61;21702982;Kristianstad;1290;Kommunal;Kristianstads kommun;2120000951;Matematik 3C;8;..;..;..;3;..;..;..;5;..;..;..;
Österänggymnasiet 61;21702982;Kristianstad;1290;Kommunal;Kristianstads kommun;2120000951;Matematik 4;64;.;73,4;26,6;32;.;68,8;31,3;32;.;78,1;21,9;
Österänggymnasiet 61;21702982;Kristianstad;1290;Kommunal;Kristianstads kommun;2120000951;Svenska 3;74;.;40,5;59,5;46;.;39,1;60,9;28;.;42,9;57,1;
Österänggymnasiet 63;87034307;Kristianstad;1290;Kommunal;Kristianstads kommun;2120000951;Engelska 6;84;10,7;64,3;25,0;30;3,3;50,0;46,7;54;14,8;72,2;13,0;
Österänggymnasiet 63;87034307;Kristianstad;1290;Kommunal;Kristianstads kommun;2120000951;Matematik 2B;30;.;83,3;16,7;19;.;78,9;21,1;11;.;90,9;9,1;
Österänggymnasiet 63;87034307;Kristianstad;1290;Kommunal;Kristianstads kommun;2120000951;Matematik 3C;7;..;..;..;.;.;.;.;7;..;..;..;
Österänggymnasiet 63;87034307;Kristianstad;1290;Kommunal;Kristianstads kommun;2120000951;Matematik 4;31;.;87,1;12,9;8;..;..;..;23;..;..;..;
Österänggymnasiet 63;87034307;Kristianstad;1290;Kommunal;Kristianstads kommun;2120000951;Svenska 3;91;7,7;58,2;34,1;35;5,7;57,1;37,1;56;8,9;58,9;32,1;
Österänggymnasiet 64;62104139;Kristianstad;1290;Kommunal;Kristianstads kommun;2120000951;Engelska 5;24;4,2;87,5;8,3;12;.;83,3;16,7;12;8,3;91,7;.;
Österänggymnasiet 64;62104139;Kristianstad;1290;Kommunal;Kristianstads kommun;2120000951;Matematik 1A;26;.;92,3;7,7;13;.;92,3;7,7;13;.;92,3;7,7;
Österänggymnasiet 64;62104139;Kristianstad;1290;Kommunal;Kristianstads kommun;2120000951;Svenska 1;8;..;..;..;6;..;..;..;2;..;..;..;
Österänggymnasiet 64;62104139;Kristianstad;1290;Kommunal;Kristianstads kommun;2120000951;Svenska som andraspråk 1;3;..;..;..;1;..;..;..;2;..;..;..;
Österänggymnasiet 66;54084550;Kristianstad;1290;Kommunal;Kristianstads kommun;2120000951;Engelska 5;35;20,0;62,9;17,1;.;.;.;.;35;..;..;..;
Österänggymnasiet 66;54084550;Kristianstad;1290;Kommunal;Kristianstads kommun;2120000951;Matematik 1A;45;.;82,2;17,8;1;..;..;..;44;..;..;..;
Österänggymnasiet 66;54084550;Kristianstad;1290;Kommunal;Kristianstads kommun;2120000951;Svenska 1;30;6,7;53,3;40,0;.;.;.;.;30;..;..;..;
Österänggymnasiet 66;54084550;Kristianstad;1290;Kommunal;Kristianstads kommun;2120000951;Svenska som andraspråk 1;5;..;..;..;.;.;.;.;5;..;..;..;
Brogymnasiet;86972402;Kristinehamn;1781;Kommunal;Kristinehamns kommun;2120001868;Engelska 5;58;3,4;74,1;22,4;19;.;68,4;31,6;39;5,1;76,9;17,9;
Brogymnasiet;86972402;Kristinehamn;1781;Kommunal;Kristinehamns kommun;2120001868;Engelska 6;56;12,5;66,1;21,4;36;11,1;66,7;22,2;20;15,0;65,0;20,0;
Brogymnasiet;86972402;Kristinehamn;1781;Kommunal;Kristinehamns kommun;2120001868;Matematik 1A;52;.;15,4;84,6;17;.;17,6;82,4;35;.;14,3;85,7;
Brogymnasiet;86972402;Kristinehamn;1781;Kommunal;Kristinehamns kommun;2120001868;Matematik 2B;28;.;64,3;35,7;23;..;..;..;5;..;..;..;
Brogymnasiet;86972402;Kristinehamn;1781;Kommunal;Kristinehamns kommun;2120001868;Matematik 3B;4;..;..;..;4;..;..;..;.;.;.;.;
Brogymnasiet;86972402;Kristinehamn;1781;Kommunal;Kristinehamns kommun;2120001868;Matematik 4;17;.;82,4;17,6;7;..;..;..;10;..;..;..;
Brogymnasiet;86972402;Kristinehamn;1781;Kommunal;Kristinehamns kommun;2120001868;Svenska 1;47;.;70,2;29,8;15;.;40,0;60,0;32;.;84,4;15,6;
Brogymnasiet;86972402;Kristinehamn;1781;Kommunal;Kristinehamns kommun;2120001868;Svenska 3;59;3,4;61,0;35,6;33;.;57,6;42,4;26;7,7;65,4;26,9;
Brogymnasiet;86972402;Kristinehamn;1781;Kommunal;Kristinehamns kommun;2120001868;Svenska som andraspråk 1;7;..;..;..;4;..;..;..;3;..;..;..;
Brogymnasiet;86972402;Kristinehamn;1781;Kommunal;Kristinehamns kommun;2120001868;Svenska som andraspråk 3;7;..;..;..;6;..;..;..;1;..;..;..;
Dille Gård Naturbruksgymnasium;62490359;Krokom;2309;Enskild;Dille Gård AB;5564173853;Engelska 5;45;4,4;80,0;15,6;29;3,4;82,8;13,8;16;6,3;75,0;18,8;
Dille Gård Naturbruksgymnasium;62490359;Krokom;2309;Enskild;Dille Gård AB;5564173853;Matematik 1A;33;.;66,7;33,3;22;.;68,2;31,8;11;.;63,6;36,4;
Dille Gård Naturbruksgymnasium;62490359;Krokom;2309;Enskild;Dille Gård AB;5564173853;Svenska 1;47;4,3;61,7;34,0;29;3,4;69,0;27,6;18;5,6;50,0;44,4;
Jämtlands Gymn, Torsta;64725297;Krokom;2309;Kommunal;Jämtlands Gymnasieförbund;2220001636;Engelska 5;54;.;85,2;14,8;29;.;82,8;17,2;25;.;88,0;12,0;
Jämtlands Gymn, Torsta;64725297;Krokom;2309;Kommunal;Jämtlands Gymnasieförbund;2220001636;Matematik 1A;52;.;26,9;73,1;29;.;27,6;72,4;23;.;26,1;73,9;
Jämtlands Gymn, Torsta;64725297;Krokom;2309;Kommunal;Jämtlands Gymnasieförbund;2220001636;Svenska 1;25;44,0;48,0;8,0;11;54,5;36,4;9,1;14;35,7;57,1;7,1;
Aranäsgymnasiet Enhet 1;76860623;Kungsbacka;1384;Kommunal;Kungsbacka kommun;2120001256;Engelska 5;8;..;..;..;7;..;..;..;1;..;..;..;
Aranäsgymnasiet Enhet 1;76860623;Kungsbacka;1384;Kommunal;Kungsbacka kommun;2120001256;Matematik 1A;7;..;..;..;6;..;..;..;1;..;..;..;
Aranäsgymnasiet Enhet 1;76860623;Kungsbacka;1384;Kommunal;Kungsbacka kommun;2120001256;Svenska 1;4;..;..;..;4;..;..;..;.;.;.;.;
Aranäsgymnasiet Enhet 1;76860623;Kungsbacka;1384;Kommunal;Kungsbacka kommun;2120001256;Svenska som andraspråk 1;4;..;..;..;3;..;..;..;1;..;..;..;
Aranäsgymnasiet Enhet 2;58191646;Kungsbacka;1384;Kommunal;Kungsbacka kommun;2120001256;Engelska 6;100;15,0;65,0;20,0;53;17,0;62,3;20,8;47;12,8;68,1;19,1;
Aranäsgymnasiet Enhet 2;58191646;Kungsbacka;1384;Kommunal;Kungsbacka kommun;2120001256;Matematik 2B;166;.;55,4;44,6;101;.;55,4;44,6;65;.;55,4;44,6;
Aranäsgymnasiet Enhet 2;58191646;Kungsbacka;1384;Kommunal;Kungsbacka kommun;2120001256;Svenska 3;1;..;..;..;1;..;..;..;.;.;.;.;
Aranäsgymnasiet Enhet 3;80405898;Kungsbacka;1384;Kommunal;Kungsbacka kommun;2120001256;Engelska 6;27;.;44,4;55,6;6;..;..;..;21;..;..;..;
Aranäsgymnasiet Enhet 3;80405898;Kungsbacka;1384;Kommunal;Kungsbacka kommun;2120001256;Matematik 4;40;2,5;85,0;12,5;8;..;..;..;32;..;..;..;
Aranäsgymnasiet Enhet 3;80405898;Kungsbacka;1384;Kommunal;Kungsbacka kommun;2120001256;Svenska 3;1;..;..;..;.;.;.;.;1;..;..;..;
Aranäsgymnasiet Enhet 4;56021320;Kungsbacka;1384;Kommunal;Kungsbacka kommun;2120001256;Engelska 5;12;25,0;41,7;33,3;9;..;..;..;3;..;..;..;
Aranäsgymnasiet Enhet 4;56021320;Kungsbacka;1384;Kommunal;Kungsbacka kommun;2120001256;Engelska 6;14;14,3;71,4;14,3;12;..;..;..;2;..;..;..;
Aranäsgymnasiet Enhet 4;56021320;Kungsbacka;1384;Kommunal;Kungsbacka kommun;2120001256;Matematik 1A;15;.;40,0;60,0;10;..;..;..;5;..;..;..;
Aranäsgymnasiet Enhet 4;56021320;Kungsbacka;1384;Kommunal;Kungsbacka kommun;2120001256;Matematik 1B;24;.;100,0;.;19;..;..;..;5;..;..;..;
Aranäsgymnasiet Enhet 4;56021320;Kungsbacka;1384;Kommunal;Kungsbacka kommun;2120001256;Svenska som andraspråk 1;2;..;..;..;2;..;..;..;.;.;.;.;
Aranäsgymnasiet Enhet 5;41358402;Kungsbacka;1384;Kommunal;Kungsbacka kommun;2120001256;Matematik 1A;29;.;44,8;55,2;1;..;..;..;28;..;..;..;
Aranäsgymnasiet Enhet 6;15567070;Kungsbacka;1384;Kommunal;Kungsbacka kommun;2120001256;Engelska 6;57;10,5;64,9;24,6;32;6,3;65,6;28,1;25;16,0;64,0;20,0;
Aranäsgymnasiet Enhet 6;15567070;Kungsbacka;1384;Kommunal;Kungsbacka kommun;2120001256;Svenska 3;1;..;..;..;1;..;..;..;.;.;.;.;
Drottning Blankas Gymnasieskola Kungsbacka;64569393;Kungsbacka;1384;Enskild;DBGY Kronan AB;5565668794;Engelska 5;20;5,0;65,0;30,0;19;..;..;..;1;..;..;..;
Drottning Blankas Gymnasieskola Kungsbacka;64569393;Kungsbacka;1384;Enskild;DBGY Kronan AB;5565668794;Engelska 6;23;17,4;60,9;21,7;13;15,4;53,8;30,8;10;20,0;70,0;10,0;
Drottning Blankas Gymnasieskola Kungsbacka;64569393;Kungsbacka;1384;Enskild;DBGY Kronan AB;5565668794;Matematik 1A;24;.;87,5;12,5;23;..;..;..;1;..;..;..;
Drottning Blankas Gymnasieskola Kungsbacka;64569393;Kungsbacka;1384;Enskild;DBGY Kronan AB;5565668794;Matematik 2B;18;.;38,9;61,1;11;..;..;..;7;..;..;..;
Drottning Blankas Gymnasieskola Kungsbacka;64569393;Kungsbacka;1384;Enskild;DBGY Kronan AB;5565668794;Matematik 3B;9;..;..;..;2;..;..;..;7;..;..;..;
Drottning Blankas Gymnasieskola Kungsbacka;64569393;Kungsbacka;1384;Enskild;DBGY Kronan AB;5565668794;Svenska 1;20;.;65,0;35,0;20;..;..;..;.;.;.;.;
Drottning Blankas Gymnasieskola Kungsbacka;64569393;Kungsbacka;1384;Enskild;DBGY Kronan AB;5565668794;Svenska 3;2;..;..;..;1;..;..;..;1;..;..;..;
Drottning Blankas Gymnasieskola Kungsbacka;64569393;Kungsbacka;1384;Enskild;DBGY Kronan AB;5565668794;Svenska som andraspråk 1;1;..;..;..;.;.;.;.;1;..;..;..;
Drottning Blankas Gymnasieskola Kungsbacka;64569393;Kungsbacka;1384;Enskild;DBGY Kronan AB;5565668794;Svenska som andraspråk 3;1;..;..;..;.;.;.;.;1;..;..;..;
Elof Lindälvs Gymnasium Enhet 1;87262566;Kungsbacka;1384;Kommunal;Kungsbacka kommun;2120001256;Matematik 1A;98;.;60,2;39,8;28;.;71,4;28,6;70;.;55,7;44,3;
Elof Lindälvs Gymnasium Enhet 2;64160122;Kungsbacka;1384;Kommunal;Kungsbacka kommun;2120001256;Engelska 6;98;22,4;70,4;7,1;32;3,1;90,6;6,3;66;31,8;60,6;7,6;
Elof Lindälvs Gymnasium Enhet 2;64160122;Kungsbacka;1384;Kommunal;Kungsbacka kommun;2120001256;Matematik 2B;56;.;98,2;1,8;29;.;96,6;3,4;27;.;100,0;.;
Elof Lindälvs Gymnasium Enhet 4;41844601;Kungsbacka;1384;Kommunal;Kungsbacka kommun;2120001256;Engelska 5;5;..;..;..;2;..;..;..;3;..;..;..;
Elof Lindälvs Gymnasium Enhet 4;41844601;Kungsbacka;1384;Kommunal;Kungsbacka kommun;2120001256;Matematik 1A;55;1,8;92,7;5,5;27;3,7;88,9;7,4;28;.;96,4;3,6;
Elof Lindälvs Gymnasium Enhet 5;51620045;Kungsbacka;1384;Kommunal;Kungsbacka kommun;2120001256;Engelska 5;54;7,4;87,0;5,6;1;..;..;..;53;..;..;..;
Elof Lindälvs Gymnasium Enhet 5;51620045;Kungsbacka;1384;Kommunal;Kungsbacka kommun;2120001256;Matematik 1A;56;.;62,5;37,5;1;..;..;..;55;..;..;..;
Elof Lindälvs Gymnasium Enhet 6;61252599;Kungsbacka;1384;Kommunal;Kungsbacka kommun;2120001256;Engelska 6;19;.;36,8;63,2;10;..;..;..;9;..;..;..;
Elof Lindälvs Gymnasium Enhet 6;61252599;Kungsbacka;1384;Kommunal;Kungsbacka kommun;2120001256;Matematik 3C;5;..;..;..;5;..;..;..;.;.;.;.;
LBS Kreativa Gymnasiet Kungsbacka;86888278;Kungsbacka;1384;Enskild;Ljud & Bildskolan LBS AB;5564851649;Engelska 6;40;35,0;42,5;22,5;13;23,1;46,2;30,8;27;40,7;40,7;18,5;
LBS Kreativa Gymnasiet Kungsbacka;86888278;Kungsbacka;1384;Enskild;Ljud & Bildskolan LBS AB;5564851649;Matematik 1B;19;5,3;68,4;26,3;10;..;..;..;9;..;..;..;
LBS Kreativa Gymnasiet Kungsbacka;86888278;Kungsbacka;1384;Enskild;Ljud & Bildskolan LBS AB;5564851649;Matematik 3C;15;.;73,3;26,7;3;..;..;..;12;..;..;..;
LBS Kreativa Gymnasiet Kungsbacka;86888278;Kungsbacka;1384;Enskild;Ljud & Bildskolan LBS AB;5564851649;Svenska 3;26;15,4;30,8;53,8;8;..;..;..;18;..;..;..;
Praktiska Gymnasiet Kungsbacka;23457902;Kungsbacka;1384;Enskild;Praktiska Sverige AB;5562575786;Engelska 5;22;13,6;81,8;4,5;7;..;..;..;15;..;..;..;
Praktiska Gymnasiet Kungsbacka;23457902;Kungsbacka;1384;Enskild;Praktiska Sverige AB;5562575786;Matematik 1A;22;.;50,0;50,0;7;..;..;..;15;..;..;..;
Praktiska Gymnasiet Kungsbacka;23457902;Kungsbacka;1384;Enskild;Praktiska Sverige AB;5562575786;Svenska 1;22;.;81,8;18,2;8;..;..;..;14;..;..;..;
Praktiska Gymnasiet Kungsbacka;23457902;Kungsbacka;1384;Enskild;Praktiska Sverige AB;5562575786;Svenska som andraspråk 1;2;..;..;..;1;..;..;..;1;..;..;..;
Mimers hus Gymnasium, Skolenhet 1;90435000;Kungälv;1482;Kommunal;Kungälvs kommun;2120001371;Engelska 5;154;7,1;83,1;9,7;22;9,1;86,4;4,5;132;6,8;82,6;10,6;
Mimers hus Gymnasium, Skolenhet 1;90435000;Kungälv;1482;Kommunal;Kungälvs kommun;2120001371;Matematik 1A;100;1,0;65,0;34,0;10;.;60,0;40,0;90;1,1;65,6;33,3;
Mimers hus Gymnasium, Skolenhet 1;90435000;Kungälv;1482;Kommunal;Kungälvs kommun;2120001371;Svenska 1;65;4,6;60,0;35,4;7;..;..;..;58;..;..;..;
Mimers hus Gymnasium, Skolenhet 1;90435000;Kungälv;1482;Kommunal;Kungälvs kommun;2120001371;Svenska som andraspråk 1;3;..;..;..;.;.;.;.;3;..;..;..;
Mimers hus Gymnasium, Skolenhet 2;75941223;Kungälv;1482;Kommunal;Kungälvs kommun;2120001371;Engelska 5;23;.;100,0;.;8;..;..;..;15;..;..;..;
Mimers hus Gymnasium, Skolenhet 2;75941223;Kungälv;1482;Kommunal;Kungälvs kommun;2120001371;Engelska 6;89;.;86,5;13,5;46;.;89,1;10,9;43;.;83,7;16,3;
Mimers hus Gymnasium, Skolenhet 2;75941223;Kungälv;1482;Kommunal;Kungälvs kommun;2120001371;Matematik 1A;25;.;100,0;.;10;.;100,0;.;15;.;100,0;.;
Mimers hus Gymnasium, Skolenhet 2;75941223;Kungälv;1482;Kommunal;Kungälvs kommun;2120001371;Matematik 2B;41;.;92,7;7,3;29;.;93,1;6,9;12;.;91,7;8,3;
Mimers hus Gymnasium, Skolenhet 2;75941223;Kungälv;1482;Kommunal;Kungälvs kommun;2120001371;Matematik 3B;40;.;100,0;.;17;.;100,0;.;23;.;100,0;.;
Mimers hus Gymnasium, Skolenhet 2;75941223;Kungälv;1482;Kommunal;Kungälvs kommun;2120001371;Svenska 1;11;.;45,5;54,5;3;..;..;..;8;..;..;..;
Mimers hus Gymnasium, Skolenhet 2;75941223;Kungälv;1482;Kommunal;Kungälvs kommun;2120001371;Svenska 3;114;1,8;43,0;55,3;56;.;35,7;64,3;58;3,4;50,0;46,6;
Mimers hus Gymnasium, Skolenhet 2;75941223;Kungälv;1482;Kommunal;Kungälvs kommun;2120001371;Svenska som andraspråk 3;4;..;..;..;3;..;..;..;1;..;..;..;
Mimers hus Gymnasium, Skolenhet 3;33720955;Kungälv;1482;Kommunal;Kungälvs kommun;2120001371;Engelska 5;20;5,0;85,0;10,0;17;..;..;..;3;..;..;..;
Mimers hus Gymnasium, Skolenhet 3;33720955;Kungälv;1482;Kommunal;Kungälvs kommun;2120001371;Matematik 1A;23;.;95,7;4,3;19;..;..;..;4;..;..;..;
Mimers hus Gymnasium, Skolenhet 3;33720955;Kungälv;1482;Kommunal;Kungälvs kommun;2120001371;Svenska 1;17;.;29,4;70,6;15;..;..;..;2;..;..;..;
Mimers hus Gymnasium, Skolenhet 3;33720955;Kungälv;1482;Kommunal;Kungälvs kommun;2120001371;Svenska som andraspråk 1;1;..;..;..;1;..;..;..;.;.;.;.;
Mimers hus Gymnasium, Skolenhet 4;45796620;Kungälv;1482;Kommunal;Kungälvs kommun;2120001371;Engelska 5;20;10,0;70,0;20,0;1;..;..;..;19;..;..;..;
Mimers hus Gymnasium, Skolenhet 4;45796620;Kungälv;1482;Kommunal;Kungälvs kommun;2120001371;Engelska 6;80;5,0;82,5;12,5;30;.;80,0;20,0;50;8,0;84,0;8,0;
Mimers hus Gymnasium, Skolenhet 4;45796620;Kungälv;1482;Kommunal;Kungälvs kommun;2120001371;Matematik 1A;13;.;46,2;53,8;1;..;..;..;12;..;..;..;
Mimers hus Gymnasium, Skolenhet 4;45796620;Kungälv;1482;Kommunal;Kungälvs kommun;2120001371;Svenska 1;12;8,3;66,7;25,0;1;..;..;..;11;..;..;..;
Mimers hus Gymnasium, Skolenhet 4;45796620;Kungälv;1482;Kommunal;Kungälvs kommun;2120001371;Svenska 3;94;13,8;64,9;21,3;36;2,8;69,4;27,8;58;20,7;62,1;17,2;
Mimers hus Gymnasium, Skolenhet 4;45796620;Kungälv;1482;Kommunal;Kungälvs kommun;2120001371;Svenska som andraspråk 3;10;.;40,0;60,0;6;..;..;..;4;..;..;..;
Mimers hus Gymnasium, Skolenhet 5;38646067;Kungälv;1482;Kommunal;Kungälvs kommun;2120001371;Engelska 5;16;6,3;87,5;6,3;10;..;..;..;6;..;..;..;
Mimers hus Gymnasium, Skolenhet 5;38646067;Kungälv;1482;Kommunal;Kungälvs kommun;2120001371;Engelska 6;82;6,1;78,0;15,9;45;2,2;80,0;17,8;37;10,8;75,7;13,5;
Mimers hus Gymnasium, Skolenhet 5;38646067;Kungälv;1482;Kommunal;Kungälvs kommun;2120001371;Matematik 1A;17;.;23,5;76,5;12;..;..;..;5;..;..;..;
Mimers hus Gymnasium, Skolenhet 5;38646067;Kungälv;1482;Kommunal;Kungälvs kommun;2120001371;Matematik 2B;71;.;52,1;47,9;39;.;48,7;51,3;32;.;56,3;43,8;
Mimers hus Gymnasium, Skolenhet 5;38646067;Kungälv;1482;Kommunal;Kungälvs kommun;2120001371;Svenska 1;16;6,3;62,5;31,3;12;..;..;..;4;..;..;..;
Mimers hus Gymnasium, Skolenhet 5;38646067;Kungälv;1482;Kommunal;Kungälvs kommun;2120001371;Svenska 3;63;12,7;30,2;57,1;47;8,5;23,4;68,1;16;25,0;50,0;25,0;
Mimers hus Gymnasium, Skolenhet 5;38646067;Kungälv;1482;Kommunal;Kungälvs kommun;2120001371;Svenska som andraspråk 1;3;..;..;..;1;..;..;..;2;..;..;..;
Mimers hus Gymnasium, Skolenhet 5;38646067;Kungälv;1482;Kommunal;Kungälvs kommun;2120001371;Svenska som andraspråk 3;3;..;..;..;2;..;..;..;1;..;..;..;
Ullvi1;35632014;Köping;1983;Kommunal;Köpings kommun;2120002114;Engelska 5;25;24,0;52,0;24,0;5;..;..;..;20;..;..;..;
Ullvi1;35632014;Köping;1983;Kommunal;Köpings kommun;2120002114;Engelska 6;38;18,4;73,7;7,9;30;..;..;..;8;..;..;..;
Ullvi1;35632014;Köping;1983;Kommunal;Köpings kommun;2120002114;Matematik 1A;38;.;73,7;26,3;13;.;61,5;38,5;25;.;80,0;20,0;
Ullvi1;35632014;Köping;1983;Kommunal;Köpings kommun;2120002114;Matematik 2B;45;.;60,0;40,0;36;..;..;..;9;..;..;..;
Ullvi1;35632014;Köping;1983;Kommunal;Köpings kommun;2120002114;Svenska 1;23;.;52,2;47,8;5;..;..;..;18;..;..;..;
Ullvi1;35632014;Köping;1983;Kommunal;Köpings kommun;2120002114;Svenska 3;35;2,9;42,9;54,3;30;..;..;..;5;..;..;..;
Ullvi1;35632014;Köping;1983;Kommunal;Köpings kommun;2120002114;Svenska som andraspråk 1;3;..;..;..;1;..;..;..;2;..;..;..;
Ullvi1;35632014;Köping;1983;Kommunal;Köpings kommun;2120002114;Svenska som andraspråk 3;7;..;..;..;3;..;..;..;4;..;..;..;
Ullvi2;34412858;Köping;1983;Kommunal;Köpings kommun;2120002114;Engelska 6;43;4,7;58,1;37,2;24;.;70,8;29,2;19;10,5;42,1;47,4;
Ullvi2;34412858;Köping;1983;Kommunal;Köpings kommun;2120002114;Matematik 2B;24;.;62,5;37,5;17;..;..;..;7;..;..;..;
Ullvi2;34412858;Köping;1983;Kommunal;Köpings kommun;2120002114;Matematik 3B;14;.;57,1;42,9;3;..;..;..;11;..;..;..;
Ullvi2;34412858;Köping;1983;Kommunal;Köpings kommun;2120002114;Svenska 3;36;.;44,4;55,6;20;.;60,0;40,0;16;.;25,0;75,0;
Ullvi2;34412858;Köping;1983;Kommunal;Köpings kommun;2120002114;Svenska som andraspråk 3;5;..;..;..;1;..;..;..;4;..;..;..;
Ullvi3;34931041;Köping;1983;Kommunal;Köpings kommun;2120002114;Engelska 5;31;6,5;74,2;19,4;5;..;..;..;26;..;..;..;
Ullvi3;34931041;Köping;1983;Kommunal;Köpings kommun;2120002114;Engelska 6;19;10,5;63,2;26,3;1;..;..;..;18;..;..;..;
Ullvi3;34931041;Köping;1983;Kommunal;Köpings kommun;2120002114;Matematik 1A;39;2,6;76,9;20,5;5;..;..;..;34;..;..;..;
Ullvi3;34931041;Köping;1983;Kommunal;Köpings kommun;2120002114;Matematik 4;14;.;50,0;50,0;2;..;..;..;12;..;..;..;
Ullvi3;34931041;Köping;1983;Kommunal;Köpings kommun;2120002114;Svenska 1;27;.;55,6;44,4;3;..;..;..;24;..;..;..;
Ullvi3;34931041;Köping;1983;Kommunal;Köpings kommun;2120002114;Svenska 3;16;.;43,8;56,3;4;..;..;..;12;..;..;..;
Ullvi3;34931041;Köping;1983;Kommunal;Köpings kommun;2120002114;Svenska som andraspråk 1;3;..;..;..;.;.;.;.;3;..;..;..;
Ullvi3;34931041;Köping;1983;Kommunal;Köpings kommun;2120002114;Svenska som andraspråk 3;4;..;..;..;1;..;..;..;3;..;..;..;
Ullvi4;34852224;Köping;1983;Kommunal;Köpings kommun;2120002114;Engelska 5;41;4,9;70,7;24,4;25;4,0;68,0;28,0;16;6,3;75,0;18,8;
Ullvi4;34852224;Köping;1983;Kommunal;Köpings kommun;2120002114;Engelska 6;15;6,7;66,7;26,7;8;..;..;..;7;..;..;..;
Ullvi4;34852224;Köping;1983;Kommunal;Köpings kommun;2120002114;Matematik 1A;41;.;58,5;41,5;21;.;71,4;28,6;20;.;45,0;55,0;
Ullvi4;34852224;Köping;1983;Kommunal;Köpings kommun;2120002114;Matematik 4;16;.;56,3;43,8;8;..;..;..;8;..;..;..;
Ullvi4;34852224;Köping;1983;Kommunal;Köpings kommun;2120002114;Svenska 1;28;3,6;35,7;60,7;16;.;43,8;56,3;12;8,3;25,0;66,7;
Ullvi4;34852224;Köping;1983;Kommunal;Köpings kommun;2120002114;Svenska 3;16;.;37,5;62,5;15;..;..;..;1;..;..;..;
Ullvi4;34852224;Köping;1983;Kommunal;Köpings kommun;2120002114;Svenska som andraspråk 1;14;.;21,4;78,6;8;..;..;..;6;..;..;..;
Ullvi4;34852224;Köping;1983;Kommunal;Köpings kommun;2120002114;Svenska som andraspråk 3;3;..;..;..;1;..;..;..;2;..;..;..;
Osbecksgymnasiet RO1;71512894;Laholm;1381;Kommunal;Laholms kommun;2120001223;Engelska 5;44;4,5;77,3;18,2;9;..;..;..;35;..;..;..;
Osbecksgymnasiet RO1;71512894;Laholm;1381;Kommunal;Laholms kommun;2120001223;Engelska 6;66;12,1;80,3;7,6;32;18,8;65,6;15,6;34;5,9;94,1;.;
Osbecksgymnasiet RO1;71512894;Laholm;1381;Kommunal;Laholms kommun;2120001223;Matematik 1A;42;.;76,2;23,8;8;..;..;..;34;..;..;..;
Osbecksgymnasiet RO1;71512894;Laholm;1381;Kommunal;Laholms kommun;2120001223;Matematik 2B;28;.;82,1;17,9;16;.;75,0;25,0;12;.;91,7;8,3;
Osbecksgymnasiet RO1;71512894;Laholm;1381;Kommunal;Laholms kommun;2120001223;Matematik 3B;14;.;92,9;7,1;3;..;..;..;11;..;..;..;
Osbecksgymnasiet RO1;71512894;Laholm;1381;Kommunal;Laholms kommun;2120001223;Matematik 3C;6;..;..;..;4;..;..;..;2;..;..;..;
Osbecksgymnasiet RO1;71512894;Laholm;1381;Kommunal;Laholms kommun;2120001223;Matematik 4;10;.;90,0;10,0;8;..;..;..;2;..;..;..;
Osbecksgymnasiet RO1;71512894;Laholm;1381;Kommunal;Laholms kommun;2120001223;Svenska 1;31;3,2;45,2;51,6;1;..;..;..;30;..;..;..;
Osbecksgymnasiet RO1;71512894;Laholm;1381;Kommunal;Laholms kommun;2120001223;Svenska 3;39;7,7;66,7;25,6;23;13,0;65,2;21,7;16;.;68,8;31,3;
Osbecksgymnasiet RO1;71512894;Laholm;1381;Kommunal;Laholms kommun;2120001223;Svenska som andraspråk 1;1;..;..;..;1;..;..;..;.;.;.;.;
Osbecksgymnasiet RO1;71512894;Laholm;1381;Kommunal;Laholms kommun;2120001223;Svenska som andraspråk 3;4;..;..;..;1;..;..;..;3;..;..;..;
Öresundsgymnasiet Landskrona;28248021;Landskrona;1282;Kommunal;Landskrona kommun;2120001140;Engelska 5;48;2,1;75,0;22,9;13;.;69,2;30,8;35;2,9;77,1;20,0;
Öresundsgymnasiet Landskrona;28248021;Landskrona;1282;Kommunal;Landskrona kommun;2120001140;Engelska 6;54;11,1;72,2;16,7;27;3,7;70,4;25,9;27;18,5;74,1;7,4;
Öresundsgymnasiet Landskrona;28248021;Landskrona;1282;Kommunal;Landskrona kommun;2120001140;Matematik 1A;45;.;62,2;37,8;10;.;20,0;80,0;35;.;74,3;25,7;
Öresundsgymnasiet Landskrona;28248021;Landskrona;1282;Kommunal;Landskrona kommun;2120001140;Matematik 2B;7;..;..;..;2;..;..;..;5;..;..;..;
Öresundsgymnasiet Landskrona;28248021;Landskrona;1282;Kommunal;Landskrona kommun;2120001140;Matematik 3B;6;..;..;..;4;..;..;..;2;..;..;..;
Öresundsgymnasiet Landskrona;28248021;Landskrona;1282;Kommunal;Landskrona kommun;2120001140;Matematik 3C;8;..;..;..;5;..;..;..;3;..;..;..;
Öresundsgymnasiet Landskrona;28248021;Landskrona;1282;Kommunal;Landskrona kommun;2120001140;Svenska 1;12;.;58,3;41,7;.;.;.;.;12;..;..;..;
Öresundsgymnasiet Landskrona;28248021;Landskrona;1282;Kommunal;Landskrona kommun;2120001140;Svenska 3;27;.;59,3;40,7;11;.;36,4;63,6;16;.;75,0;25,0;
Öresundsgymnasiet Landskrona;28248021;Landskrona;1282;Kommunal;Landskrona kommun;2120001140;Svenska som andraspråk 1;4;..;..;..;.;.;.;.;4;..;..;..;
Öresundsgymnasiet Landskrona;28248021;Landskrona;1282;Kommunal;Landskrona kommun;2120001140;Svenska som andraspråk 3;32;9,4;53,1;37,5;15;6,7;40,0;53,3;17;11,8;64,7;23,5;
Leksands gymnasium;44417214;Leksand;2029;Kommunal;Leksands kommun;2120002163;Engelska 5;57;17,5;73,7;8,8;23;8,7;78,3;13,0;34;23,5;70,6;5,9;
Leksands gymnasium;44417214;Leksand;2029;Kommunal;Leksands kommun;2120002163;Engelska 6;63;11,1;82,5;6,3;22;4,5;86,4;9,1;41;14,6;80,5;4,9;
Leksands gymnasium;44417214;Leksand;2029;Kommunal;Leksands kommun;2120002163;Matematik 1A;65;.;76,9;23,1;26;.;65,4;34,6;39;.;84,6;15,4;
Leksands gymnasium;44417214;Leksand;2029;Kommunal;Leksands kommun;2120002163;Matematik 2B;24;.;79,2;20,8;13;.;76,9;23,1;11;.;81,8;18,2;
Leksands gymnasium;44417214;Leksand;2029;Kommunal;Leksands kommun;2120002163;Matematik 3B;11;.;90,9;9,1;4;..;..;..;7;..;..;..;
Leksands gymnasium;44417214;Leksand;2029;Kommunal;Leksands kommun;2120002163;Matematik 3C;8;..;..;..;1;..;..;..;7;..;..;..;
Leksands gymnasium;44417214;Leksand;2029;Kommunal;Leksands kommun;2120002163;Svenska 1;54;5,6;59,3;35,2;23;4,3;56,5;39,1;31;6,5;61,3;32,3;
Leksands gymnasium;44417214;Leksand;2029;Kommunal;Leksands kommun;2120002163;Svenska 3;102;2,0;55,9;42,2;51;.;54,9;45,1;51;3,9;56,9;39,2;
Leksands gymnasium;44417214;Leksand;2029;Kommunal;Leksands kommun;2120002163;Svenska som andraspråk 1;4;..;..;..;1;..;..;..;3;..;..;..;
Leksands gymnasium;44417214;Leksand;2029;Kommunal;Leksands kommun;2120002163;Svenska som andraspråk 3;3;..;..;..;2;..;..;..;1;..;..;..;
Lerums Gymnasium, skolenhet 1;25025681;Lerum;1441;Kommunal;Lerums kommun;2120001447;Engelska 5;9;..;..;..;6;..;..;..;3;..;..;..;
Lerums Gymnasium, skolenhet 1;25025681;Lerum;1441;Kommunal;Lerums kommun;2120001447;Engelska 6;52;7,7;67,3;25,0;33;9,1;63,6;27,3;19;5,3;73,7;21,1;
Lerums Gymnasium, skolenhet 1;25025681;Lerum;1441;Kommunal;Lerums kommun;2120001447;Matematik 1A;7;..;..;..;5;..;..;..;2;..;..;..;
Lerums Gymnasium, skolenhet 1;25025681;Lerum;1441;Kommunal;Lerums kommun;2120001447;Svenska 1;8;..;..;..;6;..;..;..;2;..;..;..;
Lerums Gymnasium, skolenhet 1;25025681;Lerum;1441;Kommunal;Lerums kommun;2120001447;Svenska 3;55;3,6;63,6;32,7;35;.;65,7;34,3;20;10,0;60,0;30,0;
Lerums Gymnasium, skolenhet 2;88776535;Lerum;1441;Kommunal;Lerums kommun;2120001447;Engelska 5;27;3,7;92,6;3,7;4;..;..;..;23;..;..;..;
Lerums Gymnasium, skolenhet 2;88776535;Lerum;1441;Kommunal;Lerums kommun;2120001447;Engelska 6;88;5,7;90,9;3,4;31;.;96,8;3,2;57;8,8;87,7;3,5;
Lerums Gymnasium, skolenhet 2;88776535;Lerum;1441;Kommunal;Lerums kommun;2120001447;Matematik 1A;16;.;100,0;.;1;..;..;..;15;..;..;..;
Lerums Gymnasium, skolenhet 2;88776535;Lerum;1441;Kommunal;Lerums kommun;2120001447;Matematik 4;16;.;87,5;12,5;8;..;..;..;8;..;..;..;
Lerums Gymnasium, skolenhet 2;88776535;Lerum;1441;Kommunal;Lerums kommun;2120001447;Svenska 1;27;.;48,1;51,9;5;..;..;..;22;..;..;..;
Lerums Gymnasium, skolenhet 2;88776535;Lerum;1441;Kommunal;Lerums kommun;2120001447;Svenska 3;105;7,6;76,2;16,2;27;3,7;66,7;29,6;78;9,0;79,5;11,5;
Lerums Gymnasium, skolenhet 2;88776535;Lerum;1441;Kommunal;Lerums kommun;2120001447;Svenska som andraspråk 1;1;..;..;..;.;.;.;.;1;..;..;..;
Lerums Gymnasium, skolenhet 4;49488344;Lerum;1441;Kommunal;Lerums kommun;2120001447;Engelska 6;19;5,3;89,5;5,3;14;..;..;..;5;..;..;..;
Lerums Gymnasium, skolenhet 4;49488344;Lerum;1441;Kommunal;Lerums kommun;2120001447;Matematik 1B;29;3,4;69,0;27,6;18;.;77,8;22,2;11;9,1;54,5;36,4;
Lerums Gymnasium, skolenhet 4;49488344;Lerum;1441;Kommunal;Lerums kommun;2120001447;Svenska 3;13;7,7;38,5;53,8;10;..;..;..;3;..;..;..;
Lerums Gymnasium, skolenhet 5;74408578;Lerum;1441;Kommunal;Lerums kommun;2120001447;Engelska 5;59;10,2;81,4;8,5;17;5,9;88,2;5,9;42;11,9;78,6;9,5;
Lerums Gymnasium, skolenhet 5;74408578;Lerum;1441;Kommunal;Lerums kommun;2120001447;Engelska 6;83;3,6;72,3;24,1;28;.;67,9;32,1;55;5,5;74,5;20,0;
Lerums Gymnasium, skolenhet 5;74408578;Lerum;1441;Kommunal;Lerums kommun;2120001447;Matematik 1A;39;.;89,7;10,3;6;..;..;..;33;..;..;..;
Lerums Gymnasium, skolenhet 5;74408578;Lerum;1441;Kommunal;Lerums kommun;2120001447;Matematik 2B;46;.;78,3;21,7;19;.;84,2;15,8;27;.;74,1;25,9;
Lerums Gymnasium, skolenhet 5;74408578;Lerum;1441;Kommunal;Lerums kommun;2120001447;Matematik 3B;38;.;86,8;13,2;16;.;81,3;18,8;22;.;90,9;9,1;
Lerums Gymnasium, skolenhet 5;74408578;Lerum;1441;Kommunal;Lerums kommun;2120001447;Svenska 1;59;1,7;62,7;35,6;17;5,9;52,9;41,2;42;.;66,7;33,3;
Lerums Gymnasium, skolenhet 5;74408578;Lerum;1441;Kommunal;Lerums kommun;2120001447;Svenska 3;86;3,5;51,2;45,3;45;.;37,8;62,2;41;7,3;65,9;26,8;
Christinagymnasiet;76359296;Lidingö;0186;Enskild;Lidingö Gymnasium AB;5592340474;Engelska 6;16;12,5;87,5;.;3;..;..;..;13;..;..;..;
Hersby gymnasium;71043974;Lidingö;0186;Kommunal;Lidingö kommun;2120000191;Engelska 6;272;12,5;78,7;8,8;105;10,5;81,0;8,6;167;13,8;77,2;9,0;
Hersby gymnasium;71043974;Lidingö;0186;Kommunal;Lidingö kommun;2120000191;Matematik 2B;128;6,3;84,4;9,4;42;7,1;81,0;11,9;86;5,8;86,0;8,1;
Hersby gymnasium;71043974;Lidingö;0186;Kommunal;Lidingö kommun;2120000191;Matematik 3B;58;6,9;67,2;25,9;19;5,3;57,9;36,8;39;7,7;71,8;20,5;
Hersby gymnasium;71043974;Lidingö;0186;Kommunal;Lidingö kommun;2120000191;Matematik 3C;8;..;..;..;5;..;..;..;3;..;..;..;
Hersby gymnasium;71043974;Lidingö;0186;Kommunal;Lidingö kommun;2120000191;Matematik 4;72;.;77,8;22,2;28;.;82,1;17,9;44;.;75,0;25,0;
Hersby gymnasium;71043974;Lidingö;0186;Kommunal;Lidingö kommun;2120000191;Svenska 3;247;8,9;63,2;27,9;89;11,2;55,1;33,7;158;7,6;67,7;24,7;
Hersby gymnasium;71043974;Lidingö;0186;Kommunal;Lidingö kommun;2120000191;Svenska som andraspråk 3;8;..;..;..;5;..;..;..;3;..;..;..;
Lunagymnasiet;57777751;Lidingö;0186;Enskild;Utvecklingspedagogik Sverige Aktiebolag;5564715729;Engelska 6;7;..;..;..;1;..;..;..;6;..;..;..;
Lunagymnasiet;57777751;Lidingö;0186;Enskild;Utvecklingspedagogik Sverige Aktiebolag;5564715729;Matematik 1B;2;..;..;..;.;.;.;.;2;..;..;..;
Lunagymnasiet;57777751;Lidingö;0186;Enskild;Utvecklingspedagogik Sverige Aktiebolag;5564715729;Matematik 2B;2;..;..;..;.;.;.;.;2;..;..;..;
Lunagymnasiet;57777751;Lidingö;0186;Enskild;Utvecklingspedagogik Sverige Aktiebolag;5564715729;Matematik 4;2;..;..;..;1;..;..;..;1;..;..;..;
Lunagymnasiet;57777751;Lidingö;0186;Enskild;Utvecklingspedagogik Sverige Aktiebolag;5564715729;Svenska 3;5;..;..;..;3;..;..;..;2;..;..;..;
De la Gardiegymnasiet, enhet 1;89807183;Lidköping;1494;Kommunal;Lidköpings kommun;2120001694;Engelska 6;71;7,0;62,0;31,0;33;3,0;66,7;30,3;38;10,5;57,9;31,6;
De la Gardiegymnasiet, enhet 1;89807183;Lidköping;1494;Kommunal;Lidköpings kommun;2120001694;Matematik 3C;44;2,3;84,1;13,6;18;.;72,2;27,8;26;3,8;92,3;3,8;
De la Gardiegymnasiet, enhet 1;89807183;Lidköping;1494;Kommunal;Lidköpings kommun;2120001694;Svenska 3;94;4,3;48,9;46,8;46;4,3;41,3;54,3;48;4,2;56,3;39,6;
De la Gardiegymnasiet, enhet 1;89807183;Lidköping;1494;Kommunal;Lidköpings kommun;2120001694;Svenska som andraspråk 3;10;40,0;50,0;10,0;2;..;..;..;8;..;..;..;
De la Gardiegymnasiet, enhet 2;86724994;Lidköping;1494;Kommunal;Lidköpings kommun;2120001694;Engelska 5;75;6,7;85,3;8,0;5;..;..;..;70;..;..;..;
De la Gardiegymnasiet, enhet 2;86724994;Lidköping;1494;Kommunal;Lidköpings kommun;2120001694;Matematik 1A;53;3,8;79,2;17,0;7;..;..;..;46;..;..;..;
De la Gardiegymnasiet, enhet 2;86724994;Lidköping;1494;Kommunal;Lidköpings kommun;2120001694;Svenska 1;34;.;64,7;35,3;4;..;..;..;30;..;..;..;
De la Gardiegymnasiet, enhet 2;86724994;Lidköping;1494;Kommunal;Lidköpings kommun;2120001694;Svenska som andraspråk 1;3;..;..;..;.;.;.;.;3;..;..;..;
De la Gardiegymnasiet, enhet 3;61161774;Lidköping;1494;Kommunal;Lidköpings kommun;2120001694;Matematik 2B;14;.;85,7;14,3;11;..;..;..;3;..;..;..;
De la Gardiegymnasiet, enhet 3;61161774;Lidköping;1494;Kommunal;Lidköpings kommun;2120001694;Matematik 3B;30;.;60,0;40,0;12;.;83,3;16,7;18;.;44,4;55,6;
De la Gardiegymnasiet, enhet 3;61161774;Lidköping;1494;Kommunal;Lidköpings kommun;2120001694;Svenska 3;142;2,1;45,8;52,1;91;3,3;45,1;51,6;51;.;47,1;52,9;
De la Gardiegymnasiet, enhet 3;61161774;Lidköping;1494;Kommunal;Lidköpings kommun;2120001694;Svenska som andraspråk 3;9;..;..;..;9;..;..;..;.;.;.;.;
De la Gardiegymnasiet, enhet 4;86158933;Lidköping;1494;Kommunal;Lidköpings kommun;2120001694;Engelska 5;1;..;..;..;1;..;..;..;.;.;.;.;
De la Gardiegymnasiet, enhet 4;86158933;Lidköping;1494;Kommunal;Lidköpings kommun;2120001694;Engelska 6;15;13,3;86,7;.;9;..;..;..;6;..;..;..;
De la Gardiegymnasiet, enhet 4;86158933;Lidköping;1494;Kommunal;Lidköpings kommun;2120001694;Svenska 1;1;..;..;..;1;..;..;..;.;.;.;.;
De la Gardiegymnasiet, enhet 4;86158933;Lidköping;1494;Kommunal;Lidköpings kommun;2120001694;Svenska 3;27;7,4;66,7;25,9;25;..;..;..;2;..;..;..;
De la Gardiegymnasiet, enhet 4;86158933;Lidköping;1494;Kommunal;Lidköpings kommun;2120001694;Svenska som andraspråk 3;1;..;..;..;.;.;.;.;1;..;..;..;
De la Gardiegymnasiet, enhet 6;14102256;Lidköping;1494;Kommunal;Lidköpings kommun;2120001694;Engelska 5;30;20,0;73,3;6,7;11;9,1;72,7;18,2;19;26,3;73,7;.;
De la Gardiegymnasiet, enhet 6;14102256;Lidköping;1494;Kommunal;Lidköpings kommun;2120001694;Svenska 1;41;.;63,4;36,6;25;.;60,0;40,0;16;.;68,8;31,3;
Lindeskolan LS 1;75082280;Lindesberg;1885;Kommunal;Lindesbergs kommun;2120002015;Matematik 1A;48;.;45,8;54,2;18;.;38,9;61,1;30;.;50,0;50,0;
Lindeskolan LS 1;75082280;Lindesberg;1885;Kommunal;Lindesbergs kommun;2120002015;Matematik 1B;8;..;..;..;5;..;..;..;3;..;..;..;
Lindeskolan LS 3;39302565;Lindesberg;1885;Kommunal;Lindesbergs kommun;2120002015;Matematik 1A;34;.;61,8;38,2;9;..;..;..;25;..;..;..;
Lindeskolan LS 4;96818167;Lindesberg;1885;Kommunal;Lindesbergs kommun;2120002015;Matematik 2B;37;.;62,2;37,8;18;.;77,8;22,2;19;.;47,4;52,6;
Lindeskolan LS 4;96818167;Lindesberg;1885;Kommunal;Lindesbergs kommun;2120002015;Matematik 3B;12;.;75,0;25,0;5;..;..;..;7;..;..;..;
Lindeskolan LS 4;96818167;Lindesberg;1885;Kommunal;Lindesbergs kommun;2120002015;Matematik 4;9;..;..;..;7;..;..;..;2;..;..;..;
Lindeskolan LS 4;96818167;Lindesberg;1885;Kommunal;Lindesbergs kommun;2120002015;Svenska 3;80;3,8;41,3;55,0;47;2,1;31,9;66,0;33;6,1;54,5;39,4;
Lindeskolan LS 4;96818167;Lindesberg;1885;Kommunal;Lindesbergs kommun;2120002015;Svenska som andraspråk 3;8;..;..;..;2;..;..;..;6;..;..;..;
Anders Ljungstedts gymnasium 10;89357497;Linköping;0580;Kommunal;Linköpings kommun;2120000449;Engelska 5;17;5,9;76,5;17,6;2;..;..;..;15;..;..;..;
Anders Ljungstedts gymnasium 10;89357497;Linköping;0580;Kommunal;Linköpings kommun;2120000449;Matematik 1A;18;.;94,4;5,6;2;..;..;..;16;..;..;..;
Anders Ljungstedts gymnasium 10;89357497;Linköping;0580;Kommunal;Linköpings kommun;2120000449;Svenska 1;14;.;50,0;50,0;1;..;..;..;13;..;..;..;
Anders Ljungstedts gymnasium 4;61432781;Linköping;0580;Kommunal;Linköpings kommun;2120000449;Engelska 5;45;33,3;64,4;2,2;4;..;..;..;41;..;..;..;
Anders Ljungstedts gymnasium 4;61432781;Linköping;0580;Kommunal;Linköpings kommun;2120000449;Matematik 1A;50;2,0;90,0;8,0;5;..;..;..;45;..;..;..;
Anders Ljungstedts gymnasium 4;61432781;Linköping;0580;Kommunal;Linköpings kommun;2120000449;Svenska 1;45;.;84,4;15,6;5;..;..;..;40;..;..;..;
Anders Ljungstedts gymnasium 7;78287294;Linköping;0580;Kommunal;Linköpings kommun;2120000449;Engelska 5;34;11,8;79,4;8,8;34;..;..;..;.;.;.;.;
Anders Ljungstedts gymnasium 7;78287294;Linköping;0580;Kommunal;Linköpings kommun;2120000449;Matematik 1A;38;.;76,3;23,7;38;..;..;..;.;.;.;.;
Anders Ljungstedts gymnasium 7;78287294;Linköping;0580;Kommunal;Linköpings kommun;2120000449;Svenska 1;37;.;81,1;18,9;37;..;..;..;.;.;.;.;
Anders Ljungstedts gymnasium 7;78287294;Linköping;0580;Kommunal;Linköpings kommun;2120000449;Svenska som andraspråk 1;7;..;..;..;.;.;.;.;7;..;..;..;
Anders Ljungstedts gymnasium 8;74316305;Linköping;0580;Kommunal;Linköpings kommun;2120000449;Engelska 5;7;..;..;..;1;..;..;..;6;..;..;..;
Anders Ljungstedts gymnasium 8;74316305;Linköping;0580;Kommunal;Linköpings kommun;2120000449;Engelska 6;17;41,2;58,8;.;3;..;..;..;14;..;..;..;
Anders Ljungstedts gymnasium 8;74316305;Linköping;0580;Kommunal;Linköpings kommun;2120000449;Matematik 1A;7;..;..;..;.;.;.;.;7;..;..;..;
Anders Ljungstedts gymnasium 8;74316305;Linköping;0580;Kommunal;Linköpings kommun;2120000449;Svenska 1;21;.;47,6;52,4;2;..;..;..;19;..;..;..;
Anders Ljungstedts gymnasium 8;74316305;Linköping;0580;Kommunal;Linköpings kommun;2120000449;Svenska som andraspråk 1;2;..;..;..;.;.;.;.;2;..;..;..;
Anders Ljungstedts gymnasium 9;39096170;Linköping;0580;Kommunal;Linköpings kommun;2120000449;Engelska 5;50;8,0;74,0;18,0;15;.;80,0;20,0;35;11,4;71,4;17,1;
Anders Ljungstedts gymnasium 9;39096170;Linköping;0580;Kommunal;Linköpings kommun;2120000449;Matematik 1A;55;1,8;89,1;9,1;13;.;76,9;23,1;42;2,4;92,9;4,8;
Anders Ljungstedts gymnasium 9;39096170;Linköping;0580;Kommunal;Linköpings kommun;2120000449;Svenska 1;47;.;61,7;38,3;13;.;38,5;61,5;34;.;70,6;29,4;
Berzeliusskolan 1;79527481;Linköping;0580;Kommunal;Linköpings kommun;2120000449;Engelska 6;141;10,6;80,1;9,2;33;6,1;87,9;6,1;108;12,0;77,8;10,2;
Berzeliusskolan 1;79527481;Linköping;0580;Kommunal;Linköpings kommun;2120000449;Matematik 3C;81;.;92,6;7,4;25;.;92,0;8,0;56;.;92,9;7,1;
Berzeliusskolan 1;79527481;Linköping;0580;Kommunal;Linköpings kommun;2120000449;Matematik 4;30;.;90,0;10,0;3;..;..;..;27;..;..;..;
Berzeliusskolan 1;79527481;Linköping;0580;Kommunal;Linköpings kommun;2120000449;Svenska 3;134;13,4;61,2;25,4;33;3,0;72,7;24,2;101;16,8;57,4;25,7;
Berzeliusskolan 1;79527481;Linköping;0580;Kommunal;Linköpings kommun;2120000449;Svenska som andraspråk 3;9;..;..;..;1;..;..;..;8;..;..;..;
Birgittaskolan 1;99279503;Linköping;0580;Kommunal;Linköpings kommun;2120000449;Engelska 6;59;13,6;84,7;1,7;43;14,0;83,7;2,3;16;12,5;87,5;.;
Birgittaskolan 1;99279503;Linköping;0580;Kommunal;Linköpings kommun;2120000449;Matematik 2B;11;.;63,6;36,4;10;..;..;..;1;..;..;..;
Birgittaskolan 1;99279503;Linköping;0580;Kommunal;Linköpings kommun;2120000449;Matematik 3B;18;.;77,8;22,2;5;..;..;..;13;..;..;..;
Birgittaskolan 1;99279503;Linköping;0580;Kommunal;Linköpings kommun;2120000449;Matematik 4;16;.;87,5;12,5;13;..;..;..;3;..;..;..;
Birgittaskolan 1;99279503;Linköping;0580;Kommunal;Linköpings kommun;2120000449;Svenska 3;19;5,3;26,3;68,4;4;..;..;..;15;..;..;..;
Birgittaskolan 1;99279503;Linköping;0580;Kommunal;Linköpings kommun;2120000449;Svenska som andraspråk 3;24;.;41,7;58,3;14;.;35,7;64,3;10;.;50,0;50,0;
Birgittaskolan 2;63653488;Linköping;0580;Kommunal;Linköpings kommun;2120000449;Engelska 6;9;..;..;..;2;..;..;..;7;..;..;..;
Birgittaskolan 2;63653488;Linköping;0580;Kommunal;Linköpings kommun;2120000449;Matematik 2B;4;..;..;..;1;..;..;..;3;..;..;..;
Birgittaskolan 2;63653488;Linköping;0580;Kommunal;Linköpings kommun;2120000449;Matematik 3C;4;..;..;..;1;..;..;..;3;..;..;..;
Birgittaskolan 2;63653488;Linköping;0580;Kommunal;Linköpings kommun;2120000449;Svenska 3;3;..;..;..;1;..;..;..;2;..;..;..;
Birgittaskolan 3;50063655;Linköping;0580;Kommunal;Linköpings kommun;2120000449;Engelska 5;46;26,1;67,4;6,5;36;30,6;61,1;8,3;10;10,0;90,0;.;
Birgittaskolan 3;50063655;Linköping;0580;Kommunal;Linköpings kommun;2120000449;Matematik 1A;51;3,9;82,4;13,7;42;..;..;..;9;..;..;..;
Birgittaskolan 3;50063655;Linköping;0580;Kommunal;Linköpings kommun;2120000449;Svenska 1;31;25,8;61,3;12,9;28;..;..;..;3;..;..;..;
Birgittaskolan 3;50063655;Linköping;0580;Kommunal;Linköpings kommun;2120000449;Svenska som andraspråk 1;12;8,3;33,3;58,3;9;..;..;..;3;..;..;..;
Drottning Blankas Gymnasieskola Linköping;70412563;Linköping;0580;Enskild;DBGY Kronan AB;5565668794;Engelska 5;15;.;26,7;73,3;13;..;..;..;2;..;..;..;
Drottning Blankas Gymnasieskola Linköping;70412563;Linköping;0580;Enskild;DBGY Kronan AB;5565668794;Engelska 6;17;.;23,5;76,5;15;..;..;..;2;..;..;..;
Drottning Blankas Gymnasieskola Linköping;70412563;Linköping;0580;Enskild;DBGY Kronan AB;5565668794;Matematik 1A;14;.;50,0;50,0;12;..;..;..;2;..;..;..;
Drottning Blankas Gymnasieskola Linköping;70412563;Linköping;0580;Enskild;DBGY Kronan AB;5565668794;Matematik 2B;10;.;70,0;30,0;9;..;..;..;1;..;..;..;
Drottning Blankas Gymnasieskola Linköping;70412563;Linköping;0580;Enskild;DBGY Kronan AB;5565668794;Matematik 3B;2;..;..;..;.;.;.;.;2;..;..;..;
Drottning Blankas Gymnasieskola Linköping;70412563;Linköping;0580;Enskild;DBGY Kronan AB;5565668794;Svenska 3;15;13,3;53,3;33,3;11;..;..;..;4;..;..;..;
Drottning Blankas Gymnasieskola Linköping;70412563;Linköping;0580;Enskild;DBGY Kronan AB;5565668794;Svenska som andraspråk 3;15;13,3;60,0;26,7;7;..;..;..;8;..;..;..;
Folkungaskolan 1;24544503;Linköping;0580;Kommunal;Linköpings kommun;2120000449;Engelska 6;77;16,9;71,4;11,7;52;15,4;73,1;11,5;25;20,0;68,0;12,0;
Folkungaskolan 1;24544503;Linköping;0580;Kommunal;Linköpings kommun;2120000449;Matematik 1B;15;.;86,7;13,3;9;..;..;..;6;..;..;..;
Folkungaskolan 1;24544503;Linköping;0580;Kommunal;Linköpings kommun;2120000449;Matematik 2B;19;.;89,5;10,5;12;..;..;..;7;..;..;..;
Folkungaskolan 1;24544503;Linköping;0580;Kommunal;Linköpings kommun;2120000449;Matematik 3B;23;.;100,0;.;12;.;100,0;.;11;.;100,0;.;
Folkungaskolan 1;24544503;Linköping;0580;Kommunal;Linköpings kommun;2120000449;Svenska 3;82;15,9;51,2;32,9;59;10,2;54,2;35,6;23;30,4;43,5;26,1;
Folkungaskolan 2;25392789;Linköping;0580;Kommunal;Linköpings kommun;2120000449;Engelska 6;60;31,7;63,3;5,0;44;34,1;61,4;4,5;16;25,0;68,8;6,3;
Folkungaskolan 2;25392789;Linköping;0580;Kommunal;Linköpings kommun;2120000449;Matematik 2B;103;3,9;76,7;19,4;74;4,1;77,0;18,9;29;3,4;75,9;20,7;
Folkungaskolan 2;25392789;Linköping;0580;Kommunal;Linköpings kommun;2120000449;Svenska 3;104;6,7;63,5;29,8;85;4,7;62,4;32,9;19;15,8;68,4;15,8;
Fria Läroverken Linköping;69240218;Linköping;0580;Enskild;Fria Läroverken i Sverige AB;5569172041;Engelska 5;20;15,0;65,0;20,0;6;..;..;..;14;..;..;..;
Fria Läroverken Linköping;69240218;Linköping;0580;Enskild;Fria Läroverken i Sverige AB;5569172041;Engelska 6;9;..;..;..;1;..;..;..;8;..;..;..;
Fria Läroverken Linköping;69240218;Linköping;0580;Enskild;Fria Läroverken i Sverige AB;5569172041;Matematik 3B;8;..;..;..;4;..;..;..;4;..;..;..;
Fria Läroverken Linköping;69240218;Linköping;0580;Enskild;Fria Läroverken i Sverige AB;5569172041;Svenska 3;109;6,4;59,6;33,9;53;1,9;60,4;37,7;56;10,7;58,9;30,4;
Fria Läroverken Linköping;69240218;Linköping;0580;Enskild;Fria Läroverken i Sverige AB;5569172041;Svenska som andraspråk 3;3;..;..;..;1;..;..;..;2;..;..;..;
JENSEN Gymnasium Linköping;38460895;Linköping;0580;Enskild;Jensen Education College AB;5566358759;Engelska 6;31;.;58,1;41,9;21;.;66,7;33,3;10;.;40,0;60,0;
JENSEN Gymnasium Linköping;38460895;Linköping;0580;Enskild;Jensen Education College AB;5566358759;Matematik 2B;12;.;25,0;75,0;11;..;..;..;1;..;..;..;
JENSEN Gymnasium Linköping;38460895;Linköping;0580;Enskild;Jensen Education College AB;5566358759;Matematik 3B;13;.;46,2;53,8;2;..;..;..;11;..;..;..;
JENSEN Gymnasium Linköping;38460895;Linköping;0580;Enskild;Jensen Education College AB;5566358759;Svenska 3;22;13,6;63,6;22,7;9;..;..;..;13;..;..;..;
JENSEN Gymnasium Linköping;38460895;Linköping;0580;Enskild;Jensen Education College AB;5566358759;Svenska som andraspråk 3;7;..;..;..;5;..;..;..;2;..;..;..;
Katedralskolan 1;53821161;Linköping;0580;Kommunal;Linköpings kommun;2120000449;Engelska 6;97;4,1;87,6;8,2;56;3,6;92,9;3,6;41;4,9;80,5;14,6;
Katedralskolan 1;53821161;Linköping;0580;Kommunal;Linköpings kommun;2120000449;Matematik 1B;13;.;100,0;.;11;..;..;..;2;..;..;..;
Katedralskolan 1;53821161;Linköping;0580;Kommunal;Linköpings kommun;2120000449;Matematik 2B;25;.;92,0;8,0;20;..;..;..;5;..;..;..;
Katedralskolan 1;53821161;Linköping;0580;Kommunal;Linköpings kommun;2120000449;Matematik 3C;13;.;100,0;.;10;..;..;..;3;..;..;..;
Katedralskolan 1;53821161;Linköping;0580;Kommunal;Linköpings kommun;2120000449;Matematik 4;105;.;88,6;11,4;51;.;88,2;11,8;54;.;88,9;11,1;
Katedralskolan 1;53821161;Linköping;0580;Kommunal;Linköpings kommun;2120000449;Svenska som andraspråk 3;29;6,9;86,2;6,9;13;7,7;84,6;7,7;16;6,3;87,5;6,3;
Katedralskolan 2;31199511;Linköping;0580;Kommunal;Linköpings kommun;2120000449;Engelska 6;72;5,6;83,3;11,1;58;5,2;82,8;12,1;14;7,1;85,7;7,1;
Katedralskolan 2;31199511;Linköping;0580;Kommunal;Linköpings kommun;2120000449;Matematik 2B;28;.;78,6;21,4;23;..;..;..;5;..;..;..;
Katedralskolan 2;31199511;Linköping;0580;Kommunal;Linköpings kommun;2120000449;Svenska 3;29;3,4;69,0;27,6;18;5,6;61,1;33,3;11;.;81,8;18,2;
Katedralskolan 3;12934438;Linköping;0580;Kommunal;Linköpings kommun;2120000449;Engelska 5;22;.;100,0;.;12;.;100,0;.;10;.;100,0;.;
Katedralskolan 3;12934438;Linköping;0580;Kommunal;Linköpings kommun;2120000449;Engelska 6;60;5,0;91,7;3,3;37;5,4;89,2;5,4;23;4,3;95,7;.;
Katedralskolan 3;12934438;Linköping;0580;Kommunal;Linköpings kommun;2120000449;Matematik 1A;23;.;100,0;.;13;.;100,0;.;10;.;100,0;.;
Katedralskolan 3;12934438;Linköping;0580;Kommunal;Linköpings kommun;2120000449;Matematik 2B;59;.;94,9;5,1;47;.;95,7;4,3;12;.;91,7;8,3;
Katedralskolan 3;12934438;Linköping;0580;Kommunal;Linköpings kommun;2120000449;Matematik 3B;49;2,0;98,0;.;16;6,3;93,8;.;33;.;100,0;.;
Katedralskolan 3;12934438;Linköping;0580;Kommunal;Linköpings kommun;2120000449;Svenska 1;21;.;76,2;23,8;11;.;54,5;45,5;10;.;100,0;.;
Katedralskolan 3;12934438;Linköping;0580;Kommunal;Linköpings kommun;2120000449;Svenska 3;81;9,9;65,4;24,7;37;16,2;56,8;27,0;44;4,5;72,7;22,7;
KLARA Teoretiska Gymnasium Linköping;43313366;Linköping;0580;Enskild;KLARA Gymnasium Kunskap AB;5566303938;Engelska 5;39;17,9;79,5;2,6;31;..;..;..;8;..;..;..;
KLARA Teoretiska Gymnasium Linköping;43313366;Linköping;0580;Enskild;KLARA Gymnasium Kunskap AB;5566303938;Engelska 6;97;16,5;60,8;22,7;63;19,0;58,7;22,2;34;11,8;64,7;23,5;
KLARA Teoretiska Gymnasium Linköping;43313366;Linköping;0580;Enskild;KLARA Gymnasium Kunskap AB;5566303938;Matematik 1A;44;2,3;86,4;11,4;36;..;..;..;8;..;..;..;
KLARA Teoretiska Gymnasium Linköping;43313366;Linköping;0580;Enskild;KLARA Gymnasium Kunskap AB;5566303938;Matematik 2B;46;.;89,1;10,9;27;.;92,6;7,4;19;.;84,2;15,8;
KLARA Teoretiska Gymnasium Linköping;43313366;Linköping;0580;Enskild;KLARA Gymnasium Kunskap AB;5566303938;Matematik 3B;11;.;72,7;27,3;4;..;..;..;7;..;..;..;
KLARA Teoretiska Gymnasium Linköping;43313366;Linköping;0580;Enskild;KLARA Gymnasium Kunskap AB;5566303938;Matematik 3C;3;..;..;..;3;..;..;..;.;.;.;.;
KLARA Teoretiska Gymnasium Linköping;43313366;Linköping;0580;Enskild;KLARA Gymnasium Kunskap AB;5566303938;Matematik 4;7;..;..;..;4;..;..;..;3;..;..;..;
KLARA Teoretiska Gymnasium Linköping;43313366;Linköping;0580;Enskild;KLARA Gymnasium Kunskap AB;5566303938;Svenska 1;34;.;70,6;29,4;28;..;..;..;6;..;..;..;
KLARA Teoretiska Gymnasium Linköping;43313366;Linköping;0580;Enskild;KLARA Gymnasium Kunskap AB;5566303938;Svenska 3;71;2,8;45,1;52,1;51;3,9;51,0;45,1;20;.;30,0;70,0;
KLARA Teoretiska Gymnasium Linköping;43313366;Linköping;0580;Enskild;KLARA Gymnasium Kunskap AB;5566303938;Svenska som andraspråk 1;2;..;..;..;1;..;..;..;1;..;..;..;
KLARA Teoretiska Gymnasium Linköping;43313366;Linköping;0580;Enskild;KLARA Gymnasium Kunskap AB;5566303938;Svenska som andraspråk 3;19;.;68,4;31,6;10;..;..;..;9;..;..;..;
LBS Kreativa Gymnasiet Linköping;86787111;Linköping;0580;Enskild;Ljud & Bildskolan LBS AB;5564851649;Engelska 6;71;47,9;49,3;2,8;20;40,0;60,0;.;51;51,0;45,1;3,9;
LBS Kreativa Gymnasiet Linköping;86787111;Linköping;0580;Enskild;Ljud & Bildskolan LBS AB;5564851649;Matematik 1B;25;.;80,0;20,0;10;.;90,0;10,0;15;.;73,3;26,7;
LBS Kreativa Gymnasiet Linköping;86787111;Linköping;0580;Enskild;Ljud & Bildskolan LBS AB;5564851649;Matematik 3C;31;.;87,1;12,9;3;..;..;..;28;..;..;..;
LBS Kreativa Gymnasiet Linköping;86787111;Linköping;0580;Enskild;Ljud & Bildskolan LBS AB;5564851649;Svenska 3;32;6,3;62,5;31,3;10;10,0;50,0;40,0;22;4,5;68,2;27,3;
Mediateknikerutbildningen, MTU;97868185;Linköping;0580;Enskild;Mediateknikerutbildningen, Mtu AB;5564631983;Engelska 5;20;.;45,0;55,0;1;..;..;..;19;..;..;..;
Mediateknikerutbildningen, MTU;97868185;Linköping;0580;Enskild;Mediateknikerutbildningen, Mtu AB;5564631983;Engelska 6;18;.;72,2;27,8;10;..;..;..;8;..;..;..;
Mediateknikerutbildningen, MTU;97868185;Linköping;0580;Enskild;Mediateknikerutbildningen, Mtu AB;5564631983;Matematik 1A;17;.;70,6;29,4;1;..;..;..;16;..;..;..;
Mediateknikerutbildningen, MTU;97868185;Linköping;0580;Enskild;Mediateknikerutbildningen, Mtu AB;5564631983;Matematik 1B;24;.;66,7;33,3;12;.;66,7;33,3;12;.;66,7;33,3;
Mediateknikerutbildningen, MTU;97868185;Linköping;0580;Enskild;Mediateknikerutbildningen, Mtu AB;5564631983;Svenska 1;19;5,3;78,9;15,8;1;..;..;..;18;..;..;..;
Mediateknikerutbildningen, MTU;97868185;Linköping;0580;Enskild;Mediateknikerutbildningen, Mtu AB;5564631983;Svenska 3;15;6,7;93,3;.;5;..;..;..;10;..;..;..;
Praktiska Gymnasiet Linköping Attorp;72109637;Linköping;0580;Enskild;Praktiska Lärande AB;5565304481;Engelska 5;6;..;..;..;6;..;..;..;.;.;.;.;
Praktiska Gymnasiet Linköping Attorp;72109637;Linköping;0580;Enskild;Praktiska Lärande AB;5565304481;Matematik 1A;7;..;..;..;7;..;..;..;.;.;.;.;
Praktiska Gymnasiet Linköping Attorp;72109637;Linköping;0580;Enskild;Praktiska Lärande AB;5565304481;Svenska 1;5;..;..;..;5;..;..;..;.;.;.;.;
Praktiska Gymnasiet Linköping Gamla Tannefors;14057258;Linköping;0580;Enskild;Hagströmska Gymnasiet AB;5567550461;Engelska 5;19;31,6;57,9;10,5;4;..;..;..;15;..;..;..;
Praktiska Gymnasiet Linköping Gamla Tannefors;14057258;Linköping;0580;Enskild;Hagströmska Gymnasiet AB;5567550461;Matematik 1A;23;8,7;65,2;26,1;5;..;..;..;18;..;..;..;
Praktiska Gymnasiet Linköping Gamla Tannefors;14057258;Linköping;0580;Enskild;Hagströmska Gymnasiet AB;5567550461;Svenska 1;20;15,0;55,0;30,0;6;..;..;..;14;..;..;..;
Praktiska Gymnasiet Linköping Gamla Tannefors;14057258;Linköping;0580;Enskild;Hagströmska Gymnasiet AB;5567550461;Svenska som andraspråk 1;1;..;..;..;.;.;.;.;1;..;..;..;
Praktiska Gymnasiet Linköping Roxen;81551726;Linköping;0580;Enskild;Praktiska Sverige AB;5562575786;Engelska 5;50;18,0;74,0;8,0;16;18,8;62,5;18,8;34;17,6;79,4;2,9;
Praktiska Gymnasiet Linköping Roxen;81551726;Linköping;0580;Enskild;Praktiska Sverige AB;5562575786;Matematik 1A;62;1,6;77,4;21,0;18;.;83,3;16,7;44;2,3;75,0;22,7;
Praktiska Gymnasiet Linköping Roxen;81551726;Linköping;0580;Enskild;Praktiska Sverige AB;5562575786;Svenska 1;45;8,9;53,3;37,8;16;12,5;50,0;37,5;29;6,9;55,2;37,9;
Praktiska Gymnasiet Linköping Roxen;81551726;Linköping;0580;Enskild;Praktiska Sverige AB;5562575786;Svenska som andraspråk 1;4;..;..;..;.;.;.;.;4;..;..;..;
Realgymnasiet Linköping;77823650;Linköping;0580;Enskild;Lärande i Sverige AB;5565715892;Svenska som andraspråk 3;7;..;..;..;2;..;..;..;5;..;..;..;
S:t Lars gymnasium;84476205;Linköping;0580;Kommunal;Linköpings kommun;2120000449;Engelska 6;1;..;..;..;1;..;..;..;.;.;.;.;
S:t Lars gymnasium;84476205;Linköping;0580;Kommunal;Linköpings kommun;2120000449;Matematik 1B;4;..;..;..;2;..;..;..;2;..;..;..;
Thoren Business School Linköping;37550979;Linköping;0580;Enskild;Thorengruppen AB;5566139290;Engelska 5;11;.;90,9;9,1;7;..;..;..;4;..;..;..;
Thoren Business School Linköping;37550979;Linköping;0580;Enskild;Thorengruppen AB;5566139290;Matematik 1A;3;..;..;..;2;..;..;..;1;..;..;..;
Thoren Business School Linköping;37550979;Linköping;0580;Enskild;Thorengruppen AB;5566139290;Matematik 2B;9;..;..;..;7;..;..;..;2;..;..;..;
Thoren Business School Linköping;37550979;Linköping;0580;Enskild;Thorengruppen AB;5566139290;Svenska 1;3;..;..;..;2;..;..;..;1;..;..;..;
Thoren Business School Linköping;37550979;Linköping;0580;Enskild;Thorengruppen AB;5566139290;Svenska 3;11;18,2;36,4;45,5;7;..;..;..;4;..;..;..;
Thoren Business School Linköping;37550979;Linköping;0580;Enskild;Thorengruppen AB;5566139290;Svenska som andraspråk 1;7;..;..;..;5;..;..;..;2;..;..;..;
Thoren Business School Linköping;37550979;Linköping;0580;Enskild;Thorengruppen AB;5566139290;Svenska som andraspråk 3;15;13,3;13,3;73,3;7;..;..;..;8;..;..;..;
Vreta utbildningscentrum;52634142;Linköping;0580;Region;Region Östergötland;2321000040;Engelska 5;111;11,7;82,9;5,4;56;8,9;82,1;8,9;55;14,5;83,6;1,8;
Vreta utbildningscentrum;52634142;Linköping;0580;Region;Region Östergötland;2321000040;Matematik 1A;104;1,9;93,3;4,8;40;.;97,5;2,5;64;3,1;90,6;6,3;
Vreta utbildningscentrum;52634142;Linköping;0580;Region;Region Östergötland;2321000040;Svenska 1;121;9,1;69,4;21,5;59;11,9;64,4;23,7;62;6,5;74,2;19,4;
Yrkesgymnasiet Linköping;76195214;Linköping;0580;Enskild;Thorengruppen AB;5566139290;Engelska 5;44;20,5;63,6;15,9;21;19,0;61,9;19,0;23;21,7;65,2;13,0;
Yrkesgymnasiet Linköping;76195214;Linköping;0580;Enskild;Thorengruppen AB;5566139290;Matematik 1A;44;.;95,5;4,5;20;.;95,0;5,0;24;.;95,8;4,2;
Yrkesgymnasiet Linköping;76195214;Linköping;0580;Enskild;Thorengruppen AB;5566139290;Svenska 1;20;5,0;70,0;25,0;11;..;..;..;9;..;..;..;
Yrkesgymnasiet Linköping;76195214;Linköping;0580;Enskild;Thorengruppen AB;5566139290;Svenska som andraspråk 1;10;.;70,0;30,0;3;..;..;..;7;..;..;..;
RyssbyGymnasiet;32705515;Ljungby;0781;Enskild;Ryssbygymnasiet AB;5566214069;Engelska 5;45;15,6;77,8;6,7;11;.;81,8;18,2;34;20,6;76,5;2,9;
RyssbyGymnasiet;32705515;Ljungby;0781;Enskild;Ryssbygymnasiet AB;5566214069;Matematik 1A;42;7,1;69,0;23,8;11;.;81,8;18,2;31;9,7;64,5;25,8;
RyssbyGymnasiet;32705515;Ljungby;0781;Enskild;Ryssbygymnasiet AB;5566214069;Svenska 1;60;8,3;70,0;21,7;15;.;53,3;46,7;45;11,1;75,6;13,3;
RyssbyGymnasiet;32705515;Ljungby;0781;Enskild;Ryssbygymnasiet AB;5566214069;Svenska som andraspråk 1;1;..;..;..;.;.;.;.;1;..;..;..;
Sunnerbogymnasiet 1;60214465;Ljungby;0781;Kommunal;Ljungby kommun;2120000670;Engelska 5;32;28,1;68,8;3,1;10;30,0;60,0;10,0;22;27,3;72,7;.;
Sunnerbogymnasiet 1;60214465;Ljungby;0781;Kommunal;Ljungby kommun;2120000670;Engelska 6;54;7,4;79,6;13,0;38;7,9;76,3;15,8;16;6,3;87,5;6,3;
Sunnerbogymnasiet 1;60214465;Ljungby;0781;Kommunal;Ljungby kommun;2120000670;Matematik 1A;33;.;84,8;15,2;10;.;90,0;10,0;23;.;82,6;17,4;
Sunnerbogymnasiet 1;60214465;Ljungby;0781;Kommunal;Ljungby kommun;2120000670;Matematik 2B;35;.;85,7;14,3;28;..;..;..;7;..;..;..;
Sunnerbogymnasiet 1;60214465;Ljungby;0781;Kommunal;Ljungby kommun;2120000670;Matematik 3B;24;.;79,2;20,8;12;.;83,3;16,7;12;.;75,0;25,0;
Sunnerbogymnasiet 1;60214465;Ljungby;0781;Kommunal;Ljungby kommun;2120000670;Svenska 1;32;12,5;65,6;21,9;10;.;70,0;30,0;22;18,2;63,6;18,2;
Sunnerbogymnasiet 1;60214465;Ljungby;0781;Kommunal;Ljungby kommun;2120000670;Svenska 3;44;4,5;63,6;31,8;27;3,7;70,4;25,9;17;5,9;52,9;41,2;
Sunnerbogymnasiet 1;60214465;Ljungby;0781;Kommunal;Ljungby kommun;2120000670;Svenska som andraspråk 3;4;..;..;..;3;..;..;..;1;..;..;..;
Sunnerbogymnasiet 2;70137084;Ljungby;0781;Kommunal;Ljungby kommun;2120000670;Engelska 5;63;15,9;82,5;1,6;12;16,7;83,3;.;51;15,7;82,4;2,0;
Sunnerbogymnasiet 2;70137084;Ljungby;0781;Kommunal;Ljungby kommun;2120000670;Engelska 6;23;21,7;69,6;8,7;16;..;..;..;7;..;..;..;
Sunnerbogymnasiet 2;70137084;Ljungby;0781;Kommunal;Ljungby kommun;2120000670;Matematik 1A;69;.;89,9;10,1;12;.;91,7;8,3;57;.;89,5;10,5;
Sunnerbogymnasiet 2;70137084;Ljungby;0781;Kommunal;Ljungby kommun;2120000670;Matematik 2B;23;.;100,0;.;15;..;..;..;8;..;..;..;
Sunnerbogymnasiet 2;70137084;Ljungby;0781;Kommunal;Ljungby kommun;2120000670;Svenska 1;60;16,7;71,7;11,7;13;7,7;84,6;7,7;47;19,1;68,1;12,8;
Sunnerbogymnasiet 2;70137084;Ljungby;0781;Kommunal;Ljungby kommun;2120000670;Svenska 3;17;.;76,5;23,5;11;..;..;..;6;..;..;..;
Sunnerbogymnasiet 2;70137084;Ljungby;0781;Kommunal;Ljungby kommun;2120000670;Svenska som andraspråk 1;3;..;..;..;.;.;.;.;3;..;..;..;
Sunnerbogymnasiet 3;82002016;Ljungby;0781;Kommunal;Ljungby kommun;2120000670;Engelska 5;24;33,3;62,5;4,2;20;..;..;..;4;..;..;..;
Sunnerbogymnasiet 3;82002016;Ljungby;0781;Kommunal;Ljungby kommun;2120000670;Engelska 6;32;12,5;81,3;6,3;9;..;..;..;23;..;..;..;
Sunnerbogymnasiet 3;82002016;Ljungby;0781;Kommunal;Ljungby kommun;2120000670;Matematik 1A;25;.;88,0;12,0;20;..;..;..;5;..;..;..;
Sunnerbogymnasiet 3;82002016;Ljungby;0781;Kommunal;Ljungby kommun;2120000670;Svenska 1;24;8,3;87,5;4,2;19;..;..;..;5;..;..;..;
Sunnerbogymnasiet 3;82002016;Ljungby;0781;Kommunal;Ljungby kommun;2120000670;Svenska 3;46;6,5;73,9;19,6;22;4,5;77,3;18,2;24;8,3;70,8;20,8;
Sunnerbogymnasiet 3;82002016;Ljungby;0781;Kommunal;Ljungby kommun;2120000670;Svenska som andraspråk 1;1;..;..;..;1;..;..;..;.;.;.;.;
Sunnerbogymnasiet 3;82002016;Ljungby;0781;Kommunal;Ljungby kommun;2120000670;Svenska som andraspråk 3;1;..;..;..;1;..;..;..;.;.;.;.;
Sunnerbogymnasiet 4;21901328;Ljungby;0781;Kommunal;Ljungby kommun;2120000670;Engelska 5;14;21,4;78,6;.;12;..;..;..;2;..;..;..;
Sunnerbogymnasiet 4;21901328;Ljungby;0781;Kommunal;Ljungby kommun;2120000670;Matematik 1A;13;.;100,0;.;12;..;..;..;1;..;..;..;
Sunnerbogymnasiet 4;21901328;Ljungby;0781;Kommunal;Ljungby kommun;2120000670;Svenska 1;11;9,1;81,8;9,1;10;..;..;..;1;..;..;..;
Sunnerbogymnasiet 4;21901328;Ljungby;0781;Kommunal;Ljungby kommun;2120000670;Svenska som andraspråk 1;3;..;..;..;3;..;..;..;.;.;.;.;
Järvsögymnasiet;93674454;Ljusdal;2161;Enskild;Mästaren 22 AB;5591656151;Engelska 6;17;.;94,1;5,9;7;..;..;..;10;..;..;..;
Järvsögymnasiet;93674454;Ljusdal;2161;Enskild;Mästaren 22 AB;5591656151;Matematik 1B;7;..;..;..;4;..;..;..;3;..;..;..;
Järvsögymnasiet;93674454;Ljusdal;2161;Enskild;Mästaren 22 AB;5591656151;Matematik 3C;12;.;83,3;16,7;2;..;..;..;10;..;..;..;
Slottegymnasiet;23306658;Ljusdal;2161;Kommunal;Ljusdals kommun;2120002320;Engelska 5;42;14,3;57,1;28,6;20;10,0;65,0;25,0;22;18,2;50,0;31,8;
Slottegymnasiet;23306658;Ljusdal;2161;Kommunal;Ljusdals kommun;2120002320;Engelska 6;38;21,1;50,0;28,9;16;6,3;62,5;31,3;22;31,8;40,9;27,3;
Slottegymnasiet;23306658;Ljusdal;2161;Kommunal;Ljusdals kommun;2120002320;Matematik 1A;48;.;20,8;79,2;25;.;32,0;68,0;23;.;8,7;91,3;
Slottegymnasiet;23306658;Ljusdal;2161;Kommunal;Ljusdals kommun;2120002320;Matematik 2B;11;.;18,2;81,8;5;..;..;..;6;..;..;..;
Slottegymnasiet;23306658;Ljusdal;2161;Kommunal;Ljusdals kommun;2120002320;Matematik 3B;5;..;..;..;.;.;.;.;5;..;..;..;
Slottegymnasiet;23306658;Ljusdal;2161;Kommunal;Ljusdals kommun;2120002320;Matematik 4;16;.;37,5;62,5;9;..;..;..;7;..;..;..;
Slottegymnasiet;23306658;Ljusdal;2161;Kommunal;Ljusdals kommun;2120002320;Svenska 3;45;.;46,7;53,3;28;.;46,4;53,6;17;.;47,1;52,9;
Slottegymnasiet;23306658;Ljusdal;2161;Kommunal;Ljusdals kommun;2120002320;Svenska som andraspråk 3;5;..;..;..;.;.;.;.;5;..;..;..;
Träutbildningar i Hälsingland;57350392;Ljusdal;2161;Enskild;Träutbildningar i Hälsingland AB;5567796718;Engelska 5;15;33,3;60,0;6,7;.;.;.;.;15;..;..;..;
Träutbildningar i Hälsingland;57350392;Ljusdal;2161;Enskild;Träutbildningar i Hälsingland AB;5567796718;Svenska 1;12;16,7;83,3;.;.;.;.;.;12;..;..;..;
Hitachigymnasiet;97535124;Ludvika;2085;Enskild;Industritekniska Gymnasiet Bergslagen AB;5566081740;Engelska 6;31;.;100,0;.;11;.;100,0;.;20;.;100,0;.;
Hitachigymnasiet;97535124;Ludvika;2085;Enskild;Industritekniska Gymnasiet Bergslagen AB;5566081740;Matematik 3C;5;..;..;..;1;..;..;..;4;..;..;..;
Hitachigymnasiet;97535124;Ludvika;2085;Enskild;Industritekniska Gymnasiet Bergslagen AB;5566081740;Svenska 3;27;7,4;55,6;37,0;12;.;58,3;41,7;15;13,3;53,3;33,3;
Hitachigymnasiet;97535124;Ludvika;2085;Enskild;Industritekniska Gymnasiet Bergslagen AB;5566081740;Svenska som andraspråk 3;7;..;..;..;.;.;.;.;7;..;..;..;
VBU Högbergsskolan 1;11102578;Ludvika;2085;Kommunal;Västerbergslagens Utbildningsförbund,Vbu;2220000802;Engelska 5;16;6,3;50,0;43,8;12;..;..;..;4;..;..;..;
VBU Högbergsskolan 1;11102578;Ludvika;2085;Kommunal;Västerbergslagens Utbildningsförbund,Vbu;2220000802;Engelska 6;81;14,8;75,3;9,9;52;5,8;80,8;13,5;29;31,0;65,5;3,4;
VBU Högbergsskolan 1;11102578;Ludvika;2085;Kommunal;Västerbergslagens Utbildningsförbund,Vbu;2220000802;Matematik 1A;18;.;55,6;44,4;15;..;..;..;3;..;..;..;
VBU Högbergsskolan 1;11102578;Ludvika;2085;Kommunal;Västerbergslagens Utbildningsförbund,Vbu;2220000802;Matematik 2B;14;.;50,0;50,0;9;..;..;..;5;..;..;..;
VBU Högbergsskolan 1;11102578;Ludvika;2085;Kommunal;Västerbergslagens Utbildningsförbund,Vbu;2220000802;Svenska 1;17;5,9;47,1;47,1;15;..;..;..;2;..;..;..;
VBU Högbergsskolan 1;11102578;Ludvika;2085;Kommunal;Västerbergslagens Utbildningsförbund,Vbu;2220000802;Svenska 3;40;10,0;52,5;37,5;26;7,7;53,8;38,5;14;14,3;50,0;35,7;
VBU Högbergsskolan 1;11102578;Ludvika;2085;Kommunal;Västerbergslagens Utbildningsförbund,Vbu;2220000802;Svenska som andraspråk 1;1;..;..;..;.;.;.;.;1;..;..;..;
VBU Högbergsskolan 1;11102578;Ludvika;2085;Kommunal;Västerbergslagens Utbildningsförbund,Vbu;2220000802;Svenska som andraspråk 3;11;.;54,5;45,5;7;..;..;..;4;..;..;..;
VBU Högbergsskolan 2;69306209;Ludvika;2085;Kommunal;Västerbergslagens Utbildningsförbund,Vbu;2220000802;Engelska 5;48;8,3;81,3;10,4;2;..;..;..;46;..;..;..;
VBU Högbergsskolan 2;69306209;Ludvika;2085;Kommunal;Västerbergslagens Utbildningsförbund,Vbu;2220000802;Engelska 6;43;14,0;72,1;14,0;17;5,9;58,8;35,3;26;19,2;80,8;.;
VBU Högbergsskolan 2;69306209;Ludvika;2085;Kommunal;Västerbergslagens Utbildningsförbund,Vbu;2220000802;Matematik 1A;50;.;96,0;4,0;2;..;..;..;48;..;..;..;
VBU Högbergsskolan 2;69306209;Ludvika;2085;Kommunal;Västerbergslagens Utbildningsförbund,Vbu;2220000802;Matematik 3C;21;.;90,5;9,5;1;..;..;..;20;..;..;..;
VBU Högbergsskolan 2;69306209;Ludvika;2085;Kommunal;Västerbergslagens Utbildningsförbund,Vbu;2220000802;Svenska 1;45;6,7;75,6;17,8;2;..;..;..;43;..;..;..;
VBU Högbergsskolan 2;69306209;Ludvika;2085;Kommunal;Västerbergslagens Utbildningsförbund,Vbu;2220000802;Svenska 3;32;3,1;62,5;34,4;16;.;43,8;56,3;16;6,3;81,3;12,5;
VBU Högbergsskolan 2;69306209;Ludvika;2085;Kommunal;Västerbergslagens Utbildningsförbund,Vbu;2220000802;Svenska som andraspråk 1;3;..;..;..;.;.;.;.;3;..;..;..;
VBU Högbergsskolan 2;69306209;Ludvika;2085;Kommunal;Västerbergslagens Utbildningsförbund,Vbu;2220000802;Svenska som andraspråk 3;5;..;..;..;4;..;..;..;1;..;..;..;
VBU Malmen;92651253;Ludvika;2085;Kommunal;Västerbergslagens Utbildningsförbund,Vbu;2220000802;Engelska 5;27;29,6;51,9;18,5;10;30,0;50,0;20,0;17;29,4;52,9;17,6;
VBU Malmen;92651253;Ludvika;2085;Kommunal;Västerbergslagens Utbildningsförbund,Vbu;2220000802;Svenska 1;26;15,4;46,2;38,5;11;9,1;36,4;54,5;15;20,0;53,3;26,7;
Luleå gymnasieskola, skolenhet A;31740319;Luleå;2580;Kommunal;Luleå kommun;2120002742;Engelska 5;36;.;97,2;2,8;31;..;..;..;5;..;..;..;
Luleå gymnasieskola, skolenhet A;31740319;Luleå;2580;Kommunal;Luleå kommun;2120002742;Matematik 1A;42;.;88,1;11,9;35;..;..;..;7;..;..;..;
Luleå gymnasieskola, skolenhet A;31740319;Luleå;2580;Kommunal;Luleå kommun;2120002742;Svenska 1;33;6,1;54,5;39,4;27;..;..;..;6;..;..;..;
Luleå gymnasieskola, skolenhet A;31740319;Luleå;2580;Kommunal;Luleå kommun;2120002742;Svenska som andraspråk 1;4;..;..;..;4;..;..;..;.;.;.;.;
Luleå gymnasieskola, skolenhet B;10129345;Luleå;2580;Kommunal;Luleå kommun;2120002742;Engelska 5;15;40,0;53,3;6,7;15;..;..;..;.;.;.;.;
Luleå gymnasieskola, skolenhet B;10129345;Luleå;2580;Kommunal;Luleå kommun;2120002742;Engelska 6;96;9,4;66,7;24,0;62;8,1;59,7;32,3;34;11,8;79,4;8,8;
Luleå gymnasieskola, skolenhet B;10129345;Luleå;2580;Kommunal;Luleå kommun;2120002742;Matematik 1A;14;.;71,4;28,6;14;..;..;..;.;.;.;.;
Luleå gymnasieskola, skolenhet B;10129345;Luleå;2580;Kommunal;Luleå kommun;2120002742;Matematik 2B;55;.;61,8;38,2;45;.;55,6;44,4;10;.;90,0;10,0;
Luleå gymnasieskola, skolenhet B;10129345;Luleå;2580;Kommunal;Luleå kommun;2120002742;Matematik 3B;18;5,6;66,7;27,8;9;..;..;..;9;..;..;..;
Luleå gymnasieskola, skolenhet B;10129345;Luleå;2580;Kommunal;Luleå kommun;2120002742;Svenska 3;74;8,1;78,4;13,5;54;5,6;77,8;16,7;20;15,0;80,0;5,0;
Luleå gymnasieskola, skolenhet B;10129345;Luleå;2580;Kommunal;Luleå kommun;2120002742;Svenska som andraspråk 3;1;..;..;..;1;..;..;..;.;.;.;.;
Luleå gymnasieskola, skolenhet C;17944628;Luleå;2580;Kommunal;Luleå kommun;2120002742;Engelska 6;96;18,8;75,0;6,3;71;14,1;77,5;8,5;25;32,0;68,0;.;
Luleå gymnasieskola, skolenhet C;17944628;Luleå;2580;Kommunal;Luleå kommun;2120002742;Matematik 2B;82;.;75,6;24,4;57;.;68,4;31,6;25;.;92,0;8,0;
Luleå gymnasieskola, skolenhet C;17944628;Luleå;2580;Kommunal;Luleå kommun;2120002742;Svenska 3;109;2,8;84,4;12,8;73;2,7;82,2;15,1;36;2,8;88,9;8,3;
Luleå gymnasieskola, skolenhet C;17944628;Luleå;2580;Kommunal;Luleå kommun;2120002742;Svenska som andraspråk 3;7;..;..;..;6;..;..;..;1;..;..;..;
Luleå gymnasieskola, skolenhet D;82826083;Luleå;2580;Kommunal;Luleå kommun;2120002742;Engelska 5;37;13,5;73,0;13,5;1;..;..;..;36;..;..;..;
Luleå gymnasieskola, skolenhet D;82826083;Luleå;2580;Kommunal;Luleå kommun;2120002742;Matematik 1A;36;.;69,4;30,6;1;..;..;..;35;..;..;..;
Luleå gymnasieskola, skolenhet D;82826083;Luleå;2580;Kommunal;Luleå kommun;2120002742;Svenska 1;33;.;66,7;33,3;1;..;..;..;32;..;..;..;
Luleå gymnasieskola, skolenhet E;94468610;Luleå;2580;Kommunal;Luleå kommun;2120002742;Engelska 6;25;16,0;84,0;.;24;..;..;..;1;..;..;..;
Luleå gymnasieskola, skolenhet E;94468610;Luleå;2580;Kommunal;Luleå kommun;2120002742;Matematik 1B;40;2,5;62,5;35,0;34;..;..;..;6;..;..;..;
Luleå gymnasieskola, skolenhet E;94468610;Luleå;2580;Kommunal;Luleå kommun;2120002742;Svenska 3;34;14,7;41,2;44,1;29;..;..;..;5;..;..;..;
Luleå gymnasieskola, skolenhet F;94090461;Luleå;2580;Kommunal;Luleå kommun;2120002742;Engelska 5;7;..;..;..;2;..;..;..;5;..;..;..;
Luleå gymnasieskola, skolenhet F;94090461;Luleå;2580;Kommunal;Luleå kommun;2120002742;Engelska 6;65;15,4;72,3;12,3;28;3,6;78,6;17,9;37;24,3;67,6;8,1;
Luleå gymnasieskola, skolenhet F;94090461;Luleå;2580;Kommunal;Luleå kommun;2120002742;Matematik 1A;4;..;..;..;.;.;.;.;4;..;..;..;
Luleå gymnasieskola, skolenhet F;94090461;Luleå;2580;Kommunal;Luleå kommun;2120002742;Matematik 2B;22;.;95,5;4,5;7;..;..;..;15;..;..;..;
Luleå gymnasieskola, skolenhet F;94090461;Luleå;2580;Kommunal;Luleå kommun;2120002742;Matematik 3B;29;.;17,2;82,8;19;.;10,5;89,5;10;.;30,0;70,0;
Luleå gymnasieskola, skolenhet F;94090461;Luleå;2580;Kommunal;Luleå kommun;2120002742;Matematik 4;15;.;93,3;6,7;6;..;..;..;9;..;..;..;
Luleå gymnasieskola, skolenhet F;94090461;Luleå;2580;Kommunal;Luleå kommun;2120002742;Svenska 1;7;..;..;..;2;..;..;..;5;..;..;..;
Luleå gymnasieskola, skolenhet F;94090461;Luleå;2580;Kommunal;Luleå kommun;2120002742;Svenska 3;68;.;32,4;67,6;37;.;27,0;73,0;31;.;38,7;61,3;
Luleå gymnasieskola, skolenhet G;12954099;Luleå;2580;Kommunal;Luleå kommun;2120002742;Engelska 5;22;22,7;72,7;4,5;4;..;..;..;18;..;..;..;
Luleå gymnasieskola, skolenhet G;12954099;Luleå;2580;Kommunal;Luleå kommun;2120002742;Engelska 6;70;28,6;61,4;10,0;19;15,8;84,2;.;51;33,3;52,9;13,7;
Luleå gymnasieskola, skolenhet G;12954099;Luleå;2580;Kommunal;Luleå kommun;2120002742;Matematik 1A;23;4,3;91,3;4,3;3;..;..;..;20;..;..;..;
Luleå gymnasieskola, skolenhet G;12954099;Luleå;2580;Kommunal;Luleå kommun;2120002742;Matematik 3C;74;.;77,0;23,0;22;.;86,4;13,6;52;.;73,1;26,9;
Luleå gymnasieskola, skolenhet G;12954099;Luleå;2580;Kommunal;Luleå kommun;2120002742;Svenska 1;22;4,5;72,7;22,7;4;..;..;..;18;..;..;..;
Luleå gymnasieskola, skolenhet G;12954099;Luleå;2580;Kommunal;Luleå kommun;2120002742;Svenska 3;58;3,4;81,0;15,5;18;.;77,8;22,2;40;5,0;82,5;12,5;
Luleå gymnasieskola, skolenhet G;12954099;Luleå;2580;Kommunal;Luleå kommun;2120002742;Svenska som andraspråk 3;2;..;..;..;.;.;.;.;2;..;..;..;
Luleå gymnasieskola, skolenhet H;80931789;Luleå;2580;Kommunal;Luleå kommun;2120002742;Engelska 5;29;24,1;75,9;.;3;..;..;..;26;..;..;..;
Luleå gymnasieskola, skolenhet H;80931789;Luleå;2580;Kommunal;Luleå kommun;2120002742;Engelska 6;75;8,0;82,7;9,3;46;6,5;82,6;10,9;29;10,3;82,8;6,9;
Luleå gymnasieskola, skolenhet H;80931789;Luleå;2580;Kommunal;Luleå kommun;2120002742;Matematik 4;2;..;..;..;1;..;..;..;1;..;..;..;
Luleå gymnasieskola, skolenhet H;80931789;Luleå;2580;Kommunal;Luleå kommun;2120002742;Svenska 1;30;13,3;76,7;10,0;3;..;..;..;27;..;..;..;
Luleå gymnasieskola, skolenhet H;80931789;Luleå;2580;Kommunal;Luleå kommun;2120002742;Svenska 3;72;5,6;62,5;31,9;41;2,4;58,5;39,0;31;9,7;67,7;22,6;
Luleå gymnasieskola, skolenhet H;80931789;Luleå;2580;Kommunal;Luleå kommun;2120002742;Svenska som andraspråk 3;15;6,7;66,7;26,7;8;..;..;..;7;..;..;..;
Luleå Gymnasieskola, skolenhet J;84098842;Luleå;2580;Kommunal;Luleå kommun;2120002742;Engelska 5;26;19,2;76,9;3,8;20;..;..;..;6;..;..;..;
Luleå Gymnasieskola, skolenhet J;84098842;Luleå;2580;Kommunal;Luleå kommun;2120002742;Engelska 6;5;..;..;..;4;..;..;..;1;..;..;..;
Luleå Gymnasieskola, skolenhet J;84098842;Luleå;2580;Kommunal;Luleå kommun;2120002742;Matematik 1A;27;.;74,1;25,9;22;..;..;..;5;..;..;..;
Luleå Gymnasieskola, skolenhet J;84098842;Luleå;2580;Kommunal;Luleå kommun;2120002742;Svenska 1;36;5,6;63,9;30,6;30;..;..;..;6;..;..;..;
Luleå Gymnasieskola, skolenhet J;84098842;Luleå;2580;Kommunal;Luleå kommun;2120002742;Svenska som andraspråk 1;4;..;..;..;1;..;..;..;3;..;..;..;
NTI Gymnasiet Luleå;90473340;Luleå;2580;Enskild;NTI Gymnasiet Macro AB;5561203679;Engelska 5;20;70,0;20,0;10,0;.;.;.;.;20;..;..;..;
NTI Gymnasiet Luleå;90473340;Luleå;2580;Enskild;NTI Gymnasiet Macro AB;5561203679;Engelska 6;28;21,4;64,3;14,3;2;..;..;..;26;..;..;..;
NTI Gymnasiet Luleå;90473340;Luleå;2580;Enskild;NTI Gymnasiet Macro AB;5561203679;Matematik 1A;17;.;82,4;17,6;.;.;.;.;17;..;..;..;
NTI Gymnasiet Luleå;90473340;Luleå;2580;Enskild;NTI Gymnasiet Macro AB;5561203679;Matematik 1B;14;.;92,9;7,1;11;..;..;..;3;..;..;..;
NTI Gymnasiet Luleå;90473340;Luleå;2580;Enskild;NTI Gymnasiet Macro AB;5561203679;Matematik 3C;23;8,7;73,9;17,4;1;..;..;..;22;..;..;..;
NTI Gymnasiet Luleå;90473340;Luleå;2580;Enskild;NTI Gymnasiet Macro AB;5561203679;Svenska 1;17;23,5;41,2;35,3;.;.;.;.;17;..;..;..;
NTI Gymnasiet Luleå;90473340;Luleå;2580;Enskild;NTI Gymnasiet Macro AB;5561203679;Svenska 3;28;3,6;32,1;64,3;10;10,0;30,0;60,0;18;.;33,3;66,7;
NTI Gymnasiet Luleå;90473340;Luleå;2580;Enskild;NTI Gymnasiet Macro AB;5561203679;Svenska som andraspråk 1;3;..;..;..;.;.;.;.;3;..;..;..;
NTI Gymnasiet Luleå;90473340;Luleå;2580;Enskild;NTI Gymnasiet Macro AB;5561203679;Svenska som andraspråk 3;1;..;..;..;.;.;.;.;1;..;..;..;
Praktiska Gymnasiet Luleå;26167236;Luleå;2580;Enskild;Praktiska Sverige AB;5562575786;Engelska 6;3;..;..;..;3;..;..;..;.;.;.;.;
Praktiska Gymnasiet Luleå;26167236;Luleå;2580;Enskild;Praktiska Sverige AB;5562575786;Matematik 1A;94;.;35,1;64,9;41;.;41,5;58,5;53;.;30,2;69,8;
Consensum Gymnasium Lund;69807202;Lund;1281;Enskild;Consensum Lund AB;5566023684;Engelska 5;42;4,8;92,9;2,4;34;..;..;..;8;..;..;..;
Consensum Gymnasium Lund;69807202;Lund;1281;Enskild;Consensum Lund AB;5566023684;Engelska 6;20;10,0;85,0;5,0;8;..;..;..;12;..;..;..;
Consensum Gymnasium Lund;69807202;Lund;1281;Enskild;Consensum Lund AB;5566023684;Matematik 1A;48;.;35,4;64,6;39;..;..;..;9;..;..;..;
Consensum Gymnasium Lund;69807202;Lund;1281;Enskild;Consensum Lund AB;5566023684;Matematik 4;13;.;7,7;92,3;7;..;..;..;6;..;..;..;
Consensum Gymnasium Lund;69807202;Lund;1281;Enskild;Consensum Lund AB;5566023684;Svenska 1;35;.;82,9;17,1;30;..;..;..;5;..;..;..;
Consensum Gymnasium Lund;69807202;Lund;1281;Enskild;Consensum Lund AB;5566023684;Svenska 3;1;..;..;..;.;.;.;.;1;..;..;..;
Consensum Gymnasium Lund;69807202;Lund;1281;Enskild;Consensum Lund AB;5566023684;Svenska som andraspråk 1;9;..;..;..;8;..;..;..;1;..;..;..;
Consensum Gymnasium Lund;69807202;Lund;1281;Enskild;Consensum Lund AB;5566023684;Svenska som andraspråk 3;5;..;..;..;2;..;..;..;3;..;..;..;
Drottning Blankas Gymnasieskola Lund;64648904;Lund;1281;Enskild;DBGY Kronan AB;5565668794;Engelska 5;13;.;76,9;23,1;13;..;..;..;.;.;.;.;
Drottning Blankas Gymnasieskola Lund;64648904;Lund;1281;Enskild;DBGY Kronan AB;5565668794;Engelska 6;88;1,1;83,0;15,9;54;1,9;77,8;20,4;34;.;91,2;8,8;
Drottning Blankas Gymnasieskola Lund;64648904;Lund;1281;Enskild;DBGY Kronan AB;5565668794;Matematik 1A;20;.;80,0;20,0;20;..;..;..;.;.;.;.;
Drottning Blankas Gymnasieskola Lund;64648904;Lund;1281;Enskild;DBGY Kronan AB;5565668794;Matematik 1B;19;.;94,7;5,3;18;..;..;..;1;..;..;..;
Drottning Blankas Gymnasieskola Lund;64648904;Lund;1281;Enskild;DBGY Kronan AB;5565668794;Matematik 2B;48;.;64,6;35,4;29;.;69,0;31,0;19;.;57,9;42,1;
Drottning Blankas Gymnasieskola Lund;64648904;Lund;1281;Enskild;DBGY Kronan AB;5565668794;Matematik 3B;20;.;75,0;25,0;8;..;..;..;12;..;..;..;
Drottning Blankas Gymnasieskola Lund;64648904;Lund;1281;Enskild;DBGY Kronan AB;5565668794;Svenska 1;14;.;78,6;21,4;14;..;..;..;.;.;.;.;
Drottning Blankas Gymnasieskola Lund;64648904;Lund;1281;Enskild;DBGY Kronan AB;5565668794;Svenska 3;98;4,1;63,3;32,7;47;2,1;51,1;46,8;51;5,9;74,5;19,6;
Flyinge Hästsportgymnasium;43450482;Lund;1281;Enskild;Flyinge Aktiebolag;5563792927;Engelska 5;11;.;54,5;45,5;10;..;..;..;1;..;..;..;
Flyinge Hästsportgymnasium;43450482;Lund;1281;Enskild;Flyinge Aktiebolag;5563792927;Matematik 1A;10;.;60,0;40,0;9;..;..;..;1;..;..;..;
Flyinge Hästsportgymnasium;43450482;Lund;1281;Enskild;Flyinge Aktiebolag;5563792927;Svenska 1;11;.;100,0;.;10;..;..;..;1;..;..;..;
Gymnasieskolan Spyken;75939593;Lund;1281;Kommunal;Lunds kommun;2120001132;Engelska 6;361;10,0;81,4;8,6;251;8,8;81,7;9,6;110;12,7;80,9;6,4;
Gymnasieskolan Spyken;75939593;Lund;1281;Kommunal;Lunds kommun;2120001132;Matematik 1B;121;0,8;95,9;3,3;93;1,1;96,8;2,2;28;.;92,9;7,1;
Gymnasieskolan Spyken;75939593;Lund;1281;Kommunal;Lunds kommun;2120001132;Matematik 2B;115;.;93,9;6,1;92;.;93,5;6,5;23;.;95,7;4,3;
Gymnasieskolan Spyken;75939593;Lund;1281;Kommunal;Lunds kommun;2120001132;Matematik 3C;7;..;..;..;.;.;.;.;7;..;..;..;
Gymnasieskolan Spyken;75939593;Lund;1281;Kommunal;Lunds kommun;2120001132;Matematik 4;2;..;..;..;2;..;..;..;.;.;.;.;
Gymnasieskolan Spyken;75939593;Lund;1281;Kommunal;Lunds kommun;2120001132;Svenska 3;362;5,0;64,1;30,9;227;3,5;63,0;33,5;135;7,4;65,9;26,7;
Gymnasieskolan Spyken;75939593;Lund;1281;Kommunal;Lunds kommun;2120001132;Svenska som andraspråk 3;9;..;..;..;7;..;..;..;2;..;..;..;
Gymnasieskolan Vipan;63035915;Lund;1281;Kommunal;Lunds kommun;2120001132;Engelska 5;230;13,0;81,7;5,2;83;13,3;85,5;1,2;147;12,9;79,6;7,5;
Gymnasieskolan Vipan;63035915;Lund;1281;Kommunal;Lunds kommun;2120001132;Engelska 6;13;61,5;38,5;.;9;..;..;..;4;..;..;..;
Gymnasieskolan Vipan;63035915;Lund;1281;Kommunal;Lunds kommun;2120001132;Matematik 1A;251;0,4;75,7;23,9;76;.;73,7;26,3;175;0,6;76,6;22,9;
Gymnasieskolan Vipan;63035915;Lund;1281;Kommunal;Lunds kommun;2120001132;Svenska 1;214;5,1;72,0;22,9;63;3,2;68,3;28,6;151;6,0;73,5;20,5;
Gymnasieskolan Vipan;63035915;Lund;1281;Kommunal;Lunds kommun;2120001132;Svenska som andraspråk 1;20;.;55,0;45,0;8;..;..;..;12;..;..;..;
Hedda Anderssongymnasiet;20763964;Lund;1281;Kommunal;Lunds kommun;2120001132;Engelska 6;112;19,6;63,4;17,0;38;15,8;60,5;23,7;74;21,6;64,9;13,5;
Hedda Anderssongymnasiet;20763964;Lund;1281;Kommunal;Lunds kommun;2120001132;Matematik 2B;72;1,4;76,4;22,2;36;.;77,8;22,2;36;2,8;75,0;22,2;
Hedda Anderssongymnasiet;20763964;Lund;1281;Kommunal;Lunds kommun;2120001132;Matematik 3B;27;3,7;81,5;14,8;1;..;..;..;26;..;..;..;
Hedda Anderssongymnasiet;20763964;Lund;1281;Kommunal;Lunds kommun;2120001132;Matematik 4;23;.;91,3;8,7;9;..;..;..;14;..;..;..;
Hedda Anderssongymnasiet;20763964;Lund;1281;Kommunal;Lunds kommun;2120001132;Svenska 3;82;6,1;67,1;26,8;23;.;65,2;34,8;59;8,5;67,8;23,7;
Hedda Anderssongymnasiet;20763964;Lund;1281;Kommunal;Lunds kommun;2120001132;Svenska som andraspråk 3;14;7,1;50,0;42,9;7;..;..;..;7;..;..;..;
Hvilan Gymnasium Lund;36208931;Lund;1281;Enskild;Eruditia AB;5593786345;Matematik 3B;6;..;..;..;2;..;..;..;4;..;..;..;
Hvilan Gymnasium Lund;36208931;Lund;1281;Enskild;Eruditia AB;5593786345;Matematik 4;14;.;42,9;57,1;7;..;..;..;7;..;..;..;
Hvilan Gymnasium Lund;36208931;Lund;1281;Enskild;Eruditia AB;5593786345;Svenska 3;32;6,3;62,5;31,3;17;5,9;58,8;35,3;15;6,7;66,7;26,7;
Hvilan Gymnasium Lund;36208931;Lund;1281;Enskild;Eruditia AB;5593786345;Svenska som andraspråk 3;12;8,3;75,0;16,7;9;..;..;..;3;..;..;..;
JENSEN Gymnasium Lund;26324896;Lund;1281;Enskild;Jensen Education College AB;5566358759;Engelska 6;73;12,3;63,0;24,7;47;8,5;57,4;34,0;26;19,2;73,1;7,7;
JENSEN Gymnasium Lund;26324896;Lund;1281;Enskild;Jensen Education College AB;5566358759;Matematik 2B;50;.;66,0;34,0;35;.;62,9;37,1;15;.;73,3;26,7;
JENSEN Gymnasium Lund;26324896;Lund;1281;Enskild;Jensen Education College AB;5566358759;Matematik 3B;12;.;50,0;50,0;2;..;..;..;10;..;..;..;
JENSEN Gymnasium Lund;26324896;Lund;1281;Enskild;Jensen Education College AB;5566358759;Svenska 3;45;2,2;60,0;37,8;29;.;65,5;34,5;16;6,3;50,0;43,8;
JENSEN Gymnasium Lund;26324896;Lund;1281;Enskild;Jensen Education College AB;5566358759;Svenska som andraspråk 3;5;..;..;..;3;..;..;..;2;..;..;..;
Katedralskolan;56639389;Lund;1281;Kommunal;Lunds kommun;2120001132;Engelska 6;455;14,1;79,3;6,6;252;11,5;81,0;7,5;203;17,2;77,3;5,4;
Katedralskolan;56639389;Lund;1281;Kommunal;Lunds kommun;2120001132;Matematik 2B;182;.;85,7;14,3;116;.;82,8;17,2;66;.;90,9;9,1;
Katedralskolan;56639389;Lund;1281;Kommunal;Lunds kommun;2120001132;Matematik 3B;49;.;77,6;22,4;14;.;71,4;28,6;35;.;80,0;20,0;
Katedralskolan;56639389;Lund;1281;Kommunal;Lunds kommun;2120001132;Matematik 3C;29;.;79,3;20,7;19;.;68,4;31,6;10;.;100,0;.;
Katedralskolan;56639389;Lund;1281;Kommunal;Lunds kommun;2120001132;Svenska 3;388;4,6;65,5;29,9;226;4,0;61,5;34,5;162;5,6;71,0;23,5;
Katedralskolan;56639389;Lund;1281;Kommunal;Lunds kommun;2120001132;Svenska som andraspråk 3;10;10,0;70,0;20,0;4;..;..;..;6;..;..;..;
Lars-Erik Larssongymnasiet;95700485;Lund;1281;Enskild;Lars-Erik Larsson Gymnasiet;8465021015;Engelska 6;62;6,5;85,5;8,1;31;.;96,8;3,2;31;12,9;74,2;12,9;
Lars-Erik Larssongymnasiet;95700485;Lund;1281;Enskild;Lars-Erik Larsson Gymnasiet;8465021015;Matematik 2B;19;.;84,2;15,8;7;..;..;..;12;..;..;..;
Lars-Erik Larssongymnasiet;95700485;Lund;1281;Enskild;Lars-Erik Larsson Gymnasiet;8465021015;Svenska 3;61;8,2;65,6;26,2;39;5,1;56,4;38,5;22;13,6;81,8;4,5;
LBS Kreativa Gymnasiet Lund;51449748;Lund;1281;Enskild;Ljud & Bildskolan LBS AB;5564851649;Engelska 6;99;4,0;81,8;14,1;38;5,3;86,8;7,9;61;3,3;78,7;18,0;
LBS Kreativa Gymnasiet Lund;51449748;Lund;1281;Enskild;Ljud & Bildskolan LBS AB;5564851649;Matematik 1B;69;7,2;66,7;26,1;37;2,7;73,0;24,3;32;12,5;59,4;28,1;
LBS Kreativa Gymnasiet Lund;51449748;Lund;1281;Enskild;Ljud & Bildskolan LBS AB;5564851649;Matematik 3C;1;..;..;..;1;..;..;..;.;.;.;.;
LBS Kreativa Gymnasiet Lund;51449748;Lund;1281;Enskild;Ljud & Bildskolan LBS AB;5564851649;Svenska 3;114;4,4;63,2;32,5;30;3,3;53,3;43,3;84;4,8;66,7;28,6;
LBS Kreativa Gymnasiet Lund;51449748;Lund;1281;Enskild;Ljud & Bildskolan LBS AB;5564851649;Svenska som andraspråk 3;5;..;..;..;.;.;.;.;5;..;..;..;
Lunds Dans- o Musikalgymnasium;28267726;Lund;1281;Enskild;Dans o Musikal i Lund AB;5566981766;Matematik 1B;60;1,7;86,7;11,7;50;2,0;88,0;10,0;10;.;80,0;20,0;
Lunds Fordonstekniska Gymn.;28848709;Lund;1281;Enskild;Lunds Fordonstekniska Gymnasium AB;5566426630;Engelska 5;16;6,3;56,3;37,5;3;..;..;..;13;..;..;..;
Lunds Fordonstekniska Gymn.;28848709;Lund;1281;Enskild;Lunds Fordonstekniska Gymnasium AB;5566426630;Matematik 1A;18;.;16,7;83,3;2;..;..;..;16;..;..;..;
Lunds Fordonstekniska Gymn.;28848709;Lund;1281;Enskild;Lunds Fordonstekniska Gymnasium AB;5566426630;Svenska 1;13;.;53,8;46,2;1;..;..;..;12;..;..;..;
Lunds Fordonstekniska Gymn.;28848709;Lund;1281;Enskild;Lunds Fordonstekniska Gymnasium AB;5566426630;Svenska som andraspråk 1;3;..;..;..;.;.;.;.;3;..;..;..;
NTI Gymnasiet Lund;12613085;Lund;1281;Enskild;NTI Gymnasiet Macro AB;5561203679;Engelska 5;21;9,5;90,5;.;.;.;.;.;21;..;..;..;
NTI Gymnasiet Lund;12613085;Lund;1281;Enskild;NTI Gymnasiet Macro AB;5561203679;Engelska 6;18;5,6;94,4;.;1;..;..;..;17;..;..;..;
NTI Gymnasiet Lund;12613085;Lund;1281;Enskild;NTI Gymnasiet Macro AB;5561203679;Matematik 1A;27;.;96,3;3,7;.;.;.;.;27;..;..;..;
NTI Gymnasiet Lund;12613085;Lund;1281;Enskild;NTI Gymnasiet Macro AB;5561203679;Matematik 3C;18;.;100,0;.;1;..;..;..;17;..;..;..;
NTI Gymnasiet Lund;12613085;Lund;1281;Enskild;NTI Gymnasiet Macro AB;5561203679;Svenska 1;17;.;88,2;11,8;.;.;.;.;17;..;..;..;
NTI Gymnasiet Lund;12613085;Lund;1281;Enskild;NTI Gymnasiet Macro AB;5561203679;Svenska 3;17;11,8;58,8;29,4;1;..;..;..;16;..;..;..;
NTI Gymnasiet Lund;12613085;Lund;1281;Enskild;NTI Gymnasiet Macro AB;5561203679;Svenska som andraspråk 1;2;..;..;..;.;.;.;.;2;..;..;..;
NTI Vetenskapsgymnasiet Lund;15783533;Lund;1281;Enskild;NTI Gymnasiet Macro AB;5561203679;Engelska 6;13;.;84,6;15,4;3;..;..;..;10;..;..;..;
NTI Vetenskapsgymnasiet Lund;15783533;Lund;1281;Enskild;NTI Gymnasiet Macro AB;5561203679;Matematik 4;8;..;..;..;3;..;..;..;5;..;..;..;
NTI Vetenskapsgymnasiet Lund;15783533;Lund;1281;Enskild;NTI Gymnasiet Macro AB;5561203679;Svenska 3;6;..;..;..;2;..;..;..;4;..;..;..;
Polhemskolan;53896162;Lund;1281;Kommunal;Lunds kommun;2120001132;Engelska 5;13;61,5;38,5;.;13;..;..;..;.;.;.;.;
Polhemskolan;53896162;Lund;1281;Kommunal;Lunds kommun;2120001132;Engelska 6;575;12,2;78,8;9,0;235;15,3;72,8;11,9;340;10,0;82,9;7,1;
Polhemskolan;53896162;Lund;1281;Kommunal;Lunds kommun;2120001132;Matematik 2B;208;.;84,6;15,4;127;.;83,5;16,5;81;.;86,4;13,6;
Polhemskolan;53896162;Lund;1281;Kommunal;Lunds kommun;2120001132;Matematik 3B;64;.;89,1;10,9;28;.;85,7;14,3;36;.;91,7;8,3;
Polhemskolan;53896162;Lund;1281;Kommunal;Lunds kommun;2120001132;Matematik 3C;16;.;100,0;.;3;..;..;..;13;..;..;..;
Polhemskolan;53896162;Lund;1281;Kommunal;Lunds kommun;2120001132;Svenska 3;627;7,3;60,9;31,7;307;6,5;59,3;34,2;320;8,1;62,5;29,4;
Polhemskolan;53896162;Lund;1281;Kommunal;Lunds kommun;2120001132;Svenska som andraspråk 3;23;.;47,8;52,2;12;.;50,0;50,0;11;.;45,5;54,5;
ProCivitas Privata Gymnasium Lund;17779637;Lund;1281;Enskild;ProCivitas Privata Gymnasium AB;5566157102;Engelska 6;95;1,1;93,7;5,3;61;1,6;91,8;6,6;34;.;97,1;2,9;
ProCivitas Privata Gymnasium Lund;17779637;Lund;1281;Enskild;ProCivitas Privata Gymnasium AB;5566157102;Matematik 2B;31;6,5;90,3;3,2;20;5,0;95,0;.;11;9,1;81,8;9,1;
ProCivitas Privata Gymnasium Lund;17779637;Lund;1281;Enskild;ProCivitas Privata Gymnasium AB;5566157102;Matematik 3B;14;.;92,9;7,1;5;..;..;..;9;..;..;..;
ProCivitas Privata Gymnasium Lund;17779637;Lund;1281;Enskild;ProCivitas Privata Gymnasium AB;5566157102;Svenska 3;87;3,4;82,8;13,8;54;3,7;77,8;18,5;33;3,0;90,9;6,1;
ProCivitas Privata Gymnasium Lund;17779637;Lund;1281;Enskild;ProCivitas Privata Gymnasium AB;5566157102;Svenska som andraspråk 3;2;..;..;..;1;..;..;..;1;..;..;..;
Realgymnasiet i Lund;11185244;Lund;1281;Enskild;Lärande i Sverige AB;5565715892;Engelska 5;85;7,1;47,1;45,9;51;7,8;47,1;45,1;34;5,9;47,1;47,1;
Realgymnasiet i Lund;11185244;Lund;1281;Enskild;Lärande i Sverige AB;5565715892;Engelska 6;13;15,4;30,8;53,8;9;..;..;..;4;..;..;..;
Realgymnasiet i Lund;11185244;Lund;1281;Enskild;Lärande i Sverige AB;5565715892;Matematik 1A;83;.;65,1;34,9;52;.;65,4;34,6;31;.;64,5;35,5;
Realgymnasiet i Lund;11185244;Lund;1281;Enskild;Lärande i Sverige AB;5565715892;Svenska 1;80;2,5;31,3;66,3;60;3,3;31,7;65,0;20;.;30,0;70,0;
Realgymnasiet i Lund;11185244;Lund;1281;Enskild;Lärande i Sverige AB;5565715892;Svenska som andraspråk 1;9;..;..;..;3;..;..;..;6;..;..;..;
Thoren Innovation School Lund;66824652;Lund;1281;Enskild;Thoren Innovation School AB;5568902653;Svenska 1;9;..;..;..;.;.;.;.;9;..;..;..;
Thoren Innovation School Lund;66824652;Lund;1281;Enskild;Thoren Innovation School AB;5568902653;Svenska 3;21;4,8;23,8;71,4;7;..;..;..;14;..;..;..;
Thoren Innovation School Lund;66824652;Lund;1281;Enskild;Thoren Innovation School AB;5568902653;Svenska som andraspråk 1;8;..;..;..;.;.;.;.;8;..;..;..;
Thoren Innovation School Lund;66824652;Lund;1281;Enskild;Thoren Innovation School AB;5568902653;Svenska som andraspråk 3;6;..;..;..;2;..;..;..;4;..;..;..;
Tannbergsskolan 1;49168016;Lycksele;2481;Kommunal;Lycksele kommun;2120002635;Engelska 5;20;25,0;50,0;25,0;7;..;..;..;13;..;..;..;
Tannbergsskolan 1;49168016;Lycksele;2481;Kommunal;Lycksele kommun;2120002635;Engelska 6;23;8,7;82,6;8,7;8;..;..;..;15;..;..;..;
Tannbergsskolan 1;49168016;Lycksele;2481;Kommunal;Lycksele kommun;2120002635;Svenska 1;13;15,4;76,9;7,7;4;..;..;..;9;..;..;..;
Tannbergsskolan 1;49168016;Lycksele;2481;Kommunal;Lycksele kommun;2120002635;Svenska 3;9;..;..;..;5;..;..;..;4;..;..;..;
Tannbergsskolan 1;49168016;Lycksele;2481;Kommunal;Lycksele kommun;2120002635;Svenska som andraspråk 1;2;..;..;..;.;.;.;.;2;..;..;..;
Tannbergsskolan 1;49168016;Lycksele;2481;Kommunal;Lycksele kommun;2120002635;Svenska som andraspråk 3;4;..;..;..;3;..;..;..;1;..;..;..;
Tannbergsskolan 2;32042066;Lycksele;2481;Kommunal;Lycksele kommun;2120002635;Svenska 1;22;4,5;68,2;27,3;6;..;..;..;16;..;..;..;
Tannbergsskolan 3;50821167;Lycksele;2481;Kommunal;Lycksele kommun;2120002635;Engelska 5;14;.;92,9;7,1;13;..;..;..;1;..;..;..;
Tannbergsskolan 3;50821167;Lycksele;2481;Kommunal;Lycksele kommun;2120002635;Svenska 1;7;..;..;..;7;..;..;..;.;.;.;.;
Tannbergsskolan 4;71929526;Lycksele;2481;Kommunal;Lycksele kommun;2120002635;Engelska 5;15;13,3;73,3;13,3;4;..;..;..;11;..;..;..;
Tannbergsskolan 4;71929526;Lycksele;2481;Kommunal;Lycksele kommun;2120002635;Engelska 6;13;.;76,9;23,1;12;..;..;..;1;..;..;..;
Tannbergsskolan 4;71929526;Lycksele;2481;Kommunal;Lycksele kommun;2120002635;Svenska 1;14;.;14,3;85,7;2;..;..;..;12;..;..;..;
Tannbergsskolan 4;71929526;Lycksele;2481;Kommunal;Lycksele kommun;2120002635;Svenska 3;17;.;11,8;88,2;12;..;..;..;5;..;..;..;
Tannbergsskolan 4;71929526;Lycksele;2481;Kommunal;Lycksele kommun;2120002635;Svenska som andraspråk 3;4;..;..;..;2;..;..;..;2;..;..;..;
Gullmarsgymnasiet 1;92814975;Lysekil;1484;Kommunal;Lysekils kommun;2120001389;Engelska 5;40;10,0;85,0;5,0;14;21,4;78,6;.;26;3,8;88,5;7,7;
Gullmarsgymnasiet 1;92814975;Lysekil;1484;Kommunal;Lysekils kommun;2120001389;Matematik 1A;49;.;67,3;32,7;20;.;75,0;25,0;29;.;62,1;37,9;
Gullmarsgymnasiet 1;92814975;Lysekil;1484;Kommunal;Lysekils kommun;2120001389;Svenska 1;39;10,3;66,7;23,1;13;.;69,2;30,8;26;15,4;65,4;19,2;
Gullmarsgymnasiet 1;92814975;Lysekil;1484;Kommunal;Lysekils kommun;2120001389;Svenska som andraspråk 1;1;..;..;..;.;.;.;.;1;..;..;..;
Gullmarsgymnasiet 2;60873719;Lysekil;1484;Kommunal;Lysekils kommun;2120001389;Engelska 6;95;7,4;70,5;22,1;57;.;68,4;31,6;38;18,4;73,7;7,9;
Gullmarsgymnasiet 2;60873719;Lysekil;1484;Kommunal;Lysekils kommun;2120001389;Matematik 2B;29;.;37,9;62,1;23;..;..;..;6;..;..;..;
Gullmarsgymnasiet 2;60873719;Lysekil;1484;Kommunal;Lysekils kommun;2120001389;Matematik 3B;3;..;..;..;2;..;..;..;1;..;..;..;
Gullmarsgymnasiet 2;60873719;Lysekil;1484;Kommunal;Lysekils kommun;2120001389;Matematik 3C;7;..;..;..;3;..;..;..;4;..;..;..;
Gullmarsgymnasiet 2;60873719;Lysekil;1484;Kommunal;Lysekils kommun;2120001389;Matematik 4;43;.;51,2;48,8;20;.;40,0;60,0;23;.;60,9;39,1;
Gullmarsgymnasiet 2;60873719;Lysekil;1484;Kommunal;Lysekils kommun;2120001389;Svenska 3;64;9,4;62,5;28,1;47;8,5;66,0;25,5;17;11,8;52,9;35,3;
Gullmarsgymnasiet 2;60873719;Lysekil;1484;Kommunal;Lysekils kommun;2120001389;Svenska som andraspråk 3;9;..;..;..;7;..;..;..;2;..;..;..;
Agnesfrids gymnasium;28770304;Malmö;1280;Kommunal;Malmö kommun;2120001124;Engelska 5;26;11,5;65,4;23,1;1;..;..;..;25;..;..;..;
Agnesfrids gymnasium;28770304;Malmö;1280;Kommunal;Malmö kommun;2120001124;Matematik 1A;37;.;97,3;2,7;2;..;..;..;35;..;..;..;
Agnesfrids gymnasium;28770304;Malmö;1280;Kommunal;Malmö kommun;2120001124;Svenska 1;12;25,0;58,3;16,7;1;..;..;..;11;..;..;..;
Agnesfrids gymnasium;28770304;Malmö;1280;Kommunal;Malmö kommun;2120001124;Svenska som andraspråk 1;18;11,1;77,8;11,1;1;..;..;..;17;..;..;..;
Bladins gymnasium;21938183;Malmö;1280;Enskild;Bladins Skola, Stiftelsen;8460010948;Engelska 6;20;5,0;65,0;30,0;9;..;..;..;11;..;..;..;
Bladins gymnasium;21938183;Malmö;1280;Enskild;Bladins Skola, Stiftelsen;8460010948;Matematik 2B;47;.;87,2;12,8;25;.;84,0;16,0;22;.;90,9;9,1;
Bladins gymnasium;21938183;Malmö;1280;Enskild;Bladins Skola, Stiftelsen;8460010948;Svenska 3;41;2,4;73,2;24,4;17;.;76,5;23,5;24;4,2;70,8;25,0;
Bladins gymnasium;21938183;Malmö;1280;Enskild;Bladins Skola, Stiftelsen;8460010948;Svenska som andraspråk 3;6;..;..;..;3;..;..;..;3;..;..;..;
Bryggeriets Gymnasium;71472793;Malmö;1280;Enskild;Bryggeriets Bildnings Byrå (Bbb);8465017070;Engelska 6;33;18,2;66,7;15,2;13;15,4;61,5;23,1;20;20,0;70,0;10,0;
Bryggeriets Gymnasium;71472793;Malmö;1280;Enskild;Bryggeriets Bildnings Byrå (Bbb);8465017070;Matematik 1B;52;.;25,0;75,0;26;.;26,9;73,1;26;.;23,1;76,9;
Bryggeriets Gymnasium;71472793;Malmö;1280;Enskild;Bryggeriets Bildnings Byrå (Bbb);8465017070;Svenska 3;27;3,7;44,4;51,9;16;6,3;37,5;56,3;11;.;54,5;45,5;
Bryggeriets Gymnasium;71472793;Malmö;1280;Enskild;Bryggeriets Bildnings Byrå (Bbb);8465017070;Svenska som andraspråk 3;7;..;..;..;1;..;..;..;6;..;..;..;
Designgymnasiet Malmö;42662249;Malmö;1280;Enskild;Designgymnasiet i Sverige AB;5569320681;Engelska 6;44;2,3;86,4;11,4;27;3,7;85,2;11,1;17;.;88,2;11,8;
Designgymnasiet Malmö;42662249;Malmö;1280;Enskild;Designgymnasiet i Sverige AB;5569320681;Matematik 1B;49;.;67,3;32,7;44;..;..;..;5;..;..;..;
Designgymnasiet Malmö;42662249;Malmö;1280;Enskild;Designgymnasiet i Sverige AB;5569320681;Matematik 3C;23;.;43,5;56,5;11;.;18,2;81,8;12;.;66,7;33,3;
Drottning Blankas Gymnasieskola Malmö City;77609073;Malmö;1280;Enskild;DBGY Kronan AB;5565668794;Engelska 5;13;.;92,3;7,7;5;..;..;..;8;..;..;..;
Drottning Blankas Gymnasieskola Malmö City;77609073;Malmö;1280;Enskild;DBGY Kronan AB;5565668794;Engelska 6;28;.;50,0;50,0;14;.;42,9;57,1;14;.;57,1;42,9;
Drottning Blankas Gymnasieskola Malmö City;77609073;Malmö;1280;Enskild;DBGY Kronan AB;5565668794;Matematik 1A;16;.;75,0;25,0;7;..;..;..;9;..;..;..;
Drottning Blankas Gymnasieskola Malmö City;77609073;Malmö;1280;Enskild;DBGY Kronan AB;5565668794;Matematik 2B;11;.;81,8;18,2;6;..;..;..;5;..;..;..;
Drottning Blankas Gymnasieskola Malmö City;77609073;Malmö;1280;Enskild;DBGY Kronan AB;5565668794;Matematik 3B;3;..;..;..;2;..;..;..;1;..;..;..;
Drottning Blankas Gymnasieskola Malmö City;77609073;Malmö;1280;Enskild;DBGY Kronan AB;5565668794;Svenska 1;9;..;..;..;7;..;..;..;2;..;..;..;
Drottning Blankas Gymnasieskola Malmö City;77609073;Malmö;1280;Enskild;DBGY Kronan AB;5565668794;Svenska 3;9;..;..;..;6;..;..;..;3;..;..;..;
Drottning Blankas Gymnasieskola Malmö City;77609073;Malmö;1280;Enskild;DBGY Kronan AB;5565668794;Svenska som andraspråk 1;1;..;..;..;.;.;.;.;1;..;..;..;
Drottning Blankas Gymnasieskola Malmö City;77609073;Malmö;1280;Enskild;DBGY Kronan AB;5565668794;Svenska som andraspråk 3;1;..;..;..;.;.;.;.;1;..;..;..;
Drottning Blankas Gymnasieskola Malmö City 2;69063711;Malmö;1280;Enskild;Cybergymnasiet Malmö AB;5565693289;Engelska 5;36;11,1;80,6;8,3;12;16,7;83,3;.;24;8,3;79,2;12,5;
Drottning Blankas Gymnasieskola Malmö City 2;69063711;Malmö;1280;Enskild;Cybergymnasiet Malmö AB;5565693289;Engelska 6;52;1,9;78,8;19,2;41;2,4;82,9;14,6;11;.;63,6;36,4;
Drottning Blankas Gymnasieskola Malmö City 2;69063711;Malmö;1280;Enskild;Cybergymnasiet Malmö AB;5565693289;Matematik 1A;39;.;59,0;41,0;14;.;57,1;42,9;25;.;60,0;40,0;
Drottning Blankas Gymnasieskola Malmö City 2;69063711;Malmö;1280;Enskild;Cybergymnasiet Malmö AB;5565693289;Matematik 1B;21;.;71,4;28,6;13;..;..;..;8;..;..;..;
Drottning Blankas Gymnasieskola Malmö City 2;69063711;Malmö;1280;Enskild;Cybergymnasiet Malmö AB;5565693289;Matematik 2B;21;.;76,2;23,8;16;..;..;..;5;..;..;..;
Drottning Blankas Gymnasieskola Malmö City 2;69063711;Malmö;1280;Enskild;Cybergymnasiet Malmö AB;5565693289;Svenska 1;20;.;95,0;5,0;8;..;..;..;12;..;..;..;
Drottning Blankas Gymnasieskola Malmö City 2;69063711;Malmö;1280;Enskild;Cybergymnasiet Malmö AB;5565693289;Svenska 3;44;2,3;84,1;13,6;34;2,9;85,3;11,8;10;.;80,0;20,0;
Drottning Blankas Gymnasieskola Malmö City 2;69063711;Malmö;1280;Enskild;Cybergymnasiet Malmö AB;5565693289;Svenska som andraspråk 1;13;15,4;46,2;38,5;4;..;..;..;9;..;..;..;
Drottning Blankas Gymnasieskola Malmö City 2;69063711;Malmö;1280;Enskild;Cybergymnasiet Malmö AB;5565693289;Svenska som andraspråk 3;25;4,0;56,0;40,0;14;7,1;50,0;42,9;11;.;63,6;36,4;
Drottning Blankas Gymnasieskola Malmö Söderport;35894996;Malmö;1280;Enskild;DBGY Kronan AB;5565668794;Engelska 5;46;.;82,6;17,4;40;..;..;..;6;..;..;..;
Drottning Blankas Gymnasieskola Malmö Söderport;35894996;Malmö;1280;Enskild;DBGY Kronan AB;5565668794;Engelska 6;55;.;78,2;21,8;42;.;76,2;23,8;13;.;84,6;15,4;
Drottning Blankas Gymnasieskola Malmö Söderport;35894996;Malmö;1280;Enskild;DBGY Kronan AB;5565668794;Matematik 1A;23;.;65,2;34,8;18;..;..;..;5;..;..;..;
Drottning Blankas Gymnasieskola Malmö Söderport;35894996;Malmö;1280;Enskild;DBGY Kronan AB;5565668794;Matematik 2B;45;.;73,3;26,7;33;.;75,8;24,2;12;.;66,7;33,3;
Drottning Blankas Gymnasieskola Malmö Söderport;35894996;Malmö;1280;Enskild;DBGY Kronan AB;5565668794;Svenska 1;41;12,2;73,2;14,6;34;..;..;..;7;..;..;..;
Drottning Blankas Gymnasieskola Malmö Söderport;35894996;Malmö;1280;Enskild;DBGY Kronan AB;5565668794;Svenska 3;51;.;100,0;.;44;..;..;..;7;..;..;..;
Drottning Blankas Gymnasieskola Malmö Söderport;35894996;Malmö;1280;Enskild;DBGY Kronan AB;5565668794;Svenska som andraspråk 1;6;..;..;..;6;..;..;..;.;.;.;.;
Drottning Blankas Gymnasieskola Malmö Söderport;35894996;Malmö;1280;Enskild;DBGY Kronan AB;5565668794;Svenska som andraspråk 3;8;..;..;..;6;..;..;..;2;..;..;..;
Einar Hansengymnasiet;12926770;Malmö;1280;Enskild;Folkuniversitetet Stiftelsen Kurs- Verksamheten vid Lunds Universitet;8450003481;Matematik 4;23;.;39,1;60,9;10;.;40,0;60,0;13;.;38,5;61,5;
Einar Hansengymnasiet;12926770;Malmö;1280;Enskild;Folkuniversitetet Stiftelsen Kurs- Verksamheten vid Lunds Universitet;8450003481;Svenska 3;27;.;29,6;70,4;18;..;..;..;9;..;..;..;
Einar Hansengymnasiet;12926770;Malmö;1280;Enskild;Folkuniversitetet Stiftelsen Kurs- Verksamheten vid Lunds Universitet;8450003481;Svenska som andraspråk 3;18;16,7;61,1;22,2;10;..;..;..;8;..;..;..;
Fria Läroverken Malmö;68748767;Malmö;1280;Enskild;Fria Läroverken i Sverige AB;5569172041;Matematik 1A;18;.;55,6;44,4;18;..;..;..;.;.;.;.;
Fria Läroverken Malmö;68748767;Malmö;1280;Enskild;Fria Läroverken i Sverige AB;5569172041;Matematik 2B;22;.;81,8;18,2;11;.;81,8;18,2;11;.;81,8;18,2;
Fria Läroverken Malmö;68748767;Malmö;1280;Enskild;Fria Läroverken i Sverige AB;5569172041;Matematik 3B;3;..;..;..;1;..;..;..;2;..;..;..;
Gymnasieskolan Gripen;28085125;Malmö;1280;Enskild;Gymnasieskolan Gripen AB;5567622682;Engelska 6;29;.;75,9;24,1;16;.;75,0;25,0;13;.;76,9;23,1;
Gymnasieskolan Gripen;28085125;Malmö;1280;Enskild;Gymnasieskolan Gripen AB;5567622682;Matematik 1B;2;..;..;..;1;..;..;..;1;..;..;..;
Gymnasieskolan Gripen;28085125;Malmö;1280;Enskild;Gymnasieskolan Gripen AB;5567622682;Matematik 2B;12;8,3;50,0;41,7;7;..;..;..;5;..;..;..;
Gymnasieskolan Gripen;28085125;Malmö;1280;Enskild;Gymnasieskolan Gripen AB;5567622682;Svenska 3;18;.;88,9;11,1;12;..;..;..;6;..;..;..;
Gymnasieskolan Gripen;28085125;Malmö;1280;Enskild;Gymnasieskolan Gripen AB;5567622682;Svenska som andraspråk 3;22;.;100,0;.;14;..;..;..;8;..;..;..;
JENSEN Gymnasium Malmö;48593439;Malmö;1280;Enskild;Jensen Education College AB;5566358759;Engelska 6;126;.;65,9;34,1;74;.;58,1;41,9;52;.;76,9;23,1;
JENSEN Gymnasium Malmö;48593439;Malmö;1280;Enskild;Jensen Education College AB;5566358759;Matematik 2B;82;2,4;75,6;22,0;56;3,6;66,1;30,4;26;.;96,2;3,8;
JENSEN Gymnasium Malmö;48593439;Malmö;1280;Enskild;Jensen Education College AB;5566358759;Matematik 3B;25;.;56,0;44,0;10;.;60,0;40,0;15;.;53,3;46,7;
JENSEN Gymnasium Malmö;48593439;Malmö;1280;Enskild;Jensen Education College AB;5566358759;Matematik 4;19;.;26,3;73,7;12;..;..;..;7;..;..;..;
JENSEN Gymnasium Malmö;48593439;Malmö;1280;Enskild;Jensen Education College AB;5566358759;Svenska 3;40;.;85,0;15,0;23;.;82,6;17,4;17;.;88,2;11,8;
JENSEN Gymnasium Malmö;48593439;Malmö;1280;Enskild;Jensen Education College AB;5566358759;Svenska som andraspråk 3;69;1,4;92,8;5,8;39;.;92,3;7,7;30;3,3;93,3;3,3;
KLARA Teoretiska Gymnasium Malmö;23548714;Malmö;1280;Enskild;KLARA Gymnasium Bildning AB;5565286696;Engelska 6;73;5,5;63,0;31,5;46;4,3;60,9;34,8;27;7,4;66,7;25,9;
KLARA Teoretiska Gymnasium Malmö;23548714;Malmö;1280;Enskild;KLARA Gymnasium Bildning AB;5565286696;Matematik 2B;34;.;41,2;58,8;24;.;33,3;66,7;10;.;60,0;40,0;
KLARA Teoretiska Gymnasium Malmö;23548714;Malmö;1280;Enskild;KLARA Gymnasium Bildning AB;5565286696;Matematik 3B;5;..;..;..;.;.;.;.;5;..;..;..;
KLARA Teoretiska Gymnasium Malmö;23548714;Malmö;1280;Enskild;KLARA Gymnasium Bildning AB;5565286696;Matematik 3C;1;..;..;..;1;..;..;..;.;.;.;.;
KLARA Teoretiska Gymnasium Malmö;23548714;Malmö;1280;Enskild;KLARA Gymnasium Bildning AB;5565286696;Svenska 3;19;10,5;78,9;10,5;12;..;..;..;7;..;..;..;
KLARA Teoretiska Gymnasium Malmö;23548714;Malmö;1280;Enskild;KLARA Gymnasium Bildning AB;5565286696;Svenska som andraspråk 3;32;28,1;68,8;3,1;22;27,3;68,2;4,5;10;30,0;70,0;.;
Kunskapsgymnasiet Malmö;91773491;Malmö;1280;Enskild;Kunskapsskolan i Sverige Aktiebolag;5565661815;Engelska 6;85;3,5;62,4;34,1;58;5,2;55,2;39,7;27;.;77,8;22,2;
Kunskapsgymnasiet Malmö;91773491;Malmö;1280;Enskild;Kunskapsskolan i Sverige Aktiebolag;5565661815;Matematik 2B;19;.;47,4;52,6;13;..;..;..;6;..;..;..;
Kunskapsgymnasiet Malmö;91773491;Malmö;1280;Enskild;Kunskapsskolan i Sverige Aktiebolag;5565661815;Matematik 3B;15;.;100,0;.;3;..;..;..;12;..;..;..;
Kunskapsgymnasiet Malmö;91773491;Malmö;1280;Enskild;Kunskapsskolan i Sverige Aktiebolag;5565661815;Matematik 3C;18;.;66,7;33,3;12;..;..;..;6;..;..;..;
Kunskapsgymnasiet Malmö;91773491;Malmö;1280;Enskild;Kunskapsskolan i Sverige Aktiebolag;5565661815;Matematik 4;46;.;32,6;67,4;26;.;30,8;69,2;20;.;35,0;65,0;
Kunskapsgymnasiet Malmö;91773491;Malmö;1280;Enskild;Kunskapsskolan i Sverige Aktiebolag;5565661815;Svenska 3;29;24,1;72,4;3,4;15;20,0;73,3;6,7;14;28,6;71,4;.;
Kunskapsgymnasiet Malmö;91773491;Malmö;1280;Enskild;Kunskapsskolan i Sverige Aktiebolag;5565661815;Svenska som andraspråk 3;53;20,8;60,4;18,9;29;20,7;58,6;20,7;24;20,8;62,5;16,7;
LBS Kreativa Gymnasiet Malmö;97931189;Malmö;1280;Enskild;Ljud & Bildskolan LBS AB;5564851649;Engelska 6;69;14,5;55,1;30,4;20;.;45,0;55,0;49;20,4;59,2;20,4;
LBS Kreativa Gymnasiet Malmö;97931189;Malmö;1280;Enskild;Ljud & Bildskolan LBS AB;5564851649;Matematik 1B;43;.;44,2;55,8;18;.;27,8;72,2;25;.;56,0;44,0;
LBS Kreativa Gymnasiet Malmö;97931189;Malmö;1280;Enskild;Ljud & Bildskolan LBS AB;5564851649;Matematik 3C;27;.;66,7;33,3;5;..;..;..;22;..;..;..;
LBS Kreativa Gymnasiet Malmö;97931189;Malmö;1280;Enskild;Ljud & Bildskolan LBS AB;5564851649;Svenska 3;46;6,5;60,9;32,6;10;.;80,0;20,0;36;8,3;55,6;36,1;
LBS Kreativa Gymnasiet Malmö;97931189;Malmö;1280;Enskild;Ljud & Bildskolan LBS AB;5564851649;Svenska som andraspråk 3;9;..;..;..;4;..;..;..;5;..;..;..;
Malmö Borgarskola Ro 1;30361243;Malmö;1280;Kommunal;Malmö kommun;2120001124;Engelska 5;24;8,3;83,3;8,3;15;..;..;..;9;..;..;..;
Malmö Borgarskola Ro 1;30361243;Malmö;1280;Kommunal;Malmö kommun;2120001124;Engelska 6;282;7,8;82,3;9,9;147;7,5;82,3;10,2;135;8,1;82,2;9,6;
Malmö Borgarskola Ro 1;30361243;Malmö;1280;Kommunal;Malmö kommun;2120001124;Matematik 1A;48;.;77,1;22,9;31;.;77,4;22,6;17;.;76,5;23,5;
Malmö Borgarskola Ro 1;30361243;Malmö;1280;Kommunal;Malmö kommun;2120001124;Matematik 2B;153;.;80,4;19,6;90;.;83,3;16,7;63;.;76,2;23,8;
Malmö Borgarskola Ro 1;30361243;Malmö;1280;Kommunal;Malmö kommun;2120001124;Matematik 3B;56;.;85,7;14,3;20;.;95,0;5,0;36;.;80,6;19,4;
Malmö Borgarskola Ro 1;30361243;Malmö;1280;Kommunal;Malmö kommun;2120001124;Svenska 1;40;2,5;82,5;15,0;26;3,8;76,9;19,2;14;.;92,9;7,1;
Malmö Borgarskola Ro 1;30361243;Malmö;1280;Kommunal;Malmö kommun;2120001124;Svenska 3;233;4,7;70,8;24,5;130;3,8;66,9;29,2;103;5,8;75,7;18,4;
Malmö Borgarskola Ro 1;30361243;Malmö;1280;Kommunal;Malmö kommun;2120001124;Svenska som andraspråk 1;3;..;..;..;2;..;..;..;1;..;..;..;
Malmö Borgarskola Ro 1;30361243;Malmö;1280;Kommunal;Malmö kommun;2120001124;Svenska som andraspråk 3;43;2,3;69,8;27,9;29;3,4;65,5;31,0;14;.;78,6;21,4;
Malmö Citadellsgymnasium;57072964;Malmö;1280;Kommunal;Malmö kommun;2120001124;Engelska 5;21;9,5;85,7;4,8;8;..;..;..;13;..;..;..;
Malmö Citadellsgymnasium;57072964;Malmö;1280;Kommunal;Malmö kommun;2120001124;Matematik 1A;24;.;45,8;54,2;8;..;..;..;16;..;..;..;
Malmö Citadellsgymnasium;57072964;Malmö;1280;Kommunal;Malmö kommun;2120001124;Svenska 1;23;.;26,1;73,9;8;..;..;..;15;..;..;..;
Malmö Idrottsgymnasium Ro1;25596917;Malmö;1280;Kommunal;Malmö kommun;2120001124;Engelska 5;16;.;81,3;18,8;2;..;..;..;14;..;..;..;
Malmö Idrottsgymnasium Ro1;25596917;Malmö;1280;Kommunal;Malmö kommun;2120001124;Engelska 6;113;2,7;85,8;11,5;50;.;90,0;10,0;63;4,8;82,5;12,7;
Malmö Idrottsgymnasium Ro1;25596917;Malmö;1280;Kommunal;Malmö kommun;2120001124;Matematik 1A;18;.;100,0;.;1;..;..;..;17;..;..;..;
Malmö Idrottsgymnasium Ro1;25596917;Malmö;1280;Kommunal;Malmö kommun;2120001124;Matematik 2B;58;.;87,9;12,1;25;.;76,0;24,0;33;.;97,0;3,0;
Malmö Idrottsgymnasium Ro1;25596917;Malmö;1280;Kommunal;Malmö kommun;2120001124;Matematik 3B;27;.;74,1;25,9;14;.;57,1;42,9;13;.;92,3;7,7;
Malmö Idrottsgymnasium Ro1;25596917;Malmö;1280;Kommunal;Malmö kommun;2120001124;Svenska 1;16;6,3;81,3;12,5;1;..;..;..;15;..;..;..;
Malmö Idrottsgymnasium Ro1;25596917;Malmö;1280;Kommunal;Malmö kommun;2120001124;Svenska 3;107;6,5;66,4;27,1;59;3,4;61,0;35,6;48;10,4;72,9;16,7;
Malmö Idrottsgymnasium Ro1;25596917;Malmö;1280;Kommunal;Malmö kommun;2120001124;Svenska som andraspråk 1;1;..;..;..;.;.;.;.;1;..;..;..;
Malmö Idrottsgymnasium Ro1;25596917;Malmö;1280;Kommunal;Malmö kommun;2120001124;Svenska som andraspråk 3;3;..;..;..;1;..;..;..;2;..;..;..;
Malmö Latinskola Ro 1;65722876;Malmö;1280;Kommunal;Malmö kommun;2120001124;Engelska 6;348;7,8;80,5;11,8;247;5,7;82,6;11,7;101;12,9;75,2;11,9;
Malmö Latinskola Ro 1;65722876;Malmö;1280;Kommunal;Malmö kommun;2120001124;Matematik 1B;169;.;92,9;7,1;116;.;91,4;8,6;53;.;96,2;3,8;
Malmö Latinskola Ro 1;65722876;Malmö;1280;Kommunal;Malmö kommun;2120001124;Matematik 2B;119;1,7;84,9;13,4;88;1,1;88,6;10,2;31;3,2;74,2;22,6;
Malmö lärlingscenter;65407241;Malmö;1280;Kommunal;Malmö kommun;2120001124;Engelska 5;37;.;70,3;29,7;24;.;62,5;37,5;13;.;84,6;15,4;
Malmö lärlingscenter;65407241;Malmö;1280;Kommunal;Malmö kommun;2120001124;Engelska 6;3;..;..;..;1;..;..;..;2;..;..;..;
Malmö lärlingscenter;65407241;Malmö;1280;Kommunal;Malmö kommun;2120001124;Matematik 1A;46;.;15,2;84,8;26;.;23,1;76,9;20;.;5,0;95,0;
Malmö lärlingscenter;65407241;Malmö;1280;Kommunal;Malmö kommun;2120001124;Svenska 1;29;.;62,1;37,9;18;.;50,0;50,0;11;.;81,8;18,2;
Malmö lärlingscenter;65407241;Malmö;1280;Kommunal;Malmö kommun;2120001124;Svenska som andraspråk 1;6;..;..;..;3;..;..;..;3;..;..;..;
Malmö Restaurangskola;11608031;Malmö;1280;Kommunal;Malmö kommun;2120001124;Matematik 1A;23;.;87,0;13,0;13;.;84,6;15,4;10;.;90,0;10,0;
Malmö Restaurangskola;11608031;Malmö;1280;Kommunal;Malmö kommun;2120001124;Svenska 1;4;..;..;..;2;..;..;..;2;..;..;..;
Malmö Restaurangskola;11608031;Malmö;1280;Kommunal;Malmö kommun;2120001124;Svenska som andraspråk 1;4;..;..;..;3;..;..;..;1;..;..;..;
NTI Gymnasiet Malmö;52129378;Malmö;1280;Enskild;NTI Gymnasiet Macro AB;5561203679;Engelska 5;36;5,6;38,9;55,6;1;..;..;..;35;..;..;..;
NTI Gymnasiet Malmö;52129378;Malmö;1280;Enskild;NTI Gymnasiet Macro AB;5561203679;Engelska 6;45;4,4;71,1;24,4;3;..;..;..;42;..;..;..;
NTI Gymnasiet Malmö;52129378;Malmö;1280;Enskild;NTI Gymnasiet Macro AB;5561203679;Matematik 1A;38;.;92,1;7,9;1;..;..;..;37;..;..;..;
NTI Gymnasiet Malmö;52129378;Malmö;1280;Enskild;NTI Gymnasiet Macro AB;5561203679;Matematik 3C;9;..;..;..;.;.;.;.;9;..;..;..;
NTI Gymnasiet Malmö;52129378;Malmö;1280;Enskild;NTI Gymnasiet Macro AB;5561203679;Svenska 1;21;.;57,1;42,9;.;.;.;.;21;..;..;..;
NTI Gymnasiet Malmö;52129378;Malmö;1280;Enskild;NTI Gymnasiet Macro AB;5561203679;Svenska 3;31;9,7;67,7;22,6;2;..;..;..;29;..;..;..;
NTI Gymnasiet Malmö;52129378;Malmö;1280;Enskild;NTI Gymnasiet Macro AB;5561203679;Svenska som andraspråk 1;15;.;93,3;6,7;1;..;..;..;14;..;..;..;
NTI Gymnasiet Malmö;52129378;Malmö;1280;Enskild;NTI Gymnasiet Macro AB;5561203679;Svenska som andraspråk 3;14;.;71,4;28,6;1;..;..;..;13;..;..;..;
Pauliskolan;65381163;Malmö;1280;Kommunal;Malmö kommun;2120001124;Engelska 5;33;9,1;72,7;18,2;19;.;78,9;21,1;14;21,4;64,3;14,3;
Pauliskolan;65381163;Malmö;1280;Kommunal;Malmö kommun;2120001124;Engelska 6;242;9,5;64,5;26,0;94;5,3;56,4;38,3;148;12,2;69,6;18,2;
Pauliskolan;65381163;Malmö;1280;Kommunal;Malmö kommun;2120001124;Matematik 1A;34;.;73,5;26,5;17;.;70,6;29,4;17;.;76,5;23,5;
Pauliskolan;65381163;Malmö;1280;Kommunal;Malmö kommun;2120001124;Matematik 2B;129;.;55,0;45,0;69;.;43,5;56,5;60;.;68,3;31,7;
Pauliskolan;65381163;Malmö;1280;Kommunal;Malmö kommun;2120001124;Matematik 3C;61;.;100,0;.;12;.;100,0;.;49;.;100,0;.;
Pauliskolan;65381163;Malmö;1280;Kommunal;Malmö kommun;2120001124;Matematik 4;31;.;90,3;9,7;13;.;92,3;7,7;18;.;88,9;11,1;
Pauliskolan;65381163;Malmö;1280;Kommunal;Malmö kommun;2120001124;Svenska 1;19;10,5;47,4;42,1;12;..;..;..;7;..;..;..;
Pauliskolan;65381163;Malmö;1280;Kommunal;Malmö kommun;2120001124;Svenska 3;139;6,5;70,5;23,0;58;6,9;70,7;22,4;81;6,2;70,4;23,5;
Pauliskolan;65381163;Malmö;1280;Kommunal;Malmö kommun;2120001124;Svenska som andraspråk 1;10;.;40,0;60,0;5;..;..;..;5;..;..;..;
Pauliskolan;65381163;Malmö;1280;Kommunal;Malmö kommun;2120001124;Svenska som andraspråk 3;46;8,7;71,7;19,6;21;9,5;57,1;33,3;25;8,0;84,0;8,0;
Peabskolan Malmö;98541468;Malmö;1280;Enskild;Peabskolan AB;5564427432;Engelska 5;13;.;92,3;7,7;.;.;.;.;13;..;..;..;
Peabskolan Malmö;98541468;Malmö;1280;Enskild;Peabskolan AB;5564427432;Matematik 1A;17;.;88,2;11,8;.;.;.;.;17;..;..;..;
Peabskolan Malmö;98541468;Malmö;1280;Enskild;Peabskolan AB;5564427432;Svenska 1;7;..;..;..;.;.;.;.;7;..;..;..;
Peabskolan Malmö;98541468;Malmö;1280;Enskild;Peabskolan AB;5564427432;Svenska som andraspråk 1;4;..;..;..;.;.;.;.;4;..;..;..;
Praktiska Gymnasiet Malmö City;25648215;Malmö;1280;Enskild;Praktiska Sverige AB;5562575786;Engelska 5;20;10,0;65,0;25,0;7;..;..;..;13;..;..;..;
Praktiska Gymnasiet Malmö City;25648215;Malmö;1280;Enskild;Praktiska Sverige AB;5562575786;Matematik 1A;31;.;67,7;32,3;13;.;53,8;46,2;18;.;77,8;22,2;
Praktiska Gymnasiet Malmö City;25648215;Malmö;1280;Enskild;Praktiska Sverige AB;5562575786;Svenska 1;12;.;.;100,0;7;..;..;..;5;..;..;..;
Praktiska Gymnasiet Malmö City;25648215;Malmö;1280;Enskild;Praktiska Sverige AB;5562575786;Svenska som andraspråk 1;14;14,3;14,3;71,4;4;..;..;..;10;..;..;..;
Praktiska Gymnasiet Malmö Limhamn;61823258;Malmö;1280;Enskild;Praktiska Sverige AB;5562575786;Engelska 5;54;1,9;75,9;22,2;17;5,9;52,9;41,2;37;.;86,5;13,5;
Praktiska Gymnasiet Malmö Limhamn;61823258;Malmö;1280;Enskild;Praktiska Sverige AB;5562575786;Matematik 1A;70;.;47,1;52,9;22;.;59,1;40,9;48;.;41,7;58,3;
Praktiska Gymnasiet Malmö Limhamn;61823258;Malmö;1280;Enskild;Praktiska Sverige AB;5562575786;Svenska 1;39;5,1;30,8;64,1;13;7,7;30,8;61,5;26;3,8;30,8;65,4;
Praktiska Gymnasiet Malmö Limhamn;61823258;Malmö;1280;Enskild;Praktiska Sverige AB;5562575786;Svenska som andraspråk 1;12;8,3;33,3;58,3;2;..;..;..;10;..;..;..;
Praktiska Gymnasiet Malmö Norra;17119840;Malmö;1280;Enskild;Praktiska Studier Riks AB;5565755500;Engelska 5;42;16,7;73,8;9,5;3;..;..;..;39;..;..;..;
Praktiska Gymnasiet Malmö Norra;17119840;Malmö;1280;Enskild;Praktiska Studier Riks AB;5565755500;Matematik 1A;22;.;68,2;31,8;1;..;..;..;21;..;..;..;
Praktiska Gymnasiet Malmö Norra;17119840;Malmö;1280;Enskild;Praktiska Studier Riks AB;5565755500;Svenska 1;8;..;..;..;1;..;..;..;7;..;..;..;
Praktiska Gymnasiet Malmö Norra;17119840;Malmö;1280;Enskild;Praktiska Studier Riks AB;5565755500;Svenska som andraspråk 1;8;..;..;..;.;.;.;.;8;..;..;..;
ProCivitas Privata Gymnasium Malmö;84424083;Malmö;1280;Enskild;ProCivitas Privata Gymnasium AB;5566157102;Engelska 6;236;0,8;96,6;2,5;138;0,7;96,4;2,9;98;1,0;96,9;2,0;
ProCivitas Privata Gymnasium Malmö;84424083;Malmö;1280;Enskild;ProCivitas Privata Gymnasium AB;5566157102;Matematik 2B;83;1,2;95,2;3,6;53;1,9;94,3;3,8;30;.;96,7;3,3;
ProCivitas Privata Gymnasium Malmö;84424083;Malmö;1280;Enskild;ProCivitas Privata Gymnasium AB;5566157102;Matematik 3B;54;.;98,1;1,9;34;.;97,1;2,9;20;.;100,0;.;
ProCivitas Privata Gymnasium Malmö;84424083;Malmö;1280;Enskild;ProCivitas Privata Gymnasium AB;5566157102;Matematik 3C;21;.;100,0;.;11;.;100,0;.;10;.;100,0;.;
ProCivitas Privata Gymnasium Malmö;84424083;Malmö;1280;Enskild;ProCivitas Privata Gymnasium AB;5566157102;Svenska 3;218;9,6;81,2;9,2;131;7,6;86,3;6,1;87;12,6;73,6;13,8;
ProCivitas Privata Gymnasium Malmö;84424083;Malmö;1280;Enskild;ProCivitas Privata Gymnasium AB;5566157102;Svenska som andraspråk 3;20;.;80,0;20,0;13;..;..;..;7;..;..;..;
Realgymnasiet Malmö;39178171;Malmö;1280;Enskild;Lärande i Sverige AB;5565715892;Matematik 1A;2;..;..;..;2;..;..;..;.;.;.;.;
Rytmus Malmö;49231191;Malmö;1280;Enskild;Rytmus AB;5564648979;Engelska 6;50;28,0;50,0;22,0;18;16,7;61,1;22,2;32;34,4;43,8;21,9;
Rytmus Malmö;49231191;Malmö;1280;Enskild;Rytmus AB;5564648979;Svenska 3;49;6,1;77,6;16,3;27;7,4;70,4;22,2;22;4,5;86,4;9,1;
Rytmus Malmö;49231191;Malmö;1280;Enskild;Rytmus AB;5564648979;Svenska som andraspråk 3;1;..;..;..;1;..;..;..;.;.;.;.;
S:t Petri skola;78231062;Malmö;1280;Kommunal;Malmö kommun;2120001124;Engelska 6;258;7,8;85,7;6,6;171;8,2;83,0;8,8;87;6,9;90,8;2,3;
S:t Petri skola;78231062;Malmö;1280;Kommunal;Malmö kommun;2120001124;Matematik 2B;150;.;78,0;22,0;111;.;76,6;23,4;39;.;82,1;17,9;
S:t Petri skola;78231062;Malmö;1280;Kommunal;Malmö kommun;2120001124;Matematik 4;117;.;88,0;12,0;68;.;86,8;13,2;49;.;89,8;10,2;
S:t Petri skola;78231062;Malmö;1280;Kommunal;Malmö kommun;2120001124;Svenska 3;238;1,3;67,2;31,5;141;.;73,0;27,0;97;3,1;58,8;38,1;
S:t Petri skola;78231062;Malmö;1280;Kommunal;Malmö kommun;2120001124;Svenska som andraspråk 3;16;6,3;81,3;12,5;11;..;..;..;5;..;..;..;
TAU Hantverksskola Gymnasium;79994304;Malmö;1280;Enskild;TAU Learning Aktiebolag;5566866082;Engelska 5;20;5,0;50,0;45,0;8;..;..;..;12;..;..;..;
TAU Hantverksskola Gymnasium;79994304;Malmö;1280;Enskild;TAU Learning Aktiebolag;5566866082;Matematik 1A;22;.;22,7;77,3;12;.;16,7;83,3;10;.;30,0;70,0;
TAU Hantverksskola Gymnasium;79994304;Malmö;1280;Enskild;TAU Learning Aktiebolag;5566866082;Svenska 1;4;..;..;..;4;..;..;..;.;.;.;.;
TAU Hantverksskola Gymnasium;79994304;Malmö;1280;Enskild;TAU Learning Aktiebolag;5566866082;Svenska som andraspråk 1;9;..;..;..;7;..;..;..;2;..;..;..;
Thoren Business School Malmö;10481541;Malmö;1280;Enskild;Thorengruppen AB;5566139290;Engelska 6;100;4,0;63,0;33,0;49;2,0;69,4;28,6;51;5,9;56,9;37,3;
Thoren Business School Malmö;10481541;Malmö;1280;Enskild;Thorengruppen AB;5566139290;Matematik 2B;44;.;47,7;52,3;33;.;51,5;48,5;11;.;36,4;63,6;
Thoren Business School Malmö;10481541;Malmö;1280;Enskild;Thorengruppen AB;5566139290;Matematik 3B;23;.;39,1;60,9;11;.;9,1;90,9;12;.;66,7;33,3;
Thoren Business School Malmö;10481541;Malmö;1280;Enskild;Thorengruppen AB;5566139290;Matematik 3C;5;..;..;..;1;..;..;..;4;..;..;..;
Thoren Business School Malmö;10481541;Malmö;1280;Enskild;Thorengruppen AB;5566139290;Svenska 3;61;13,1;55,7;31,1;29;3,4;65,5;31,0;32;21,9;46,9;31,3;
Thoren Business School Malmö;10481541;Malmö;1280;Enskild;Thorengruppen AB;5566139290;Svenska som andraspråk 3;54;14,8;64,8;20,4;19;15,8;57,9;26,3;35;14,3;68,6;17,1;
Thoren Innovation School Malmö 2;45355980;Malmö;1280;Enskild;Thoren Innovation School AB;5568902653;Engelska 5;19;.;26,3;73,7;1;..;..;..;18;..;..;..;
Thoren Innovation School Malmö 2;45355980;Malmö;1280;Enskild;Thoren Innovation School AB;5568902653;Engelska 6;16;.;18,8;81,3;6;..;..;..;10;..;..;..;
Thoren Innovation School Malmö 2;45355980;Malmö;1280;Enskild;Thoren Innovation School AB;5568902653;Matematik 1A;24;.;83,3;16,7;1;..;..;..;23;..;..;..;
Thoren Innovation School Malmö 2;45355980;Malmö;1280;Enskild;Thoren Innovation School AB;5568902653;Matematik 2B;4;..;..;..;1;..;..;..;3;..;..;..;
Thoren Innovation School Malmö 2;45355980;Malmö;1280;Enskild;Thoren Innovation School AB;5568902653;Matematik 3C;9;..;..;..;1;..;..;..;8;..;..;..;
Thoren Innovation School Malmö 2;45355980;Malmö;1280;Enskild;Thoren Innovation School AB;5568902653;Matematik 4;15;.;60,0;40,0;4;..;..;..;11;..;..;..;
Thoren Innovation School Malmö 2;45355980;Malmö;1280;Enskild;Thoren Innovation School AB;5568902653;Svenska 1;11;.;45,5;54,5;.;.;.;.;11;..;..;..;
Thoren Innovation School Malmö 2;45355980;Malmö;1280;Enskild;Thoren Innovation School AB;5568902653;Svenska 3;14;.;57,1;42,9;.;.;.;.;14;..;..;..;
Thoren Innovation School Malmö 2;45355980;Malmö;1280;Enskild;Thoren Innovation School AB;5568902653;Svenska som andraspråk 1;8;..;..;..;1;..;..;..;7;..;..;..;
Thoren Innovation School Malmö 2;45355980;Malmö;1280;Enskild;Thoren Innovation School AB;5568902653;Svenska som andraspråk 3;4;..;..;..;2;..;..;..;2;..;..;..;
Universitetsholmens gymnasium;68006362;Malmö;1280;Kommunal;Malmö kommun;2120001124;Engelska 5;132;18,2;67,4;14,4;38;13,2;63,2;23,7;94;20,2;69,1;10,6;
Universitetsholmens gymnasium;68006362;Malmö;1280;Kommunal;Malmö kommun;2120001124;Matematik 1A;120;.;85,8;14,2;20;.;75,0;25,0;100;.;88,0;12,0;
Universitetsholmens gymnasium;68006362;Malmö;1280;Kommunal;Malmö kommun;2120001124;Svenska 1;84;3,6;54,8;41,7;9;..;..;..;75;..;..;..;
Universitetsholmens gymnasium;68006362;Malmö;1280;Kommunal;Malmö kommun;2120001124;Svenska som andraspråk 1;32;.;71,9;28,1;10;.;80,0;20,0;22;.;68,2;31,8;
Yrkesgymnasiet Malmö;86762103;Malmö;1280;Enskild;Thorengruppen AB;5566139290;Engelska 5;76;2,6;82,9;14,5;20;.;70,0;30,0;56;3,6;87,5;8,9;
Yrkesgymnasiet Malmö;86762103;Malmö;1280;Enskild;Thorengruppen AB;5566139290;Matematik 1A;75;4,0;41,3;54,7;13;15,4;53,8;30,8;62;1,6;38,7;59,7;
Yrkesgymnasiet Malmö;86762103;Malmö;1280;Enskild;Thorengruppen AB;5566139290;Svenska 1;51;.;56,9;43,1;11;.;54,5;45,5;40;.;57,5;42,5;
Yrkesgymnasiet Malmö;86762103;Malmö;1280;Enskild;Thorengruppen AB;5566139290;Svenska som andraspråk 1;28;.;60,7;39,3;9;..;..;..;19;..;..;..;
Malung-Sälens gymnasieskola;68381790;Malung-Sälen;2023;Kommunal;Malung-Sälens kommun;2120002148;Engelska 5;28;3,6;92,9;3,6;7;..;..;..;21;..;..;..;
Malung-Sälens gymnasieskola;68381790;Malung-Sälen;2023;Kommunal;Malung-Sälens kommun;2120002148;Engelska 6;64;14,1;71,9;14,1;23;13,0;69,6;17,4;41;14,6;73,2;12,2;
Malung-Sälens gymnasieskola;68381790;Malung-Sälen;2023;Kommunal;Malung-Sälens kommun;2120002148;Matematik 1A;52;1,9;78,8;19,2;13;.;84,6;15,4;39;2,6;76,9;20,5;
Malung-Sälens gymnasieskola;68381790;Malung-Sälen;2023;Kommunal;Malung-Sälens kommun;2120002148;Matematik 2B;11;.;90,9;9,1;4;..;..;..;7;..;..;..;
Malung-Sälens gymnasieskola;68381790;Malung-Sälen;2023;Kommunal;Malung-Sälens kommun;2120002148;Matematik 3B;17;.;70,6;29,4;3;..;..;..;14;..;..;..;
Malung-Sälens gymnasieskola;68381790;Malung-Sälen;2023;Kommunal;Malung-Sälens kommun;2120002148;Matematik 3C;17;11,8;82,4;5,9;6;..;..;..;11;..;..;..;
Malung-Sälens gymnasieskola;68381790;Malung-Sälen;2023;Kommunal;Malung-Sälens kommun;2120002148;Svenska 1;35;5,7;42,9;51,4;9;..;..;..;26;..;..;..;
Malung-Sälens gymnasieskola;68381790;Malung-Sälen;2023;Kommunal;Malung-Sälens kommun;2120002148;Svenska 3;50;2,0;50,0;48,0;16;.;31,3;68,8;34;2,9;58,8;38,2;
Malung-Sälens gymnasieskola;68381790;Malung-Sälen;2023;Kommunal;Malung-Sälens kommun;2120002148;Svenska som andraspråk 1;5;..;..;..;.;.;.;.;5;..;..;..;
Malung-Sälens gymnasieskola;68381790;Malung-Sälen;2023;Kommunal;Malung-Sälens kommun;2120002148;Svenska som andraspråk 3;5;..;..;..;5;..;..;..;.;.;.;.;
Vadsbogymnasiet enhet 1;14384562;Mariestad;1493;Kommunal;Mariestads kommun;2120001686;Engelska 5;58;5,2;84,5;10,3;22;9,1;86,4;4,5;36;2,8;83,3;13,9;
Vadsbogymnasiet enhet 1;14384562;Mariestad;1493;Kommunal;Mariestads kommun;2120001686;Engelska 6;34;11,8;76,5;11,8;22;13,6;77,3;9,1;12;8,3;75,0;16,7;
Vadsbogymnasiet enhet 1;14384562;Mariestad;1493;Kommunal;Mariestads kommun;2120001686;Matematik 1A;61;3,3;90,2;6,6;23;.;82,6;17,4;38;5,3;94,7;.;
Vadsbogymnasiet enhet 1;14384562;Mariestad;1493;Kommunal;Mariestads kommun;2120001686;Matematik 2B;19;.;73,7;26,3;18;..;..;..;1;..;..;..;
Vadsbogymnasiet enhet 1;14384562;Mariestad;1493;Kommunal;Mariestads kommun;2120001686;Svenska 1;23;.;47,8;52,2;11;.;45,5;54,5;12;.;50,0;50,0;
Vadsbogymnasiet enhet 1;14384562;Mariestad;1493;Kommunal;Mariestads kommun;2120001686;Svenska 3;38;5,3;65,8;28,9;15;6,7;66,7;26,7;23;4,3;65,2;30,4;
Vadsbogymnasiet enhet 1;14384562;Mariestad;1493;Kommunal;Mariestads kommun;2120001686;Svenska som andraspråk 1;9;..;..;..;5;..;..;..;4;..;..;..;
Vadsbogymnasiet enhet 1;14384562;Mariestad;1493;Kommunal;Mariestads kommun;2120001686;Svenska som andraspråk 3;1;..;..;..;1;..;..;..;.;.;.;.;
Vadsbogymnasiet enhet 2;14414747;Mariestad;1493;Kommunal;Mariestads kommun;2120001686;Engelska 5;34;.;85,3;14,7;11;.;100,0;.;23;.;78,3;21,7;
Vadsbogymnasiet enhet 2;14414747;Mariestad;1493;Kommunal;Mariestads kommun;2120001686;Engelska 6;28;.;96,4;3,6;7;..;..;..;21;..;..;..;
Vadsbogymnasiet enhet 2;14414747;Mariestad;1493;Kommunal;Mariestads kommun;2120001686;Matematik 1A;36;.;80,6;19,4;13;.;76,9;23,1;23;.;82,6;17,4;
Vadsbogymnasiet enhet 2;14414747;Mariestad;1493;Kommunal;Mariestads kommun;2120001686;Matematik 4;6;..;..;..;1;..;..;..;5;..;..;..;
Vadsbogymnasiet enhet 2;14414747;Mariestad;1493;Kommunal;Mariestads kommun;2120001686;Svenska 1;18;.;38,9;61,1;.;.;.;.;18;..;..;..;
Vadsbogymnasiet enhet 2;14414747;Mariestad;1493;Kommunal;Mariestads kommun;2120001686;Svenska 3;14;7,1;42,9;50,0;4;..;..;..;10;..;..;..;
Vadsbogymnasiet enhet 2;14414747;Mariestad;1493;Kommunal;Mariestads kommun;2120001686;Svenska som andraspråk 1;1;..;..;..;1;..;..;..;.;.;.;.;
Vadsbogymnasiet enhet 2;14414747;Mariestad;1493;Kommunal;Mariestads kommun;2120001686;Svenska som andraspråk 3;5;..;..;..;3;..;..;..;2;..;..;..;
Vadsbogymnasiet enhet 3;14550581;Mariestad;1493;Kommunal;Mariestads kommun;2120001686;Engelska 6;29;10,3;75,9;13,8;22;..;..;..;7;..;..;..;
Vadsbogymnasiet enhet 3;14550581;Mariestad;1493;Kommunal;Mariestads kommun;2120001686;Matematik 2B;23;.;78,3;21,7;18;..;..;..;5;..;..;..;
Vadsbogymnasiet enhet 3;14550581;Mariestad;1493;Kommunal;Mariestads kommun;2120001686;Svenska 3;47;14,9;63,8;21,3;33;15,2;60,6;24,2;14;14,3;71,4;14,3;
Vadsbogymnasiet enhet 3;14550581;Mariestad;1493;Kommunal;Mariestads kommun;2120001686;Svenska som andraspråk 3;4;..;..;..;3;..;..;..;1;..;..;..;
Vänergymnasiet;76007769;Mariestad;1493;Enskild;Vänergymnasiet AB;5566269014;Engelska 5;42;.;69,0;31,0;15;.;60,0;40,0;27;.;74,1;25,9;
Vänergymnasiet;76007769;Mariestad;1493;Enskild;Vänergymnasiet AB;5566269014;Matematik 1A;46;2,2;54,3;43,5;17;5,9;41,2;52,9;29;.;62,1;37,9;
Vänergymnasiet;76007769;Mariestad;1493;Enskild;Vänergymnasiet AB;5566269014;Svenska 1;46;15,2;45,7;39,1;17;17,6;41,2;41,2;29;13,8;48,3;37,9;
Vänergymnasiet;76007769;Mariestad;1493;Enskild;Vänergymnasiet AB;5566269014;Svenska som andraspråk 1;1;..;..;..;.;.;.;.;1;..;..;..;
Marks Gymnasieskola, enhet A;60294546;Mark;1463;Kommunal;Marks kommun;2120001504;Engelska 5;9;..;..;..;5;..;..;..;4;..;..;..;
Marks Gymnasieskola, enhet A;60294546;Mark;1463;Kommunal;Marks kommun;2120001504;Engelska 6;17;.;76,5;23,5;10;..;..;..;7;..;..;..;
Marks Gymnasieskola, enhet A;60294546;Mark;1463;Kommunal;Marks kommun;2120001504;Matematik 1A;31;.;90,3;9,7;6;..;..;..;25;..;..;..;
Marks Gymnasieskola, enhet A;60294546;Mark;1463;Kommunal;Marks kommun;2120001504;Matematik 3C;4;..;..;..;3;..;..;..;1;..;..;..;
Marks Gymnasieskola, enhet A;60294546;Mark;1463;Kommunal;Marks kommun;2120001504;Matematik 4;15;.;66,7;33,3;8;..;..;..;7;..;..;..;
Marks Gymnasieskola, enhet A;60294546;Mark;1463;Kommunal;Marks kommun;2120001504;Svenska 1;18;5,6;66,7;27,8;3;..;..;..;15;..;..;..;
Marks Gymnasieskola, enhet A;60294546;Mark;1463;Kommunal;Marks kommun;2120001504;Svenska 3;17;5,9;70,6;23,5;9;..;..;..;8;..;..;..;
Marks Gymnasieskola, enhet A;60294546;Mark;1463;Kommunal;Marks kommun;2120001504;Svenska som andraspråk 1;5;..;..;..;1;..;..;..;4;..;..;..;
Marks Gymnasieskola, enhet A;60294546;Mark;1463;Kommunal;Marks kommun;2120001504;Svenska som andraspråk 3;4;..;..;..;2;..;..;..;2;..;..;..;
Marks Gymnasieskola, enhet B;60183866;Mark;1463;Kommunal;Marks kommun;2120001504;Engelska 6;41;4,9;56,1;39,0;27;3,7;51,9;44,4;14;7,1;64,3;28,6;
Marks Gymnasieskola, enhet B;60183866;Mark;1463;Kommunal;Marks kommun;2120001504;Matematik 2B;44;.;88,6;11,4;31;.;83,9;16,1;13;.;100,0;.;
Marks Gymnasieskola, enhet B;60183866;Mark;1463;Kommunal;Marks kommun;2120001504;Svenska 3;37;8,1;35,1;56,8;29;..;..;..;8;..;..;..;
Marks Gymnasieskola, enhet C;60155358;Mark;1463;Kommunal;Marks kommun;2120001504;Engelska 6;57;1,8;47,4;50,9;35;.;40,0;60,0;22;4,5;59,1;36,4;
Marks Gymnasieskola, enhet C;60155358;Mark;1463;Kommunal;Marks kommun;2120001504;Matematik 1B;9;..;..;..;6;..;..;..;3;..;..;..;
Marks Gymnasieskola, enhet C;60155358;Mark;1463;Kommunal;Marks kommun;2120001504;Matematik 3B;8;..;..;..;3;..;..;..;5;..;..;..;
Marks Gymnasieskola, enhet C;60155358;Mark;1463;Kommunal;Marks kommun;2120001504;Svenska 3;59;1,7;33,9;64,4;34;.;32,4;67,6;25;4,0;36,0;60,0;
Marks Gymnasieskola, enhet D;60878131;Mark;1463;Kommunal;Marks kommun;2120001504;Engelska 5;59;6,8;79,7;13,6;18;5,6;66,7;27,8;41;7,3;85,4;7,3;
Marks Gymnasieskola, enhet D;60878131;Mark;1463;Kommunal;Marks kommun;2120001504;Engelska 6;24;.;70,8;29,2;3;..;..;..;21;..;..;..;
Marks Gymnasieskola, enhet D;60878131;Mark;1463;Kommunal;Marks kommun;2120001504;Matematik 1A;60;.;85,0;15,0;17;.;88,2;11,8;43;.;83,7;16,3;
Marks Gymnasieskola, enhet D;60878131;Mark;1463;Kommunal;Marks kommun;2120001504;Matematik 3C;21;.;71,4;28,6;3;..;..;..;18;..;..;..;
Marks Gymnasieskola, enhet D;60878131;Mark;1463;Kommunal;Marks kommun;2120001504;Svenska 1;51;2,0;74,5;23,5;17;.;76,5;23,5;34;2,9;73,5;23,5;
Marks Gymnasieskola, enhet D;60878131;Mark;1463;Kommunal;Marks kommun;2120001504;Svenska 3;32;9,4;46,9;43,8;10;20,0;30,0;50,0;22;4,5;54,5;40,9;
Marks Gymnasieskola, enhet D;60878131;Mark;1463;Kommunal;Marks kommun;2120001504;Svenska som andraspråk 1;3;..;..;..;1;..;..;..;2;..;..;..;
Marks Gymnasieskola, enhet D;60878131;Mark;1463;Kommunal;Marks kommun;2120001504;Svenska som andraspråk 3;3;..;..;..;.;.;.;.;3;..;..;..;
Strömma Naturbrukscentrum;93486713;Mark;1463;Enskild;Strömma Naturbrukscentrum AB;5590488465;Engelska 5;64;.;92,2;7,8;42;.;97,6;2,4;22;.;81,8;18,2;
Strömma Naturbrukscentrum;93486713;Mark;1463;Enskild;Strömma Naturbrukscentrum AB;5590488465;Matematik 1A;61;.;44,3;55,7;39;.;48,7;51,3;22;.;36,4;63,6;
Strömma Naturbrukscentrum;93486713;Mark;1463;Enskild;Strömma Naturbrukscentrum AB;5590488465;Svenska 1;56;5,4;62,5;32,1;36;5,6;66,7;27,8;20;5,0;55,0;40,0;
Gymnasieskolan;58187973;Markaryd;0767;Kommunal;Markaryds kommun;2120000654;Engelska 5;20;5,0;85,0;10,0;6;..;..;..;14;..;..;..;
Gymnasieskolan;58187973;Markaryd;0767;Kommunal;Markaryds kommun;2120000654;Engelska 6;44;4,5;75,0;20,5;30;.;76,7;23,3;14;14,3;71,4;14,3;
Gymnasieskolan;58187973;Markaryd;0767;Kommunal;Markaryds kommun;2120000654;Matematik 1A;18;5,6;77,8;16,7;6;..;..;..;12;..;..;..;
Gymnasieskolan;58187973;Markaryd;0767;Kommunal;Markaryds kommun;2120000654;Matematik 2B;28;3,6;42,9;53,6;22;..;..;..;6;..;..;..;
Gymnasieskolan;58187973;Markaryd;0767;Kommunal;Markaryds kommun;2120000654;Matematik 3B;5;..;..;..;3;..;..;..;2;..;..;..;
Gymnasieskolan;58187973;Markaryd;0767;Kommunal;Markaryds kommun;2120000654;Matematik 3C;2;..;..;..;2;..;..;..;.;.;.;.;
Gymnasieskolan;58187973;Markaryd;0767;Kommunal;Markaryds kommun;2120000654;Svenska 1;14;7,1;64,3;28,6;4;..;..;..;10;..;..;..;
Gymnasieskolan;58187973;Markaryd;0767;Kommunal;Markaryds kommun;2120000654;Svenska 3;42;2,4;76,2;21,4;27;3,7;70,4;25,9;15;.;86,7;13,3;
Gymnasieskolan;58187973;Markaryd;0767;Kommunal;Markaryds kommun;2120000654;Svenska som andraspråk 1;3;..;..;..;1;..;..;..;2;..;..;..;
Gymnasieskolan;58187973;Markaryd;0767;Kommunal;Markaryds kommun;2120000654;Svenska som andraspråk 3;7;..;..;..;2;..;..;..;5;..;..;..;
Dahlstiernska gymnasiet;88894245;Mellerud;1461;Kommunal;Melleruds kommun;2120001488;Svenska 1;15;.;66,7;33,3;3;..;..;..;12;..;..;..;
Dahlstiernska gymnasiet;88894245;Mellerud;1461;Kommunal;Melleruds kommun;2120001488;Svenska som andraspråk 1;1;..;..;..;1;..;..;..;.;.;.;.;
Dackeskolan MG3;80376589;Mjölby;0586;Kommunal;Mjölby kommun;2120000480;Engelska 5;30;30,0;56,7;13,3;5;..;..;..;25;..;..;..;
Dackeskolan MG3;80376589;Mjölby;0586;Kommunal;Mjölby kommun;2120000480;Matematik 1A;13;.;76,9;23,1;4;..;..;..;9;..;..;..;
Dackeskolan MG3;80376589;Mjölby;0586;Kommunal;Mjölby kommun;2120000480;Svenska 1;28;.;50,0;50,0;4;..;..;..;24;..;..;..;
Dackeskolan MG3;80376589;Mjölby;0586;Kommunal;Mjölby kommun;2120000480;Svenska som andraspråk 1;4;..;..;..;2;..;..;..;2;..;..;..;
Dackeskolan MG4;67752682;Mjölby;0586;Kommunal;Mjölby kommun;2120000480;Engelska 5;30;16,7;73,3;10,0;2;..;..;..;28;..;..;..;
Dackeskolan MG4;67752682;Mjölby;0586;Kommunal;Mjölby kommun;2120000480;Matematik 1A;35;2,9;51,4;45,7;3;..;..;..;32;..;..;..;
Dackeskolan MG4;67752682;Mjölby;0586;Kommunal;Mjölby kommun;2120000480;Svenska 1;30;3,3;76,7;20,0;2;..;..;..;28;..;..;..;
Dackeskolan MG4;67752682;Mjölby;0586;Kommunal;Mjölby kommun;2120000480;Svenska som andraspråk 1;1;..;..;..;.;.;.;.;1;..;..;..;
Kungshögaskolan MG1;31870541;Mjölby;0586;Kommunal;Mjölby kommun;2120000480;Engelska 6;26;3,8;84,6;11,5;15;6,7;93,3;.;11;.;72,7;27,3;
Kungshögaskolan MG1;31870541;Mjölby;0586;Kommunal;Mjölby kommun;2120000480;Matematik 4;8;..;..;..;3;..;..;..;5;..;..;..;
Kungshögaskolan MG1;31870541;Mjölby;0586;Kommunal;Mjölby kommun;2120000480;Svenska 3;2;..;..;..;1;..;..;..;1;..;..;..;
Kungshögaskolan MG1;31870541;Mjölby;0586;Kommunal;Mjölby kommun;2120000480;Svenska som andraspråk 3;10;.;80,0;20,0;5;..;..;..;5;..;..;..;
Kungshögaskolan MG2;71160225;Mjölby;0586;Kommunal;Mjölby kommun;2120000480;Engelska 5;10;30,0;70,0;.;4;..;..;..;6;..;..;..;
Kungshögaskolan MG2;71160225;Mjölby;0586;Kommunal;Mjölby kommun;2120000480;Engelska 6;33;3,0;97,0;.;14;.;100,0;.;19;5,3;94,7;.;
Kungshögaskolan MG2;71160225;Mjölby;0586;Kommunal;Mjölby kommun;2120000480;Matematik 1A;7;..;..;..;.;.;.;.;7;..;..;..;
Kungshögaskolan MG2;71160225;Mjölby;0586;Kommunal;Mjölby kommun;2120000480;Matematik 2B;13;.;92,3;7,7;7;..;..;..;6;..;..;..;
Kungshögaskolan MG2;71160225;Mjölby;0586;Kommunal;Mjölby kommun;2120000480;Matematik 3B;16;6,3;81,3;12,5;5;..;..;..;11;..;..;..;
Kungshögaskolan MG2;71160225;Mjölby;0586;Kommunal;Mjölby kommun;2120000480;Matematik 3C;5;..;..;..;1;..;..;..;4;..;..;..;
Kungshögaskolan MG2;71160225;Mjölby;0586;Kommunal;Mjölby kommun;2120000480;Matematik 4;3;..;..;..;.;.;.;.;3;..;..;..;
Kungshögaskolan MG2;71160225;Mjölby;0586;Kommunal;Mjölby kommun;2120000480;Svenska 1;22;.;86,4;13,6;14;..;..;..;8;..;..;..;
Kungshögaskolan MG2;71160225;Mjölby;0586;Kommunal;Mjölby kommun;2120000480;Svenska 3;33;9,1;72,7;18,2;14;14,3;57,1;28,6;19;5,3;84,2;10,5;
Kungshögaskolan MG2;71160225;Mjölby;0586;Kommunal;Mjölby kommun;2120000480;Svenska som andraspråk 1;1;..;..;..;.;.;.;.;1;..;..;..;
Kungshögaskolan MG2;71160225;Mjölby;0586;Kommunal;Mjölby kommun;2120000480;Svenska som andraspråk 3;3;..;..;..;1;..;..;..;2;..;..;..;
Mora gymnasium;15056010;Mora;2062;Kommunal;Mora kommun;2120002213;Engelska 5;103;14,6;74,8;10,7;32;.;90,6;9,4;71;21,1;67,6;11,3;
Mora gymnasium;15056010;Mora;2062;Kommunal;Mora kommun;2120002213;Engelska 6;125;3,2;76,8;20,0;64;.;79,7;20,3;61;6,6;73,8;19,7;
Mora gymnasium;15056010;Mora;2062;Kommunal;Mora kommun;2120002213;Matematik 1A;108;.;88,0;12,0;34;.;94,1;5,9;74;.;85,1;14,9;
Mora gymnasium;15056010;Mora;2062;Kommunal;Mora kommun;2120002213;Matematik 2B;46;.;91,3;8,7;25;.;92,0;8,0;21;.;90,5;9,5;
Mora gymnasium;15056010;Mora;2062;Kommunal;Mora kommun;2120002213;Matematik 3B;19;.;63,2;36,8;8;..;..;..;11;..;..;..;
Mora gymnasium;15056010;Mora;2062;Kommunal;Mora kommun;2120002213;Matematik 3C;12;.;100,0;.;3;..;..;..;9;..;..;..;
Mora gymnasium;15056010;Mora;2062;Kommunal;Mora kommun;2120002213;Matematik 4;28;.;96,4;3,6;17;.;94,1;5,9;11;.;100,0;.;
Mora gymnasium;15056010;Mora;2062;Kommunal;Mora kommun;2120002213;Svenska 1;106;0,9;76,4;22,6;29;.;72,4;27,6;77;1,3;77,9;20,8;
Mora gymnasium;15056010;Mora;2062;Kommunal;Mora kommun;2120002213;Svenska 3;121;1,7;69,4;28,9;74;1,4;64,9;33,8;47;2,1;76,6;21,3;
Mora gymnasium;15056010;Mora;2062;Kommunal;Mora kommun;2120002213;Svenska som andraspråk 1;6;..;..;..;4;..;..;..;2;..;..;..;
Mora gymnasium;15056010;Mora;2062;Kommunal;Mora kommun;2120002213;Svenska som andraspråk 3;11;9,1;63,6;27,3;7;..;..;..;4;..;..;..;
Carlsund utbildningscentrum 1;36670439;Motala;0583;Kommunal;Motala kommun;2120002817;Engelska 5;35;17,1;62,9;20,0;3;..;..;..;32;..;..;..;
Carlsund utbildningscentrum 1;36670439;Motala;0583;Kommunal;Motala kommun;2120002817;Matematik 1A;63;1,6;82,5;15,9;22;.;72,7;27,3;41;2,4;87,8;9,8;
Carlsund utbildningscentrum 1;36670439;Motala;0583;Kommunal;Motala kommun;2120002817;Svenska 1;59;5,1;69,5;25,4;22;4,5;50,0;45,5;37;5,4;81,1;13,5;
Carlsund utbildningscentrum 1;36670439;Motala;0583;Kommunal;Motala kommun;2120002817;Svenska som andraspråk 1;3;..;..;..;.;.;.;.;3;..;..;..;
Carlsund utbildningscentrum 2;22220001;Motala;0583;Kommunal;Motala kommun;2120002817;Engelska 5;61;.;91,8;8,2;20;.;85,0;15,0;41;.;95,1;4,9;
Carlsund utbildningscentrum 2;22220001;Motala;0583;Kommunal;Motala kommun;2120002817;Matematik 1A;62;4,8;82,3;12,9;21;4,8;76,2;19,0;41;4,9;85,4;9,8;
Carlsund utbildningscentrum 2;22220001;Motala;0583;Kommunal;Motala kommun;2120002817;Svenska 1;57;3,5;66,7;29,8;21;9,5;47,6;42,9;36;.;77,8;22,2;
Carlsund utbildningscentrum 2;22220001;Motala;0583;Kommunal;Motala kommun;2120002817;Svenska som andraspråk 1;4;..;..;..;.;.;.;.;4;..;..;..;
Platengymnasiet 1;31822012;Motala;0583;Kommunal;Motala kommun;2120002817;Engelska 6;99;8,1;82,8;9,1;69;8,7;81,2;10,1;30;6,7;86,7;6,7;
Platengymnasiet 1;31822012;Motala;0583;Kommunal;Motala kommun;2120002817;Matematik 2B;80;.;97,5;2,5;55;.;96,4;3,6;25;.;100,0;.;
Platengymnasiet 1;31822012;Motala;0583;Kommunal;Motala kommun;2120002817;Matematik 3B;21;.;85,7;14,3;12;..;..;..;9;..;..;..;
Platengymnasiet 1;31822012;Motala;0583;Kommunal;Motala kommun;2120002817;Svenska 3;71;11,3;62,0;26,8;43;7,0;60,5;32,6;28;17,9;64,3;17,9;
Platengymnasiet 1;31822012;Motala;0583;Kommunal;Motala kommun;2120002817;Svenska som andraspråk 3;18;11,1;72,2;16,7;7;..;..;..;11;..;..;..;
Platengymnasiet 2;83161201;Motala;0583;Kommunal;Motala kommun;2120002817;Engelska 6;90;21,1;71,1;7,8;32;15,6;75,0;9,4;58;24,1;69,0;6,9;
Platengymnasiet 2;83161201;Motala;0583;Kommunal;Motala kommun;2120002817;Matematik 3C;42;.;85,7;14,3;12;.;83,3;16,7;30;.;86,7;13,3;
Platengymnasiet 2;83161201;Motala;0583;Kommunal;Motala kommun;2120002817;Svenska 3;76;9,2;64,5;26,3;43;7,0;65,1;27,9;33;12,1;63,6;24,2;
Platengymnasiet 4;94843889;Motala;0583;Kommunal;Motala kommun;2120002817;Engelska 5;14;.;92,9;7,1;12;..;..;..;2;..;..;..;
Platengymnasiet 4;94843889;Motala;0583;Kommunal;Motala kommun;2120002817;Matematik 1A;15;.;80,0;20,0;11;..;..;..;4;..;..;..;
Platengymnasiet 4;94843889;Motala;0583;Kommunal;Motala kommun;2120002817;Svenska 1;10;.;50,0;50,0;8;..;..;..;2;..;..;..;
Platengymnasiet 4;94843889;Motala;0583;Kommunal;Motala kommun;2120002817;Svenska som andraspråk 1;2;..;..;..;2;..;..;..;.;.;.;.;
Dinglegymnasiet;97090958;Munkedal;1430;Enskild;Naturbruk Väst AB;5590475611;Engelska 5;1;..;..;..;1;..;..;..;.;.;.;.;
Dinglegymnasiet;97090958;Munkedal;1430;Enskild;Naturbruk Väst AB;5590475611;Matematik 1A;5;..;..;..;3;..;..;..;2;..;..;..;
Lärlingsgymnasiet i Munkedal;15100079;Munkedal;1430;Enskild;Lärlingsgymnasiet i Sverige AB;5567628176;Engelska 5;44;.;77,3;22,7;7;..;..;..;37;..;..;..;
Lärlingsgymnasiet i Munkedal;15100079;Munkedal;1430;Enskild;Lärlingsgymnasiet i Sverige AB;5567628176;Matematik 1A;18;.;50,0;50,0;1;..;..;..;17;..;..;..;
Lärlingsgymnasiet i Munkedal;15100079;Munkedal;1430;Enskild;Lärlingsgymnasiet i Sverige AB;5567628176;Svenska 1;20;.;95,0;5,0;1;..;..;..;19;..;..;..;
Processtekniska Gymnasiet;55421481;Munkedal;1430;Kommunal;Munkedals kommun;2120001330;Engelska 5;8;..;..;..;2;..;..;..;6;..;..;..;
Processtekniska Gymnasiet;55421481;Munkedal;1430;Kommunal;Munkedals kommun;2120001330;Matematik 1A;8;..;..;..;2;..;..;..;6;..;..;..;
Processtekniska Gymnasiet;55421481;Munkedal;1430;Kommunal;Munkedals kommun;2120001330;Svenska 1;5;..;..;..;1;..;..;..;4;..;..;..;
Franklins gymnasium;76562396;Mölndal;1481;Kommunal;Mölndals kommun;2120001363;Engelska 6;68;1,5;89,7;8,8;28;.;89,3;10,7;40;2,5;90,0;7,5;
Franklins gymnasium;76562396;Mölndal;1481;Kommunal;Mölndals kommun;2120001363;Matematik 4;49;.;79,6;20,4;17;.;76,5;23,5;32;.;81,3;18,8;
Franklins gymnasium;76562396;Mölndal;1481;Kommunal;Mölndals kommun;2120001363;Svenska 3;60;10,0;83,3;6,7;29;3,4;93,1;3,4;31;16,1;74,2;9,7;
Franklins gymnasium;76562396;Mölndal;1481;Kommunal;Mölndals kommun;2120001363;Svenska som andraspråk 3;3;..;..;..;1;..;..;..;2;..;..;..;
Krokslättsgymnasiet Skolenhet 1;76470241;Mölndal;1481;Kommunal;Mölndals kommun;2120001363;Engelska 5;40;15,0;70,0;15,0;11;9,1;81,8;9,1;29;17,2;65,5;17,2;
Krokslättsgymnasiet Skolenhet 1;76470241;Mölndal;1481;Kommunal;Mölndals kommun;2120001363;Matematik 1A;37;.;64,9;35,1;10;.;40,0;60,0;27;.;74,1;25,9;
Krokslättsgymnasiet Skolenhet 1;76470241;Mölndal;1481;Kommunal;Mölndals kommun;2120001363;Svenska 1;32;.;59,4;40,6;9;..;..;..;23;..;..;..;
Krokslättsgymnasiet Skolenhet 1;76470241;Mölndal;1481;Kommunal;Mölndals kommun;2120001363;Svenska som andraspråk 1;2;..;..;..;1;..;..;..;1;..;..;..;
Krokslättsgymnasiet Skolenhet 2;99356671;Mölndal;1481;Kommunal;Mölndals kommun;2120001363;Engelska 5;19;.;78,9;21,1;15;..;..;..;4;..;..;..;
Krokslättsgymnasiet Skolenhet 2;99356671;Mölndal;1481;Kommunal;Mölndals kommun;2120001363;Matematik 1A;21;.;71,4;28,6;17;..;..;..;4;..;..;..;
Krokslättsgymnasiet Skolenhet 2;99356671;Mölndal;1481;Kommunal;Mölndals kommun;2120001363;Svenska 1;11;.;90,9;9,1;9;..;..;..;2;..;..;..;
Krokslättsgymnasiet Skolenhet 2;99356671;Mölndal;1481;Kommunal;Mölndals kommun;2120001363;Svenska som andraspråk 1;9;..;..;..;7;..;..;..;2;..;..;..;
Mönsteråsgymnasiet;16702464;Mönsterås;0861;Kommunal;Mönsterås kommun;2120000720;Engelska 5;2;..;..;..;.;.;.;.;2;..;..;..;
Mönsteråsgymnasiet;16702464;Mönsterås;0861;Kommunal;Mönsterås kommun;2120000720;Matematik 2B;12;.;83,3;16,7;11;..;..;..;1;..;..;..;
Mönsteråsgymnasiet;16702464;Mönsterås;0861;Kommunal;Mönsterås kommun;2120000720;Matematik 4;4;..;..;..;1;..;..;..;3;..;..;..;
Mönsteråsgymnasiet;16702464;Mönsterås;0861;Kommunal;Mönsterås kommun;2120000720;Svenska 3;5;..;..;..;.;.;.;.;5;..;..;..;
Mönsteråsgymnasiet;16702464;Mönsterås;0861;Kommunal;Mönsterås kommun;2120000720;Svenska som andraspråk 3;7;..;..;..;4;..;..;..;3;..;..;..;
Designgymnasiet Sickla;14355031;Nacka;0182;Enskild;Designgymnasiet i Sverige AB;5569320681;Engelska 5;23;21,7;73,9;4,3;19;..;..;..;4;..;..;..;
Designgymnasiet Sickla;14355031;Nacka;0182;Enskild;Designgymnasiet i Sverige AB;5569320681;Engelska 6;69;7,2;55,1;37,7;42;7,1;59,5;33,3;27;7,4;48,1;44,4;
Designgymnasiet Sickla;14355031;Nacka;0182;Enskild;Designgymnasiet i Sverige AB;5569320681;Matematik 1A;24;.;83,3;16,7;20;..;..;..;4;..;..;..;
Designgymnasiet Sickla;14355031;Nacka;0182;Enskild;Designgymnasiet i Sverige AB;5569320681;Matematik 1B;52;.;90,4;9,6;45;..;..;..;7;..;..;..;
Designgymnasiet Sickla;14355031;Nacka;0182;Enskild;Designgymnasiet i Sverige AB;5569320681;Matematik 3C;22;.;81,8;18,2;3;..;..;..;19;..;..;..;
Designgymnasiet Sickla;14355031;Nacka;0182;Enskild;Designgymnasiet i Sverige AB;5569320681;Svenska 1;20;5,0;75,0;20,0;17;..;..;..;3;..;..;..;
Designgymnasiet Sickla;14355031;Nacka;0182;Enskild;Designgymnasiet i Sverige AB;5569320681;Svenska 3;30;.;46,7;53,3;25;..;..;..;5;..;..;..;
Designgymnasiet Sickla;14355031;Nacka;0182;Enskild;Designgymnasiet i Sverige AB;5569320681;Svenska som andraspråk 1;5;..;..;..;4;..;..;..;1;..;..;..;
Designgymnasiet Sickla;14355031;Nacka;0182;Enskild;Designgymnasiet i Sverige AB;5569320681;Svenska som andraspråk 3;3;..;..;..;2;..;..;..;1;..;..;..;
Drottning Blankas Gymnasieskola Nacka;68602647;Nacka;0182;Enskild;DBGY Kronan AB;5565668794;Engelska 5;54;.;79,6;20,4;43;.;74,4;25,6;11;.;100,0;.;
Drottning Blankas Gymnasieskola Nacka;68602647;Nacka;0182;Enskild;DBGY Kronan AB;5565668794;Engelska 6;76;1,3;88,2;10,5;33;.;84,8;15,2;43;2,3;90,7;7,0;
Drottning Blankas Gymnasieskola Nacka;68602647;Nacka;0182;Enskild;DBGY Kronan AB;5565668794;Matematik 1A;65;.;64,6;35,4;51;.;64,7;35,3;14;.;64,3;35,7;
Drottning Blankas Gymnasieskola Nacka;68602647;Nacka;0182;Enskild;DBGY Kronan AB;5565668794;Matematik 2B;48;.;54,2;45,8;24;.;41,7;58,3;24;.;66,7;33,3;
Drottning Blankas Gymnasieskola Nacka;68602647;Nacka;0182;Enskild;DBGY Kronan AB;5565668794;Matematik 3B;19;.;89,5;10,5;5;..;..;..;14;..;..;..;
Drottning Blankas Gymnasieskola Nacka;68602647;Nacka;0182;Enskild;DBGY Kronan AB;5565668794;Svenska 1;53;3,8;47,2;49,1;40;2,5;55,0;42,5;13;7,7;23,1;69,2;
Drottning Blankas Gymnasieskola Nacka;68602647;Nacka;0182;Enskild;DBGY Kronan AB;5565668794;Svenska 3;73;8,2;63,0;28,8;31;6,5;67,7;25,8;42;9,5;59,5;31,0;
Drottning Blankas Gymnasieskola Nacka;68602647;Nacka;0182;Enskild;DBGY Kronan AB;5565668794;Svenska som andraspråk 1;3;..;..;..;2;..;..;..;1;..;..;..;
Ebba Brahe Gymnasium;16755988;Nacka;0182;Enskild;Ebba Braheskolan AB;5590468624;Engelska 6;63;6,3;73,0;20,6;14;7,1;64,3;28,6;49;6,1;75,5;18,4;
Ebba Brahe Gymnasium;16755988;Nacka;0182;Enskild;Ebba Braheskolan AB;5590468624;Matematik 2B;36;.;94,4;5,6;10;.;90,0;10,0;26;.;96,2;3,8;
Ebba Brahe Gymnasium;16755988;Nacka;0182;Enskild;Ebba Braheskolan AB;5590468624;Matematik 3B;15;.;100,0;.;.;.;.;.;15;..;..;..;
Magelungens Gymnasium Danvikstull;71353314;Nacka;0182;Enskild;Magelungen Utveckling AB;5564891447;Engelska 5;8;..;..;..;5;..;..;..;3;..;..;..;
Magelungens Gymnasium Danvikstull;71353314;Nacka;0182;Enskild;Magelungen Utveckling AB;5564891447;Matematik 1A;11;.;45,5;54,5;6;..;..;..;5;..;..;..;
Magelungens Gymnasium Danvikstull;71353314;Nacka;0182;Enskild;Magelungen Utveckling AB;5564891447;Svenska 1;10;.;20,0;80,0;7;..;..;..;3;..;..;..;
Nacka Enskilda Gymnasium;62855448;Nacka;0182;Enskild;Nacka Enskilda Gymnasium AB;5567841977;Engelska 6;40;12,5;50,0;37,5;9;..;..;..;31;..;..;..;
Nacka Enskilda Gymnasium;62855448;Nacka;0182;Enskild;Nacka Enskilda Gymnasium AB;5567841977;Matematik 2B;19;.;57,9;42,1;7;..;..;..;12;..;..;..;
Nacka Enskilda Gymnasium;62855448;Nacka;0182;Enskild;Nacka Enskilda Gymnasium AB;5567841977;Matematik 3B;25;4,0;44,0;52,0;6;..;..;..;19;..;..;..;
Nacka Enskilda Gymnasium;62855448;Nacka;0182;Enskild;Nacka Enskilda Gymnasium AB;5567841977;Svenska 3;35;2,9;77,1;20,0;3;..;..;..;32;..;..;..;
Nacka Gymnasium;92506886;Nacka;0182;Kommunal;Nacka kommun;2120000167;Engelska 5;62;14,5;75,8;9,7;2;..;..;..;60;..;..;..;
Nacka Gymnasium;92506886;Nacka;0182;Kommunal;Nacka kommun;2120000167;Engelska 6;477;10,5;78,6;10,9;179;9,5;77,1;13,4;298;11,1;79,5;9,4;
Nacka Gymnasium;92506886;Nacka;0182;Kommunal;Nacka kommun;2120000167;Matematik 1A;62;.;90,3;9,7;1;..;..;..;61;..;..;..;
Nacka Gymnasium;92506886;Nacka;0182;Kommunal;Nacka kommun;2120000167;Matematik 2B;182;.;87,9;12,1;100;.;93,0;7,0;82;.;81,7;18,3;
Nacka Gymnasium;92506886;Nacka;0182;Kommunal;Nacka kommun;2120000167;Matematik 3B;120;.;90,8;9,2;42;.;83,3;16,7;78;.;94,9;5,1;
Nacka Gymnasium;92506886;Nacka;0182;Kommunal;Nacka kommun;2120000167;Matematik 3C;34;.;79,4;20,6;18;.;77,8;22,2;16;.;81,3;18,8;
Nacka Gymnasium;92506886;Nacka;0182;Kommunal;Nacka kommun;2120000167;Matematik 4;147;3,4;77,6;19,0;36;.;75,0;25,0;111;4,5;78,4;17,1;
Nacka Gymnasium;92506886;Nacka;0182;Kommunal;Nacka kommun;2120000167;Svenska 1;64;17,2;64,1;18,8;1;..;..;..;63;..;..;..;
Nacka Gymnasium;92506886;Nacka;0182;Kommunal;Nacka kommun;2120000167;Svenska 3;566;6,5;57,4;36,0;267;5,6;55,4;39,0;299;7,4;59,2;33,4;
Nacka Gymnasium;92506886;Nacka;0182;Kommunal;Nacka kommun;2120000167;Svenska som andraspråk 3;13;.;69,2;30,8;6;..;..;..;7;..;..;..;
Nacka Idrottsgymnasium;35265260;Nacka;0182;Enskild;Idrottsgymnasiet i Nacka AB;5592790397;Engelska 6;16;.;100,0;.;4;..;..;..;12;..;..;..;
Nacka Idrottsgymnasium;35265260;Nacka;0182;Enskild;Idrottsgymnasiet i Nacka AB;5592790397;Matematik 2B;7;..;..;..;1;..;..;..;6;..;..;..;
Nacka Strands Gymnasium;29449669;Nacka;0182;Enskild;Nacka Strands Gymnasium AB;5566765995;Engelska 6;73;39,7;42,5;17,8;21;23,8;47,6;28,6;52;46,2;40,4;13,5;
Nacka Strands Gymnasium;29449669;Nacka;0182;Enskild;Nacka Strands Gymnasium AB;5566765995;Matematik 1B;41;.;75,6;24,4;12;.;50,0;50,0;29;.;86,2;13,8;
Nacka Strands Gymnasium;29449669;Nacka;0182;Enskild;Nacka Strands Gymnasium AB;5566765995;Matematik 2B;28;.;89,3;10,7;8;..;..;..;20;..;..;..;
Nacka Strands Gymnasium;29449669;Nacka;0182;Enskild;Nacka Strands Gymnasium AB;5566765995;Matematik 3C;11;.;18,2;81,8;2;..;..;..;9;..;..;..;
Nacka Strands Gymnasium;29449669;Nacka;0182;Enskild;Nacka Strands Gymnasium AB;5566765995;Svenska 3;69;21,7;59,4;18,8;19;26,3;57,9;15,8;50;20,0;60,0;20,0;
Nacka Strands Gymnasium;29449669;Nacka;0182;Enskild;Nacka Strands Gymnasium AB;5566765995;Svenska som andraspråk 3;5;..;..;..;.;.;.;.;5;..;..;..;
NTI Gymnasiet Nacka;31071774;Nacka;0182;Enskild;NTI Gymnasiet Macro AB;5561203679;Engelska 5;13;46,2;46,2;7,7;.;.;.;.;13;..;..;..;
NTI Gymnasiet Nacka;31071774;Nacka;0182;Enskild;NTI Gymnasiet Macro AB;5561203679;Engelska 6;69;20,3;72,5;7,2;1;..;..;..;68;..;..;..;
NTI Gymnasiet Nacka;31071774;Nacka;0182;Enskild;NTI Gymnasiet Macro AB;5561203679;Matematik 1A;17;.;76,5;23,5;.;.;.;.;17;..;..;..;
NTI Gymnasiet Nacka;31071774;Nacka;0182;Enskild;NTI Gymnasiet Macro AB;5561203679;Matematik 3C;49;.;67,3;32,7;1;..;..;..;48;..;..;..;
NTI Gymnasiet Nacka;31071774;Nacka;0182;Enskild;NTI Gymnasiet Macro AB;5561203679;Matematik 4;28;.;53,6;46,4;.;.;.;.;28;..;..;..;
NTI Gymnasiet Nacka;31071774;Nacka;0182;Enskild;NTI Gymnasiet Macro AB;5561203679;Svenska 1;9;..;..;..;.;.;.;.;9;..;..;..;
NTI Gymnasiet Nacka;31071774;Nacka;0182;Enskild;NTI Gymnasiet Macro AB;5561203679;Svenska 3;49;10,2;71,4;18,4;2;..;..;..;47;..;..;..;
NTI Gymnasiet Nacka;31071774;Nacka;0182;Enskild;NTI Gymnasiet Macro AB;5561203679;Svenska som andraspråk 1;3;..;..;..;.;.;.;.;3;..;..;..;
NTI Gymnasiet Nacka;31071774;Nacka;0182;Enskild;NTI Gymnasiet Macro AB;5561203679;Svenska som andraspråk 3;6;..;..;..;.;.;.;.;6;..;..;..;
Praktiska Gymnasiet Nacka;72891848;Nacka;0182;Enskild;Praktiska Sverige AB;5562575786;Engelska 5;56;5,4;62,5;32,1;15;.;46,7;53,3;41;7,3;68,3;24,4;
Praktiska Gymnasiet Nacka;72891848;Nacka;0182;Enskild;Praktiska Sverige AB;5562575786;Matematik 1A;75;.;70,7;29,3;19;.;68,4;31,6;56;.;71,4;28,6;
Praktiska Gymnasiet Nacka;72891848;Nacka;0182;Enskild;Praktiska Sverige AB;5562575786;Svenska 1;52;3,8;78,8;17,3;17;.;76,5;23,5;35;5,7;80,0;14,3;
Praktiska Gymnasiet Nacka;72891848;Nacka;0182;Enskild;Praktiska Sverige AB;5562575786;Svenska som andraspråk 1;3;..;..;..;1;..;..;..;2;..;..;..;
Rytmus Stockholm;46611859;Nacka;0182;Enskild;Rytmus AB;5564648979;Engelska 6;184;9,2;73,9;16,8;91;7,7;71,4;20,9;93;10,8;76,3;12,9;
Rytmus Stockholm;46611859;Nacka;0182;Enskild;Rytmus AB;5564648979;Matematik 1B;213;2,3;73,7;23,9;111;0,9;72,1;27,0;102;3,9;75,5;20,6;
Rytmus Stockholm;46611859;Nacka;0182;Enskild;Rytmus AB;5564648979;Svenska 3;167;17,4;70,7;12,0;82;22,0;67,1;11,0;85;12,9;74,1;12,9;
Rytmus Stockholm;46611859;Nacka;0182;Enskild;Rytmus AB;5564648979;Svenska som andraspråk 3;3;..;..;..;3;..;..;..;.;.;.;.;
Sjölins Gymnasium Nacka;58907711;Nacka;0182;Enskild;Sjölins Gymnasium AB;5563758399;Engelska 6;152;12,5;57,2;30,3;83;3,6;61,4;34,9;69;23,2;52,2;24,6;
Sjölins Gymnasium Nacka;58907711;Nacka;0182;Enskild;Sjölins Gymnasium AB;5563758399;Matematik 2B;85;1,2;82,4;16,5;58;1,7;77,6;20,7;27;.;92,6;7,4;
Sjölins Gymnasium Nacka;58907711;Nacka;0182;Enskild;Sjölins Gymnasium AB;5563758399;Matematik 3B;41;.;82,9;17,1;17;.;82,4;17,6;24;.;83,3;16,7;
Sjölins Gymnasium Nacka;58907711;Nacka;0182;Enskild;Sjölins Gymnasium AB;5563758399;Matematik 3C;9;..;..;..;5;..;..;..;4;..;..;..;
Sjölins Gymnasium Nacka;58907711;Nacka;0182;Enskild;Sjölins Gymnasium AB;5563758399;Matematik 4;23;.;65,2;34,8;10;.;60,0;40,0;13;.;69,2;30,8;
Sjölins Gymnasium Nacka;58907711;Nacka;0182;Enskild;Sjölins Gymnasium AB;5563758399;Svenska 3;122;9,8;33,6;56,6;63;9,5;30,2;60,3;59;10,2;37,3;52,5;
YBC, Young Business Creatives;68285560;Nacka;0182;Kommunal;Nacka kommun;2120000167;Engelska 6;180;10,6;81,7;7,8;88;10,2;80,7;9,1;92;10,9;82,6;6,5;
YBC, Young Business Creatives;68285560;Nacka;0182;Kommunal;Nacka kommun;2120000167;Matematik 2B;93;1,1;75,3;23,7;52;.;80,8;19,2;41;2,4;68,3;29,3;
YBC, Young Business Creatives;68285560;Nacka;0182;Kommunal;Nacka kommun;2120000167;Matematik 3B;55;.;85,5;14,5;20;.;85,0;15,0;35;.;85,7;14,3;
YBC, Young Business Creatives;68285560;Nacka;0182;Kommunal;Nacka kommun;2120000167;Matematik 4;24;.;91,7;8,3;7;..;..;..;17;..;..;..;
YBC, Young Business Creatives;68285560;Nacka;0182;Kommunal;Nacka kommun;2120000167;Svenska 3;192;7,8;56,8;35,4;92;6,5;55,4;38,0;100;9,0;58,0;33,0;
YBC, Young Business Creatives;68285560;Nacka;0182;Kommunal;Nacka kommun;2120000167;Svenska som andraspråk 3;5;..;..;..;2;..;..;..;3;..;..;..;
Bråvallagymnasiet 2;48862305;Norrköping;0581;Kommunal;Norrköpings kommun;2120000456;Engelska 5;43;.;90,7;9,3;5;..;..;..;38;..;..;..;
Bråvallagymnasiet 2;48862305;Norrköping;0581;Kommunal;Norrköpings kommun;2120000456;Matematik 1A;61;1,6;65,6;32,8;6;..;..;..;55;..;..;..;
Bråvallagymnasiet 3;32887559;Norrköping;0581;Kommunal;Norrköpings kommun;2120000456;Engelska 5;48;25,0;66,7;8,3;2;..;..;..;46;..;..;..;
Bråvallagymnasiet 3;32887559;Norrköping;0581;Kommunal;Norrköpings kommun;2120000456;Matematik 1A;10;.;90,0;10,0;.;.;.;.;10;..;..;..;
Bråvallagymnasiet 3;32887559;Norrköping;0581;Kommunal;Norrköpings kommun;2120000456;Svenska 1;21;.;52,4;47,6;2;..;..;..;19;..;..;..;
Bråvallagymnasiet 3;32887559;Norrköping;0581;Kommunal;Norrköpings kommun;2120000456;Svenska som andraspråk 1;7;..;..;..;.;.;.;.;7;..;..;..;
De Geergymnasiet 1;58544422;Norrköping;0581;Kommunal;Norrköpings kommun;2120000456;Engelska 6;80;13,8;65,0;21,3;40;10,0;62,5;27,5;40;17,5;67,5;15,0;
De Geergymnasiet 1;58544422;Norrköping;0581;Kommunal;Norrköpings kommun;2120000456;Matematik 1A;11;.;90,9;9,1;11;..;..;..;.;.;.;.;
De Geergymnasiet 1;58544422;Norrköping;0581;Kommunal;Norrköpings kommun;2120000456;Matematik 2B;78;.;65,4;34,6;33;.;63,6;36,4;45;.;66,7;33,3;
De Geergymnasiet 1;58544422;Norrköping;0581;Kommunal;Norrköpings kommun;2120000456;Svenska 1;10;.;40,0;60,0;10;..;..;..;.;.;.;.;
De Geergymnasiet 1;58544422;Norrköping;0581;Kommunal;Norrköpings kommun;2120000456;Svenska 3;38;2,6;52,6;44,7;30;..;..;..;8;..;..;..;
De Geergymnasiet 1;58544422;Norrköping;0581;Kommunal;Norrköpings kommun;2120000456;Svenska som andraspråk 3;9;..;..;..;2;..;..;..;7;..;..;..;
De Geergymnasiet 3;65150019;Norrköping;0581;Kommunal;Norrköpings kommun;2120000456;Matematik 1B;89;.;71,9;28,1;60;.;75,0;25,0;29;.;65,5;34,5;
De Geergymnasiet 3;65150019;Norrköping;0581;Kommunal;Norrköpings kommun;2120000456;Svenska 3;46;2,2;58,7;39,1;30;.;60,0;40,0;16;6,3;56,3;37,5;
De Geergymnasiet 6;22426680;Norrköping;0581;Kommunal;Norrköpings kommun;2120000456;Engelska 6;26;15,4;57,7;26,9;19;..;..;..;7;..;..;..;
De Geergymnasiet 6;22426680;Norrköping;0581;Kommunal;Norrköpings kommun;2120000456;Matematik 1B;15;6,7;73,3;20,0;12;..;..;..;3;..;..;..;
Drottning Blankas Gymnasieskola Norrköping;28023078;Norrköping;0581;Enskild;DBGY Juvelen AB;5565789129;Engelska 5;30;6,7;83,3;10,0;28;..;..;..;2;..;..;..;
Drottning Blankas Gymnasieskola Norrköping;28023078;Norrköping;0581;Enskild;DBGY Juvelen AB;5565789129;Engelska 6;23;13,0;82,6;4,3;18;..;..;..;5;..;..;..;
Drottning Blankas Gymnasieskola Norrköping;28023078;Norrköping;0581;Enskild;DBGY Juvelen AB;5565789129;Matematik 1A;31;.;77,4;22,6;29;..;..;..;2;..;..;..;
Drottning Blankas Gymnasieskola Norrköping;28023078;Norrköping;0581;Enskild;DBGY Juvelen AB;5565789129;Matematik 2B;23;.;73,9;26,1;18;..;..;..;5;..;..;..;
Drottning Blankas Gymnasieskola Norrköping;28023078;Norrköping;0581;Enskild;DBGY Juvelen AB;5565789129;Svenska 1;23;8,7;26,1;65,2;22;..;..;..;1;..;..;..;
Drottning Blankas Gymnasieskola Norrköping;28023078;Norrköping;0581;Enskild;DBGY Juvelen AB;5565789129;Svenska 3;17;29,4;52,9;17,6;13;..;..;..;4;..;..;..;
Drottning Blankas Gymnasieskola Norrköping;28023078;Norrköping;0581;Enskild;DBGY Juvelen AB;5565789129;Svenska som andraspråk 1;5;..;..;..;4;..;..;..;1;..;..;..;
Drottning Blankas Gymnasieskola Norrköping;28023078;Norrköping;0581;Enskild;DBGY Juvelen AB;5565789129;Svenska som andraspråk 3;6;..;..;..;5;..;..;..;1;..;..;..;
Ebersteinska gymnasiet  4;53832505;Norrköping;0581;Kommunal;Norrköpings kommun;2120000456;Engelska 6;44;6,8;86,4;6,8;6;..;..;..;38;..;..;..;
Ebersteinska gymnasiet  4;53832505;Norrköping;0581;Kommunal;Norrköpings kommun;2120000456;Matematik 3C;38;.;84,2;15,8;6;..;..;..;32;..;..;..;
Ebersteinska gymnasiet  4;53832505;Norrköping;0581;Kommunal;Norrköpings kommun;2120000456;Svenska 3;42;2,4;52,4;45,2;4;..;..;..;38;..;..;..;
Ebersteinska gymnasiet  4;53832505;Norrköping;0581;Kommunal;Norrköpings kommun;2120000456;Svenska som andraspråk 3;14;14,3;71,4;14,3;1;..;..;..;13;..;..;..;
Ebersteinska gymnasiet 5;71541108;Norrköping;0581;Kommunal;Norrköpings kommun;2120000456;Matematik 1A;6;..;..;..;5;..;..;..;1;..;..;..;
Ebersteinska gymnasiet 5;71541108;Norrköping;0581;Kommunal;Norrköpings kommun;2120000456;Matematik 2B;15;.;40,0;60,0;9;..;..;..;6;..;..;..;
Ebersteinska gymnasiet 5;71541108;Norrköping;0581;Kommunal;Norrköpings kommun;2120000456;Matematik 3C;3;..;..;..;1;..;..;..;2;..;..;..;
Ebersteinska gymnasiet 5;71541108;Norrköping;0581;Kommunal;Norrköpings kommun;2120000456;Matematik 4;13;.;100,0;.;2;..;..;..;11;..;..;..;
Ebersteinska gymnasiet 6;62956050;Norrköping;0581;Kommunal;Norrköpings kommun;2120000456;Engelska 6;23;4,3;78,3;17,4;7;..;..;..;16;..;..;..;
Ebersteinska gymnasiet 6;62956050;Norrköping;0581;Kommunal;Norrköpings kommun;2120000456;Matematik 3B;19;.;52,6;47,4;8;..;..;..;11;..;..;..;
Ebersteinska gymnasiet 6;62956050;Norrköping;0581;Kommunal;Norrköpings kommun;2120000456;Svenska 3;18;33,3;22,2;44,4;4;..;..;..;14;..;..;..;
Ebersteinska gymnasiet 6;62956050;Norrköping;0581;Kommunal;Norrköpings kommun;2120000456;Svenska som andraspråk 3;15;6,7;60,0;33,3;12;..;..;..;3;..;..;..;
Film & Musikgymnasiet;47537928;Norrköping;0581;Enskild;Studiefrämjandet Östergötland;8220038460;Svenska 3;34;5,9;50,0;44,1;15;.;66,7;33,3;19;10,5;36,8;52,6;
Film & Musikgymnasiet;47537928;Norrköping;0581;Enskild;Studiefrämjandet Östergötland;8220038460;Svenska som andraspråk 3;1;..;..;..;1;..;..;..;.;.;.;.;
Fria Läroverken Norrköping;69471748;Norrköping;0581;Enskild;Fria Läroverken i Sverige AB;5569172041;Matematik 3B;9;..;..;..;1;..;..;..;8;..;..;..;
Fria Läroverken Norrköping;69471748;Norrköping;0581;Enskild;Fria Läroverken i Sverige AB;5569172041;Svenska 3;17;5,9;52,9;41,2;7;..;..;..;10;..;..;..;
Fria Läroverken Norrköping;69471748;Norrköping;0581;Enskild;Fria Läroverken i Sverige AB;5569172041;Svenska som andraspråk 3;18;.;22,2;77,8;12;..;..;..;6;..;..;..;
Hagagymnasiet skolenhet Blå;49750031;Norrköping;0581;Kommunal;Norrköpings kommun;2120000456;Engelska 6;89;6,7;75,3;18,0;57;3,5;73,7;22,8;32;12,5;78,1;9,4;
Hagagymnasiet skolenhet Blå;49750031;Norrköping;0581;Kommunal;Norrköpings kommun;2120000456;Matematik 2B;65;.;98,5;1,5;44;.;100,0;.;21;.;95,2;4,8;
Hagagymnasiet skolenhet Blå;49750031;Norrköping;0581;Kommunal;Norrköpings kommun;2120000456;Matematik 3C;19;.;94,7;5,3;9;..;..;..;10;..;..;..;
Hagagymnasiet skolenhet Blå;49750031;Norrköping;0581;Kommunal;Norrköpings kommun;2120000456;Svenska 3;113;4,4;58,4;37,2;87;3,4;60,9;35,6;26;7,7;50,0;42,3;
Hagagymnasiet skolenhet Blå;49750031;Norrköping;0581;Kommunal;Norrköpings kommun;2120000456;Svenska som andraspråk 3;35;22,9;68,6;8,6;22;22,7;68,2;9,1;13;23,1;69,2;7,7;
Hagagymnasiet skolenhet grön;76485705;Norrköping;0581;Kommunal;Norrköpings kommun;2120000456;Engelska 6;60;8,3;75,0;16,7;40;10,0;80,0;10,0;20;5,0;65,0;30,0;
Hagagymnasiet skolenhet grön;76485705;Norrköping;0581;Kommunal;Norrköpings kommun;2120000456;Matematik 3C;8;..;..;..;5;..;..;..;3;..;..;..;
Hagagymnasiet skolenhet grön;76485705;Norrköping;0581;Kommunal;Norrköpings kommun;2120000456;Svenska 3;23;17,4;47,8;34,8;12;25,0;41,7;33,3;11;9,1;54,5;36,4;
Himmelstalunds utbildningscentrum;25745773;Norrköping;0581;Region;Region Östergötland;2321000040;Engelska 5;61;3,3;85,2;11,5;52;..;..;..;9;..;..;..;
Himmelstalunds utbildningscentrum;25745773;Norrköping;0581;Region;Region Östergötland;2321000040;Matematik 1A;60;.;85,0;15,0;45;.;82,2;17,8;15;.;93,3;6,7;
Himmelstalunds utbildningscentrum;25745773;Norrköping;0581;Region;Region Östergötland;2321000040;Svenska 1;58;.;81,0;19,0;51;..;..;..;7;..;..;..;
JENSEN Gymnasium Norrköping;97378761;Norrköping;0581;Enskild;Jensen Education College AB;5566358759;Engelska 6;54;1,9;81,5;16,7;36;2,8;77,8;19,4;18;.;88,9;11,1;
JENSEN Gymnasium Norrköping;97378761;Norrköping;0581;Enskild;Jensen Education College AB;5566358759;Matematik 2B;17;.;58,8;41,2;15;..;..;..;2;..;..;..;
Kungsgårdsgymnasiet 1;99976753;Norrköping;0581;Kommunal;Norrköpings kommun;2120000456;Engelska 6;84;6,0;77,4;16,7;44;2,3;81,8;15,9;40;10,0;72,5;17,5;
Kungsgårdsgymnasiet 1;99976753;Norrköping;0581;Kommunal;Norrköpings kommun;2120000456;Matematik 2B;20;5,0;75,0;20,0;16;..;..;..;4;..;..;..;
Kungsgårdsgymnasiet 1;99976753;Norrköping;0581;Kommunal;Norrköpings kommun;2120000456;Matematik 3B;43;.;69,8;30,2;16;.;56,3;43,8;27;.;77,8;22,2;
Kungsgårdsgymnasiet 1;99976753;Norrköping;0581;Kommunal;Norrköpings kommun;2120000456;Svenska 3;66;3,0;47,0;50,0;34;5,9;44,1;50,0;32;.;50,0;50,0;
Kungsgårdsgymnasiet 1;99976753;Norrköping;0581;Kommunal;Norrköpings kommun;2120000456;Svenska som andraspråk 3;10;.;80,0;20,0;6;..;..;..;4;..;..;..;
Kungsgårdsgymnasiet 3;14278480;Norrköping;0581;Kommunal;Norrköpings kommun;2120000456;Engelska 5;67;.;98,5;1,5;48;.;97,9;2,1;19;.;100,0;.;
Kungsgårdsgymnasiet 3;14278480;Norrköping;0581;Kommunal;Norrköpings kommun;2120000456;Matematik 1A;71;.;91,5;8,5;52;.;88,5;11,5;19;.;100,0;.;
Kungsgårdsgymnasiet 3;14278480;Norrköping;0581;Kommunal;Norrköpings kommun;2120000456;Svenska 1;58;8,6;56,9;34,5;45;8,9;55,6;35,6;13;7,7;61,5;30,8;
Kungsgårdsgymnasiet 3;14278480;Norrköping;0581;Kommunal;Norrköpings kommun;2120000456;Svenska som andraspråk 1;6;..;..;..;3;..;..;..;3;..;..;..;
Kunskapsgymnasiet Norrköping;75575321;Norrköping;0581;Enskild;Kunskapsskolan i Sverige Aktiebolag;5565661815;Engelska 6;185;13,5;73,5;13,0;102;12,7;75,5;11,8;83;14,5;71,1;14,5;
Kunskapsgymnasiet Norrköping;75575321;Norrköping;0581;Enskild;Kunskapsskolan i Sverige Aktiebolag;5565661815;Matematik 2B;62;1,6;87,1;11,3;40;2,5;87,5;10,0;22;.;86,4;13,6;
Kunskapsgymnasiet Norrköping;75575321;Norrköping;0581;Enskild;Kunskapsskolan i Sverige Aktiebolag;5565661815;Matematik 3B;56;.;87,5;12,5;29;.;89,7;10,3;27;.;85,2;14,8;
Kunskapsgymnasiet Norrköping;75575321;Norrköping;0581;Enskild;Kunskapsskolan i Sverige Aktiebolag;5565661815;Matematik 3C;20;.;90,0;10,0;11;..;..;..;9;..;..;..;
Kunskapsgymnasiet Norrköping;75575321;Norrköping;0581;Enskild;Kunskapsskolan i Sverige Aktiebolag;5565661815;Svenska 3;183;4,4;66,7;29,0;129;3,1;67,4;29,5;54;7,4;64,8;27,8;
Kunskapsgymnasiet Norrköping;75575321;Norrköping;0581;Enskild;Kunskapsskolan i Sverige Aktiebolag;5565661815;Svenska som andraspråk 3;5;..;..;..;.;.;.;.;5;..;..;..;
Norrköpings Lärlingsgymnasium 1;17204216;Norrköping;0581;Kommunal;Norrköpings kommun;2120000456;Engelska 5;40;2,5;52,5;45,0;13;.;30,8;69,2;27;3,7;63,0;33,3;
Norrköpings Lärlingsgymnasium 1;17204216;Norrköping;0581;Kommunal;Norrköpings kommun;2120000456;Engelska 6;2;..;..;..;2;..;..;..;.;.;.;.;
Norrköpings Lärlingsgymnasium 1;17204216;Norrköping;0581;Kommunal;Norrköpings kommun;2120000456;Svenska 1;39;7,7;35,9;56,4;13;.;23,1;76,9;26;11,5;42,3;46,2;
Norrköpings Lärlingsgymnasium 1;17204216;Norrköping;0581;Kommunal;Norrköpings kommun;2120000456;Svenska som andraspråk 1;2;..;..;..;1;..;..;..;1;..;..;..;
Praktiska Gymnasiet Norrköping;62458752;Norrköping;0581;Enskild;Praktiska Sverige AB;5562575786;Engelska 5;83;36,1;59,0;4,8;18;33,3;66,7;.;65;36,9;56,9;6,2;
Praktiska Gymnasiet Norrköping;62458752;Norrköping;0581;Enskild;Praktiska Sverige AB;5562575786;Matematik 1A;89;.;6,7;93,3;19;.;5,3;94,7;70;.;7,1;92,9;
Praktiska Gymnasiet Norrköping;62458752;Norrköping;0581;Enskild;Praktiska Sverige AB;5562575786;Svenska 1;57;3,5;56,1;40,4;12;8,3;50,0;41,7;45;2,2;57,8;40,0;
Praktiska Gymnasiet Norrköping;62458752;Norrköping;0581;Enskild;Praktiska Sverige AB;5562575786;Svenska som andraspråk 1;20;5,0;50,0;45,0;6;..;..;..;14;..;..;..;
Realgymnasiet Norrköping;43284031;Norrköping;0581;Enskild;Lärande i Sverige AB;5565715892;Engelska 5;28;14,3;64,3;21,4;16;6,3;62,5;31,3;12;25,0;66,7;8,3;
Realgymnasiet Norrköping;43284031;Norrköping;0581;Enskild;Lärande i Sverige AB;5565715892;Engelska 6;26;15,4;53,8;30,8;1;..;..;..;25;..;..;..;
Realgymnasiet Norrköping;43284031;Norrköping;0581;Enskild;Lärande i Sverige AB;5565715892;Matematik 1A;24;.;50,0;50,0;1;..;..;..;23;..;..;..;
Realgymnasiet Norrköping;43284031;Norrköping;0581;Enskild;Lärande i Sverige AB;5565715892;Matematik 3C;21;.;66,7;33,3;.;.;.;.;21;..;..;..;
Realgymnasiet Norrköping;43284031;Norrköping;0581;Enskild;Lärande i Sverige AB;5565715892;Svenska 1;29;3,4;58,6;37,9;17;.;47,1;52,9;12;8,3;75,0;16,7;
Realgymnasiet Norrköping;43284031;Norrköping;0581;Enskild;Lärande i Sverige AB;5565715892;Svenska 3;27;7,4;70,4;22,2;1;..;..;..;26;..;..;..;
Realgymnasiet Norrköping;43284031;Norrköping;0581;Enskild;Lärande i Sverige AB;5565715892;Svenska som andraspråk 3;10;.;70,0;30,0;3;..;..;..;7;..;..;..;
Yrkesgymnasiet Norrköping;67842103;Norrköping;0581;Enskild;Thorengruppen AB;5566139290;Matematik 1A;31;.;12,9;87,1;10;.;.;100,0;21;.;19,0;81,0;
Yrkesgymnasiet Norrköping;67842103;Norrköping;0581;Enskild;Thorengruppen AB;5566139290;Svenska 1;18;.;50,0;50,0;7;..;..;..;11;..;..;..;
Yrkesgymnasiet Norrköping;67842103;Norrköping;0581;Enskild;Thorengruppen AB;5566139290;Svenska som andraspråk 1;10;10,0;30,0;60,0;1;..;..;..;9;..;..;..;
Ekebyholmsskolan, gy;24194577;Norrtälje;0188;Enskild;Ekebyholmsskolan Aktiebolag;5562512425;Engelska 6;11;.;81,8;18,2;5;..;..;..;6;..;..;..;
Ekebyholmsskolan, gy;24194577;Norrtälje;0188;Enskild;Ekebyholmsskolan Aktiebolag;5562512425;Matematik 2B;4;..;..;..;2;..;..;..;2;..;..;..;
Ekebyholmsskolan, gy;24194577;Norrtälje;0188;Enskild;Ekebyholmsskolan Aktiebolag;5562512425;Matematik 3C;3;..;..;..;2;..;..;..;1;..;..;..;
Ekebyholmsskolan, gy;24194577;Norrtälje;0188;Enskild;Ekebyholmsskolan Aktiebolag;5562512425;Svenska 3;3;..;..;..;3;..;..;..;.;.;.;.;
Ekebyholmsskolan, gy;24194577;Norrtälje;0188;Enskild;Ekebyholmsskolan Aktiebolag;5562512425;Svenska som andraspråk 3;5;..;..;..;4;..;..;..;1;..;..;..;
Rodengymnasiet;42258644;Norrtälje;0188;Kommunal;Norrtälje kommun;2120000217;Engelska 5;82;19,5;72,0;8,5;33;9,1;75,8;15,2;49;26,5;69,4;4,1;
Rodengymnasiet;42258644;Norrtälje;0188;Kommunal;Norrtälje kommun;2120000217;Engelska 6;175;10,3;77,7;12,0;85;9,4;74,1;16,5;90;11,1;81,1;7,8;
Rodengymnasiet;42258644;Norrtälje;0188;Kommunal;Norrtälje kommun;2120000217;Matematik 1A;67;.;62,7;37,3;18;.;72,2;27,8;49;.;59,2;40,8;
Rodengymnasiet;42258644;Norrtälje;0188;Kommunal;Norrtälje kommun;2120000217;Matematik 2B;62;.;59,7;40,3;44;.;61,4;38,6;18;.;55,6;44,4;
Rodengymnasiet;42258644;Norrtälje;0188;Kommunal;Norrtälje kommun;2120000217;Matematik 3B;45;.;35,6;64,4;17;.;41,2;58,8;28;.;32,1;67,9;
Rodengymnasiet;42258644;Norrtälje;0188;Kommunal;Norrtälje kommun;2120000217;Matematik 3C;34;.;41,2;58,8;.;.;.;.;34;..;..;..;
Rodengymnasiet;42258644;Norrtälje;0188;Kommunal;Norrtälje kommun;2120000217;Svenska 1;72;6,9;56,9;36,1;29;3,4;37,9;58,6;43;9,3;69,8;20,9;
Rodengymnasiet;42258644;Norrtälje;0188;Kommunal;Norrtälje kommun;2120000217;Svenska 3;153;7,2;59,5;33,3;87;2,3;58,6;39,1;66;13,6;60,6;25,8;
Rodengymnasiet;42258644;Norrtälje;0188;Kommunal;Norrtälje kommun;2120000217;Svenska som andraspråk 3;11;.;100,0;.;6;..;..;..;5;..;..;..;
Skärgårdsgymnasiet Norrtälje;26267406;Norrtälje;0188;Enskild;Norrtelje teknikgymnasium AB;5567916761;Engelska 5;84;.;82,1;17,9;40;.;70,0;30,0;44;.;93,2;6,8;
Skärgårdsgymnasiet Norrtälje;26267406;Norrtälje;0188;Enskild;Norrtelje teknikgymnasium AB;5567916761;Svenska 1;90;1,1;68,9;30,0;45;2,2;64,4;33,3;45;.;73,3;26,7;
Åkrahällskolan Akra01;35035671;Nybro;0881;Kommunal;Nybro kommun;2120000753;Engelska 5;15;13,3;53,3;33,3;3;..;..;..;12;..;..;..;
Åkrahällskolan Akra01;35035671;Nybro;0881;Kommunal;Nybro kommun;2120000753;Matematik 1A;14;.;64,3;35,7;2;..;..;..;12;..;..;..;
Åkrahällskolan Akra01;35035671;Nybro;0881;Kommunal;Nybro kommun;2120000753;Svenska 1;16;6,3;56,3;37,5;3;..;..;..;13;..;..;..;
Åkrahällskolan Akra02;12130801;Nybro;0881;Kommunal;Nybro kommun;2120000753;Engelska 6;44;11,4;61,4;27,3;23;8,7;56,5;34,8;21;14,3;66,7;19,0;
Åkrahällskolan Akra02;12130801;Nybro;0881;Kommunal;Nybro kommun;2120000753;Matematik 2B;26;.;38,5;61,5;16;.;25,0;75,0;10;.;60,0;40,0;
Åkrahällskolan Akra03;51736304;Nybro;0881;Kommunal;Nybro kommun;2120000753;Engelska 5;18;5,6;33,3;61,1;1;..;..;..;17;..;..;..;
Åkrahällskolan Akra03;51736304;Nybro;0881;Kommunal;Nybro kommun;2120000753;Engelska 6;26;.;34,6;65,4;4;..;..;..;22;..;..;..;
Åkrahällskolan Akra03;51736304;Nybro;0881;Kommunal;Nybro kommun;2120000753;Matematik 1A;10;.;20,0;80,0;.;.;.;.;10;..;..;..;
Åkrahällskolan Akra03;51736304;Nybro;0881;Kommunal;Nybro kommun;2120000753;Matematik 3C;11;.;54,5;45,5;1;..;..;..;10;..;..;..;
Åkrahällskolan Akra03;51736304;Nybro;0881;Kommunal;Nybro kommun;2120000753;Svenska 1;19;15,8;68,4;15,8;1;..;..;..;18;..;..;..;
Åkrahällskolan Akra03;51736304;Nybro;0881;Kommunal;Nybro kommun;2120000753;Svenska som andraspråk 1;2;..;..;..;.;.;.;.;2;..;..;..;
Praktiska Gymnasiet Nykvarn;53180719;Nykvarn;0140;Enskild;Praktiska Sverige AB;5562575786;Engelska 5;50;.;16,0;84,0;22;.;13,6;86,4;28;.;17,9;82,1;
Praktiska Gymnasiet Nykvarn;53180719;Nykvarn;0140;Enskild;Praktiska Sverige AB;5562575786;Matematik 1A;51;.;96,1;3,9;20;.;100,0;.;31;.;93,5;6,5;
Praktiska Gymnasiet Nykvarn;53180719;Nykvarn;0140;Enskild;Praktiska Sverige AB;5562575786;Svenska 1;30;.;50,0;50,0;7;..;..;..;23;..;..;..;
Praktiska Gymnasiet Nykvarn;53180719;Nykvarn;0140;Enskild;Praktiska Sverige AB;5562575786;Svenska som andraspråk 1;13;.;38,5;61,5;6;..;..;..;7;..;..;..;
Elteknikbranschens gymnasium;27489137;Nyköping;0480;Enskild;Elteknikbranschens Gymnasium i Nyköping AB;5567106637;Matematik 1A;29;.;82,8;17,2;2;..;..;..;27;..;..;..;
Elteknikbranschens gymnasium;27489137;Nyköping;0480;Enskild;Elteknikbranschens Gymnasium i Nyköping AB;5567106637;Svenska 1;26;.;42,3;57,7;2;..;..;..;24;..;..;..;
Elteknikbranschens gymnasium;27489137;Nyköping;0480;Enskild;Elteknikbranschens Gymnasium i Nyköping AB;5567106637;Svenska som andraspråk 1;2;..;..;..;.;.;.;.;2;..;..;..;
LBS Kreativa Gymnasiet Nyköping;44285075;Nyköping;0480;Enskild;Ljud & Bildskolan LBS AB;5564851649;Engelska 6;39;2,6;64,1;33,3;16;.;62,5;37,5;23;4,3;65,2;30,4;
LBS Kreativa Gymnasiet Nyköping;44285075;Nyköping;0480;Enskild;Ljud & Bildskolan LBS AB;5564851649;Matematik 1B;33;.;75,8;24,2;17;.;70,6;29,4;16;.;81,3;18,8;
LBS Kreativa Gymnasiet Nyköping;44285075;Nyköping;0480;Enskild;Ljud & Bildskolan LBS AB;5564851649;Matematik 3C;12;.;50,0;50,0;1;..;..;..;11;..;..;..;
LBS Kreativa Gymnasiet Nyköping;44285075;Nyköping;0480;Enskild;Ljud & Bildskolan LBS AB;5564851649;Svenska 3;32;.;75,0;25,0;13;.;69,2;30,8;19;.;78,9;21,1;
LBS Kreativa Gymnasiet Nyköping;44285075;Nyköping;0480;Enskild;Ljud & Bildskolan LBS AB;5564851649;Svenska som andraspråk 3;1;..;..;..;.;.;.;.;1;..;..;..;
Nyköping Strand Utbildn.center;60424371;Nyköping;0480;Enskild;Nyköping Strand Utbildningscentrum AB;5564710795;Engelska 5;33;9,1;63,6;27,3;12;16,7;41,7;41,7;21;4,8;76,2;19,0;
Nyköping Strand Utbildn.center;60424371;Nyköping;0480;Enskild;Nyköping Strand Utbildningscentrum AB;5564710795;Engelska 6;6;..;..;..;6;..;..;..;.;.;.;.;
Nyköping Strand Utbildn.center;60424371;Nyköping;0480;Enskild;Nyköping Strand Utbildningscentrum AB;5564710795;Matematik 1A;40;.;22,5;77,5;19;.;15,8;84,2;21;.;28,6;71,4;
Nyköping Strand Utbildn.center;60424371;Nyköping;0480;Enskild;Nyköping Strand Utbildningscentrum AB;5564710795;Svenska 1;40;.;50,0;50,0;23;.;47,8;52,2;17;.;52,9;47,1;
Nyköping Strand Utbildn.center;60424371;Nyköping;0480;Enskild;Nyköping Strand Utbildningscentrum AB;5564710795;Svenska som andraspråk 1;2;..;..;..;1;..;..;..;1;..;..;..;
Nyköpings Enskilda Gymnasium;95785055;Nyköping;0480;Enskild;Erastos AB;5564418449;Engelska 6;160;1,9;93,8;4,4;101;2,0;93,1;5,0;59;1,7;94,9;3,4;
Nyköpings Enskilda Gymnasium;95785055;Nyköping;0480;Enskild;Erastos AB;5564418449;Matematik 2B;48;.;95,8;4,2;40;..;..;..;8;..;..;..;
Nyköpings Enskilda Gymnasium;95785055;Nyköping;0480;Enskild;Erastos AB;5564418449;Matematik 3B;21;.;95,2;4,8;1;..;..;..;20;..;..;..;
Nyköpings Enskilda Gymnasium;95785055;Nyköping;0480;Enskild;Erastos AB;5564418449;Matematik 4;49;.;89,8;10,2;33;.;90,9;9,1;16;.;87,5;12,5;
Nyköpings Enskilda Gymnasium;95785055;Nyköping;0480;Enskild;Erastos AB;5564418449;Svenska 3;159;5,0;78,6;16,4;96;4,2;77,1;18,8;63;6,3;81,0;12,7;
Nyköpings Enskilda Gymnasium;95785055;Nyköping;0480;Enskild;Erastos AB;5564418449;Svenska som andraspråk 3;8;..;..;..;3;..;..;..;5;..;..;..;
Nyköpings gymnasium Gripen;68655578;Nyköping;0480;Kommunal;Nyköpings kommun;2120002940;Engelska 5;74;13,5;56,8;29,7;22;9,1;68,2;22,7;52;15,4;51,9;32,7;
Nyköpings gymnasium Gripen;68655578;Nyköping;0480;Kommunal;Nyköpings kommun;2120002940;Engelska 6;118;12,7;69,5;17,8;65;9,2;67,7;23,1;53;17,0;71,7;11,3;
Nyköpings gymnasium Gripen;68655578;Nyköping;0480;Kommunal;Nyköpings kommun;2120002940;Matematik 1A;78;.;70,5;29,5;26;.;53,8;46,2;52;.;78,8;21,2;
Nyköpings gymnasium Gripen;68655578;Nyköping;0480;Kommunal;Nyköpings kommun;2120002940;Matematik 1B;11;.;100,0;.;9;..;..;..;2;..;..;..;
Nyköpings gymnasium Gripen;68655578;Nyköping;0480;Kommunal;Nyköpings kommun;2120002940;Matematik 2B;77;1,3;80,5;18,2;53;1,9;79,2;18,9;24;.;83,3;16,7;
Nyköpings gymnasium Gripen;68655578;Nyköping;0480;Kommunal;Nyköpings kommun;2120002940;Matematik 3C;46;8,7;80,4;10,9;13;23,1;69,2;7,7;33;3,0;84,8;12,1;
Nyköpings gymnasium Gripen;68655578;Nyköping;0480;Kommunal;Nyköpings kommun;2120002940;Matematik 4;15;.;73,3;26,7;6;..;..;..;9;..;..;..;
Nyköpings gymnasium Gripen;68655578;Nyköping;0480;Kommunal;Nyköpings kommun;2120002940;Svenska 1;61;1,6;73,8;24,6;19;.;68,4;31,6;42;2,4;76,2;21,4;
Nyköpings gymnasium Gripen;68655578;Nyköping;0480;Kommunal;Nyköpings kommun;2120002940;Svenska 3;104;5,8;45,2;49,0;51;2,0;41,2;56,9;53;9,4;49,1;41,5;
Nyköpings gymnasium Gripen;68655578;Nyköping;0480;Kommunal;Nyköpings kommun;2120002940;Svenska som andraspråk 1;13;.;61,5;38,5;4;..;..;..;9;..;..;..;
Nyköpings gymnasium Gripen;68655578;Nyköping;0480;Kommunal;Nyköpings kommun;2120002940;Svenska som andraspråk 3;31;3,2;45,2;51,6;13;7,7;30,8;61,5;18;.;55,6;44,4;
Nyköpings gymnasium Nico;68741484;Nyköping;0480;Kommunal;Nyköpings kommun;2120002940;Engelska 5;53;1,9;83,0;15,1;27;.;81,5;18,5;26;3,8;84,6;11,5;
Nyköpings gymnasium Nico;68741484;Nyköping;0480;Kommunal;Nyköpings kommun;2120002940;Engelska 6;61;3,3;44,3;52,5;23;4,3;26,1;69,6;38;2,6;55,3;42,1;
Nyköpings gymnasium Nico;68741484;Nyköping;0480;Kommunal;Nyköpings kommun;2120002940;Matematik 2B;29;.;89,7;10,3;16;.;100,0;.;13;.;76,9;23,1;
Nyköpings gymnasium Nico;68741484;Nyköping;0480;Kommunal;Nyköpings kommun;2120002940;Matematik 3B;18;.;77,8;22,2;5;..;..;..;13;..;..;..;
Nyköpings gymnasium Nico;68741484;Nyköping;0480;Kommunal;Nyköpings kommun;2120002940;Svenska 1;23;8,7;47,8;43,5;13;15,4;38,5;46,2;10;.;60,0;40,0;
Nyköpings gymnasium Nico;68741484;Nyköping;0480;Kommunal;Nyköpings kommun;2120002940;Svenska 3;47;4,3;34,0;61,7;23;.;39,1;60,9;24;8,3;29,2;62,5;
Nyköpings gymnasium Nico;68741484;Nyköping;0480;Kommunal;Nyköpings kommun;2120002940;Svenska som andraspråk 1;29;.;48,3;51,7;16;.;37,5;62,5;13;.;61,5;38,5;
Nyköpings gymnasium Nico;68741484;Nyköping;0480;Kommunal;Nyköpings kommun;2120002940;Svenska som andraspråk 3;3;..;..;..;2;..;..;..;1;..;..;..;
Nyköpings gymnasium Skavsta;17062663;Nyköping;0480;Kommunal;Nyköpings kommun;2120002940;Engelska 5;32;28,1;65,6;6,3;12;16,7;75,0;8,3;20;35,0;60,0;5,0;
Nyköpings gymnasium Skavsta;17062663;Nyköping;0480;Kommunal;Nyköpings kommun;2120002940;Engelska 6;17;17,6;70,6;11,8;.;.;.;.;17;..;..;..;
Nyköpings gymnasium Skavsta;17062663;Nyköping;0480;Kommunal;Nyköpings kommun;2120002940;Matematik 1A;51;.;39,2;60,8;14;.;42,9;57,1;37;.;37,8;62,2;
Nyköpings gymnasium Skavsta;17062663;Nyköping;0480;Kommunal;Nyköpings kommun;2120002940;Svenska 1;41;12,2;61,0;26,8;11;.;72,7;27,3;30;16,7;56,7;26,7;
Nyköpings gymnasium Skavsta;17062663;Nyköping;0480;Kommunal;Nyköpings kommun;2120002940;Svenska som andraspråk 1;3;..;..;..;.;.;.;.;3;..;..;..;
Praktiska Gymnasiet Nyköping;15609112;Nyköping;0480;Enskild;Praktiska Lärande AB;5565304481;Engelska 5;40;17,5;72,5;10,0;10;10,0;90,0;.;30;20,0;66,7;13,3;
Praktiska Gymnasiet Nyköping;15609112;Nyköping;0480;Enskild;Praktiska Lärande AB;5565304481;Matematik 1A;43;.;81,4;18,6;10;.;70,0;30,0;33;.;84,8;15,2;
Praktiska Gymnasiet Nyköping;15609112;Nyköping;0480;Enskild;Praktiska Lärande AB;5565304481;Svenska 1;32;6,3;15,6;78,1;5;..;..;..;27;..;..;..;
Praktiska Gymnasiet Nyköping;15609112;Nyköping;0480;Enskild;Praktiska Lärande AB;5565304481;Svenska som andraspråk 1;7;..;..;..;3;..;..;..;4;..;..;..;
Nynäshamns gymnasium;37054246;Nynäshamn;0192;Kommunal;Nynäshamns kommun;2120000233;Engelska 5;26;7,7;73,1;19,2;2;..;..;..;24;..;..;..;
Nynäshamns gymnasium;37054246;Nynäshamn;0192;Kommunal;Nynäshamns kommun;2120000233;Engelska 6;37;10,8;83,8;5,4;16;6,3;87,5;6,3;21;14,3;81,0;4,8;
Nynäshamns gymnasium;37054246;Nynäshamn;0192;Kommunal;Nynäshamns kommun;2120000233;Matematik 1A;2;..;..;..;.;.;.;.;2;..;..;..;
Nynäshamns gymnasium;37054246;Nynäshamn;0192;Kommunal;Nynäshamns kommun;2120000233;Matematik 3B;7;..;..;..;4;..;..;..;3;..;..;..;
Nynäshamns gymnasium;37054246;Nynäshamn;0192;Kommunal;Nynäshamns kommun;2120000233;Matematik 4;8;..;..;..;5;..;..;..;3;..;..;..;
Nynäshamns gymnasium;37054246;Nynäshamn;0192;Kommunal;Nynäshamns kommun;2120000233;Svenska 1;17;.;29,4;70,6;1;..;..;..;16;..;..;..;
Nynäshamns gymnasium;37054246;Nynäshamn;0192;Kommunal;Nynäshamns kommun;2120000233;Svenska 3;51;.;21,6;78,4;28;.;17,9;82,1;23;.;26,1;73,9;
Nynäshamns gymnasium;37054246;Nynäshamn;0192;Kommunal;Nynäshamns kommun;2120000233;Svenska som andraspråk 1;1;..;..;..;.;.;.;.;1;..;..;..;
Brinellgymnasiet 2;39199869;Nässjö;0682;Kommunal;Nässjö kommun;2120000548;Engelska 5;30;10,0;63,3;26,7;.;.;.;.;30;..;..;..;
Brinellgymnasiet 2;39199869;Nässjö;0682;Kommunal;Nässjö kommun;2120000548;Engelska 6;44;22,7;52,3;25,0;11;.;54,5;45,5;33;30,3;51,5;18,2;
Brinellgymnasiet 2;39199869;Nässjö;0682;Kommunal;Nässjö kommun;2120000548;Matematik 1A;40;.;52,5;47,5;2;..;..;..;38;..;..;..;
Brinellgymnasiet 2;39199869;Nässjö;0682;Kommunal;Nässjö kommun;2120000548;Matematik 3C;49;2,0;79,6;18,4;10;.;70,0;30,0;39;2,6;82,1;15,4;
Brinellgymnasiet 2;39199869;Nässjö;0682;Kommunal;Nässjö kommun;2120000548;Matematik 4;19;.;94,7;5,3;11;..;..;..;8;..;..;..;
Brinellgymnasiet 2;39199869;Nässjö;0682;Kommunal;Nässjö kommun;2120000548;Svenska 1;39;.;38,5;61,5;4;..;..;..;35;..;..;..;
Brinellgymnasiet 2;39199869;Nässjö;0682;Kommunal;Nässjö kommun;2120000548;Svenska 3;25;.;52,0;48,0;7;..;..;..;18;..;..;..;
Brinellgymnasiet 2;39199869;Nässjö;0682;Kommunal;Nässjö kommun;2120000548;Svenska som andraspråk 1;1;..;..;..;.;.;.;.;1;..;..;..;
Brinellgymnasiet 2;39199869;Nässjö;0682;Kommunal;Nässjö kommun;2120000548;Svenska som andraspråk 3;7;..;..;..;2;..;..;..;5;..;..;..;
Brinellgymnasiet 3;62216381;Nässjö;0682;Kommunal;Nässjö kommun;2120000548;Engelska 5;14;28,6;57,1;14,3;13;..;..;..;1;..;..;..;
Brinellgymnasiet 3;62216381;Nässjö;0682;Kommunal;Nässjö kommun;2120000548;Engelska 6;43;2,3;55,8;41,9;33;3,0;51,5;45,5;10;.;70,0;30,0;
Brinellgymnasiet 3;62216381;Nässjö;0682;Kommunal;Nässjö kommun;2120000548;Matematik 1B;12;.;83,3;16,7;10;..;..;..;2;..;..;..;
Brinellgymnasiet 3;62216381;Nässjö;0682;Kommunal;Nässjö kommun;2120000548;Matematik 2B;34;2,9;58,8;38,2;25;..;..;..;9;..;..;..;
Brinellgymnasiet 3;62216381;Nässjö;0682;Kommunal;Nässjö kommun;2120000548;Svenska 1;13;.;30,8;69,2;12;..;..;..;1;..;..;..;
Brinellgymnasiet 3;62216381;Nässjö;0682;Kommunal;Nässjö kommun;2120000548;Svenska 3;38;5,3;28,9;65,8;22;4,5;27,3;68,2;16;6,3;31,3;62,5;
Brinellgymnasiet 3;62216381;Nässjö;0682;Kommunal;Nässjö kommun;2120000548;Svenska som andraspråk 1;1;..;..;..;1;..;..;..;.;.;.;.;
Brinellgymnasiet 3;62216381;Nässjö;0682;Kommunal;Nässjö kommun;2120000548;Svenska som andraspråk 3;4;..;..;..;3;..;..;..;1;..;..;..;
Brinellgymnasiet 4;31179045;Nässjö;0682;Kommunal;Nässjö kommun;2120000548;Engelska 5;44;18,2;68,2;13,6;26;26,9;61,5;11,5;18;5,6;77,8;16,7;
Brinellgymnasiet 4;31179045;Nässjö;0682;Kommunal;Nässjö kommun;2120000548;Engelska 6;40;15,0;75,0;10,0;22;9,1;77,3;13,6;18;22,2;72,2;5,6;
Brinellgymnasiet 4;31179045;Nässjö;0682;Kommunal;Nässjö kommun;2120000548;Matematik 1A;24;.;50,0;50,0;13;.;46,2;53,8;11;.;54,5;45,5;
Brinellgymnasiet 4;31179045;Nässjö;0682;Kommunal;Nässjö kommun;2120000548;Matematik 2B;18;.;50,0;50,0;13;..;..;..;5;..;..;..;
Brinellgymnasiet 4;31179045;Nässjö;0682;Kommunal;Nässjö kommun;2120000548;Matematik 3B;20;.;35,0;65,0;12;..;..;..;8;..;..;..;
Brinellgymnasiet 4;31179045;Nässjö;0682;Kommunal;Nässjö kommun;2120000548;Svenska 1;22;.;22,7;77,3;15;..;..;..;7;..;..;..;
Brinellgymnasiet 4;31179045;Nässjö;0682;Kommunal;Nässjö kommun;2120000548;Svenska 3;24;37,5;41,7;20,8;11;36,4;27,3;36,4;13;38,5;53,8;7,7;
Brinellgymnasiet 4;31179045;Nässjö;0682;Kommunal;Nässjö kommun;2120000548;Svenska som andraspråk 1;7;..;..;..;5;..;..;..;2;..;..;..;
Brinellgymnasiet 4;31179045;Nässjö;0682;Kommunal;Nässjö kommun;2120000548;Svenska som andraspråk 3;11;18,2;36,4;45,5;7;..;..;..;4;..;..;..;
Nordenbergsskolan 1;59655752;Olofström;1060;Kommunal;Olofströms kommun;2120000811;Engelska 5;30;3,3;93,3;3,3;3;..;..;..;27;..;..;..;
Nordenbergsskolan 1;59655752;Olofström;1060;Kommunal;Olofströms kommun;2120000811;Engelska 6;41;19,5;56,1;24,4;16;12,5;50,0;37,5;25;24,0;60,0;16,0;
Nordenbergsskolan 1;59655752;Olofström;1060;Kommunal;Olofströms kommun;2120000811;Matematik 1A;20;.;90,0;10,0;2;..;..;..;18;..;..;..;
Nordenbergsskolan 1;59655752;Olofström;1060;Kommunal;Olofströms kommun;2120000811;Matematik 3C;18;.;94,4;5,6;6;..;..;..;12;..;..;..;
Nordenbergsskolan 1;59655752;Olofström;1060;Kommunal;Olofströms kommun;2120000811;Svenska 1;29;6,9;41,4;51,7;2;..;..;..;27;..;..;..;
Nordenbergsskolan 1;59655752;Olofström;1060;Kommunal;Olofströms kommun;2120000811;Svenska som andraspråk 1;1;..;..;..;.;.;.;.;1;..;..;..;
Nordenbergsskolan 2;88750078;Olofström;1060;Kommunal;Olofströms kommun;2120000811;Engelska 5;14;14,3;85,7;.;10;..;..;..;4;..;..;..;
Nordenbergsskolan 2;88750078;Olofström;1060;Kommunal;Olofströms kommun;2120000811;Engelska 6;42;9,5;66,7;23,8;23;.;60,9;39,1;19;21,1;73,7;5,3;
Nordenbergsskolan 2;88750078;Olofström;1060;Kommunal;Olofströms kommun;2120000811;Matematik 1A;12;.;91,7;8,3;8;..;..;..;4;..;..;..;
Nordenbergsskolan 2;88750078;Olofström;1060;Kommunal;Olofströms kommun;2120000811;Matematik 2B;26;.;84,6;15,4;18;..;..;..;8;..;..;..;
Nordenbergsskolan 2;88750078;Olofström;1060;Kommunal;Olofströms kommun;2120000811;Svenska 1;13;.;53,8;46,2;9;..;..;..;4;..;..;..;
Nordenbergsskolan 2;88750078;Olofström;1060;Kommunal;Olofströms kommun;2120000811;Svenska som andraspråk 1;1;..;..;..;1;..;..;..;.;.;.;.;
Ekbackeskolan Ro1;41555549;Osby;1273;Kommunal;Osby kommun;2120000902;Engelska 5;19;10,5;89,5;.;13;..;..;..;6;..;..;..;
Ekbackeskolan Ro1;41555549;Osby;1273;Kommunal;Osby kommun;2120000902;Engelska 6;34;.;91,2;8,8;20;.;90,0;10,0;14;.;92,9;7,1;
Ekbackeskolan Ro1;41555549;Osby;1273;Kommunal;Osby kommun;2120000902;Matematik 1A;23;.;95,7;4,3;17;..;..;..;6;..;..;..;
Ekbackeskolan Ro1;41555549;Osby;1273;Kommunal;Osby kommun;2120000902;Matematik 2B;23;4,3;91,3;4,3;14;..;..;..;9;..;..;..;
Ekbackeskolan Ro1;41555549;Osby;1273;Kommunal;Osby kommun;2120000902;Matematik 3B;10;.;30,0;70,0;5;..;..;..;5;..;..;..;
Ekbackeskolan Ro1;41555549;Osby;1273;Kommunal;Osby kommun;2120000902;Svenska 1;25;.;56,0;44,0;21;..;..;..;4;..;..;..;
Ekbackeskolan Ro1;41555549;Osby;1273;Kommunal;Osby kommun;2120000902;Svenska 3;30;6,7;46,7;46,7;24;..;..;..;6;..;..;..;
Ekbackeskolan Ro2;98876996;Osby;1273;Kommunal;Osby kommun;2120000902;Engelska 5;12;.;83,3;16,7;4;..;..;..;8;..;..;..;
Ekbackeskolan Ro2;98876996;Osby;1273;Kommunal;Osby kommun;2120000902;Engelska 6;17;5,9;94,1;.;6;..;..;..;11;..;..;..;
Ekbackeskolan Ro2;98876996;Osby;1273;Kommunal;Osby kommun;2120000902;Matematik 1A;8;..;..;..;.;.;.;.;8;..;..;..;
Ekbackeskolan Ro2;98876996;Osby;1273;Kommunal;Osby kommun;2120000902;Matematik 4;14;.;92,9;7,1;6;..;..;..;8;..;..;..;
Ekbackeskolan Ro2;98876996;Osby;1273;Kommunal;Osby kommun;2120000902;Svenska 1;8;..;..;..;.;.;.;.;8;..;..;..;
Ekbackeskolan Ro2;98876996;Osby;1273;Kommunal;Osby kommun;2120000902;Svenska 3;13;.;92,3;7,7;5;..;..;..;8;..;..;..;
Oscarsgymnasiet A;85459854;Oskarshamn;0882;Kommunal;Oskarshamns kommun;2120000761;Engelska 5;25;4,0;88,0;8,0;12;.;100,0;.;13;7,7;76,9;15,4;
Oscarsgymnasiet A;85459854;Oskarshamn;0882;Kommunal;Oskarshamns kommun;2120000761;Engelska 6;53;5,7;56,6;37,7;31;3,2;58,1;38,7;22;9,1;54,5;36,4;
Oscarsgymnasiet A;85459854;Oskarshamn;0882;Kommunal;Oskarshamns kommun;2120000761;Matematik 1A;27;.;51,9;48,1;13;.;61,5;38,5;14;.;42,9;57,1;
Oscarsgymnasiet A;85459854;Oskarshamn;0882;Kommunal;Oskarshamns kommun;2120000761;Matematik 2B;53;.;73,6;26,4;31;.;64,5;35,5;22;.;86,4;13,6;
Oscarsgymnasiet A;85459854;Oskarshamn;0882;Kommunal;Oskarshamns kommun;2120000761;Svenska 1;25;.;28,0;72,0;13;.;46,2;53,8;12;.;8,3;91,7;
Oscarsgymnasiet A;85459854;Oskarshamn;0882;Kommunal;Oskarshamns kommun;2120000761;Svenska 3;49;28,6;53,1;18,4;27;18,5;55,6;25,9;22;40,9;50,0;9,1;
Oscarsgymnasiet A;85459854;Oskarshamn;0882;Kommunal;Oskarshamns kommun;2120000761;Svenska som andraspråk 1;1;..;..;..;.;.;.;.;1;..;..;..;
Oscarsgymnasiet A;85459854;Oskarshamn;0882;Kommunal;Oskarshamns kommun;2120000761;Svenska som andraspråk 3;5;..;..;..;4;..;..;..;1;..;..;..;
Oscarsgymnasiet B;81876614;Oskarshamn;0882;Kommunal;Oskarshamns kommun;2120000761;Engelska 5;32;9,4;56,3;34,4;.;.;.;.;32;..;..;..;
Oscarsgymnasiet B;81876614;Oskarshamn;0882;Kommunal;Oskarshamns kommun;2120000761;Engelska 6;48;4,2;87,5;8,3;21;.;95,2;4,8;27;7,4;81,5;11,1;
Oscarsgymnasiet B;81876614;Oskarshamn;0882;Kommunal;Oskarshamns kommun;2120000761;Matematik 1A;35;11,4;62,9;25,7;.;.;.;.;35;..;..;..;
Oscarsgymnasiet B;81876614;Oskarshamn;0882;Kommunal;Oskarshamns kommun;2120000761;Matematik 4;31;.;71,0;29,0;18;.;72,2;27,8;13;.;69,2;30,8;
Oscarsgymnasiet B;81876614;Oskarshamn;0882;Kommunal;Oskarshamns kommun;2120000761;Svenska 1;25;4,0;96,0;.;.;.;.;.;25;..;..;..;
Oscarsgymnasiet B;81876614;Oskarshamn;0882;Kommunal;Oskarshamns kommun;2120000761;Svenska 3;42;2,4;71,4;26,2;12;.;66,7;33,3;30;3,3;73,3;23,3;
Oscarsgymnasiet B;81876614;Oskarshamn;0882;Kommunal;Oskarshamns kommun;2120000761;Svenska som andraspråk 1;4;..;..;..;.;.;.;.;4;..;..;..;
Oscarsgymnasiet B;81876614;Oskarshamn;0882;Kommunal;Oskarshamns kommun;2120000761;Svenska som andraspråk 3;4;..;..;..;2;..;..;..;2;..;..;..;
Oscarsgymnasiet C;44963095;Oskarshamn;0882;Kommunal;Oskarshamns kommun;2120000761;Engelska 5;30;13,3;80,0;6,7;9;..;..;..;21;..;..;..;
Oscarsgymnasiet C;44963095;Oskarshamn;0882;Kommunal;Oskarshamns kommun;2120000761;Engelska 6;30;6,7;73,3;20,0;19;10,5;78,9;10,5;11;.;63,6;36,4;
Oscarsgymnasiet C;44963095;Oskarshamn;0882;Kommunal;Oskarshamns kommun;2120000761;Matematik 1A;29;3,4;75,9;20,7;9;..;..;..;20;..;..;..;
Oscarsgymnasiet C;44963095;Oskarshamn;0882;Kommunal;Oskarshamns kommun;2120000761;Matematik 2B;15;.;73,3;26,7;11;..;..;..;4;..;..;..;
Oscarsgymnasiet C;44963095;Oskarshamn;0882;Kommunal;Oskarshamns kommun;2120000761;Matematik 3B;8;..;..;..;4;..;..;..;4;..;..;..;
Oscarsgymnasiet C;44963095;Oskarshamn;0882;Kommunal;Oskarshamns kommun;2120000761;Svenska 1;30;6,7;83,3;10,0;9;..;..;..;21;..;..;..;
Oscarsgymnasiet C;44963095;Oskarshamn;0882;Kommunal;Oskarshamns kommun;2120000761;Svenska 3;21;47,6;47,6;4,8;16;..;..;..;5;..;..;..;
Oscarsgymnasiet C;44963095;Oskarshamn;0882;Kommunal;Oskarshamns kommun;2120000761;Svenska som andraspråk 3;3;..;..;..;3;..;..;..;.;.;.;.;
Oscarsgymnasiet D;18711877;Oskarshamn;0882;Kommunal;Oskarshamns kommun;2120000761;Engelska 5;23;4,3;78,3;17,4;16;..;..;..;7;..;..;..;
Oscarsgymnasiet D;18711877;Oskarshamn;0882;Kommunal;Oskarshamns kommun;2120000761;Engelska 6;16;6,3;81,3;12,5;8;..;..;..;8;..;..;..;
Oscarsgymnasiet D;18711877;Oskarshamn;0882;Kommunal;Oskarshamns kommun;2120000761;Matematik 1A;29;.;79,3;20,7;21;..;..;..;8;..;..;..;
Oscarsgymnasiet D;18711877;Oskarshamn;0882;Kommunal;Oskarshamns kommun;2120000761;Matematik 1B;26;.;65,4;34,6;17;..;..;..;9;..;..;..;
Oscarsgymnasiet D;18711877;Oskarshamn;0882;Kommunal;Oskarshamns kommun;2120000761;Svenska 1;16;.;37,5;62,5;11;..;..;..;5;..;..;..;
Oscarsgymnasiet D;18711877;Oskarshamn;0882;Kommunal;Oskarshamns kommun;2120000761;Svenska 3;16;.;50,0;50,0;12;..;..;..;4;..;..;..;
Oscarsgymnasiet D;18711877;Oskarshamn;0882;Kommunal;Oskarshamns kommun;2120000761;Svenska som andraspråk 1;6;..;..;..;5;..;..;..;1;..;..;..;
Voxnadalens gymnasium;67071618;Ovanåker;2121;Kommunal;Ovanåkers kommun;2120002304;Engelska 5;25;4,0;84,0;12,0;10;10,0;70,0;20,0;15;.;93,3;6,7;
Voxnadalens gymnasium;67071618;Ovanåker;2121;Kommunal;Ovanåkers kommun;2120002304;Engelska 6;53;1,9;69,8;28,3;27;.;51,9;48,1;26;3,8;88,5;7,7;
Voxnadalens gymnasium;67071618;Ovanåker;2121;Kommunal;Ovanåkers kommun;2120002304;Matematik 1A;27;.;77,8;22,2;8;..;..;..;19;..;..;..;
Voxnadalens gymnasium;67071618;Ovanåker;2121;Kommunal;Ovanåkers kommun;2120002304;Matematik 2B;15;.;66,7;33,3;10;..;..;..;5;..;..;..;
Voxnadalens gymnasium;67071618;Ovanåker;2121;Kommunal;Ovanåkers kommun;2120002304;Matematik 3B;16;.;31,3;68,8;8;..;..;..;8;..;..;..;
Voxnadalens gymnasium;67071618;Ovanåker;2121;Kommunal;Ovanåkers kommun;2120002304;Matematik 3C;6;..;..;..;2;..;..;..;4;..;..;..;
Voxnadalens gymnasium;67071618;Ovanåker;2121;Kommunal;Ovanåkers kommun;2120002304;Svenska 1;28;3,6;57,1;39,3;9;..;..;..;19;..;..;..;
Voxnadalens gymnasium;67071618;Ovanåker;2121;Kommunal;Ovanåkers kommun;2120002304;Svenska 3;41;9,8;56,1;34,1;19;10,5;63,2;26,3;22;9,1;50,0;40,9;
Voxnadalens gymnasium;67071618;Ovanåker;2121;Kommunal;Ovanåkers kommun;2120002304;Svenska som andraspråk 3;4;..;..;..;.;.;.;.;4;..;..;..;
Lapplands Gymnasium Pajala;75324351;Pajala;2521;Kommunal;Lapplands Kommunalförbund;2220000760;Matematik 1A;21;.;76,2;23,8;4;..;..;..;17;..;..;..;
Lapplands Gymnasium Pajala;75324351;Pajala;2521;Kommunal;Lapplands Kommunalförbund;2220000760;Matematik 2B;11;.;63,6;36,4;9;..;..;..;2;..;..;..;
Lapplands Gymnasium Pajala;75324351;Pajala;2521;Kommunal;Lapplands Kommunalförbund;2220000760;Matematik 4;5;..;..;..;4;..;..;..;1;..;..;..;
Lapplands Gymnasium Pajala;75324351;Pajala;2521;Kommunal;Lapplands Kommunalförbund;2220000760;Svenska 1;22;4,5;54,5;40,9;5;..;..;..;17;..;..;..;
Lapplands Gymnasium Pajala;75324351;Pajala;2521;Kommunal;Lapplands Kommunalförbund;2220000760;Svenska 3;14;.;57,1;42,9;8;..;..;..;6;..;..;..;
Lapplands Gymnasium Pajala;75324351;Pajala;2521;Kommunal;Lapplands Kommunalförbund;2220000760;Svenska som andraspråk 3;2;..;..;..;2;..;..;..;.;.;.;.;
Partille Gymnasium;61229217;Partille;1402;Kommunal;Partille kommun;2120001272;Engelska 6;35;5,7;80,0;14,3;16;6,3;68,8;25,0;19;5,3;89,5;5,3;
Partille Gymnasium;61229217;Partille;1402;Kommunal;Partille kommun;2120001272;Matematik 1A;36;.;69,4;30,6;2;..;..;..;34;..;..;..;
Partille Gymnasium;61229217;Partille;1402;Kommunal;Partille kommun;2120001272;Matematik 1B;3;..;..;..;2;..;..;..;1;..;..;..;
Partille Gymnasium;61229217;Partille;1402;Kommunal;Partille kommun;2120001272;Matematik 2B;36;2,8;58,3;38,9;17;.;52,9;47,1;19;5,3;63,2;31,6;
Partille Gymnasium;61229217;Partille;1402;Kommunal;Partille kommun;2120001272;Matematik 3C;1;..;..;..;1;..;..;..;.;.;.;.;
Partille Gymnasium;61229217;Partille;1402;Kommunal;Partille kommun;2120001272;Matematik 4;4;..;..;..;4;..;..;..;.;.;.;.;
Partille Gymnasium;61229217;Partille;1402;Kommunal;Partille kommun;2120001272;Svenska 1;34;.;79,4;20,6;2;..;..;..;32;..;..;..;
Partille Gymnasium;61229217;Partille;1402;Kommunal;Partille kommun;2120001272;Svenska 3;30;3,3;66,7;30,0;19;5,3;52,6;42,1;11;.;90,9;9,1;
Perstorp Tekniska Gymnasium;58929357;Perstorp;1275;Enskild;Perstorp Aktiebolag;5560246513;Svenska 1;20;.;95,0;5,0;1;..;..;..;19;..;..;..;
Perstorp Tekniska Gymnasium;58929357;Perstorp;1275;Enskild;Perstorp Aktiebolag;5560246513;Svenska som andraspråk 1;1;..;..;..;.;.;.;.;1;..;..;..;
Grans naturbruksgymnasium;42517257;Piteå;2581;Kommunal;Piteå kommun;2120002759;Engelska 5;30;16,7;80,0;3,3;24;..;..;..;6;..;..;..;
Grans naturbruksgymnasium;42517257;Piteå;2581;Kommunal;Piteå kommun;2120002759;Matematik 1A;35;2,9;57,1;40,0;32;..;..;..;3;..;..;..;
Grans naturbruksgymnasium;42517257;Piteå;2581;Kommunal;Piteå kommun;2120002759;Svenska 1;36;11,1;55,6;33,3;27;..;..;..;9;..;..;..;
Strömbacka Hugin;59575030;Piteå;2581;Kommunal;Piteå kommun;2120002759;Engelska 5;9;..;..;..;8;..;..;..;1;..;..;..;
Strömbacka Hugin;59575030;Piteå;2581;Kommunal;Piteå kommun;2120002759;Engelska 6;76;15,8;78,9;5,3;21;.;90,5;9,5;55;21,8;74,5;3,6;
Strömbacka Hugin;59575030;Piteå;2581;Kommunal;Piteå kommun;2120002759;Matematik 1A;12;.;75,0;25,0;10;..;..;..;2;..;..;..;
Strömbacka Hugin;59575030;Piteå;2581;Kommunal;Piteå kommun;2120002759;Matematik 3C;48;.;87,5;12,5;6;..;..;..;42;..;..;..;
Strömbacka Hugin;59575030;Piteå;2581;Kommunal;Piteå kommun;2120002759;Svenska 1;10;.;100,0;.;9;..;..;..;1;..;..;..;
Strömbacka Hugin;59575030;Piteå;2581;Kommunal;Piteå kommun;2120002759;Svenska 3;59;1,7;35,6;62,7;22;4,5;36,4;59,1;37;.;35,1;64,9;
Strömbacka Hugin;59575030;Piteå;2581;Kommunal;Piteå kommun;2120002759;Svenska som andraspråk 3;2;..;..;..;1;..;..;..;1;..;..;..;
Strömbacka Magne;93503103;Piteå;2581;Kommunal;Piteå kommun;2120002759;Engelska 5;55;5,5;80,0;14,5;12;.;75,0;25,0;43;7,0;81,4;11,6;
Strömbacka Magne;93503103;Piteå;2581;Kommunal;Piteå kommun;2120002759;Matematik 1A;56;.;71,4;28,6;13;.;61,5;38,5;43;.;74,4;25,6;
Strömbacka Magne;93503103;Piteå;2581;Kommunal;Piteå kommun;2120002759;Svenska 1;52;.;51,9;48,1;12;.;50,0;50,0;40;.;52,5;47,5;
Strömbacka Mimer;18617410;Piteå;2581;Kommunal;Piteå kommun;2120002759;Engelska 5;24;.;91,7;8,3;18;..;..;..;6;..;..;..;
Strömbacka Mimer;18617410;Piteå;2581;Kommunal;Piteå kommun;2120002759;Engelska 6;28;17,9;67,9;14,3;28;..;..;..;.;.;.;.;
Strömbacka Mimer;18617410;Piteå;2581;Kommunal;Piteå kommun;2120002759;Matematik 1A;25;8,0;72,0;20,0;18;..;..;..;7;..;..;..;
Strömbacka Mimer;18617410;Piteå;2581;Kommunal;Piteå kommun;2120002759;Matematik 2B;26;3,8;80,8;15,4;26;..;..;..;.;.;.;.;
Strömbacka Mimer;18617410;Piteå;2581;Kommunal;Piteå kommun;2120002759;Svenska 1;26;.;73,1;26,9;19;..;..;..;7;..;..;..;
Strömbacka Mimer;18617410;Piteå;2581;Kommunal;Piteå kommun;2120002759;Svenska 3;34;17,6;64,7;17,6;25;..;..;..;9;..;..;..;
Strömbacka Mimer;18617410;Piteå;2581;Kommunal;Piteå kommun;2120002759;Svenska som andraspråk 3;2;..;..;..;2;..;..;..;.;.;.;.;
Strömbacka Mjölner;41697930;Piteå;2581;Kommunal;Piteå kommun;2120002759;Engelska 5;90;25,6;58,9;15,6;14;14,3;57,1;28,6;76;27,6;59,2;13,2;
Strömbacka Mjölner;41697930;Piteå;2581;Kommunal;Piteå kommun;2120002759;Matematik 1A;93;16,1;67,7;16,1;17;17,6;70,6;11,8;76;15,8;67,1;17,1;
Strömbacka Mjölner;41697930;Piteå;2581;Kommunal;Piteå kommun;2120002759;Svenska 1;88;10,2;79,5;10,2;14;14,3;71,4;14,3;74;9,5;81,1;9,5;
Strömbacka Mjölner;41697930;Piteå;2581;Kommunal;Piteå kommun;2120002759;Svenska som andraspråk 1;2;..;..;..;.;.;.;.;2;..;..;..;
Strömbacka Munin;28025244;Piteå;2581;Kommunal;Piteå kommun;2120002759;Engelska 5;13;7,7;84,6;7,7;9;..;..;..;4;..;..;..;
Strömbacka Munin;28025244;Piteå;2581;Kommunal;Piteå kommun;2120002759;Engelska 6;72;23,6;65,3;11,1;38;10,5;73,7;15,8;34;38,2;55,9;5,9;
Strömbacka Munin;28025244;Piteå;2581;Kommunal;Piteå kommun;2120002759;Matematik 1A;12;.;66,7;33,3;9;..;..;..;3;..;..;..;
Strömbacka Munin;28025244;Piteå;2581;Kommunal;Piteå kommun;2120002759;Matematik 1B;35;2,9;94,3;2,9;25;4,0;92,0;4,0;10;.;100,0;.;
Strömbacka Munin;28025244;Piteå;2581;Kommunal;Piteå kommun;2120002759;Matematik 3B;36;2,8;83,3;13,9;25;.;88,0;12,0;11;9,1;72,7;18,2;
Strömbacka Munin;28025244;Piteå;2581;Kommunal;Piteå kommun;2120002759;Svenska 1;12;.;75,0;25,0;8;..;..;..;4;..;..;..;
Strömbacka Munin;28025244;Piteå;2581;Kommunal;Piteå kommun;2120002759;Svenska 3;87;17,2;56,3;26,4;64;17,2;51,6;31,3;23;17,4;69,6;13,0;
Strömbacka Munin;28025244;Piteå;2581;Kommunal;Piteå kommun;2120002759;Svenska som andraspråk 1;1;..;..;..;1;..;..;..;.;.;.;.;
Strömbacka Munin;28025244;Piteå;2581;Kommunal;Piteå kommun;2120002759;Svenska som andraspråk 3;2;..;..;..;2;..;..;..;.;.;.;.;
Jämtlands Gymn, Bispgården;17184072;Ragunda;2303;Kommunal;Jämtlands Gymnasieförbund;2220001636;Engelska 5;16;.;75,0;25,0;7;..;..;..;9;..;..;..;
Jämtlands Gymn, Bispgården;17184072;Ragunda;2303;Kommunal;Jämtlands Gymnasieförbund;2220001636;Matematik 1A;17;.;76,5;23,5;7;..;..;..;10;..;..;..;
Jämtlands Gymn, Bispgården;17184072;Ragunda;2303;Kommunal;Jämtlands Gymnasieförbund;2220001636;Svenska 1;16;.;25,0;75,0;7;..;..;..;9;..;..;..;
Blekinge Naturbruksgymnasium;86896907;Ronneby;1081;Kommunal;Ronneby kommun;2120000837;Engelska 5;24;4,2;62,5;33,3;13;.;76,9;23,1;11;9,1;45,5;45,5;
Blekinge Naturbruksgymnasium;86896907;Ronneby;1081;Kommunal;Ronneby kommun;2120000837;Matematik 1A;21;.;71,4;28,6;12;..;..;..;9;..;..;..;
Blekinge Naturbruksgymnasium;86896907;Ronneby;1081;Kommunal;Ronneby kommun;2120000837;Svenska 1;25;.;64,0;36,0;14;.;42,9;57,1;11;.;90,9;9,1;
Gymnasieskolan Knut Hahn 1;40338843;Ronneby;1081;Kommunal;Ronneby kommun;2120000837;Engelska 5;40;5,0;75,0;20,0;27;3,7;74,1;22,2;13;7,7;76,9;15,4;
Gymnasieskolan Knut Hahn 1;40338843;Ronneby;1081;Kommunal;Ronneby kommun;2120000837;Engelska 6;61;4,9;70,5;24,6;38;5,3;73,7;21,1;23;4,3;65,2;30,4;
Gymnasieskolan Knut Hahn 1;40338843;Ronneby;1081;Kommunal;Ronneby kommun;2120000837;Matematik 1A;44;.;97,7;2,3;29;.;96,6;3,4;15;.;100,0;.;
Gymnasieskolan Knut Hahn 1;40338843;Ronneby;1081;Kommunal;Ronneby kommun;2120000837;Matematik 1B;1;..;..;..;.;.;.;.;1;..;..;..;
Gymnasieskolan Knut Hahn 1;40338843;Ronneby;1081;Kommunal;Ronneby kommun;2120000837;Matematik 2B;39;.;100,0;.;24;.;100,0;.;15;.;100,0;.;
Gymnasieskolan Knut Hahn 1;40338843;Ronneby;1081;Kommunal;Ronneby kommun;2120000837;Matematik 3B;10;.;100,0;.;4;..;..;..;6;..;..;..;
Gymnasieskolan Knut Hahn 1;40338843;Ronneby;1081;Kommunal;Ronneby kommun;2120000837;Svenska 1;27;3,7;40,7;55,6;19;..;..;..;8;..;..;..;
Gymnasieskolan Knut Hahn 1;40338843;Ronneby;1081;Kommunal;Ronneby kommun;2120000837;Svenska 3;61;3,3;70,5;26,2;42;4,8;69,0;26,2;19;.;73,7;26,3;
Gymnasieskolan Knut Hahn 1;40338843;Ronneby;1081;Kommunal;Ronneby kommun;2120000837;Svenska som andraspråk 1;9;..;..;..;.;.;.;.;9;..;..;..;
Gymnasieskolan Knut Hahn 1;40338843;Ronneby;1081;Kommunal;Ronneby kommun;2120000837;Svenska som andraspråk 3;31;.;54,8;45,2;15;.;46,7;53,3;16;.;62,5;37,5;
Gymnasieskolan Knut Hahn 2;77440824;Ronneby;1081;Kommunal;Ronneby kommun;2120000837;Engelska 5;37;8,1;62,2;29,7;2;..;..;..;35;..;..;..;
Gymnasieskolan Knut Hahn 2;77440824;Ronneby;1081;Kommunal;Ronneby kommun;2120000837;Engelska 6;46;2,2;65,2;32,6;15;.;66,7;33,3;31;3,2;64,5;32,3;
Gymnasieskolan Knut Hahn 2;77440824;Ronneby;1081;Kommunal;Ronneby kommun;2120000837;Matematik 1A;36;.;97,2;2,8;1;..;..;..;35;..;..;..;
Gymnasieskolan Knut Hahn 2;77440824;Ronneby;1081;Kommunal;Ronneby kommun;2120000837;Matematik 4;13;.;84,6;15,4;8;..;..;..;5;..;..;..;
Gymnasieskolan Knut Hahn 2;77440824;Ronneby;1081;Kommunal;Ronneby kommun;2120000837;Svenska 1;29;.;65,5;34,5;1;..;..;..;28;..;..;..;
Gymnasieskolan Knut Hahn 2;77440824;Ronneby;1081;Kommunal;Ronneby kommun;2120000837;Svenska 3;47;14,9;51,1;34,0;20;10,0;50,0;40,0;27;18,5;51,9;29,6;
Gymnasieskolan Knut Hahn 4;71069359;Ronneby;1081;Kommunal;Ronneby kommun;2120000837;Engelska 6;21;.;61,9;38,1;2;..;..;..;19;..;..;..;
Gymnasieskolan Knut Hahn 4;71069359;Ronneby;1081;Kommunal;Ronneby kommun;2120000837;Matematik 1A;18;5,6;83,3;11,1;4;..;..;..;14;..;..;..;
Gymnasieskolan Knut Hahn 4;71069359;Ronneby;1081;Kommunal;Ronneby kommun;2120000837;Svenska 1;6;..;..;..;.;.;.;.;6;..;..;..;
Stiernhööksgymnasiet;14292382;Rättvik;2031;Kommunal;Rättviks kommun;2120002171;Engelska 5;93;12,9;69,9;17,2;49;8,2;69,4;22,4;44;18,2;70,5;11,4;
Stiernhööksgymnasiet;14292382;Rättvik;2031;Kommunal;Rättviks kommun;2120002171;Engelska 6;33;.;63,6;36,4;18;.;44,4;55,6;15;.;86,7;13,3;
Stiernhööksgymnasiet;14292382;Rättvik;2031;Kommunal;Rättviks kommun;2120002171;Matematik 1A;68;.;54,4;45,6;30;.;43,3;56,7;38;.;63,2;36,8;
Stiernhööksgymnasiet;14292382;Rättvik;2031;Kommunal;Rättviks kommun;2120002171;Matematik 2B;16;.;62,5;37,5;12;..;..;..;4;..;..;..;
Stiernhööksgymnasiet;14292382;Rättvik;2031;Kommunal;Rättviks kommun;2120002171;Matematik 3B;8;..;..;..;7;..;..;..;1;..;..;..;
Stiernhööksgymnasiet;14292382;Rättvik;2031;Kommunal;Rättviks kommun;2120002171;Svenska 1;88;1,1;52,3;46,6;50;.;50,0;50,0;38;2,6;55,3;42,1;
Stiernhööksgymnasiet;14292382;Rättvik;2031;Kommunal;Rättviks kommun;2120002171;Svenska 3;29;3,4;41,4;55,2;17;5,9;35,3;58,8;12;.;50,0;50,0;
Stiernhööksgymnasiet;14292382;Rättvik;2031;Kommunal;Rättviks kommun;2120002171;Svenska som andraspråk 1;2;..;..;..;1;..;..;..;1;..;..;..;
Kungsängsgymnasiet;87859089;Sala;1981;Kommunal;Sala kommun;2120002098;Engelska 5;34;14,7;76,5;8,8;10;.;90,0;10,0;24;20,8;70,8;8,3;
Kungsängsgymnasiet;87859089;Sala;1981;Kommunal;Sala kommun;2120002098;Engelska 6;55;1,8;76,4;21,8;29;.;79,3;20,7;26;3,8;73,1;23,1;
Kungsängsgymnasiet;87859089;Sala;1981;Kommunal;Sala kommun;2120002098;Matematik 1A;25;.;56,0;44,0;9;..;..;..;16;..;..;..;
Kungsängsgymnasiet;87859089;Sala;1981;Kommunal;Sala kommun;2120002098;Matematik 2B;20;.;35,0;65,0;12;..;..;..;8;..;..;..;
Kungsängsgymnasiet;87859089;Sala;1981;Kommunal;Sala kommun;2120002098;Matematik 3C;7;..;..;..;1;..;..;..;6;..;..;..;
Kungsängsgymnasiet;87859089;Sala;1981;Kommunal;Sala kommun;2120002098;Svenska 1;23;.;56,5;43,5;8;..;..;..;15;..;..;..;
Kungsängsgymnasiet;87859089;Sala;1981;Kommunal;Sala kommun;2120002098;Svenska 3;44;.;50,0;50,0;22;.;59,1;40,9;22;.;40,9;59,1;
Kungsängsgymnasiet;87859089;Sala;1981;Kommunal;Sala kommun;2120002098;Svenska som andraspråk 1;5;..;..;..;3;..;..;..;2;..;..;..;
Ösbygymnasiet;54764253;Sala;1981;Kommunal;Sala kommun;2120002098;Engelska 5;62;8,1;67,7;24,2;31;3,2;61,3;35,5;31;12,9;74,2;12,9;
Ösbygymnasiet;54764253;Sala;1981;Kommunal;Sala kommun;2120002098;Svenska 1;71;.;88,7;11,3;34;.;91,2;8,8;37;.;86,5;13,5;
Rönninge gymnasium;98908403;Salem;0128;Kommunal;Salems kommun;2120002874;Engelska 6;76;10,5;52,6;36,8;43;9,3;44,2;46,5;33;12,1;63,6;24,2;
Rönninge gymnasium;98908403;Salem;0128;Kommunal;Salems kommun;2120002874;Matematik 1A;16;.;68,8;31,3;6;..;..;..;10;..;..;..;
Rönninge gymnasium;98908403;Salem;0128;Kommunal;Salems kommun;2120002874;Matematik 2B;37;.;86,5;13,5;21;.;85,7;14,3;16;.;87,5;12,5;
Rönninge gymnasium;98908403;Salem;0128;Kommunal;Salems kommun;2120002874;Matematik 4;15;.;80,0;20,0;10;..;..;..;5;..;..;..;
Rönninge gymnasium;98908403;Salem;0128;Kommunal;Salems kommun;2120002874;Svenska 1;9;..;..;..;5;..;..;..;4;..;..;..;
Rönninge gymnasium;98908403;Salem;0128;Kommunal;Salems kommun;2120002874;Svenska 3;18;16,7;44,4;38,9;15;..;..;..;3;..;..;..;
Rönninge gymnasium;98908403;Salem;0128;Kommunal;Salems kommun;2120002874;Svenska som andraspråk 1;1;..;..;..;.;.;.;.;1;..;..;..;
Rönninge gymnasium;98908403;Salem;0128;Kommunal;Salems kommun;2120002874;Svenska som andraspråk 3;41;14,6;43,9;41,5;21;19,0;38,1;42,9;20;10,0;50,0;40,0;
Bessemerskolan;16493131;Sandviken;2181;Kommunal;Sandvikens kommun;2120002346;Engelska 5;62;.;72,6;27,4;28;.;78,6;21,4;34;.;67,6;32,4;
Bessemerskolan;16493131;Sandviken;2181;Kommunal;Sandvikens kommun;2120002346;Engelska 6;35;8,6;77,1;14,3;19;15,8;68,4;15,8;16;.;87,5;12,5;
Bessemerskolan;16493131;Sandviken;2181;Kommunal;Sandvikens kommun;2120002346;Matematik 1A;69;1,4;88,4;10,1;33;.;90,9;9,1;36;2,8;86,1;11,1;
Bessemerskolan;16493131;Sandviken;2181;Kommunal;Sandvikens kommun;2120002346;Matematik 2B;5;..;..;..;.;.;.;.;5;..;..;..;
Bessemerskolan;16493131;Sandviken;2181;Kommunal;Sandvikens kommun;2120002346;Matematik 3B;8;..;..;..;6;..;..;..;2;..;..;..;
Bessemerskolan;16493131;Sandviken;2181;Kommunal;Sandvikens kommun;2120002346;Matematik 3C;24;.;100,0;.;7;..;..;..;17;..;..;..;
Bessemerskolan;16493131;Sandviken;2181;Kommunal;Sandvikens kommun;2120002346;Matematik 4;15;.;93,3;6,7;8;..;..;..;7;..;..;..;
Bessemerskolan;16493131;Sandviken;2181;Kommunal;Sandvikens kommun;2120002346;Svenska 1;43;2,3;74,4;23,3;13;.;61,5;38,5;30;3,3;80,0;16,7;
Bessemerskolan;16493131;Sandviken;2181;Kommunal;Sandvikens kommun;2120002346;Svenska 3;101;3,0;63,4;33,7;66;1,5;65,2;33,3;35;5,7;60,0;34,3;
Bessemerskolan;16493131;Sandviken;2181;Kommunal;Sandvikens kommun;2120002346;Svenska som andraspråk 1;13;7,7;15,4;76,9;5;..;..;..;8;..;..;..;
Bessemerskolan;16493131;Sandviken;2181;Kommunal;Sandvikens kommun;2120002346;Svenska som andraspråk 3;31;3,2;41,9;54,8;14;.;42,9;57,1;17;5,9;41,2;52,9;
Göranssonska skolan;41119610;Sandviken;2181;Enskild;Sandvik Utbildningsaktiebolag;5563048791;Engelska 5;54;11,1;83,3;5,6;21;.;90,5;9,5;33;18,2;78,8;3,0;
Göranssonska skolan;41119610;Sandviken;2181;Enskild;Sandvik Utbildningsaktiebolag;5563048791;Svenska 1;59;.;100,0;.;21;.;100,0;.;38;.;100,0;.;
Göranssonska skolan;41119610;Sandviken;2181;Enskild;Sandvik Utbildningsaktiebolag;5563048791;Svenska som andraspråk 1;6;..;..;..;4;..;..;..;2;..;..;..;
Arlandagymnasiet 1;83272868;Sigtuna;0191;Kommunal;Sigtuna kommun;2120000225;Engelska 6;162;3,7;69,1;27,2;76;2,6;63,2;34,2;86;4,7;74,4;20,9;
Arlandagymnasiet 1;83272868;Sigtuna;0191;Kommunal;Sigtuna kommun;2120000225;Matematik 2B;56;.;48,2;51,8;35;.;42,9;57,1;21;.;57,1;42,9;
Arlandagymnasiet 1;83272868;Sigtuna;0191;Kommunal;Sigtuna kommun;2120000225;Matematik 3C;26;.;96,2;3,8;14;.;92,9;7,1;12;.;100,0;.;
Arlandagymnasiet 1;83272868;Sigtuna;0191;Kommunal;Sigtuna kommun;2120000225;Svenska 3;142;2,1;44,4;53,5;63;3,2;36,5;60,3;79;1,3;50,6;48,1;
Arlandagymnasiet 1;83272868;Sigtuna;0191;Kommunal;Sigtuna kommun;2120000225;Svenska som andraspråk 3;19;21,1;52,6;26,3;5;..;..;..;14;..;..;..;
Arlandagymnasiet 3;48304166;Sigtuna;0191;Kommunal;Sigtuna kommun;2120000225;Engelska 5;39;2,6;82,1;15,4;15;.;80,0;20,0;24;4,2;83,3;12,5;
Arlandagymnasiet 3;48304166;Sigtuna;0191;Kommunal;Sigtuna kommun;2120000225;Matematik 1A;80;.;68,8;31,3;23;.;65,2;34,8;57;.;70,2;29,8;
Arlandagymnasiet 3;48304166;Sigtuna;0191;Kommunal;Sigtuna kommun;2120000225;Svenska 1;50;.;54,0;46,0;14;.;57,1;42,9;36;.;52,8;47,2;
Arlandagymnasiet 3;48304166;Sigtuna;0191;Kommunal;Sigtuna kommun;2120000225;Svenska 3;1;..;..;..;1;..;..;..;.;.;.;.;
Arlandagymnasiet 3;48304166;Sigtuna;0191;Kommunal;Sigtuna kommun;2120000225;Svenska som andraspråk 1;33;6,1;72,7;21,2;10;.;80,0;20,0;23;8,7;69,6;21,7;
Bergstrands Gymnasium Sigtuna;11674477;Sigtuna;0191;Enskild;Bergstrands Gymnasium AB;5566753736;Engelska 5;5;..;..;..;2;..;..;..;3;..;..;..;
Bergstrands Gymnasium Sigtuna;11674477;Sigtuna;0191;Enskild;Bergstrands Gymnasium AB;5566753736;Matematik 1A;7;..;..;..;2;..;..;..;5;..;..;..;
Bergstrands Gymnasium Sigtuna;11674477;Sigtuna;0191;Enskild;Bergstrands Gymnasium AB;5566753736;Svenska 1;6;..;..;..;2;..;..;..;4;..;..;..;
Praktiska Gymnasiet Märsta;24982097;Sigtuna;0191;Enskild;Praktiska Sverige AB;5562575786;Engelska 5;29;.;96,6;3,4;7;..;..;..;22;..;..;..;
Praktiska Gymnasiet Märsta;24982097;Sigtuna;0191;Enskild;Praktiska Sverige AB;5562575786;Matematik 1A;33;3,0;78,8;18,2;10;.;80,0;20,0;23;4,3;78,3;17,4;
Praktiska Gymnasiet Märsta;24982097;Sigtuna;0191;Enskild;Praktiska Sverige AB;5562575786;Svenska 1;18;5,6;61,1;33,3;6;..;..;..;12;..;..;..;
Praktiska Gymnasiet Märsta;24982097;Sigtuna;0191;Enskild;Praktiska Sverige AB;5562575786;Svenska som andraspråk 1;5;..;..;..;1;..;..;..;4;..;..;..;
Sigtunaskolan hum. läroverket, gy;45552626;Sigtuna;0191;Enskild;Sigtuna Skolstiftelse;8148002879;Matematik 3B;52;.;90,4;9,6;28;.;92,9;7,1;24;.;87,5;12,5;
Sigtunaskolan hum. läroverket, gy;45552626;Sigtuna;0191;Enskild;Sigtuna Skolstiftelse;8148002879;Svenska 3;87;.;47,1;52,9;48;.;50,0;50,0;39;.;43,6;56,4;
Sigtunaskolan hum. läroverket, gy;45552626;Sigtuna;0191;Enskild;Sigtuna Skolstiftelse;8148002879;Svenska som andraspråk 3;3;..;..;..;1;..;..;..;2;..;..;..;
Nova gymnasium;16748680;Simrishamn;1291;Kommunal;Simrishamns kommun;2120000969;Engelska 5;9;..;..;..;5;..;..;..;4;..;..;..;
Nova gymnasium;16748680;Simrishamn;1291;Kommunal;Simrishamns kommun;2120000969;Engelska 6;59;6,8;74,6;18,6;29;3,4;75,9;20,7;30;10,0;73,3;16,7;
Nova gymnasium;16748680;Simrishamn;1291;Kommunal;Simrishamns kommun;2120000969;Matematik 1A;12;.;83,3;16,7;6;..;..;..;6;..;..;..;
Nova gymnasium;16748680;Simrishamn;1291;Kommunal;Simrishamns kommun;2120000969;Matematik 2B;19;.;36,8;63,2;10;..;..;..;9;..;..;..;
Nova gymnasium;16748680;Simrishamn;1291;Kommunal;Simrishamns kommun;2120000969;Matematik 3B;13;.;100,0;.;3;..;..;..;10;..;..;..;
Nova gymnasium;16748680;Simrishamn;1291;Kommunal;Simrishamns kommun;2120000969;Svenska 1;11;18,2;63,6;18,2;5;..;..;..;6;..;..;..;
Nova gymnasium;16748680;Simrishamn;1291;Kommunal;Simrishamns kommun;2120000969;Svenska 3;27;11,1;63,0;25,9;11;9,1;63,6;27,3;16;12,5;62,5;25,0;
Nova gymnasium;16748680;Simrishamn;1291;Kommunal;Simrishamns kommun;2120000969;Svenska som andraspråk 3;11;9,1;27,3;63,6;7;..;..;..;4;..;..;..;
Malenagymnasiet;27964873;Sjöbo;1265;Kommunal;Sjöbo kommun;2120001090;Svenska 1;49;.;46,9;53,1;17;.;17,6;82,4;32;.;62,5;37,5;
Katedralskolan Skara Enhet 1;65674821;Skara;1495;Kommunal;Skara kommun;2120001702;Engelska 5;4;..;..;..;3;..;..;..;1;..;..;..;
Katedralskolan Skara Enhet 1;65674821;Skara;1495;Kommunal;Skara kommun;2120001702;Engelska 6;26;3,8;80,8;15,4;10;10,0;60,0;30,0;16;.;93,8;6,3;
Katedralskolan Skara Enhet 1;65674821;Skara;1495;Kommunal;Skara kommun;2120001702;Matematik 1A;4;..;..;..;4;..;..;..;.;.;.;.;
Katedralskolan Skara Enhet 1;65674821;Skara;1495;Kommunal;Skara kommun;2120001702;Matematik 2B;8;..;..;..;4;..;..;..;4;..;..;..;
Katedralskolan Skara Enhet 1;65674821;Skara;1495;Kommunal;Skara kommun;2120001702;Matematik 3B;24;.;62,5;37,5;12;.;66,7;33,3;12;.;58,3;41,7;
Katedralskolan Skara Enhet 1;65674821;Skara;1495;Kommunal;Skara kommun;2120001702;Svenska 1;4;..;..;..;4;..;..;..;.;.;.;.;
Katedralskolan Skara Enhet 1;65674821;Skara;1495;Kommunal;Skara kommun;2120001702;Svenska 3;31;12,9;54,8;32,3;15;13,3;33,3;53,3;16;12,5;75,0;12,5;
Katedralskolan Skara Enhet 1;65674821;Skara;1495;Kommunal;Skara kommun;2120001702;Svenska som andraspråk 1;1;..;..;..;.;.;.;.;1;..;..;..;
Katedralskolan Skara Enhet 1;65674821;Skara;1495;Kommunal;Skara kommun;2120001702;Svenska som andraspråk 3;1;..;..;..;1;..;..;..;.;.;.;.;
Katedralskolan Skara Enhet 2;30706655;Skara;1495;Kommunal;Skara kommun;2120001702;Engelska 5;31;12,9;77,4;9,7;3;..;..;..;28;..;..;..;
Katedralskolan Skara Enhet 2;30706655;Skara;1495;Kommunal;Skara kommun;2120001702;Engelska 6;38;13,2;78,9;7,9;28;7,1;82,1;10,7;10;30,0;70,0;.;
Katedralskolan Skara Enhet 2;30706655;Skara;1495;Kommunal;Skara kommun;2120001702;Matematik 2B;26;.;69,2;30,8;20;..;..;..;6;..;..;..;
Katedralskolan Skara Enhet 2;30706655;Skara;1495;Kommunal;Skara kommun;2120001702;Svenska 1;29;.;72,4;27,6;4;..;..;..;25;..;..;..;
Katedralskolan Skara Enhet 2;30706655;Skara;1495;Kommunal;Skara kommun;2120001702;Svenska 3;10;30,0;20,0;50,0;6;..;..;..;4;..;..;..;
Katedralskolan Skara Enhet 2;30706655;Skara;1495;Kommunal;Skara kommun;2120001702;Svenska som andraspråk 1;3;..;..;..;.;.;.;.;3;..;..;..;
Katedralskolan Skara Enhet 3;92332557;Skara;1495;Kommunal;Skara kommun;2120001702;Engelska 5;11;27,3;54,5;18,2;8;..;..;..;3;..;..;..;
Katedralskolan Skara Enhet 3;92332557;Skara;1495;Kommunal;Skara kommun;2120001702;Engelska 6;11;.;90,9;9,1;5;..;..;..;6;..;..;..;
Katedralskolan Skara Enhet 3;92332557;Skara;1495;Kommunal;Skara kommun;2120001702;Matematik 1A;6;..;..;..;4;..;..;..;2;..;..;..;
Katedralskolan Skara Enhet 3;92332557;Skara;1495;Kommunal;Skara kommun;2120001702;Matematik 4;15;.;46,7;53,3;6;..;..;..;9;..;..;..;
Katedralskolan Skara Enhet 3;92332557;Skara;1495;Kommunal;Skara kommun;2120001702;Svenska 1;8;..;..;..;6;..;..;..;2;..;..;..;
Katedralskolan Skara Enhet 3;92332557;Skara;1495;Kommunal;Skara kommun;2120001702;Svenska 3;14;7,1;50,0;42,9;5;..;..;..;9;..;..;..;
Katedralskolan Skara Enhet 3;92332557;Skara;1495;Kommunal;Skara kommun;2120001702;Svenska som andraspråk 1;3;..;..;..;2;..;..;..;1;..;..;..;
Katedralskolan Skara Enhet 3;92332557;Skara;1495;Kommunal;Skara kommun;2120001702;Svenska som andraspråk 3;5;..;..;..;2;..;..;..;3;..;..;..;
Naturbruksskolan Uddetorp;46332927;Skara;1495;Region;Västra Götalandsregionen;2321000131;Engelska 5;61;.;95,1;4,9;25;.;88,0;12,0;36;.;100,0;.;
Naturbruksskolan Uddetorp;46332927;Skara;1495;Region;Västra Götalandsregionen;2321000131;Matematik 1A;61;.;100,0;.;25;.;100,0;.;36;.;100,0;.;
Naturbruksskolan Uddetorp;46332927;Skara;1495;Region;Västra Götalandsregionen;2321000131;Svenska 1;58;.;84,5;15,5;25;.;88,0;12,0;33;.;81,8;18,2;
Naturbruksskolan Uddetorp;46332927;Skara;1495;Region;Västra Götalandsregionen;2321000131;Svenska som andraspråk 1;2;..;..;..;.;.;.;.;2;..;..;..;
Olinsgymnasiet i Skara;16555851;Skara;1495;Enskild;Olinsgymnasiet i Skara AB;5569998932;Engelska 6;25;4,0;88,0;8,0;15;6,7;80,0;13,3;10;.;100,0;.;
Olinsgymnasiet i Skara;16555851;Skara;1495;Enskild;Olinsgymnasiet i Skara AB;5569998932;Matematik 1B;35;.;42,9;57,1;26;..;..;..;9;..;..;..;
Olinsgymnasiet i Skara;16555851;Skara;1495;Enskild;Olinsgymnasiet i Skara AB;5569998932;Svenska 3;31;6,5;67,7;25,8;20;5,0;75,0;20,0;11;9,1;54,5;36,4;
Anderstorpsgymnasiet 1;78821574;Skellefteå;2482;Kommunal;Skellefteå kommun;2120002643;Engelska 5;33;3,0;81,8;15,2;5;..;..;..;28;..;..;..;
Anderstorpsgymnasiet 1;78821574;Skellefteå;2482;Kommunal;Skellefteå kommun;2120002643;Matematik 1A;34;.;58,8;41,2;5;..;..;..;29;..;..;..;
Anderstorpsgymnasiet 1;78821574;Skellefteå;2482;Kommunal;Skellefteå kommun;2120002643;Svenska 1;7;..;..;..;2;..;..;..;5;..;..;..;
Anderstorpsgymnasiet 1;78821574;Skellefteå;2482;Kommunal;Skellefteå kommun;2120002643;Svenska som andraspråk 1;1;..;..;..;.;.;.;.;1;..;..;..;
Anderstorpsgymnasiet 2;70408763;Skellefteå;2482;Kommunal;Skellefteå kommun;2120002643;Engelska 6;22;13,6;77,3;9,1;19;..;..;..;3;..;..;..;
Anderstorpsgymnasiet 2;70408763;Skellefteå;2482;Kommunal;Skellefteå kommun;2120002643;Matematik 1B;72;.;87,5;12,5;53;.;84,9;15,1;19;.;94,7;5,3;
Anderstorpsgymnasiet 2;70408763;Skellefteå;2482;Kommunal;Skellefteå kommun;2120002643;Svenska 3;62;8,1;51,6;40,3;42;11,9;52,4;35,7;20;.;50,0;50,0;
Anderstorpsgymnasiet 2;70408763;Skellefteå;2482;Kommunal;Skellefteå kommun;2120002643;Svenska som andraspråk 3;2;..;..;..;2;..;..;..;.;.;.;.;
Anderstorpsgymnasiet 3;99620228;Skellefteå;2482;Kommunal;Skellefteå kommun;2120002643;Engelska 6;26;15,4;73,1;11,5;14;.;78,6;21,4;12;33,3;66,7;.;
Anderstorpsgymnasiet 3;99620228;Skellefteå;2482;Kommunal;Skellefteå kommun;2120002643;Matematik 2B;37;.;37,8;62,2;26;.;38,5;61,5;11;.;36,4;63,6;
Anderstorpsgymnasiet 3;99620228;Skellefteå;2482;Kommunal;Skellefteå kommun;2120002643;Matematik 3B;33;.;27,3;72,7;10;.;10,0;90,0;23;.;34,8;65,2;
Anderstorpsgymnasiet 3;99620228;Skellefteå;2482;Kommunal;Skellefteå kommun;2120002643;Svenska 3;72;5,6;41,7;52,8;40;5,0;37,5;57,5;32;6,3;46,9;46,9;
Anderstorpsgymnasiet 4;42440084;Skellefteå;2482;Kommunal;Skellefteå kommun;2120002643;Engelska 5;11;9,1;90,9;.;9;..;..;..;2;..;..;..;
Anderstorpsgymnasiet 4;42440084;Skellefteå;2482;Kommunal;Skellefteå kommun;2120002643;Engelska 6;56;26,8;58,9;14,3;37;21,6;59,5;18,9;19;36,8;57,9;5,3;
Anderstorpsgymnasiet 4;42440084;Skellefteå;2482;Kommunal;Skellefteå kommun;2120002643;Matematik 1A;25;.;36,0;64,0;22;..;..;..;3;..;..;..;
Anderstorpsgymnasiet 4;42440084;Skellefteå;2482;Kommunal;Skellefteå kommun;2120002643;Matematik 2B;52;3,8;51,9;44,2;39;2,6;46,2;51,3;13;7,7;69,2;23,1;
Anderstorpsgymnasiet 4;42440084;Skellefteå;2482;Kommunal;Skellefteå kommun;2120002643;Svenska 1;14;.;42,9;57,1;11;..;..;..;3;..;..;..;
Anderstorpsgymnasiet 4;42440084;Skellefteå;2482;Kommunal;Skellefteå kommun;2120002643;Svenska 3;87;14,9;40,2;44,8;59;11,9;39,0;49,2;28;21,4;42,9;35,7;
Anderstorpsgymnasiet 4;42440084;Skellefteå;2482;Kommunal;Skellefteå kommun;2120002643;Svenska som andraspråk 1;1;..;..;..;1;..;..;..;.;.;.;.;
Anderstorpsgymnasiet 4;42440084;Skellefteå;2482;Kommunal;Skellefteå kommun;2120002643;Svenska som andraspråk 3;3;..;..;..;1;..;..;..;2;..;..;..;
Anderstorpsgymnasiet 5;70815774;Skellefteå;2482;Kommunal;Skellefteå kommun;2120002643;Engelska 5;25;36,0;60,0;4,0;7;..;..;..;18;..;..;..;
Anderstorpsgymnasiet 5;70815774;Skellefteå;2482;Kommunal;Skellefteå kommun;2120002643;Matematik 1A;34;.;58,8;41,2;6;..;..;..;28;..;..;..;
Anderstorpsgymnasiet 5;70815774;Skellefteå;2482;Kommunal;Skellefteå kommun;2120002643;Svenska 1;17;5,9;64,7;29,4;5;..;..;..;12;..;..;..;
Anderstorpsgymnasiet 5;70815774;Skellefteå;2482;Kommunal;Skellefteå kommun;2120002643;Svenska som andraspråk 1;1;..;..;..;.;.;.;.;1;..;..;..;
Anderstorpsgymnasiet Hammarängen;24653673;Skellefteå;2482;Kommunal;Skellefteå kommun;2120002643;Matematik 1A;14;.;78,6;21,4;3;..;..;..;11;..;..;..;
Anderstorpsgymnasiet Hammarängen;24653673;Skellefteå;2482;Kommunal;Skellefteå kommun;2120002643;Svenska 1;1;..;..;..;1;..;..;..;.;.;.;.;
Anderstorpsgymnasiet Hammarängen 2;20942261;Skellefteå;2482;Kommunal;Skellefteå kommun;2120002643;Engelska 5;17;11,8;88,2;.;11;..;..;..;6;..;..;..;
Anderstorpsgymnasiet Hammarängen 2;20942261;Skellefteå;2482;Kommunal;Skellefteå kommun;2120002643;Svenska som andraspråk 1;1;..;..;..;.;.;.;.;1;..;..;..;
Baldergymnasiet 1;58200871;Skellefteå;2482;Kommunal;Skellefteå kommun;2120002643;Svenska 3;19;5,3;42,1;52,6;12;..;..;..;7;..;..;..;
Baldergymnasiet 4;83880861;Skellefteå;2482;Kommunal;Skellefteå kommun;2120002643;Engelska 6;20;35,0;55,0;10,0;6;..;..;..;14;..;..;..;
Baldergymnasiet 4;83880861;Skellefteå;2482;Kommunal;Skellefteå kommun;2120002643;Matematik 1A;7;..;..;..;.;.;.;.;7;..;..;..;
Baldergymnasiet 4;83880861;Skellefteå;2482;Kommunal;Skellefteå kommun;2120002643;Svenska 1;1;..;..;..;.;.;.;.;1;..;..;..;
Baldergymnasiet 4;83880861;Skellefteå;2482;Kommunal;Skellefteå kommun;2120002643;Svenska 3;64;23,4;59,4;17,2;16;18,8;68,8;12,5;48;25,0;56,3;18,8;
Baldergymnasiet 4;83880861;Skellefteå;2482;Kommunal;Skellefteå kommun;2120002643;Svenska som andraspråk 3;6;..;..;..;2;..;..;..;4;..;..;..;
Baldergymnasiet 5;71099568;Skellefteå;2482;Kommunal;Skellefteå kommun;2120002643;Matematik 1A;2;..;..;..;1;..;..;..;1;..;..;..;
Baldergymnasiet 5;71099568;Skellefteå;2482;Kommunal;Skellefteå kommun;2120002643;Svenska som andraspråk 1;2;..;..;..;1;..;..;..;1;..;..;..;
Baldergymnasiet 6;51145165;Skellefteå;2482;Kommunal;Skellefteå kommun;2120002643;Engelska 5;20;.;90,0;10,0;15;..;..;..;5;..;..;..;
Baldergymnasiet 6;51145165;Skellefteå;2482;Kommunal;Skellefteå kommun;2120002643;Matematik 1A;43;.;76,7;23,3;29;.;79,3;20,7;14;.;71,4;28,6;
Guldstadsgymnasiet i Skellefteå;90990441;Skellefteå;2482;Enskild;Honesta Skolutveckling AB;5569173635;Engelska 5;33;12,1;69,7;18,2;13;.;76,9;23,1;20;20,0;65,0;15,0;
Guldstadsgymnasiet i Skellefteå;90990441;Skellefteå;2482;Enskild;Honesta Skolutveckling AB;5569173635;Engelska 6;4;..;..;..;3;..;..;..;1;..;..;..;
Guldstadsgymnasiet i Skellefteå;90990441;Skellefteå;2482;Enskild;Honesta Skolutveckling AB;5569173635;Matematik 1A;37;2,7;67,6;29,7;14;7,1;64,3;28,6;23;.;69,6;30,4;
Guldstadsgymnasiet i Skellefteå;90990441;Skellefteå;2482;Enskild;Honesta Skolutveckling AB;5569173635;Matematik 1B;6;..;..;..;3;..;..;..;3;..;..;..;
Guldstadsgymnasiet i Skellefteå;90990441;Skellefteå;2482;Enskild;Honesta Skolutveckling AB;5569173635;Svenska 1;34;.;47,1;52,9;13;.;38,5;61,5;21;.;52,4;47,6;
Guldstadsgymnasiet i Skellefteå;90990441;Skellefteå;2482;Enskild;Honesta Skolutveckling AB;5569173635;Svenska 3;1;..;..;..;.;.;.;.;1;..;..;..;
Guldstadsgymnasiet i Skellefteå;90990441;Skellefteå;2482;Enskild;Honesta Skolutveckling AB;5569173635;Svenska som andraspråk 1;2;..;..;..;.;.;.;.;2;..;..;..;
Guldstadsgymnasiet i Skellefteå;90990441;Skellefteå;2482;Enskild;Honesta Skolutveckling AB;5569173635;Svenska som andraspråk 3;1;..;..;..;1;..;..;..;.;.;.;.;
Naturbruksgymnasiet i Burträsk;86319615;Skellefteå;2482;Kommunal;Skellefteå kommun;2120002643;Engelska 5;3;..;..;..;1;..;..;..;2;..;..;..;
Naturbruksgymnasiet i Burträsk;86319615;Skellefteå;2482;Kommunal;Skellefteå kommun;2120002643;Matematik 1A;14;.;21,4;78,6;2;..;..;..;12;..;..;..;
Naturbruksgymnasiet i Burträsk;86319615;Skellefteå;2482;Kommunal;Skellefteå kommun;2120002643;Svenska 1;8;..;..;..;1;..;..;..;7;..;..;..;
Praktiska Gymnasiet Skellefteå;87303004;Skellefteå;2482;Enskild;Praktiska Sverige AB;5562575786;Engelska 5;24;45,8;41,7;12,5;10;30,0;50,0;20,0;14;57,1;35,7;7,1;
Praktiska Gymnasiet Skellefteå;87303004;Skellefteå;2482;Enskild;Praktiska Sverige AB;5562575786;Engelska 6;5;..;..;..;3;..;..;..;2;..;..;..;
Praktiska Gymnasiet Skellefteå;87303004;Skellefteå;2482;Enskild;Praktiska Sverige AB;5562575786;Matematik 1A;25;.;36,0;64,0;11;.;27,3;72,7;14;.;42,9;57,1;
Praktiska Gymnasiet Skellefteå;87303004;Skellefteå;2482;Enskild;Praktiska Sverige AB;5562575786;Svenska 1;18;5,6;72,2;22,2;5;..;..;..;13;..;..;..;
Praktiska Gymnasiet Skellefteå;87303004;Skellefteå;2482;Enskild;Praktiska Sverige AB;5562575786;Svenska som andraspråk 1;3;..;..;..;1;..;..;..;2;..;..;..;
Yrkesgymnasiet Skellefteå;97835550;Skellefteå;2482;Enskild;Thorengruppen AB;5566139290;Engelska 5;17;.;64,7;35,3;4;..;..;..;13;..;..;..;
Yrkesgymnasiet Skellefteå;97835550;Skellefteå;2482;Enskild;Thorengruppen AB;5566139290;Matematik 1A;19;.;31,6;68,4;4;..;..;..;15;..;..;..;
Yrkesgymnasiet Skellefteå;97835550;Skellefteå;2482;Enskild;Thorengruppen AB;5566139290;Svenska 1;12;.;41,7;58,3;3;..;..;..;9;..;..;..;
Yrkesgymnasiet Skellefteå;97835550;Skellefteå;2482;Enskild;Thorengruppen AB;5566139290;Svenska som andraspråk 1;2;..;..;..;.;.;.;.;2;..;..;..;
Nils Holgerssongy i Skurup;22446331;Skurup;1264;Kommunal;Skurups kommun;2120001082;Engelska 5;64;6,3;67,2;26,6;23;.;65,2;34,8;41;9,8;68,3;22,0;
Nils Holgerssongy i Skurup;22446331;Skurup;1264;Kommunal;Skurups kommun;2120001082;Matematik 1A;25;.;48,0;52,0;7;..;..;..;18;..;..;..;
Nils Holgerssongy i Skurup;22446331;Skurup;1264;Kommunal;Skurups kommun;2120001082;Svenska 1;68;.;67,6;32,4;23;.;69,6;30,4;45;.;66,7;33,3;
Drottning Blankas Gymnasieskola Skövde;26508763;Skövde;1496;Enskild;DBGY Juvelen AB;5565789129;Engelska 5;49;.;98,0;2,0;39;.;97,4;2,6;10;.;100,0;.;
Drottning Blankas Gymnasieskola Skövde;26508763;Skövde;1496;Enskild;DBGY Juvelen AB;5565789129;Engelska 6;59;3,4;74,6;22,0;43;4,7;72,1;23,3;16;.;81,3;18,8;
Drottning Blankas Gymnasieskola Skövde;26508763;Skövde;1496;Enskild;DBGY Juvelen AB;5565789129;Matematik 1A;50;.;46,0;54,0;40;.;52,5;47,5;10;.;20,0;80,0;
Drottning Blankas Gymnasieskola Skövde;26508763;Skövde;1496;Enskild;DBGY Juvelen AB;5565789129;Matematik 2B;37;.;64,9;35,1;27;.;59,3;40,7;10;.;80,0;20,0;
Drottning Blankas Gymnasieskola Skövde;26508763;Skövde;1496;Enskild;DBGY Juvelen AB;5565789129;Svenska 1;44;2,3;77,3;20,5;35;..;..;..;9;..;..;..;
Drottning Blankas Gymnasieskola Skövde;26508763;Skövde;1496;Enskild;DBGY Juvelen AB;5565789129;Svenska 3;17;.;70,6;29,4;13;..;..;..;4;..;..;..;
Drottning Blankas Gymnasieskola Skövde;26508763;Skövde;1496;Enskild;DBGY Juvelen AB;5565789129;Svenska som andraspråk 1;6;..;..;..;5;..;..;..;1;..;..;..;
Drottning Blankas Gymnasieskola Skövde;26508763;Skövde;1496;Enskild;DBGY Juvelen AB;5565789129;Svenska som andraspråk 3;6;..;..;..;5;..;..;..;1;..;..;..;
Gymnasieskola enhet 882;42287353;Skövde;1496;Kommunal;Skövde kommun;2120001710;Matematik 1A;14;.;92,9;7,1;2;..;..;..;12;..;..;..;
Kavelbro enhet 876;42911621;Skövde;1496;Kommunal;Skövde kommun;2120001710;Matematik 1A;48;.;70,8;29,2;2;..;..;..;46;..;..;..;
Lichron Teknikgymnasium Skövde;75027822;Skövde;1496;Enskild;Lichron Teknik AB;5567560635;Engelska 5;27;.;92,6;7,4;.;.;.;.;27;..;..;..;
Lichron Teknikgymnasium Skövde;75027822;Skövde;1496;Enskild;Lichron Teknik AB;5567560635;Matematik 1A;33;.;78,8;21,2;.;.;.;.;33;..;..;..;
Lichron Teknikgymnasium Skövde;75027822;Skövde;1496;Enskild;Lichron Teknik AB;5567560635;Svenska 1;32;.;96,9;3,1;.;.;.;.;32;..;..;..;
Lichron Teknikgymnasium Skövde;75027822;Skövde;1496;Enskild;Lichron Teknik AB;5567560635;Svenska som andraspråk 1;1;..;..;..;.;.;.;.;1;..;..;..;
NTI Gymnasiet Skövde;26671095;Skövde;1496;Enskild;NTI Gymnasiet Ellips AB;5565970471;Engelska 5;20;15,0;75,0;10,0;.;.;.;.;20;..;..;..;
NTI Gymnasiet Skövde;26671095;Skövde;1496;Enskild;NTI Gymnasiet Ellips AB;5565970471;Engelska 6;17;.;88,2;11,8;5;..;..;..;12;..;..;..;
NTI Gymnasiet Skövde;26671095;Skövde;1496;Enskild;NTI Gymnasiet Ellips AB;5565970471;Matematik 1A;18;.;61,1;38,9;.;.;.;.;18;..;..;..;
NTI Gymnasiet Skövde;26671095;Skövde;1496;Enskild;NTI Gymnasiet Ellips AB;5565970471;Matematik 3C;17;.;76,5;23,5;4;..;..;..;13;..;..;..;
NTI Gymnasiet Skövde;26671095;Skövde;1496;Enskild;NTI Gymnasiet Ellips AB;5565970471;Svenska 1;12;16,7;66,7;16,7;.;.;.;.;12;..;..;..;
NTI Gymnasiet Skövde;26671095;Skövde;1496;Enskild;NTI Gymnasiet Ellips AB;5565970471;Svenska 3;21;4,8;85,7;9,5;3;..;..;..;18;..;..;..;
NTI Gymnasiet Skövde;26671095;Skövde;1496;Enskild;NTI Gymnasiet Ellips AB;5565970471;Svenska som andraspråk 1;4;..;..;..;.;.;.;.;4;..;..;..;
NTI Gymnasiet Skövde;26671095;Skövde;1496;Enskild;NTI Gymnasiet Ellips AB;5565970471;Svenska som andraspråk 3;1;..;..;..;.;.;.;.;1;..;..;..;
Praktiska Gymnasiet Skövde;14504503;Skövde;1496;Enskild;Praktiska Sverige AB;5562575786;Engelska 5;47;51,1;38,3;10,6;23;39,1;47,8;13,0;24;62,5;29,2;8,3;
Praktiska Gymnasiet Skövde;14504503;Skövde;1496;Enskild;Praktiska Sverige AB;5562575786;Matematik 1A;58;.;48,3;51,7;25;.;32,0;68,0;33;.;60,6;39,4;
Praktiska Gymnasiet Skövde;14504503;Skövde;1496;Enskild;Praktiska Sverige AB;5562575786;Svenska 1;42;4,8;52,4;42,9;21;4,8;38,1;57,1;21;4,8;66,7;28,6;
Praktiska Gymnasiet Skövde;14504503;Skövde;1496;Enskild;Praktiska Sverige AB;5562575786;Svenska som andraspråk 1;1;..;..;..;.;.;.;.;1;..;..;..;
Volvogymnasiet Skövde;21850904;Skövde;1496;Enskild;Volvo Industrial Academy AB;5592205149;Svenska 1;47;.;95,7;4,3;7;..;..;..;40;..;..;..;
Västerhöjd enhet 871;65320354;Skövde;1496;Kommunal;Skövde kommun;2120001710;Engelska 5;30;.;86,7;13,3;17;.;76,5;23,5;13;.;100,0;.;
Västerhöjd enhet 871;65320354;Skövde;1496;Kommunal;Skövde kommun;2120001710;Engelska 6;117;.;76,1;23,9;56;.;76,8;23,2;61;.;75,4;24,6;
Västerhöjd enhet 871;65320354;Skövde;1496;Kommunal;Skövde kommun;2120001710;Matematik 3C;22;.;77,3;22,7;21;..;..;..;1;..;..;..;
Västerhöjd enhet 871;65320354;Skövde;1496;Kommunal;Skövde kommun;2120001710;Svenska 1;27;.;37,0;63,0;16;.;43,8;56,3;11;.;27,3;72,7;
Västerhöjd enhet 871;65320354;Skövde;1496;Kommunal;Skövde kommun;2120001710;Svenska 3;71;7,0;74,6;18,3;48;4,2;77,1;18,8;23;13,0;69,6;17,4;
Västerhöjd enhet 871;65320354;Skövde;1496;Kommunal;Skövde kommun;2120001710;Svenska som andraspråk 1;1;..;..;..;1;..;..;..;.;.;.;.;
Västerhöjd enhet 872;77544055;Skövde;1496;Kommunal;Skövde kommun;2120001710;Engelska 6;90;2,2;91,1;6,7;60;1,7;91,7;6,7;30;3,3;90,0;6,7;
Västerhöjd enhet 872;77544055;Skövde;1496;Kommunal;Skövde kommun;2120001710;Svenska 3;51;.;35,3;64,7;31;.;38,7;61,3;20;.;30,0;70,0;
Västerhöjd enhet 872;77544055;Skövde;1496;Kommunal;Skövde kommun;2120001710;Svenska som andraspråk 3;5;..;..;..;3;..;..;..;2;..;..;..;
Västerhöjd enhet 873;49112879;Skövde;1496;Kommunal;Skövde kommun;2120001710;Engelska 5;27;.;88,9;11,1;17;.;82,4;17,6;10;.;100,0;.;
Västerhöjd enhet 873;49112879;Skövde;1496;Kommunal;Skövde kommun;2120001710;Engelska 6;33;.;93,9;6,1;31;..;..;..;2;..;..;..;
Västerhöjd enhet 873;49112879;Skövde;1496;Kommunal;Skövde kommun;2120001710;Matematik 1B;43;.;76,7;23,3;34;..;..;..;9;..;..;..;
Västerhöjd enhet 873;49112879;Skövde;1496;Kommunal;Skövde kommun;2120001710;Svenska 1;17;23,5;41,2;35,3;13;..;..;..;4;..;..;..;
Västerhöjd enhet 873;49112879;Skövde;1496;Kommunal;Skövde kommun;2120001710;Svenska 3;26;19,2;53,8;26,9;20;..;..;..;6;..;..;..;
Västerhöjd enhet 873;49112879;Skövde;1496;Kommunal;Skövde kommun;2120001710;Svenska som andraspråk 1;9;..;..;..;4;..;..;..;5;..;..;..;
Västerhöjd enhet 874;30279258;Skövde;1496;Kommunal;Skövde kommun;2120001710;Engelska 6;82;1,2;96,3;2,4;58;1,7;96,6;1,7;24;.;95,8;4,2;
Västerhöjd enhet 874;30279258;Skövde;1496;Kommunal;Skövde kommun;2120001710;Matematik 1B;25;.;92,0;8,0;16;..;..;..;9;..;..;..;
Västerhöjd enhet 874;30279258;Skövde;1496;Kommunal;Skövde kommun;2120001710;Matematik 2B;84;.;90,5;9,5;58;.;89,7;10,3;26;.;92,3;7,7;
Västerhöjd enhet 874;30279258;Skövde;1496;Kommunal;Skövde kommun;2120001710;Svenska 3;87;9,2;67,8;23,0;61;9,8;62,3;27,9;26;7,7;80,8;11,5;
Västerhöjd enhet 874;30279258;Skövde;1496;Kommunal;Skövde kommun;2120001710;Svenska som andraspråk 3;11;9,1;54,5;36,4;6;..;..;..;5;..;..;..;
VBU Smeden;12496135;Smedjebacken;2061;Kommunal;Västerbergslagens Utbildningsförbund,Vbu;2220000802;Matematik 1A;22;.;68,2;31,8;17;..;..;..;5;..;..;..;
KLARA Teoretiska Gymnasium Sollentuna;49141105;Sollentuna;0163;Enskild;KLARA Gymnasium Lärande AB;5565583282;Engelska 6;39;2,6;33,3;64,1;26;3,8;23,1;73,1;13;.;53,8;46,2;
KLARA Teoretiska Gymnasium Sollentuna;49141105;Sollentuna;0163;Enskild;KLARA Gymnasium Lärande AB;5565583282;Matematik 2B;27;.;85,2;14,8;17;.;82,4;17,6;10;.;90,0;10,0;
KLARA Teoretiska Gymnasium Sollentuna;49141105;Sollentuna;0163;Enskild;KLARA Gymnasium Lärande AB;5565583282;Matematik 3B;2;..;..;..;.;.;.;.;2;..;..;..;
KLARA Teoretiska Gymnasium Sollentuna;49141105;Sollentuna;0163;Enskild;KLARA Gymnasium Lärande AB;5565583282;Matematik 3C;4;..;..;..;2;..;..;..;2;..;..;..;
KLARA Teoretiska Gymnasium Sollentuna;49141105;Sollentuna;0163;Enskild;KLARA Gymnasium Lärande AB;5565583282;Matematik 4;8;..;..;..;7;..;..;..;1;..;..;..;
KLARA Teoretiska Gymnasium Sollentuna;49141105;Sollentuna;0163;Enskild;KLARA Gymnasium Lärande AB;5565583282;Svenska 3;29;6,9;55,2;37,9;15;.;60,0;40,0;14;14,3;50,0;35,7;
KLARA Teoretiska Gymnasium Sollentuna;49141105;Sollentuna;0163;Enskild;KLARA Gymnasium Lärande AB;5565583282;Svenska som andraspråk 3;18;11,1;38,9;50,0;14;..;..;..;4;..;..;..;
NTI Gymnasiet Sollentuna;15870428;Sollentuna;0163;Enskild;NTI Gymnasiet Macro AB;5561203679;Engelska 5;18;22,2;77,8;.;.;.;.;.;18;..;..;..;
NTI Gymnasiet Sollentuna;15870428;Sollentuna;0163;Enskild;NTI Gymnasiet Macro AB;5561203679;Engelska 6;28;14,3;57,1;28,6;2;..;..;..;26;..;..;..;
NTI Gymnasiet Sollentuna;15870428;Sollentuna;0163;Enskild;NTI Gymnasiet Macro AB;5561203679;Matematik 1A;23;.;56,5;43,5;.;.;.;.;23;..;..;..;
NTI Gymnasiet Sollentuna;15870428;Sollentuna;0163;Enskild;NTI Gymnasiet Macro AB;5561203679;Matematik 3C;29;.;62,1;37,9;2;..;..;..;27;..;..;..;
NTI Gymnasiet Sollentuna;15870428;Sollentuna;0163;Enskild;NTI Gymnasiet Macro AB;5561203679;Svenska 1;13;.;61,5;38,5;.;.;.;.;13;..;..;..;
NTI Gymnasiet Sollentuna;15870428;Sollentuna;0163;Enskild;NTI Gymnasiet Macro AB;5561203679;Svenska 3;14;7,1;71,4;21,4;.;.;.;.;14;..;..;..;
NTI Gymnasiet Sollentuna;15870428;Sollentuna;0163;Enskild;NTI Gymnasiet Macro AB;5561203679;Svenska som andraspråk 1;4;..;..;..;.;.;.;.;4;..;..;..;
NTI Gymnasiet Sollentuna;15870428;Sollentuna;0163;Enskild;NTI Gymnasiet Macro AB;5561203679;Svenska som andraspråk 3;11;18,2;63,6;18,2;.;.;.;.;11;..;..;..;
Rudbeck AST-enheten;53709553;Sollentuna;0163;Kommunal;Sollentuna kommun;2120000134;Matematik 2B;1;..;..;..;1;..;..;..;.;.;.;.;
Rudbeck AST-enheten;53709553;Sollentuna;0163;Kommunal;Sollentuna kommun;2120000134;Svenska 3;1;..;..;..;1;..;..;..;.;.;.;.;
Rudbeck Ekonomiprogrammet;26646080;Sollentuna;0163;Kommunal;Sollentuna kommun;2120000134;Engelska 6;109;10,1;78,0;11,9;51;7,8;80,4;11,8;58;12,1;75,9;12,1;
Rudbeck Ekonomiprogrammet;26646080;Sollentuna;0163;Kommunal;Sollentuna kommun;2120000134;Matematik 2B;66;7,6;78,8;13,6;43;7,0;76,7;16,3;23;8,7;82,6;8,7;
Rudbeck Ekonomiprogrammet;26646080;Sollentuna;0163;Kommunal;Sollentuna kommun;2120000134;Matematik 3B;95;5,3;84,2;10,5;43;7,0;81,4;11,6;52;3,8;86,5;9,6;
Rudbeck Ekonomiprogrammet;26646080;Sollentuna;0163;Kommunal;Sollentuna kommun;2120000134;Svenska 3;105;4,8;58,1;37,1;58;5,2;56,9;37,9;47;4,3;59,6;36,2;
Rudbeck El- och Teknikprogrammet;26750052;Sollentuna;0163;Kommunal;Sollentuna kommun;2120000134;Engelska 5;19;5,3;78,9;15,8;.;.;.;.;19;..;..;..;
Rudbeck El- och Teknikprogrammet;26750052;Sollentuna;0163;Kommunal;Sollentuna kommun;2120000134;Engelska 6;73;6,8;80,8;12,3;10;10,0;80,0;10,0;63;6,3;81,0;12,7;
Rudbeck El- och Teknikprogrammet;26750052;Sollentuna;0163;Kommunal;Sollentuna kommun;2120000134;Matematik 1A;34;.;97,1;2,9;.;.;.;.;34;..;..;..;
Rudbeck El- och Teknikprogrammet;26750052;Sollentuna;0163;Kommunal;Sollentuna kommun;2120000134;Matematik 3C;23;4,3;95,7;.;6;..;..;..;17;..;..;..;
Rudbeck El- och Teknikprogrammet;26750052;Sollentuna;0163;Kommunal;Sollentuna kommun;2120000134;Matematik 4;56;3,6;83,9;12,5;8;..;..;..;48;..;..;..;
Rudbeck El- och Teknikprogrammet;26750052;Sollentuna;0163;Kommunal;Sollentuna kommun;2120000134;Svenska 3;51;11,8;54,9;33,3;14;7,1;64,3;28,6;37;13,5;51,4;35,1;
Rudbeck Humanistiska och Estetiska programmet;26996566;Sollentuna;0163;Kommunal;Sollentuna kommun;2120000134;Engelska 6;12;41,7;41,7;16,7;11;..;..;..;1;..;..;..;
Rudbeck Humanistiska och Estetiska programmet;26996566;Sollentuna;0163;Kommunal;Sollentuna kommun;2120000134;Matematik 1B;22;13,6;81,8;4,5;13;..;..;..;9;..;..;..;
Rudbeck Humanistiska och Estetiska programmet;26996566;Sollentuna;0163;Kommunal;Sollentuna kommun;2120000134;Matematik 2B;5;..;..;..;4;..;..;..;1;..;..;..;
Rudbeck Humanistiska och Estetiska programmet;26996566;Sollentuna;0163;Kommunal;Sollentuna kommun;2120000134;Matematik 3C;4;..;..;..;2;..;..;..;2;..;..;..;
Rudbeck Humanistiska och Estetiska programmet;26996566;Sollentuna;0163;Kommunal;Sollentuna kommun;2120000134;Matematik 4;5;..;..;..;1;..;..;..;4;..;..;..;
Rudbeck Humanistiska och Estetiska programmet;26996566;Sollentuna;0163;Kommunal;Sollentuna kommun;2120000134;Svenska 3;10;40,0;40,0;20,0;7;..;..;..;3;..;..;..;
Rudbeck Introduktionsprogrammet och Löpargymnasiet;15832056;Sollentuna;0163;Kommunal;Sollentuna kommun;2120000134;Engelska 6;6;..;..;..;4;..;..;..;2;..;..;..;
Rudbeck Introduktionsprogrammet och Löpargymnasiet;15832056;Sollentuna;0163;Kommunal;Sollentuna kommun;2120000134;Matematik 2B;6;..;..;..;6;..;..;..;.;.;.;.;
Rudbeck Introduktionsprogrammet och Löpargymnasiet;15832056;Sollentuna;0163;Kommunal;Sollentuna kommun;2120000134;Matematik 3B;1;..;..;..;.;.;.;.;1;..;..;..;
Rudbeck Introduktionsprogrammet och Löpargymnasiet;15832056;Sollentuna;0163;Kommunal;Sollentuna kommun;2120000134;Matematik 3C;4;..;..;..;2;..;..;..;2;..;..;..;
Rudbeck Introduktionsprogrammet och Löpargymnasiet;15832056;Sollentuna;0163;Kommunal;Sollentuna kommun;2120000134;Matematik 4;8;..;..;..;3;..;..;..;5;..;..;..;
Rudbeck Introduktionsprogrammet och Löpargymnasiet;15832056;Sollentuna;0163;Kommunal;Sollentuna kommun;2120000134;Svenska 3;5;..;..;..;2;..;..;..;3;..;..;..;
Rudbeck Naturvetenskapsprogrammet;27704246;Sollentuna;0163;Kommunal;Sollentuna kommun;2120000134;Engelska 6;87;8,0;79,3;12,6;40;7,5;77,5;15,0;47;8,5;80,9;10,6;
Rudbeck Naturvetenskapsprogrammet;27704246;Sollentuna;0163;Kommunal;Sollentuna kommun;2120000134;Matematik 3C;14;.;100,0;.;5;..;..;..;9;..;..;..;
Rudbeck Naturvetenskapsprogrammet;27704246;Sollentuna;0163;Kommunal;Sollentuna kommun;2120000134;Matematik 4;105;1,9;75,2;22,9;54;3,7;74,1;22,2;51;.;76,5;23,5;
Rudbeck Naturvetenskapsprogrammet;27704246;Sollentuna;0163;Kommunal;Sollentuna kommun;2120000134;Svenska 3;89;2,2;58,4;39,3;50;2,0;50,0;48,0;39;2,6;69,2;28,2;
Rudbeck Samhällsvetenskapsprogrammet;57246966;Sollentuna;0163;Kommunal;Sollentuna kommun;2120000134;Engelska 6;97;10,3;83,5;6,2;63;7,9;84,1;7,9;34;14,7;82,4;2,9;
Rudbeck Samhällsvetenskapsprogrammet;57246966;Sollentuna;0163;Kommunal;Sollentuna kommun;2120000134;Matematik 2B;125;3,2;83,2;13,6;82;2,4;80,5;17,1;43;4,7;88,4;7,0;
Rudbeck Samhällsvetenskapsprogrammet;57246966;Sollentuna;0163;Kommunal;Sollentuna kommun;2120000134;Svenska 3;97;10,3;53,6;36,1;61;8,2;57,4;34,4;36;13,9;47,2;38,9;
Vård- och omsorgsgymnasiet Sollentuna AB;68649663;Sollentuna;0163;Enskild;Vård och omsorgsgymnasiet i Sollentuna AB;5592575061;Svenska 1;13;23,1;53,8;23,1;12;..;..;..;1;..;..;..;
Vård- och omsorgsgymnasiet Sollentuna AB;68649663;Sollentuna;0163;Enskild;Vård och omsorgsgymnasiet i Sollentuna AB;5592575061;Svenska som andraspråk 1;4;..;..;..;4;..;..;..;.;.;.;.;
Yrkesgymnasiet Sollentuna;81997762;Sollentuna;0163;Enskild;Thorengruppen AB;5566139290;Engelska 5;47;6,4;68,1;25,5;19;.;84,2;15,8;28;10,7;57,1;32,1;
Yrkesgymnasiet Sollentuna;81997762;Sollentuna;0163;Enskild;Thorengruppen AB;5566139290;Matematik 1A;53;.;83,0;17,0;20;.;95,0;5,0;33;.;75,8;24,2;
Yrkesgymnasiet Sollentuna;81997762;Sollentuna;0163;Enskild;Thorengruppen AB;5566139290;Svenska 1;26;.;46,2;53,8;11;.;63,6;36,4;15;.;33,3;66,7;
Yrkesgymnasiet Sollentuna;81997762;Sollentuna;0163;Enskild;Thorengruppen AB;5566139290;Svenska som andraspråk 1;7;..;..;..;1;..;..;..;6;..;..;..;
Ingridskolan, gymnasiet;28967085;Solna;0184;Enskild;Ingridskolan AB;5566222013;Engelska 6;1;..;..;..;.;.;.;.;1;..;..;..;
Ingridskolan, gymnasiet;28967085;Solna;0184;Enskild;Ingridskolan AB;5566222013;Matematik 1B;1;..;..;..;.;.;.;.;1;..;..;..;
Ingridskolan, gymnasiet;28967085;Solna;0184;Enskild;Ingridskolan AB;5566222013;Matematik 3C;1;..;..;..;1;..;..;..;.;.;.;.;
Ingridskolan, gymnasiet;28967085;Solna;0184;Enskild;Ingridskolan AB;5566222013;Matematik 4;1;..;..;..;1;..;..;..;.;.;.;.;
Johan Movingers Gymnasium;69747871;Solna;0184;Enskild;Johan Movingers Gymnasium;8024142781;Engelska 5;1;..;..;..;1;..;..;..;.;.;.;.;
Johan Movingers Gymnasium;69747871;Solna;0184;Enskild;Johan Movingers Gymnasium;8024142781;Engelska 6;12;8,3;75,0;16,7;5;..;..;..;7;..;..;..;
Johan Movingers Gymnasium;69747871;Solna;0184;Enskild;Johan Movingers Gymnasium;8024142781;Matematik 2B;9;..;..;..;4;..;..;..;5;..;..;..;
Johan Movingers Gymnasium;69747871;Solna;0184;Enskild;Johan Movingers Gymnasium;8024142781;Matematik 4;4;..;..;..;3;..;..;..;1;..;..;..;
Johan Movingers Gymnasium;69747871;Solna;0184;Enskild;Johan Movingers Gymnasium;8024142781;Svenska 1;3;..;..;..;2;..;..;..;1;..;..;..;
Johan Movingers Gymnasium;69747871;Solna;0184;Enskild;Johan Movingers Gymnasium;8024142781;Svenska 3;8;..;..;..;5;..;..;..;3;..;..;..;
Johan Movingers Gymnasium;69747871;Solna;0184;Enskild;Johan Movingers Gymnasium;8024142781;Svenska som andraspråk 1;1;..;..;..;1;..;..;..;.;.;.;.;
Johan Movingers Gymnasium;69747871;Solna;0184;Enskild;Johan Movingers Gymnasium;8024142781;Svenska som andraspråk 3;2;..;..;..;1;..;..;..;1;..;..;..;
LBS Kreativa Gymnasiet Stockholm Norra;18106851;Solna;0184;Enskild;Ljud & Bildskolan LBS AB;5564851649;Engelska 6;89;12,4;69,7;18,0;18;16,7;61,1;22,2;71;11,3;71,8;16,9;
LBS Kreativa Gymnasiet Stockholm Norra;18106851;Solna;0184;Enskild;Ljud & Bildskolan LBS AB;5564851649;Matematik 1B;51;.;19,6;80,4;17;.;23,5;76,5;34;.;17,6;82,4;
LBS Kreativa Gymnasiet Stockholm Norra;18106851;Solna;0184;Enskild;Ljud & Bildskolan LBS AB;5564851649;Matematik 3C;51;.;23,5;76,5;8;..;..;..;43;..;..;..;
LBS Kreativa Gymnasiet Stockholm Norra;18106851;Solna;0184;Enskild;Ljud & Bildskolan LBS AB;5564851649;Svenska 3;69;4,3;81,2;14,5;9;..;..;..;60;..;..;..;
LBS Kreativa Gymnasiet Stockholm Norra;18106851;Solna;0184;Enskild;Ljud & Bildskolan LBS AB;5564851649;Svenska som andraspråk 3;1;..;..;..;.;.;.;.;1;..;..;..;
NTI Vetenskapsgymnasiet Solna;71164175;Solna;0184;Enskild;NTI Gymnasiet Macro AB;5561203679;Engelska 6;54;5,6;87,0;7,4;19;.;78,9;21,1;35;8,6;91,4;.;
NTI Vetenskapsgymnasiet Solna;71164175;Solna;0184;Enskild;NTI Gymnasiet Macro AB;5561203679;Svenska 3;24;.;95,8;4,2;1;..;..;..;23;..;..;..;
NTI Vetenskapsgymnasiet Solna;71164175;Solna;0184;Enskild;NTI Gymnasiet Macro AB;5561203679;Svenska som andraspråk 3;9;..;..;..;.;.;.;.;9;..;..;..;
Peabskolan Solna;70119254;Solna;0184;Enskild;Peabskolan AB;5564427432;Engelska 5;28;3,6;60,7;35,7;5;..;..;..;23;..;..;..;
ProCivitas Privata Gymnasium Karlberg;29733255;Solna;0184;Enskild;ProCivitas Privata Gymnasium AB;5566157102;Engelska 6;73;.;94,5;5,5;51;.;92,2;7,8;22;.;100,0;.;
ProCivitas Privata Gymnasium Karlberg;29733255;Solna;0184;Enskild;ProCivitas Privata Gymnasium AB;5566157102;Matematik 2B;31;.;87,1;12,9;25;..;..;..;6;..;..;..;
ProCivitas Privata Gymnasium Karlberg;29733255;Solna;0184;Enskild;ProCivitas Privata Gymnasium AB;5566157102;Matematik 3C;24;.;83,3;16,7;17;..;..;..;7;..;..;..;
ProCivitas Privata Gymnasium Karlberg;29733255;Solna;0184;Enskild;ProCivitas Privata Gymnasium AB;5566157102;Svenska 3;80;2,5;77,5;20,0;41;.;75,6;24,4;39;5,1;79,5;15,4;
ProCivitas Privata Gymnasium Karlberg;29733255;Solna;0184;Enskild;ProCivitas Privata Gymnasium AB;5566157102;Svenska som andraspråk 3;2;..;..;..;2;..;..;..;.;.;.;.;
Psykologigymnasiet;31151740;Solna;0184;Enskild;Psykologigymnasiet Sverige AB;5567295885;Engelska 6;36;5,6;27,8;66,7;32;..;..;..;4;..;..;..;
Psykologigymnasiet;31151740;Solna;0184;Enskild;Psykologigymnasiet Sverige AB;5567295885;Matematik 2B;31;.;32,3;67,7;25;..;..;..;6;..;..;..;
Psykologigymnasiet;31151740;Solna;0184;Enskild;Psykologigymnasiet Sverige AB;5567295885;Svenska 3;31;16,1;45,2;38,7;18;5,6;44,4;50,0;13;30,8;46,2;23,1;
Psykologigymnasiet;31151740;Solna;0184;Enskild;Psykologigymnasiet Sverige AB;5567295885;Svenska som andraspråk 3;3;..;..;..;3;..;..;..;.;.;.;.;
Solna Gymnasium;79346084;Solna;0184;Kommunal;Solna kommun;2120000183;Matematik 1A;26;.;84,6;15,4;.;.;.;.;26;..;..;..;
Thoren Business School Solna;28264170;Solna;0184;Enskild;Thorengruppen AB;5566139290;Engelska 5;26;3,8;65,4;30,8;10;.;60,0;40,0;16;6,3;68,8;25,0;
Thoren Business School Solna;28264170;Solna;0184;Enskild;Thorengruppen AB;5566139290;Engelska 6;123;7,3;74,0;18,7;48;6,3;75,0;18,8;75;8,0;73,3;18,7;
Thoren Business School Solna;28264170;Solna;0184;Enskild;Thorengruppen AB;5566139290;Matematik 1A;26;.;92,3;7,7;11;.;90,9;9,1;15;.;93,3;6,7;
Thoren Business School Solna;28264170;Solna;0184;Enskild;Thorengruppen AB;5566139290;Matematik 2B;39;.;84,6;15,4;25;.;84,0;16,0;14;.;85,7;14,3;
Thoren Business School Solna;28264170;Solna;0184;Enskild;Thorengruppen AB;5566139290;Matematik 3B;11;.;81,8;18,2;3;..;..;..;8;..;..;..;
Thoren Business School Solna;28264170;Solna;0184;Enskild;Thorengruppen AB;5566139290;Svenska 1;24;4,2;33,3;62,5;8;..;..;..;16;..;..;..;
Thoren Business School Solna;28264170;Solna;0184;Enskild;Thorengruppen AB;5566139290;Svenska 3;78;.;34,6;65,4;45;.;33,3;66,7;33;.;36,4;63,6;
Thoren Innovation School Solna;63837179;Solna;0184;Enskild;Thoren Innovation School AB;5568902653;Matematik 4;15;.;53,3;46,7;9;..;..;..;6;..;..;..;
Yrkesgymnasiet Solna;63437833;Solna;0184;Enskild;Thorengruppen AB;5566139290;Engelska 5;36;.;47,2;52,8;20;.;40,0;60,0;16;.;56,3;43,8;
Yrkesgymnasiet Solna;63437833;Solna;0184;Enskild;Thorengruppen AB;5566139290;Engelska 6;6;..;..;..;4;..;..;..;2;..;..;..;
Yrkesgymnasiet Solna;63437833;Solna;0184;Enskild;Thorengruppen AB;5566139290;Matematik 1A;43;2,3;41,9;55,8;24;4,2;37,5;58,3;19;.;47,4;52,6;
Yrkesgymnasiet Solna;63437833;Solna;0184;Enskild;Thorengruppen AB;5566139290;Svenska 1;29;10,3;44,8;44,8;19;10,5;52,6;36,8;10;10,0;30,0;60,0;
Yrkesgymnasiet Solna;63437833;Solna;0184;Enskild;Thorengruppen AB;5566139290;Svenska som andraspråk 1;18;.;33,3;66,7;9;..;..;..;9;..;..;..;
Hvilan Gymnasium Kabbarp;34222422;Staffanstorp;1230;Enskild;Hvilan Utbildning AB;5566066980;Engelska 5;13;23,1;76,9;.;6;..;..;..;7;..;..;..;
Hvilan Gymnasium Kabbarp;34222422;Staffanstorp;1230;Enskild;Hvilan Utbildning AB;5566066980;Matematik 1A;10;.;100,0;.;4;..;..;..;6;..;..;..;
Hvilan Gymnasium Kabbarp;34222422;Staffanstorp;1230;Enskild;Hvilan Utbildning AB;5566066980;Svenska 1;7;..;..;..;4;..;..;..;3;..;..;..;
Nösnäsgymnasiet 1;42060237;Stenungsund;1415;Kommunal;Stenungsunds kommun;2120001298;Engelska 5;67;6,0;82,1;11,9;6;..;..;..;61;..;..;..;
Nösnäsgymnasiet 1;42060237;Stenungsund;1415;Kommunal;Stenungsunds kommun;2120001298;Matematik 1A;34;.;76,5;23,5;.;.;.;.;34;..;..;..;
Nösnäsgymnasiet 1;42060237;Stenungsund;1415;Kommunal;Stenungsunds kommun;2120001298;Svenska 1;62;16,1;59,7;24,2;8;..;..;..;54;..;..;..;
Nösnäsgymnasiet 1;42060237;Stenungsund;1415;Kommunal;Stenungsunds kommun;2120001298;Svenska som andraspråk 1;5;..;..;..;1;..;..;..;4;..;..;..;
Nösnäsgymnasiet 2;89816391;Stenungsund;1415;Kommunal;Stenungsunds kommun;2120001298;Engelska 5;29;3,4;89,7;6,9;20;..;..;..;9;..;..;..;
Nösnäsgymnasiet 2;89816391;Stenungsund;1415;Kommunal;Stenungsunds kommun;2120001298;Engelska 6;46;6,5;78,3;15,2;34;5,9;73,5;20,6;12;8,3;91,7;.;
Nösnäsgymnasiet 2;89816391;Stenungsund;1415;Kommunal;Stenungsunds kommun;2120001298;Matematik 1A;32;3,1;56,3;40,6;21;.;42,9;57,1;11;9,1;81,8;9,1;
Nösnäsgymnasiet 2;89816391;Stenungsund;1415;Kommunal;Stenungsunds kommun;2120001298;Matematik 2B;43;.;72,1;27,9;30;.;63,3;36,7;13;.;92,3;7,7;
Nösnäsgymnasiet 2;89816391;Stenungsund;1415;Kommunal;Stenungsunds kommun;2120001298;Svenska 1;27;3,7;59,3;37,0;20;..;..;..;7;..;..;..;
Nösnäsgymnasiet 2;89816391;Stenungsund;1415;Kommunal;Stenungsunds kommun;2120001298;Svenska 3;1;..;..;..;1;..;..;..;.;.;.;.;
Nösnäsgymnasiet 2;89816391;Stenungsund;1415;Kommunal;Stenungsunds kommun;2120001298;Svenska som andraspråk 1;2;..;..;..;1;..;..;..;1;..;..;..;
Nösnäsgymnasiet 3;14448619;Stenungsund;1415;Kommunal;Stenungsunds kommun;2120001298;Engelska 5;20;.;90,0;10,0;9;..;..;..;11;..;..;..;
Nösnäsgymnasiet 3;14448619;Stenungsund;1415;Kommunal;Stenungsunds kommun;2120001298;Engelska 6;104;.;66,3;33,7;62;.;62,9;37,1;42;.;71,4;28,6;
Nösnäsgymnasiet 3;14448619;Stenungsund;1415;Kommunal;Stenungsunds kommun;2120001298;Matematik 1A;23;.;95,7;4,3;8;..;..;..;15;..;..;..;
Nösnäsgymnasiet 3;14448619;Stenungsund;1415;Kommunal;Stenungsunds kommun;2120001298;Matematik 2B;35;.;57,1;42,9;31;..;..;..;4;..;..;..;
Nösnäsgymnasiet 3;14448619;Stenungsund;1415;Kommunal;Stenungsunds kommun;2120001298;Matematik 3C;6;..;..;..;4;..;..;..;2;..;..;..;
Nösnäsgymnasiet 3;14448619;Stenungsund;1415;Kommunal;Stenungsunds kommun;2120001298;Svenska 1;22;.;86,4;13,6;9;..;..;..;13;..;..;..;
Nösnäsgymnasiet 4;12546590;Stenungsund;1415;Kommunal;Stenungsunds kommun;2120001298;Engelska 5;13;46,2;53,8;.;2;..;..;..;11;..;..;..;
Nösnäsgymnasiet 4;12546590;Stenungsund;1415;Kommunal;Stenungsunds kommun;2120001298;Engelska 6;74;27,0;67,6;5,4;24;8,3;75,0;16,7;50;36,0;64,0;.;
Nösnäsgymnasiet 4;12546590;Stenungsund;1415;Kommunal;Stenungsunds kommun;2120001298;Matematik 1A;1;..;..;..;.;.;.;.;1;..;..;..;
Nösnäsgymnasiet 4;12546590;Stenungsund;1415;Kommunal;Stenungsunds kommun;2120001298;Matematik 3C;56;.;69,6;30,4;18;.;61,1;38,9;38;.;73,7;26,3;
Nösnäsgymnasiet 4;12546590;Stenungsund;1415;Kommunal;Stenungsunds kommun;2120001298;Svenska 1;12;.;58,3;41,7;2;..;..;..;10;..;..;..;
Nösnäsgymnasiet 4;12546590;Stenungsund;1415;Kommunal;Stenungsunds kommun;2120001298;Svenska 3;1;..;..;..;.;.;.;.;1;..;..;..;
Nösnäsgymnasiet 4;12546590;Stenungsund;1415;Kommunal;Stenungsunds kommun;2120001298;Svenska som andraspråk 1;1;..;..;..;.;.;.;.;1;..;..;..;
Amerikanska Gymnasiet Stockholm;16631623;Stockholm;0180;Enskild;Amerikanska Gymnasiet i Sverige AB;5590415591;Engelska 6;143;21,0;62,9;16,1;81;21,0;65,4;13,6;62;21,0;59,7;19,4;
Amerikanska Gymnasiet Stockholm;16631623;Stockholm;0180;Enskild;Amerikanska Gymnasiet i Sverige AB;5590415591;Matematik 2B;68;1,5;76,5;22,1;52;1,9;75,0;23,1;16;.;81,3;18,8;
Anna Whitlocks gymnasium 54040574;54040574;Stockholm;0180;Kommunal;Stockholms kommun;2120000142;Engelska 6;609;5,1;80,8;14,1;432;4,6;79,6;15,7;177;6,2;83,6;10,2;
Anna Whitlocks gymnasium 54040574;54040574;Stockholm;0180;Kommunal;Stockholms kommun;2120000142;Matematik 1B;31;.;87,1;12,9;30;..;..;..;1;..;..;..;
Anna Whitlocks gymnasium 54040574;54040574;Stockholm;0180;Kommunal;Stockholms kommun;2120000142;Matematik 2B;269;0,4;41,6;58,0;221;.;39,8;60,2;48;2,1;50,0;47,9;
Anna Whitlocks gymnasium 54040574;54040574;Stockholm;0180;Kommunal;Stockholms kommun;2120000142;Matematik 3B;90;.;50,0;50,0;38;.;39,5;60,5;52;.;57,7;42,3;
Anna Whitlocks gymnasium 54040574;54040574;Stockholm;0180;Kommunal;Stockholms kommun;2120000142;Matematik 4;152;2,6;80,3;17,1;95;2,1;83,2;14,7;57;3,5;75,4;21,1;
Arena Academy Stockholm;35084976;Stockholm;0180;Enskild;Edinit AB;5563114445;Engelska 6;103;16,5;78,6;4,9;53;18,9;75,5;5,7;50;14,0;82,0;4,0;
Arena Academy Stockholm;35084976;Stockholm;0180;Enskild;Edinit AB;5563114445;Matematik 3C;27;.;51,9;48,1;5;..;..;..;22;..;..;..;
Arena Academy Stockholm;35084976;Stockholm;0180;Enskild;Edinit AB;5563114445;Svenska 3;41;.;85,4;14,6;16;.;100,0;.;25;.;76,0;24,0;
Arena Academy Stockholm;35084976;Stockholm;0180;Enskild;Edinit AB;5563114445;Svenska som andraspråk 3;29;10,3;58,6;31,0;14;7,1;78,6;14,3;15;13,3;40,0;46,7;
Bergstrands Gymnasium Stockholm;26298615;Stockholm;0180;Enskild;Bergstrands Gymnasium AB;5566753736;Engelska 5;52;3,8;38,5;57,7;6;..;..;..;46;..;..;..;
Bergstrands Gymnasium Stockholm;26298615;Stockholm;0180;Enskild;Bergstrands Gymnasium AB;5566753736;Matematik 1A;40;.;32,5;67,5;6;..;..;..;34;..;..;..;
Bergstrands Gymnasium Stockholm;26298615;Stockholm;0180;Enskild;Bergstrands Gymnasium AB;5566753736;Svenska 1;35;17,1;77,1;5,7;6;..;..;..;29;..;..;..;
Bernadottegymnasiet 77176811;77176811;Stockholm;0180;Kommunal;Stockholms kommun;2120000142;Engelska 6;106;.;88,7;11,3;56;.;87,5;12,5;50;.;90,0;10,0;
Bernadottegymnasiet 77176811;77176811;Stockholm;0180;Kommunal;Stockholms kommun;2120000142;Matematik 2B;29;.;55,2;44,8;14;.;50,0;50,0;15;.;60,0;40,0;
Bernadottegymnasiet 77176811;77176811;Stockholm;0180;Kommunal;Stockholms kommun;2120000142;Svenska 3;117;7,7;55,6;36,8;43;7,0;62,8;30,2;74;8,1;51,4;40,5;
Blackebergs gymnasium 85152591;85152591;Stockholm;0180;Kommunal;Stockholms kommun;2120000142;Engelska 6;249;14,5;79,1;6,4;107;11,2;81,3;7,5;142;16,9;77,5;5,6;
Blackebergs gymnasium 85152591;85152591;Stockholm;0180;Kommunal;Stockholms kommun;2120000142;Matematik 2B;92;.;98,9;1,1;56;.;98,2;1,8;36;.;100,0;.;
Blackebergs gymnasium 85152591;85152591;Stockholm;0180;Kommunal;Stockholms kommun;2120000142;Matematik 3B;126;.;88,9;11,1;73;.;86,3;13,7;53;.;92,5;7,5;
Blackebergs gymnasium 85152591;85152591;Stockholm;0180;Kommunal;Stockholms kommun;2120000142;Matematik 3C;30;.;93,3;6,7;7;..;..;..;23;..;..;..;
Blackebergs gymnasium 85152591;85152591;Stockholm;0180;Kommunal;Stockholms kommun;2120000142;Matematik 4;128;.;89,8;10,2;54;.;85,2;14,8;74;.;93,2;6,8;
Blackebergs gymnasium 85152591;85152591;Stockholm;0180;Kommunal;Stockholms kommun;2120000142;Svenska 3;332;14,5;72,6;13,0;201;12,9;73,6;13,4;131;16,8;71,0;12,2;
Bromma gymnasium 54117171;54117171;Stockholm;0180;Kommunal;Stockholms kommun;2120000142;Engelska 6;272;2,2;82,7;15,1;97;2,1;82,5;15,5;175;2,3;82,9;14,9;
Bromma gymnasium 54117171;54117171;Stockholm;0180;Kommunal;Stockholms kommun;2120000142;Matematik 2B;156;.;62,2;37,8;83;.;62,7;37,3;73;.;61,6;38,4;
Bromma gymnasium 54117171;54117171;Stockholm;0180;Kommunal;Stockholms kommun;2120000142;Matematik 3B;64;.;45,3;54,7;26;.;42,3;57,7;38;.;47,4;52,6;
Bromma gymnasium 54117171;54117171;Stockholm;0180;Kommunal;Stockholms kommun;2120000142;Matematik 4;85;.;88,2;11,8;18;.;88,9;11,1;67;.;88,1;11,9;
Bromma gymnasium 54117171;54117171;Stockholm;0180;Kommunal;Stockholms kommun;2120000142;Svenska 3;192;14,6;65,6;19,8;67;3,0;65,7;31,3;125;20,8;65,6;13,6;
Campus Manilla Gymnasium;48120273;Stockholm;0180;Enskild;Campus Manilla Utbildning AB;5568834765;Matematik 3B;4;..;..;..;4;..;..;..;.;.;.;.;
Campus Manilla Gymnasium;48120273;Stockholm;0180;Enskild;Campus Manilla Utbildning AB;5568834765;Matematik 4;21;.;52,4;47,6;10;.;30,0;70,0;11;.;72,7;27,3;
Campus Manilla Gymnasium;48120273;Stockholm;0180;Enskild;Campus Manilla Utbildning AB;5568834765;Svenska 3;57;.;59,6;40,4;38;.;52,6;47,4;19;.;73,7;26,3;
Cybergymnasiet Stockholm;94167577;Stockholm;0180;Enskild;Cybergymnasiet Stockholm AB;5565547964;Engelska 5;22;4,5;40,9;54,5;6;..;..;..;16;..;..;..;
Cybergymnasiet Stockholm;94167577;Stockholm;0180;Enskild;Cybergymnasiet Stockholm AB;5565547964;Engelska 6;240;8,3;63,3;28,3;130;7,7;68,5;23,8;110;9,1;57,3;33,6;
Cybergymnasiet Stockholm;94167577;Stockholm;0180;Enskild;Cybergymnasiet Stockholm AB;5565547964;Matematik 1A;32;.;59,4;40,6;8;..;..;..;24;..;..;..;
Cybergymnasiet Stockholm;94167577;Stockholm;0180;Enskild;Cybergymnasiet Stockholm AB;5565547964;Matematik 1B;56;.;57,1;42,9;33;.;60,6;39,4;23;.;52,2;47,8;
Cybergymnasiet Stockholm;94167577;Stockholm;0180;Enskild;Cybergymnasiet Stockholm AB;5565547964;Matematik 2B;59;.;78,0;22,0;42;.;76,2;23,8;17;.;82,4;17,6;
Cybergymnasiet Stockholm;94167577;Stockholm;0180;Enskild;Cybergymnasiet Stockholm AB;5565547964;Matematik 3B;19;.;89,5;10,5;3;..;..;..;16;..;..;..;
Cybergymnasiet Stockholm;94167577;Stockholm;0180;Enskild;Cybergymnasiet Stockholm AB;5565547964;Matematik 3C;56;.;91,1;8,9;8;..;..;..;48;..;..;..;
Cybergymnasiet Stockholm;94167577;Stockholm;0180;Enskild;Cybergymnasiet Stockholm AB;5565547964;Matematik 4;9;..;..;..;7;..;..;..;2;..;..;..;
Cybergymnasiet Stockholm;94167577;Stockholm;0180;Enskild;Cybergymnasiet Stockholm AB;5565547964;Svenska 1;15;13,3;46,7;40,0;5;..;..;..;10;..;..;..;
Cybergymnasiet Stockholm;94167577;Stockholm;0180;Enskild;Cybergymnasiet Stockholm AB;5565547964;Svenska 3;110;8,2;50,9;40,9;63;9,5;46,0;44,4;47;6,4;57,4;36,2;
Cybergymnasiet Stockholm;94167577;Stockholm;0180;Enskild;Cybergymnasiet Stockholm AB;5565547964;Svenska som andraspråk 1;12;.;25,0;75,0;2;..;..;..;10;..;..;..;
Cybergymnasiet Stockholm;94167577;Stockholm;0180;Enskild;Cybergymnasiet Stockholm AB;5565547964;Svenska som andraspråk 3;52;11,5;71,2;17,3;26;11,5;73,1;15,4;26;11,5;69,2;19,2;
Dansgymnasiet Stockholm;70404319;Stockholm;0180;Enskild;Vasiliou Education AB;5568920218;Engelska 6;43;.;16,3;83,7;28;.;17,9;82,1;15;.;13,3;86,7;
Dansgymnasiet Stockholm;70404319;Stockholm;0180;Enskild;Vasiliou Education AB;5568920218;Matematik 2B;30;.;26,7;73,3;29;..;..;..;1;..;..;..;
Dansgymnasiet Stockholm;70404319;Stockholm;0180;Enskild;Vasiliou Education AB;5568920218;Matematik 3B;6;..;..;..;3;..;..;..;3;..;..;..;
Dansgymnasiet Stockholm;70404319;Stockholm;0180;Enskild;Vasiliou Education AB;5568920218;Svenska 3;24;4,2;50,0;45,8;22;..;..;..;2;..;..;..;
Dansgymnasiet Stockholm;70404319;Stockholm;0180;Enskild;Vasiliou Education AB;5568920218;Svenska som andraspråk 3;5;..;..;..;4;..;..;..;1;..;..;..;
Designgymnasiet Kungsholmen;27023528;Stockholm;0180;Enskild;Designgymnasiet i Sverige AB;5569320681;Engelska 5;24;12,5;79,2;8,3;11;.;90,9;9,1;13;23,1;69,2;7,7;
Designgymnasiet Kungsholmen;27023528;Stockholm;0180;Enskild;Designgymnasiet i Sverige AB;5569320681;Engelska 6;70;8,6;80,0;11,4;43;7,0;76,7;16,3;27;11,1;85,2;3,7;
Designgymnasiet Kungsholmen;27023528;Stockholm;0180;Enskild;Designgymnasiet i Sverige AB;5569320681;Matematik 1A;22;.;45,5;54,5;9;..;..;..;13;..;..;..;
Designgymnasiet Kungsholmen;27023528;Stockholm;0180;Enskild;Designgymnasiet i Sverige AB;5569320681;Matematik 1B;24;.;100,0;.;21;..;..;..;3;..;..;..;
Designgymnasiet Kungsholmen;27023528;Stockholm;0180;Enskild;Designgymnasiet i Sverige AB;5569320681;Matematik 3C;41;.;61,0;39,0;19;.;57,9;42,1;22;.;63,6;36,4;
Designgymnasiet Kungsholmen;27023528;Stockholm;0180;Enskild;Designgymnasiet i Sverige AB;5569320681;Svenska 1;20;.;75,0;25,0;9;..;..;..;11;..;..;..;
Designgymnasiet Kungsholmen;27023528;Stockholm;0180;Enskild;Designgymnasiet i Sverige AB;5569320681;Svenska 3;54;3,7;70,4;25,9;33;6,1;72,7;21,2;21;.;66,7;33,3;
Designgymnasiet Kungsholmen;27023528;Stockholm;0180;Enskild;Designgymnasiet i Sverige AB;5569320681;Svenska som andraspråk 1;8;..;..;..;4;..;..;..;4;..;..;..;
Designgymnasiet Kungsholmen;27023528;Stockholm;0180;Enskild;Designgymnasiet i Sverige AB;5569320681;Svenska som andraspråk 3;7;..;..;..;3;..;..;..;4;..;..;..;
Didaktus Liljeholmen;53903798;Stockholm;0180;Enskild;Didaktus Skolor AB;5564732856;Engelska 6;5;..;..;..;4;..;..;..;1;..;..;..;
Didaktus Liljeholmen;53903798;Stockholm;0180;Enskild;Didaktus Skolor AB;5564732856;Matematik 1A;3;..;..;..;3;..;..;..;.;.;.;.;
Didaktus Liljeholmen;53903798;Stockholm;0180;Enskild;Didaktus Skolor AB;5564732856;Matematik 2B;4;..;..;..;4;..;..;..;.;.;.;.;
Didaktus Liljeholmen;53903798;Stockholm;0180;Enskild;Didaktus Skolor AB;5564732856;Svenska 3;6;..;..;..;5;..;..;..;1;..;..;..;
Didaktus Liljeholmen;53903798;Stockholm;0180;Enskild;Didaktus Skolor AB;5564732856;Svenska som andraspråk 3;5;..;..;..;4;..;..;..;1;..;..;..;
Distra Gymnasium;85782695;Stockholm;0180;Enskild;Distra Utbildnings Center AB;5566064209;Engelska 5;35;11,4;68,6;20,0;9;..;..;..;26;..;..;..;
Distra Gymnasium;85782695;Stockholm;0180;Enskild;Distra Utbildnings Center AB;5566064209;Matematik 1A;40;2,5;82,5;15,0;12;.;83,3;16,7;28;3,6;82,1;14,3;
Distra Gymnasium;85782695;Stockholm;0180;Enskild;Distra Utbildnings Center AB;5566064209;Svenska 1;29;.;41,4;58,6;9;..;..;..;20;..;..;..;
Distra Gymnasium;85782695;Stockholm;0180;Enskild;Distra Utbildnings Center AB;5566064209;Svenska som andraspråk 1;4;..;..;..;.;.;.;.;4;..;..;..;
Djurgymnasiet Stockholm;98815582;Stockholm;0180;Enskild;Animallogos AB;5566205455;Engelska 5;76;10,5;85,5;3,9;62;12,9;82,3;4,8;14;.;100,0;.;
Djurgymnasiet Stockholm;98815582;Stockholm;0180;Enskild;Animallogos AB;5566205455;Matematik 1A;85;4,7;88,2;7,1;70;2,9;88,6;8,6;15;13,3;86,7;.;
Djurgymnasiet Stockholm;98815582;Stockholm;0180;Enskild;Animallogos AB;5566205455;Svenska 1;49;4,1;77,6;18,4;39;5,1;71,8;23,1;10;.;100,0;.;
Djurgymnasiet Stockholm;98815582;Stockholm;0180;Enskild;Animallogos AB;5566205455;Svenska som andraspråk 1;8;..;..;..;5;..;..;..;3;..;..;..;
Drottning Blankas Gymnasieskola Stockholm Södra;97770837;Stockholm;0180;Enskild;DBGY Kronan AB;5565668794;Engelska 5;57;35,1;52,6;12,3;45;28,9;57,8;13,3;12;58,3;33,3;8,3;
Drottning Blankas Gymnasieskola Stockholm Södra;97770837;Stockholm;0180;Enskild;DBGY Kronan AB;5565668794;Engelska 6;141;9,9;46,1;44,0;107;10,3;48,6;41,1;34;8,8;38,2;52,9;
Drottning Blankas Gymnasieskola Stockholm Södra;97770837;Stockholm;0180;Enskild;DBGY Kronan AB;5565668794;Matematik 1A;56;.;87,5;12,5;44;.;86,4;13,6;12;.;91,7;8,3;
Drottning Blankas Gymnasieskola Stockholm Södra;97770837;Stockholm;0180;Enskild;DBGY Kronan AB;5565668794;Matematik 2B;135;0,7;61,5;37,8;104;.;64,4;35,6;31;3,2;51,6;45,2;
Drottning Blankas Gymnasieskola Stockholm Södra;97770837;Stockholm;0180;Enskild;DBGY Kronan AB;5565668794;Svenska 1;50;6,0;60,0;34,0;43;..;..;..;7;..;..;..;
Drottning Blankas Gymnasieskola Stockholm Södra;97770837;Stockholm;0180;Enskild;DBGY Kronan AB;5565668794;Svenska 3;108;16,7;42,6;40,7;85;18,8;38,8;42,4;23;8,7;56,5;34,8;
Drottning Blankas Gymnasieskola Stockholm Södra;97770837;Stockholm;0180;Enskild;DBGY Kronan AB;5565668794;Svenska som andraspråk 1;13;7,7;84,6;7,7;6;..;..;..;7;..;..;..;
Drottning Blankas Gymnasieskola Stockholm Södra;97770837;Stockholm;0180;Enskild;DBGY Kronan AB;5565668794;Svenska som andraspråk 3;1;..;..;..;1;..;..;..;.;.;.;.;
Drottning Blankas Gymnasieskola Stockholm Vasastan;85516596;Stockholm;0180;Enskild;DBGY Juvelen AB;5565789129;Engelska 5;75;1,3;86,7;12,0;52;.;84,6;15,4;23;4,3;91,3;4,3;
Drottning Blankas Gymnasieskola Stockholm Vasastan;85516596;Stockholm;0180;Enskild;DBGY Juvelen AB;5565789129;Engelska 6;50;.;80,0;20,0;30;.;70,0;30,0;20;.;95,0;5,0;
Drottning Blankas Gymnasieskola Stockholm Vasastan;85516596;Stockholm;0180;Enskild;DBGY Juvelen AB;5565789129;Matematik 1A;92;.;62,0;38,0;66;.;63,6;36,4;26;.;57,7;42,3;
Drottning Blankas Gymnasieskola Stockholm Vasastan;85516596;Stockholm;0180;Enskild;DBGY Juvelen AB;5565789129;Matematik 2B;26;.;80,8;19,2;14;.;100,0;.;12;.;58,3;41,7;
Drottning Blankas Gymnasieskola Stockholm Vasastan;85516596;Stockholm;0180;Enskild;DBGY Juvelen AB;5565789129;Matematik 3B;8;..;..;..;3;..;..;..;5;..;..;..;
Drottning Blankas Gymnasieskola Stockholm Vasastan;85516596;Stockholm;0180;Enskild;DBGY Juvelen AB;5565789129;Svenska 1;49;.;40,8;59,2;41;..;..;..;8;..;..;..;
Drottning Blankas Gymnasieskola Stockholm Vasastan;85516596;Stockholm;0180;Enskild;DBGY Juvelen AB;5565789129;Svenska 3;23;4,3;65,2;30,4;13;.;84,6;15,4;10;10,0;40,0;50,0;
Drottning Blankas Gymnasieskola Stockholm Vasastan;85516596;Stockholm;0180;Enskild;DBGY Juvelen AB;5565789129;Svenska som andraspråk 1;5;..;..;..;2;..;..;..;3;..;..;..;
Drottning Blankas Gymnasieskola Stockholm Vasastan;85516596;Stockholm;0180;Enskild;DBGY Juvelen AB;5565789129;Svenska som andraspråk 3;20;.;80,0;20,0;5;..;..;..;15;..;..;..;
Elektrikergymnasiet;21312503;Stockholm;0180;Enskild;Stockholms El-utbildning AB;5566814801;Engelska 5;35;2,9;88,6;8,6;.;.;.;.;35;..;..;..;
Elektrikergymnasiet;21312503;Stockholm;0180;Enskild;Stockholms El-utbildning AB;5566814801;Matematik 1A;42;2,4;64,3;33,3;.;.;.;.;42;..;..;..;
Elektrikergymnasiet;21312503;Stockholm;0180;Enskild;Stockholms El-utbildning AB;5566814801;Svenska 1;49;4,1;61,2;34,7;2;..;..;..;47;..;..;..;
Enskilda gymnasiet, gy;69650864;Stockholm;0180;Enskild;Enskilda Gymnasiet;8020126531;Engelska 6;88;4,5;86,4;9,1;50;2,0;90,0;8,0;38;7,9;81,6;10,5;
Enskilda gymnasiet, gy;69650864;Stockholm;0180;Enskild;Enskilda Gymnasiet;8020126531;Matematik 2B;32;.;90,6;9,4;22;.;90,9;9,1;10;.;90,0;10,0;
Enskilda gymnasiet, gy;69650864;Stockholm;0180;Enskild;Enskilda Gymnasiet;8020126531;Svenska 3;88;2,3;79,5;18,2;53;3,8;75,5;20,8;35;.;85,7;14,3;
Enskilda gymnasiet, gy;69650864;Stockholm;0180;Enskild;Enskilda Gymnasiet;8020126531;Svenska som andraspråk 3;1;..;..;..;1;..;..;..;.;.;.;.;
ESS-gymnasiet 84286715;84286715;Stockholm;0180;Kommunal;Stockholms kommun;2120000142;Matematik 2B;25;.;16,0;84,0;13;.;15,4;84,6;12;.;16,7;83,3;
ESS-gymnasiet 84286715;84286715;Stockholm;0180;Kommunal;Stockholms kommun;2120000142;Svenska 3;21;9,5;23,8;66,7;6;..;..;..;15;..;..;..;
Franska Skolan/Ecole francaise Gymnasium;41938272;Stockholm;0180;Enskild;Stiftelsen Franska Skolan;8020061530;Engelska 6;89;10,1;74,2;15,7;51;7,8;80,4;11,8;38;13,2;65,8;21,1;
Franska Skolan/Ecole francaise Gymnasium;41938272;Stockholm;0180;Enskild;Stiftelsen Franska Skolan;8020061530;Matematik 2B;33;.;78,8;21,2;15;.;60,0;40,0;18;.;94,4;5,6;
Franska Skolan/Ecole francaise Gymnasium;41938272;Stockholm;0180;Enskild;Stiftelsen Franska Skolan;8020061530;Matematik 4;52;.;92,3;7,7;29;.;93,1;6,9;23;.;91,3;8,7;
Franska Skolan/Ecole francaise Gymnasium;41938272;Stockholm;0180;Enskild;Stiftelsen Franska Skolan;8020061530;Svenska 3;73;11,0;64,4;24,7;35;2,9;65,7;31,4;38;18,4;63,2;18,4;
Franska Skolan/Ecole francaise Gymnasium;41938272;Stockholm;0180;Enskild;Stiftelsen Franska Skolan;8020061530;Svenska som andraspråk 3;6;..;..;..;5;..;..;..;1;..;..;..;
Globala gymnasiet 76054399;76054399;Stockholm;0180;Kommunal;Stockholms kommun;2120000142;Engelska 6;171;7,0;90,1;2,9;100;6,0;90,0;4,0;71;8,5;90,1;1,4;
Globala gymnasiet 76054399;76054399;Stockholm;0180;Kommunal;Stockholms kommun;2120000142;Matematik 1B;28;.;75,0;25,0;20;..;..;..;8;..;..;..;
Globala gymnasiet 76054399;76054399;Stockholm;0180;Kommunal;Stockholms kommun;2120000142;Matematik 2B;48;.;64,6;35,4;30;.;66,7;33,3;18;.;61,1;38,9;
Globala gymnasiet 76054399;76054399;Stockholm;0180;Kommunal;Stockholms kommun;2120000142;Matematik 3B;12;.;58,3;41,7;4;..;..;..;8;..;..;..;
Globala gymnasiet 76054399;76054399;Stockholm;0180;Kommunal;Stockholms kommun;2120000142;Matematik 3C;27;.;92,6;7,4;13;.;84,6;15,4;14;.;100,0;.;
Globala gymnasiet 76054399;76054399;Stockholm;0180;Kommunal;Stockholms kommun;2120000142;Matematik 4;31;.;67,7;32,3;21;.;71,4;28,6;10;.;60,0;40,0;
Globala gymnasiet 76054399;76054399;Stockholm;0180;Kommunal;Stockholms kommun;2120000142;Svenska 3;155;11,6;52,3;36,1;103;12,6;50,5;36,9;52;9,6;55,8;34,6;
Globala gymnasiet 76054399;76054399;Stockholm;0180;Kommunal;Stockholms kommun;2120000142;Svenska som andraspråk 3;7;..;..;..;4;..;..;..;3;..;..;..;
Grillska Gymnasiet Kungsholmen;21627442;Stockholm;0180;Enskild;Stadsmissionens Skolstiftelse;8020170794;Engelska 5;48;2,1;75,0;22,9;25;.;76,0;24,0;23;4,3;73,9;21,7;
Grillska Gymnasiet Kungsholmen;21627442;Stockholm;0180;Enskild;Stadsmissionens Skolstiftelse;8020170794;Engelska 6;23;8,7;87,0;4,3;6;..;..;..;17;..;..;..;
Grillska Gymnasiet Kungsholmen;21627442;Stockholm;0180;Enskild;Stadsmissionens Skolstiftelse;8020170794;Matematik 1A;46;.;91,3;8,7;24;.;95,8;4,2;22;.;86,4;13,6;
Grillska Gymnasiet Kungsholmen;21627442;Stockholm;0180;Enskild;Stadsmissionens Skolstiftelse;8020170794;Matematik 3B;16;.;75,0;25,0;6;..;..;..;10;..;..;..;
Grillska Gymnasiet Kungsholmen;21627442;Stockholm;0180;Enskild;Stadsmissionens Skolstiftelse;8020170794;Svenska 1;45;.;57,8;42,2;23;.;56,5;43,5;22;.;59,1;40,9;
Grillska Gymnasiet Kungsholmen;21627442;Stockholm;0180;Enskild;Stadsmissionens Skolstiftelse;8020170794;Svenska 3;16;.;56,3;43,8;5;..;..;..;11;..;..;..;
Grillska Gymnasiet Kungsholmen;21627442;Stockholm;0180;Enskild;Stadsmissionens Skolstiftelse;8020170794;Svenska som andraspråk 3;5;..;..;..;2;..;..;..;3;..;..;..;
Grillska Gymnasiet Liljeholmen;33132452;Stockholm;0180;Enskild;Stadsmissionens Skolstiftelse;8020170794;Engelska 5;42;4,8;85,7;9,5;15;.;100,0;.;27;7,4;77,8;14,8;
Grillska Gymnasiet Liljeholmen;33132452;Stockholm;0180;Enskild;Stadsmissionens Skolstiftelse;8020170794;Engelska 6;33;.;39,4;60,6;14;.;35,7;64,3;19;.;42,1;57,9;
Grillska Gymnasiet Liljeholmen;33132452;Stockholm;0180;Enskild;Stadsmissionens Skolstiftelse;8020170794;Matematik 1A;46;.;43,5;56,5;15;.;26,7;73,3;31;.;51,6;48,4;
Grillska Gymnasiet Liljeholmen;33132452;Stockholm;0180;Enskild;Stadsmissionens Skolstiftelse;8020170794;Matematik 2B;33;.;6,1;93,9;15;.;13,3;86,7;18;.;.;100,0;
Grillska Gymnasiet Liljeholmen;33132452;Stockholm;0180;Enskild;Stadsmissionens Skolstiftelse;8020170794;Svenska 1;25;12,0;56,0;32,0;9;..;..;..;16;..;..;..;
Grillska Gymnasiet Liljeholmen;33132452;Stockholm;0180;Enskild;Stadsmissionens Skolstiftelse;8020170794;Svenska 3;43;2,3;51,2;46,5;24;4,2;33,3;62,5;19;.;73,7;26,3;
Grillska Gymnasiet Liljeholmen;33132452;Stockholm;0180;Enskild;Stadsmissionens Skolstiftelse;8020170794;Svenska som andraspråk 1;2;..;..;..;1;..;..;..;1;..;..;..;
Hvilan Gymnasium Stockholm;24716263;Stockholm;0180;Enskild;Eruditia AB;5593786345;Engelska 6;108;7,4;68,5;24,1;56;5,4;71,4;23,2;52;9,6;65,4;25,0;
Hvilan Gymnasium Stockholm;24716263;Stockholm;0180;Enskild;Eruditia AB;5593786345;Matematik 2B;107;0,9;90,7;8,4;63;.;93,7;6,3;44;2,3;86,4;11,4;
Hvilan Gymnasium Stockholm;24716263;Stockholm;0180;Enskild;Eruditia AB;5593786345;Matematik 3B;3;..;..;..;.;.;.;.;3;..;..;..;
Hvilan Gymnasium Stockholm;24716263;Stockholm;0180;Enskild;Eruditia AB;5593786345;Matematik 4;20;.;75,0;25,0;6;..;..;..;14;..;..;..;
Hvilan Gymnasium Stockholm;24716263;Stockholm;0180;Enskild;Eruditia AB;5593786345;Svenska 3;92;9,8;56,5;33,7;33;3,0;54,5;42,4;59;13,6;57,6;28,8;
Internationella Engelska Gymnasiet Södermalm;77632411;Stockholm;0180;Enskild;Internationella Engelska Skolan i Sverige AB;5564624368;Engelska 6;166;4,2;66,9;28,9;105;4,8;68,6;26,7;61;3,3;63,9;32,8;
Internationella Engelska Gymnasiet Södermalm;77632411;Stockholm;0180;Enskild;Internationella Engelska Skolan i Sverige AB;5564624368;Matematik 1B;29;.;62,1;37,9;26;..;..;..;3;..;..;..;
Internationella Engelska Gymnasiet Södermalm;77632411;Stockholm;0180;Enskild;Internationella Engelska Skolan i Sverige AB;5564624368;Matematik 2B;66;.;77,3;22,7;38;.;81,6;18,4;28;.;71,4;28,6;
Internationella Engelska Gymnasiet Södermalm;77632411;Stockholm;0180;Enskild;Internationella Engelska Skolan i Sverige AB;5564624368;Matematik 4;62;.;69,4;30,6;35;.;80,0;20,0;27;.;55,6;44,4;
Internationella Engelska Gymnasiet Södermalm;77632411;Stockholm;0180;Enskild;Internationella Engelska Skolan i Sverige AB;5564624368;Svenska 3;108;9,3;67,6;23,1;54;7,4;63,0;29,6;54;11,1;72,2;16,7;
Internationella Engelska Gymnasiet Södermalm;77632411;Stockholm;0180;Enskild;Internationella Engelska Skolan i Sverige AB;5564624368;Svenska som andraspråk 3;52;5,8;82,7;11,5;33;6,1;75,8;18,2;19;5,3;94,7;.;
Internationella Hotell- och Restaurangskolan;56653353;Stockholm;0180;Enskild;Internationella hotell- och restaurangskolan IHR AB;5569828451;Engelska 5;62;6,5;66,1;27,4;27;.;63,0;37,0;35;11,4;68,6;20,0;
Internationella Hotell- och Restaurangskolan;56653353;Stockholm;0180;Enskild;Internationella hotell- och restaurangskolan IHR AB;5569828451;Engelska 6;9;..;..;..;4;..;..;..;5;..;..;..;
Internationella Hotell- och Restaurangskolan;56653353;Stockholm;0180;Enskild;Internationella hotell- och restaurangskolan IHR AB;5569828451;Matematik 1A;95;.;43,2;56,8;54;.;33,3;66,7;41;.;56,1;43,9;
Internationella Hotell- och Restaurangskolan;56653353;Stockholm;0180;Enskild;Internationella hotell- och restaurangskolan IHR AB;5569828451;Svenska 1;78;1,3;61,5;37,2;46;.;54,3;45,7;32;3,1;71,9;25,0;
Internationella Hotell- och Restaurangskolan;56653353;Stockholm;0180;Enskild;Internationella hotell- och restaurangskolan IHR AB;5569828451;Svenska som andraspråk 1;3;..;..;..;1;..;..;..;2;..;..;..;
JENSEN Gymnasium Gamla stan;97510495;Stockholm;0180;Enskild;Jensen Education College AB;5566358759;Engelska 5;22;.;95,5;4,5;11;.;90,9;9,1;11;.;100,0;.;
JENSEN Gymnasium Gamla stan;97510495;Stockholm;0180;Enskild;Jensen Education College AB;5566358759;Engelska 6;191;3,1;78,0;18,8;118;2,5;77,1;20,3;73;4,1;79,5;16,4;
JENSEN Gymnasium Gamla stan;97510495;Stockholm;0180;Enskild;Jensen Education College AB;5566358759;Matematik 1A;27;.;59,3;40,7;13;.;69,2;30,8;14;.;50,0;50,0;
JENSEN Gymnasium Gamla stan;97510495;Stockholm;0180;Enskild;Jensen Education College AB;5566358759;Matematik 2B;108;.;68,5;31,5;79;.;67,1;32,9;29;.;72,4;27,6;
JENSEN Gymnasium Gamla stan;97510495;Stockholm;0180;Enskild;Jensen Education College AB;5566358759;Matematik 3B;46;2,2;41,3;56,5;17;5,9;35,3;58,8;29;.;44,8;55,2;
JENSEN Gymnasium Gamla stan;97510495;Stockholm;0180;Enskild;Jensen Education College AB;5566358759;Matematik 4;26;.;76,9;23,1;16;.;87,5;12,5;10;.;60,0;40,0;
JENSEN Gymnasium Gamla stan;97510495;Stockholm;0180;Enskild;Jensen Education College AB;5566358759;Svenska 1;26;3,8;42,3;53,8;13;7,7;46,2;46,2;13;.;38,5;61,5;
JENSEN Gymnasium Gamla stan;97510495;Stockholm;0180;Enskild;Jensen Education College AB;5566358759;Svenska 3;156;2,6;51,9;45,5;93;3,2;44,1;52,7;63;1,6;63,5;34,9;
JENSEN Gymnasium Gamla stan;97510495;Stockholm;0180;Enskild;Jensen Education College AB;5566358759;Svenska som andraspråk 3;17;.;17,6;82,4;11;..;..;..;6;..;..;..;
JENSEN Gymnasium Norra;38195284;Stockholm;0180;Enskild;Jensen Education College AB;5566358759;Engelska 6;144;1,4;59,0;39,6;64;1,6;46,9;51,6;80;1,3;68,8;30,0;
JENSEN Gymnasium Norra;38195284;Stockholm;0180;Enskild;Jensen Education College AB;5566358759;Matematik 2B;46;4,3;47,8;47,8;34;5,9;50,0;44,1;12;.;41,7;58,3;
JENSEN Gymnasium Norra;38195284;Stockholm;0180;Enskild;Jensen Education College AB;5566358759;Matematik 3B;47;.;25,5;74,5;20;.;30,0;70,0;27;.;22,2;77,8;
JENSEN Gymnasium Norra;38195284;Stockholm;0180;Enskild;Jensen Education College AB;5566358759;Matematik 3C;21;.;47,6;52,4;.;.;.;.;21;..;..;..;
JENSEN Gymnasium Norra;38195284;Stockholm;0180;Enskild;Jensen Education College AB;5566358759;Matematik 4;40;.;42,5;57,5;16;.;31,3;68,8;24;.;50,0;50,0;
JENSEN Gymnasium Norra;38195284;Stockholm;0180;Enskild;Jensen Education College AB;5566358759;Svenska 3;130;11,5;62,3;26,2;66;10,6;66,7;22,7;64;12,5;57,8;29,7;
JENSEN Gymnasium Norra;38195284;Stockholm;0180;Enskild;Jensen Education College AB;5566358759;Svenska som andraspråk 3;23;17,4;52,2;30,4;10;10,0;50,0;40,0;13;23,1;53,8;23,1;
KLARA Teoretiska Gymnasium Stockholm Norra;73812226;Stockholm;0180;Enskild;KLARA Gymnasium Lärande AB;5565583282;Engelska 6;140;22,9;70,7;6,4;85;21,2;71,8;7,1;55;25,5;69,1;5,5;
KLARA Teoretiska Gymnasium Stockholm Norra;73812226;Stockholm;0180;Enskild;KLARA Gymnasium Lärande AB;5565583282;Matematik 2B;83;3,6;67,5;28,9;55;1,8;70,9;27,3;28;7,1;60,7;32,1;
KLARA Teoretiska Gymnasium Stockholm Norra;73812226;Stockholm;0180;Enskild;KLARA Gymnasium Lärande AB;5565583282;Matematik 3B;19;5,3;31,6;63,2;8;..;..;..;11;..;..;..;
KLARA Teoretiska Gymnasium Stockholm Norra;73812226;Stockholm;0180;Enskild;KLARA Gymnasium Lärande AB;5565583282;Matematik 3C;5;..;..;..;4;..;..;..;1;..;..;..;
KLARA Teoretiska Gymnasium Stockholm Norra;73812226;Stockholm;0180;Enskild;KLARA Gymnasium Lärande AB;5565583282;Matematik 4;48;.;52,1;47,9;19;.;42,1;57,9;29;.;58,6;41,4;
KLARA Teoretiska Gymnasium Stockholm Norra;73812226;Stockholm;0180;Enskild;KLARA Gymnasium Lärande AB;5565583282;Svenska 3;99;12,1;60,6;27,3;50;2,0;66,0;32,0;49;22,4;55,1;22,4;
KLARA Teoretiska Gymnasium Stockholm Norra;73812226;Stockholm;0180;Enskild;KLARA Gymnasium Lärande AB;5565583282;Svenska som andraspråk 3;56;7,1;69,6;23,2;29;6,9;65,5;27,6;27;7,4;74,1;18,5;
KLARA Teoretiska Gymnasium Stockholm Södra;94717858;Stockholm;0180;Enskild;KLARA Gymnasium Kunskap AB;5566303938;Engelska 6;148;6,8;77,0;16,2;63;6,3;71,4;22,2;85;7,1;81,2;11,8;
KLARA Teoretiska Gymnasium Stockholm Södra;94717858;Stockholm;0180;Enskild;KLARA Gymnasium Kunskap AB;5566303938;Matematik 2B;82;.;89,0;11,0;44;.;88,6;11,4;38;.;89,5;10,5;
KLARA Teoretiska Gymnasium Stockholm Södra;94717858;Stockholm;0180;Enskild;KLARA Gymnasium Kunskap AB;5566303938;Matematik 3C;17;.;82,4;17,6;2;..;..;..;15;..;..;..;
KLARA Teoretiska Gymnasium Stockholm Södra;94717858;Stockholm;0180;Enskild;KLARA Gymnasium Kunskap AB;5566303938;Matematik 4;37;.;75,7;24,3;10;.;80,0;20,0;27;.;74,1;25,9;
KLARA Teoretiska Gymnasium Stockholm Södra;94717858;Stockholm;0180;Enskild;KLARA Gymnasium Kunskap AB;5566303938;Svenska 3;117;4,3;56,4;39,3;44;.;54,5;45,5;73;6,8;57,5;35,6;
KLARA Teoretiska Gymnasium Stockholm Östra;17911161;Stockholm;0180;Enskild;KLARA Gymnasium Bildning AB;5565286696;Engelska 6;131;13,7;69,5;16,8;86;18,6;66,3;15,1;45;4,4;75,6;20,0;
KLARA Teoretiska Gymnasium Stockholm Östra;17911161;Stockholm;0180;Enskild;KLARA Gymnasium Bildning AB;5565286696;Matematik 2B;72;.;45,8;54,2;52;.;42,3;57,7;20;.;55,0;45,0;
KLARA Teoretiska Gymnasium Stockholm Östra;17911161;Stockholm;0180;Enskild;KLARA Gymnasium Bildning AB;5565286696;Matematik 3B;14;.;71,4;28,6;10;..;..;..;4;..;..;..;
KLARA Teoretiska Gymnasium Stockholm Östra;17911161;Stockholm;0180;Enskild;KLARA Gymnasium Bildning AB;5565286696;Matematik 4;23;.;30,4;69,6;20;..;..;..;3;..;..;..;
KLARA Teoretiska Gymnasium Stockholm Östra;17911161;Stockholm;0180;Enskild;KLARA Gymnasium Bildning AB;5565286696;Svenska 3;57;8,8;52,6;38,6;34;.;58,8;41,2;23;21,7;43,5;34,8;
KLARA Teoretiska Gymnasium Stockholm Östra;17911161;Stockholm;0180;Enskild;KLARA Gymnasium Bildning AB;5565286696;Svenska som andraspråk 3;39;7,7;56,4;35,9;35;..;..;..;4;..;..;..;
Kristofferskolan, gy;53760158;Stockholm;0180;Enskild;Stiftelsen Kristofferskolan;8020018720;Engelska 6;46;10,9;73,9;15,2;32;9,4;78,1;12,5;14;14,3;64,3;21,4;
Kristofferskolan, gy;53760158;Stockholm;0180;Enskild;Stiftelsen Kristofferskolan;8020018720;Matematik 1B;16;.;68,8;31,3;12;..;..;..;4;..;..;..;
Kristofferskolan, gy;53760158;Stockholm;0180;Enskild;Stiftelsen Kristofferskolan;8020018720;Matematik 2B;12;.;91,7;8,3;9;..;..;..;3;..;..;..;
Kristofferskolan, gy;53760158;Stockholm;0180;Enskild;Stiftelsen Kristofferskolan;8020018720;Svenska 3;44;25,0;43,2;31,8;31;25,8;38,7;35,5;13;23,1;53,8;23,1;
Kulturama gymnasium;78422467;Stockholm;0180;Enskild;Medborgarskolan Stockholmsregionen;8020060524;Engelska 6;143;16,8;67,8;15,4;107;14,0;71,0;15,0;36;25,0;58,3;16,7;
Kulturama gymnasium;78422467;Stockholm;0180;Enskild;Medborgarskolan Stockholmsregionen;8020060524;Matematik 1B;170;.;81,2;18,8;129;.;79,8;20,2;41;.;85,4;14,6;
Kulturama gymnasium;78422467;Stockholm;0180;Enskild;Medborgarskolan Stockholmsregionen;8020060524;Svenska 3;112;4,5;43,8;51,8;90;5,6;43,3;51,1;22;.;45,5;54,5;
Kulturama gymnasium;78422467;Stockholm;0180;Enskild;Medborgarskolan Stockholmsregionen;8020060524;Svenska som andraspråk 3;2;..;..;..;.;.;.;.;2;..;..;..;
Kulturama Gymnasium Natur;37802196;Stockholm;0180;Enskild;Medborgarskolan Stockholmsregionen;8020060524;Engelska 6;20;5,0;90,0;5,0;16;..;..;..;4;..;..;..;
Kulturama Gymnasium Natur;37802196;Stockholm;0180;Enskild;Medborgarskolan Stockholmsregionen;8020060524;Svenska 3;14;.;50,0;50,0;11;..;..;..;3;..;..;..;
Kulturama Gymnasium Natur;37802196;Stockholm;0180;Enskild;Medborgarskolan Stockholmsregionen;8020060524;Svenska som andraspråk 3;1;..;..;..;1;..;..;..;.;.;.;.;
Kungl. Svenska Balettskolan gy 38683336;38683336;Stockholm;0180;Kommunal;Stockholms kommun;2120000142;Engelska 5;17;.;88,2;11,8;13;..;..;..;4;..;..;..;
Kungl. Svenska Balettskolan gy 38683336;38683336;Stockholm;0180;Kommunal;Stockholms kommun;2120000142;Matematik 1A;20;.;90,0;10,0;14;..;..;..;6;..;..;..;
Kungl. Svenska Balettskolan gy 38683336;38683336;Stockholm;0180;Kommunal;Stockholms kommun;2120000142;Svenska 1;18;27,8;38,9;33,3;12;..;..;..;6;..;..;..;
Kungl. Svenska Balettskolan gy 38683336;38683336;Stockholm;0180;Kommunal;Stockholms kommun;2120000142;Svenska som andraspråk 1;7;..;..;..;7;..;..;..;.;.;.;.;
Kungsh gy/Sthlms Musikgy 74812809;74812809;Stockholm;0180;Kommunal;Stockholms kommun;2120000142;Engelska 6;344;9,3;82,8;7,8;228;9,2;81,6;9,2;116;9,5;85,3;5,2;
Kungsh gy/Sthlms Musikgy 74812809;74812809;Stockholm;0180;Kommunal;Stockholms kommun;2120000142;Matematik 1B;29;.;69,0;31,0;18;.;61,1;38,9;11;.;81,8;18,2;
Kungsh gy/Sthlms Musikgy 74812809;74812809;Stockholm;0180;Kommunal;Stockholms kommun;2120000142;Matematik 2B;119;.;89,1;10,9;91;.;90,1;9,9;28;.;85,7;14,3;
Kungsh gy/Sthlms Musikgy 74812809;74812809;Stockholm;0180;Kommunal;Stockholms kommun;2120000142;Matematik 3B;26;.;88,5;11,5;20;..;..;..;6;..;..;..;
Kungsh gy/Sthlms Musikgy 74812809;74812809;Stockholm;0180;Kommunal;Stockholms kommun;2120000142;Matematik 4;92;.;62,0;38,0;63;.;61,9;38,1;29;.;62,1;37,9;
Kungsh gy/Sthlms Musikgy 74812809;74812809;Stockholm;0180;Kommunal;Stockholms kommun;2120000142;Svenska 3;237;2,5;72,6;24,9;162;0,6;72,8;26,5;75;6,7;72,0;21,3;
Kungsh gy/Sthlms Musikgy 74812809;74812809;Stockholm;0180;Kommunal;Stockholms kommun;2120000142;Svenska som andraspråk 3;29;.;89,7;10,3;18;.;88,9;11,1;11;.;90,9;9,1;
Kungsholmens Västra Gymnasium 95618280;95618280;Stockholm;0180;Kommunal;Stockholms kommun;2120000142;Engelska 5;47;2,1;42,6;55,3;40;..;..;..;7;..;..;..;
Kungsholmens Västra Gymnasium 95618280;95618280;Stockholm;0180;Kommunal;Stockholms kommun;2120000142;Engelska 6;225;8,0;67,1;24,9;141;7,8;66,7;25,5;84;8,3;67,9;23,8;
Kungsholmens Västra Gymnasium 95618280;95618280;Stockholm;0180;Kommunal;Stockholms kommun;2120000142;Matematik 1A;48;.;50,0;50,0;39;..;..;..;9;..;..;..;
Kungsholmens Västra Gymnasium 95618280;95618280;Stockholm;0180;Kommunal;Stockholms kommun;2120000142;Matematik 2B;150;.;60,7;39,3;105;.;63,8;36,2;45;.;53,3;46,7;
Kungsholmens Västra Gymnasium 95618280;95618280;Stockholm;0180;Kommunal;Stockholms kommun;2120000142;Matematik 4;55;1,8;72,7;25,5;19;.;68,4;31,6;36;2,8;75,0;22,2;
Kungsholmens Västra Gymnasium 95618280;95618280;Stockholm;0180;Kommunal;Stockholms kommun;2120000142;Svenska 1;19;.;42,1;57,9;16;..;..;..;3;..;..;..;
Kungsholmens Västra Gymnasium 95618280;95618280;Stockholm;0180;Kommunal;Stockholms kommun;2120000142;Svenska 3;125;6,4;53,6;40,0;65;6,2;53,8;40,0;60;6,7;53,3;40,0;
Kungsholmens Västra Gymnasium 95618280;95618280;Stockholm;0180;Kommunal;Stockholms kommun;2120000142;Svenska som andraspråk 1;14;14,3;57,1;28,6;10;..;..;..;4;..;..;..;
Kungsholmens Västra Gymnasium 95618280;95618280;Stockholm;0180;Kommunal;Stockholms kommun;2120000142;Svenska som andraspråk 3;43;14,0;58,1;27,9;31;16,1;51,6;32,3;12;8,3;75,0;16,7;
Kungstensgymnasiet;75075402;Stockholm;0180;Enskild;Folkuniversitetet Stift Kursverksamheten vid Stockholms Universitet;8020064096;Engelska 6;152;13,2;62,5;24,3;109;12,8;60,6;26,6;43;14,0;67,4;18,6;
Kungstensgymnasiet;75075402;Stockholm;0180;Enskild;Folkuniversitetet Stift Kursverksamheten vid Stockholms Universitet;8020064096;Matematik 1B;35;.;88,6;11,4;24;.;91,7;8,3;11;.;81,8;18,2;
Kungstensgymnasiet;75075402;Stockholm;0180;Enskild;Folkuniversitetet Stift Kursverksamheten vid Stockholms Universitet;8020064096;Matematik 2B;59;.;81,4;18,6;43;.;79,1;20,9;16;.;87,5;12,5;
Kungstensgymnasiet;75075402;Stockholm;0180;Enskild;Folkuniversitetet Stift Kursverksamheten vid Stockholms Universitet;8020064096;Matematik 3B;26;7,7;80,8;11,5;10;10,0;80,0;10,0;16;6,3;81,3;12,5;
Kungstensgymnasiet;75075402;Stockholm;0180;Enskild;Folkuniversitetet Stift Kursverksamheten vid Stockholms Universitet;8020064096;Svenska 3;131;12,2;54,2;33,6;90;8,9;53,3;37,8;41;19,5;56,1;24,4;
Kungstensgymnasiet;75075402;Stockholm;0180;Enskild;Folkuniversitetet Stift Kursverksamheten vid Stockholms Universitet;8020064096;Svenska som andraspråk 3;1;..;..;..;1;..;..;..;.;.;.;.;
Kunskapsgymnasiet Globen;26326048;Stockholm;0180;Enskild;Kunskapsskolan i Sverige Aktiebolag;5565661815;Engelska 6;45;11,1;77,8;11,1;10;.;100,0;.;35;14,3;71,4;14,3;
Kunskapsgymnasiet Globen;26326048;Stockholm;0180;Enskild;Kunskapsskolan i Sverige Aktiebolag;5565661815;Matematik 2B;53;.;43,4;56,6;24;.;33,3;66,7;29;.;51,7;48,3;
Kunskapsgymnasiet Globen;26326048;Stockholm;0180;Enskild;Kunskapsskolan i Sverige Aktiebolag;5565661815;Matematik 3B;22;.;72,7;27,3;4;..;..;..;18;..;..;..;
Kunskapsgymnasiet Globen;26326048;Stockholm;0180;Enskild;Kunskapsskolan i Sverige Aktiebolag;5565661815;Svenska 1;9;..;..;..;7;..;..;..;2;..;..;..;
Kunskapsgymnasiet Globen;26326048;Stockholm;0180;Enskild;Kunskapsskolan i Sverige Aktiebolag;5565661815;Svenska 3;86;8,1;44,2;47,7;44;9,1;38,6;52,3;42;7,1;50,0;42,9;
Kunskapsgymnasiet Globen;26326048;Stockholm;0180;Enskild;Kunskapsskolan i Sverige Aktiebolag;5565661815;Svenska som andraspråk 1;8;..;..;..;5;..;..;..;3;..;..;..;
Kunskapsgymnasiet Globen;26326048;Stockholm;0180;Enskild;Kunskapsskolan i Sverige Aktiebolag;5565661815;Svenska som andraspråk 3;29;20,7;41,4;37,9;12;8,3;41,7;50,0;17;29,4;41,2;29,4;
Kunskapsgymnasiet Liljeholmen;49068301;Stockholm;0180;Enskild;Kunskapsskolan i Sverige Aktiebolag;5565661815;Engelska 6;73;4,1;79,5;16,4;37;2,7;75,7;21,6;36;5,6;83,3;11,1;
Kunskapsgymnasiet Liljeholmen;49068301;Stockholm;0180;Enskild;Kunskapsskolan i Sverige Aktiebolag;5565661815;Matematik 2B;36;.;30,6;69,4;23;.;39,1;60,9;13;.;15,4;84,6;
Kunskapsgymnasiet Liljeholmen;49068301;Stockholm;0180;Enskild;Kunskapsskolan i Sverige Aktiebolag;5565661815;Matematik 3C;13;.;38,5;61,5;2;..;..;..;11;..;..;..;
Kunskapsgymnasiet Liljeholmen;49068301;Stockholm;0180;Enskild;Kunskapsskolan i Sverige Aktiebolag;5565661815;Matematik 4;8;..;..;..;7;..;..;..;1;..;..;..;
Kunskapsgymnasiet Liljeholmen;49068301;Stockholm;0180;Enskild;Kunskapsskolan i Sverige Aktiebolag;5565661815;Svenska 3;38;2,6;36,8;60,5;25;.;16,0;84,0;13;7,7;76,9;15,4;
Kunskapsgymnasiet Liljeholmen;49068301;Stockholm;0180;Enskild;Kunskapsskolan i Sverige Aktiebolag;5565661815;Svenska som andraspråk 3;28;3,6;32,1;64,3;19;..;..;..;9;..;..;..;
Kärrtorps gymnasium 37839488;37839488;Stockholm;0180;Kommunal;Stockholms kommun;2120000142;Engelska 6;61;14,8;67,2;18,0;29;17,2;62,1;20,7;32;12,5;71,9;15,6;
Kärrtorps gymnasium 37839488;37839488;Stockholm;0180;Kommunal;Stockholms kommun;2120000142;Matematik 1A;9;..;..;..;2;..;..;..;7;..;..;..;
Kärrtorps gymnasium 37839488;37839488;Stockholm;0180;Kommunal;Stockholms kommun;2120000142;Matematik 2B;13;.;76,9;23,1;7;..;..;..;6;..;..;..;
Kärrtorps gymnasium 37839488;37839488;Stockholm;0180;Kommunal;Stockholms kommun;2120000142;Matematik 3B;11;.;54,5;45,5;1;..;..;..;10;..;..;..;
Kärrtorps gymnasium 37839488;37839488;Stockholm;0180;Kommunal;Stockholms kommun;2120000142;Svenska 1;2;..;..;..;.;.;.;.;2;..;..;..;
Kärrtorps gymnasium 37839488;37839488;Stockholm;0180;Kommunal;Stockholms kommun;2120000142;Svenska 3;23;17,4;69,6;13,0;16;..;..;..;7;..;..;..;
Kärrtorps gymnasium 37839488;37839488;Stockholm;0180;Kommunal;Stockholms kommun;2120000142;Svenska som andraspråk 3;21;.;81,0;19,0;12;..;..;..;9;..;..;..;
LBS Kreativa Gymnasiet Stockholm Södra;46256929;Stockholm;0180;Enskild;Ljud & Bildskolan LBS AB;5564851649;Engelska 6;143;8,4;80,4;11,2;45;2,2;80,0;17,8;98;11,2;80,6;8,2;
LBS Kreativa Gymnasiet Stockholm Södra;46256929;Stockholm;0180;Enskild;Ljud & Bildskolan LBS AB;5564851649;Matematik 1B;90;.;76,7;23,3;56;.;76,8;23,2;34;.;76,5;23,5;
LBS Kreativa Gymnasiet Stockholm Södra;46256929;Stockholm;0180;Enskild;Ljud & Bildskolan LBS AB;5564851649;Matematik 3C;67;.;98,5;1,5;9;..;..;..;58;..;..;..;
LBS Kreativa Gymnasiet Stockholm Södra;46256929;Stockholm;0180;Enskild;Ljud & Bildskolan LBS AB;5564851649;Svenska 3;118;1,7;81,4;16,9;27;.;70,4;29,6;91;2,2;84,6;13,2;
LBS Kreativa Gymnasiet Stockholm Södra;46256929;Stockholm;0180;Enskild;Ljud & Bildskolan LBS AB;5564851649;Svenska som andraspråk 3;21;.;90,5;9,5;3;..;..;..;18;..;..;..;
Lycée Francais Saint Louis, gy;59796774;Stockholm;0180;Enskild;Lycée Francais Saint-Louis;9020041852;Matematik 4;2;..;..;..;1;..;..;..;1;..;..;..;
Magelungens Gymnasium Liljeholmen;56942970;Stockholm;0180;Enskild;Magelungen Utveckling AB;5564891447;Engelska 5;12;.;91,7;8,3;9;..;..;..;3;..;..;..;
Magelungens gymnasium Södermalm;24147242;Stockholm;0180;Enskild;Magelungen Utveckling AB;5564891447;Engelska 6;9;..;..;..;5;..;..;..;4;..;..;..;
Magelungens gymnasium Södermalm;24147242;Stockholm;0180;Enskild;Magelungen Utveckling AB;5564891447;Matematik 2B;5;..;..;..;3;..;..;..;2;..;..;..;
Magelungens gymnasium Södermalm;24147242;Stockholm;0180;Enskild;Magelungen Utveckling AB;5564891447;Svenska 3;7;..;..;..;4;..;..;..;3;..;..;..;
Midsommarkransens gy 17675502;17675502;Stockholm;0180;Kommunal;Stockholms kommun;2120000142;Engelska 5;36;41,7;58,3;.;17;29,4;70,6;.;19;52,6;47,4;.;
Midsommarkransens gy 17675502;17675502;Stockholm;0180;Kommunal;Stockholms kommun;2120000142;Engelska 6;116;0,9;74,1;25,0;56;.;80,4;19,6;60;1,7;68,3;30,0;
Midsommarkransens gy 17675502;17675502;Stockholm;0180;Kommunal;Stockholms kommun;2120000142;Matematik 1A;34;.;58,8;41,2;17;.;52,9;47,1;17;.;64,7;35,3;
Midsommarkransens gy 17675502;17675502;Stockholm;0180;Kommunal;Stockholms kommun;2120000142;Matematik 2B;70;1,4;67,1;31,4;34;.;76,5;23,5;36;2,8;58,3;38,9;
Midsommarkransens gy 17675502;17675502;Stockholm;0180;Kommunal;Stockholms kommun;2120000142;Svenska 1;33;9,1;60,6;30,3;19;5,3;57,9;36,8;14;14,3;64,3;21,4;
Midsommarkransens gy 17675502;17675502;Stockholm;0180;Kommunal;Stockholms kommun;2120000142;Svenska 3;68;11,8;42,6;45,6;33;6,1;39,4;54,5;35;17,1;45,7;37,1;
Midsommarkransens gy 17675502;17675502;Stockholm;0180;Kommunal;Stockholms kommun;2120000142;Svenska som andraspråk 1;7;..;..;..;3;..;..;..;4;..;..;..;
Midsommarkransens gy 17675502;17675502;Stockholm;0180;Kommunal;Stockholms kommun;2120000142;Svenska som andraspråk 3;20;5,0;95,0;.;10;.;100,0;.;10;10,0;90,0;.;
Nordiska Musikgymnasiet;30762346;Stockholm;0180;Enskild;Nordiska Musikgymnasiet AB;5565851507;Engelska 6;12;.;66,7;33,3;5;..;..;..;7;..;..;..;
Nordiska Musikgymnasiet;30762346;Stockholm;0180;Enskild;Nordiska Musikgymnasiet AB;5565851507;Matematik 1B;7;..;..;..;4;..;..;..;3;..;..;..;
Nordiska Musikgymnasiet;30762346;Stockholm;0180;Enskild;Nordiska Musikgymnasiet AB;5565851507;Svenska 3;9;..;..;..;6;..;..;..;3;..;..;..;
Nordiska Musikgymnasiet;30762346;Stockholm;0180;Enskild;Nordiska Musikgymnasiet AB;5565851507;Svenska som andraspråk 3;2;..;..;..;1;..;..;..;1;..;..;..;
Norra Real 82964090;82964090;Stockholm;0180;Kommunal;Stockholms kommun;2120000142;Engelska 6;181;3,3;90,1;6,6;111;0,9;90,1;9,0;70;7,1;90,0;2,9;
Norra Real 82964090;82964090;Stockholm;0180;Kommunal;Stockholms kommun;2120000142;Matematik 1B;31;.;96,8;3,2;23;..;..;..;8;..;..;..;
Norra Real 82964090;82964090;Stockholm;0180;Kommunal;Stockholms kommun;2120000142;Matematik 2B;89;.;91,0;9,0;62;.;90,3;9,7;27;.;92,6;7,4;
Norra Real 82964090;82964090;Stockholm;0180;Kommunal;Stockholms kommun;2120000142;Matematik 4;91;.;91,2;8,8;52;.;94,2;5,8;39;.;87,2;12,8;
Norra Real 82964090;82964090;Stockholm;0180;Kommunal;Stockholms kommun;2120000142;Svenska 3;311;5,1;78,1;16,7;206;5,3;79,6;15,0;105;4,8;75,2;20,0;
Norra Real 82964090;82964090;Stockholm;0180;Kommunal;Stockholms kommun;2120000142;Svenska som andraspråk 3;5;..;..;..;4;..;..;..;1;..;..;..;
NTI Gymnasiet Stockholm;15390992;Stockholm;0180;Enskild;NTI Gymnasiet Macro AB;5561203679;Engelska 5;45;4,4;75,6;20,0;.;.;.;.;45;..;..;..;
NTI Gymnasiet Stockholm;15390992;Stockholm;0180;Enskild;NTI Gymnasiet Macro AB;5561203679;Engelska 6;174;27,6;64,4;8,0;39;20,5;69,2;10,3;135;29,6;63,0;7,4;
NTI Gymnasiet Stockholm;15390992;Stockholm;0180;Enskild;NTI Gymnasiet Macro AB;5561203679;Matematik 1A;53;3,8;90,6;5,7;2;..;..;..;51;..;..;..;
NTI Gymnasiet Stockholm;15390992;Stockholm;0180;Enskild;NTI Gymnasiet Macro AB;5561203679;Matematik 1B;49;4,1;73,5;22,4;32;.;84,4;15,6;17;11,8;52,9;35,3;
NTI Gymnasiet Stockholm;15390992;Stockholm;0180;Enskild;NTI Gymnasiet Macro AB;5561203679;Matematik 3C;119;.;83,2;16,8;13;.;53,8;46,2;106;.;86,8;13,2;
NTI Gymnasiet Stockholm;15390992;Stockholm;0180;Enskild;NTI Gymnasiet Macro AB;5561203679;Svenska 1;38;.;42,1;57,9;2;..;..;..;36;..;..;..;
NTI Gymnasiet Stockholm;15390992;Stockholm;0180;Enskild;NTI Gymnasiet Macro AB;5561203679;Svenska 3;151;9,9;55,6;34,4;38;2,6;55,3;42,1;113;12,4;55,8;31,9;
NTI Gymnasiet Stockholm;15390992;Stockholm;0180;Enskild;NTI Gymnasiet Macro AB;5561203679;Svenska som andraspråk 1;6;..;..;..;.;.;.;.;6;..;..;..;
NTI Gymnasiet Stockholm;15390992;Stockholm;0180;Enskild;NTI Gymnasiet Macro AB;5561203679;Svenska som andraspråk 3;12;.;58,3;41,7;7;..;..;..;5;..;..;..;
NTI Handelsgymnasiet Stockholm;15278518;Stockholm;0180;Enskild;NTI Gymnasiet Macro AB;5561203679;Engelska 5;48;20,8;66,7;12,5;14;.;78,6;21,4;34;29,4;61,8;8,8;
NTI Handelsgymnasiet Stockholm;15278518;Stockholm;0180;Enskild;NTI Gymnasiet Macro AB;5561203679;Engelska 6;54;20,4;59,3;20,4;13;23,1;46,2;30,8;41;19,5;63,4;17,1;
NTI Handelsgymnasiet Stockholm;15278518;Stockholm;0180;Enskild;NTI Gymnasiet Macro AB;5561203679;Matematik 1A;52;.;78,8;21,2;15;.;60,0;40,0;37;.;86,5;13,5;
NTI Handelsgymnasiet Stockholm;15278518;Stockholm;0180;Enskild;NTI Gymnasiet Macro AB;5561203679;Matematik 3B;61;.;98,4;1,6;17;.;94,1;5,9;44;.;100,0;.;
NTI Handelsgymnasiet Stockholm;15278518;Stockholm;0180;Enskild;NTI Gymnasiet Macro AB;5561203679;Svenska 1;44;2,3;61,4;36,4;10;.;50,0;50,0;34;2,9;64,7;32,4;
NTI Handelsgymnasiet Stockholm;15278518;Stockholm;0180;Enskild;NTI Gymnasiet Macro AB;5561203679;Svenska 3;54;7,4;59,3;33,3;14;.;28,6;71,4;40;10,0;70,0;20,0;
NTI Handelsgymnasiet Stockholm;15278518;Stockholm;0180;Enskild;NTI Gymnasiet Macro AB;5561203679;Svenska som andraspråk 1;1;..;..;..;.;.;.;.;1;..;..;..;
NTI Vetenskapsgymnasiet Stockholm;50644850;Stockholm;0180;Enskild;NTI Gymnasiet Macro AB;5561203679;Engelska 6;71;11,3;67,6;21,1;22;4,5;68,2;27,3;49;14,3;67,3;18,4;
NTI Vetenskapsgymnasiet Stockholm;50644850;Stockholm;0180;Enskild;NTI Gymnasiet Macro AB;5561203679;Matematik 4;27;.;92,6;7,4;11;.;81,8;18,2;16;.;100,0;.;
NTI Vetenskapsgymnasiet Stockholm;50644850;Stockholm;0180;Enskild;NTI Gymnasiet Macro AB;5561203679;Svenska 3;50;20,0;42,0;38,0;10;.;30,0;70,0;40;25,0;45,0;30,0;
NTI Vetenskapsgymnasiet Stockholm;50644850;Stockholm;0180;Enskild;NTI Gymnasiet Macro AB;5561203679;Svenska som andraspråk 3;20;15,0;55,0;30,0;10;.;60,0;40,0;10;30,0;50,0;20,0;
Odengymnasiet;63943560;Stockholm;0180;Enskild;Värmdö Tekniska Utbildningar Aktiebolag, Vtu;5563836757;Engelska 6;28;3,6;53,6;42,9;16;.;56,3;43,8;12;8,3;50,0;41,7;
Odengymnasiet;63943560;Stockholm;0180;Enskild;Värmdö Tekniska Utbildningar Aktiebolag, Vtu;5563836757;Matematik 1A;4;..;..;..;4;..;..;..;.;.;.;.;
P A Fogelströms gymnasium 24650116;24650116;Stockholm;0180;Kommunal;Stockholms kommun;2120000142;Engelska 6;197;4,6;86,8;8,6;124;5,6;83,9;10,5;73;2,7;91,8;5,5;
P A Fogelströms gymnasium 24650116;24650116;Stockholm;0180;Kommunal;Stockholms kommun;2120000142;Matematik 2B;63;1,6;90,5;7,9;48;2,1;87,5;10,4;15;.;100,0;.;
P A Fogelströms gymnasium 24650116;24650116;Stockholm;0180;Kommunal;Stockholms kommun;2120000142;Matematik 3B;63;.;79,4;20,6;33;.;84,8;15,2;30;.;73,3;26,7;
P A Fogelströms gymnasium 24650116;24650116;Stockholm;0180;Kommunal;Stockholms kommun;2120000142;Matematik 4;87;.;79,3;20,7;49;.;75,5;24,5;38;.;84,2;15,8;
P A Fogelströms gymnasium 24650116;24650116;Stockholm;0180;Kommunal;Stockholms kommun;2120000142;Svenska 3;197;4,1;87,3;8,6;117;4,3;87,2;8,5;80;3,8;87,5;8,8;
P A Fogelströms gymnasium 24650116;24650116;Stockholm;0180;Kommunal;Stockholms kommun;2120000142;Svenska som andraspråk 3;1;..;..;..;1;..;..;..;.;.;.;.;
Praktiska Gymnasiet Bromma;14926020;Stockholm;0180;Enskild;Praktiska Utbildning AB;5564781606;Engelska 5;52;1,9;80,8;17,3;4;..;..;..;48;..;..;..;
Praktiska Gymnasiet Bromma;14926020;Stockholm;0180;Enskild;Praktiska Utbildning AB;5564781606;Matematik 1A;45;.;42,2;57,8;3;..;..;..;42;..;..;..;
Praktiska Gymnasiet Bromma;14926020;Stockholm;0180;Enskild;Praktiska Utbildning AB;5564781606;Svenska 1;40;.;35,0;65,0;3;..;..;..;37;..;..;..;
Praktiska Gymnasiet Bromma;14926020;Stockholm;0180;Enskild;Praktiska Utbildning AB;5564781606;Svenska som andraspråk 1;4;..;..;..;.;.;.;.;4;..;..;..;
Praktiska Gymnasiet Stockholm Liljeholmen;38236800;Stockholm;0180;Enskild;Praktiska Sverige AB;5562575786;Engelska 5;75;24,0;53,3;22,7;23;26,1;43,5;30,4;52;23,1;57,7;19,2;
Praktiska Gymnasiet Stockholm Liljeholmen;38236800;Stockholm;0180;Enskild;Praktiska Sverige AB;5562575786;Engelska 6;12;25,0;50,0;25,0;9;..;..;..;3;..;..;..;
Praktiska Gymnasiet Stockholm Liljeholmen;38236800;Stockholm;0180;Enskild;Praktiska Sverige AB;5562575786;Matematik 1A;105;.;24,8;75,2;40;.;20,0;80,0;65;.;27,7;72,3;
Praktiska Gymnasiet Stockholm Liljeholmen;38236800;Stockholm;0180;Enskild;Praktiska Sverige AB;5562575786;Svenska 1;67;3,0;28,4;68,7;26;7,7;23,1;69,2;41;.;31,7;68,3;
Praktiska Gymnasiet Stockholm Liljeholmen;38236800;Stockholm;0180;Enskild;Praktiska Sverige AB;5562575786;Svenska som andraspråk 1;15;.;66,7;33,3;5;..;..;..;10;..;..;..;
ProCivitas Privata Gymnasium Stockholm;59359012;Stockholm;0180;Enskild;ProCivitas Privata Gymnasium AB;5566157102;Engelska 6;121;2,5;90,9;6,6;82;2,4;90,2;7,3;39;2,6;92,3;5,1;
ProCivitas Privata Gymnasium Stockholm;59359012;Stockholm;0180;Enskild;ProCivitas Privata Gymnasium AB;5566157102;Matematik 2B;74;.;98,6;1,4;63;.;100,0;.;11;.;90,9;9,1;
ProCivitas Privata Gymnasium Stockholm;59359012;Stockholm;0180;Enskild;ProCivitas Privata Gymnasium AB;5566157102;Matematik 3B;32;.;93,8;6,3;15;.;86,7;13,3;17;.;100,0;.;
ProCivitas Privata Gymnasium Stockholm;59359012;Stockholm;0180;Enskild;ProCivitas Privata Gymnasium AB;5566157102;Svenska 3;105;6,7;81,0;12,4;68;4,4;80,9;14,7;37;10,8;81,1;8,1;
Påhlmans gymnasium;16784385;Stockholm;0180;Enskild;Medborgarskolan Stockholmsregionen;8020060524;Engelska 6;143;27,3;68,5;4,2;90;23,3;73,3;3,3;53;34,0;60,4;5,7;
Påhlmans gymnasium;16784385;Stockholm;0180;Enskild;Medborgarskolan Stockholmsregionen;8020060524;Matematik 2B;88;.;42,0;58,0;58;.;43,1;56,9;30;.;40,0;60,0;
Påhlmans gymnasium;16784385;Stockholm;0180;Enskild;Medborgarskolan Stockholmsregionen;8020060524;Matematik 3B;21;.;57,1;42,9;5;..;..;..;16;..;..;..;
Påhlmans gymnasium;16784385;Stockholm;0180;Enskild;Medborgarskolan Stockholmsregionen;8020060524;Svenska 3;83;3,6;33,7;62,7;41;2,4;26,8;70,7;42;4,8;40,5;54,8;
Påhlmans gymnasium;16784385;Stockholm;0180;Enskild;Medborgarskolan Stockholmsregionen;8020060524;Svenska som andraspråk 3;3;..;..;..;1;..;..;..;2;..;..;..;
Realgymnasiet Stockholm;59026584;Stockholm;0180;Enskild;Lärande i Sverige AB;5565715892;Matematik 1A;3;..;..;..;2;..;..;..;1;..;..;..;
REFIS Rörentr. friskola Sthlm;79829846;Stockholm;0180;Enskild;REFIS Rör- och Elentreprenörernas friskola i Stockholm AB;5566285994;Engelska 5;82;19,5;56,1;24,4;4;..;..;..;78;..;..;..;
REFIS Rörentr. friskola Sthlm;79829846;Stockholm;0180;Enskild;REFIS Rör- och Elentreprenörernas friskola i Stockholm AB;5566285994;Matematik 1A;81;2,5;51,9;45,7;4;..;..;..;77;..;..;..;
REFIS Rörentr. friskola Sthlm;79829846;Stockholm;0180;Enskild;REFIS Rör- och Elentreprenörernas friskola i Stockholm AB;5566285994;Svenska 1;60;3,3;51,7;45,0;3;..;..;..;57;..;..;..;
RGRH Stockholm, Riksgymnasium  för rörelsehindrade elever 89963319;89963319;Stockholm;0180;Kommunal;Stockholms kommun;2120000142;Engelska 6;2;..;..;..;2;..;..;..;.;.;.;.;
RGRH Stockholm, Riksgymnasium  för rörelsehindrade elever 89963319;89963319;Stockholm;0180;Kommunal;Stockholms kommun;2120000142;Matematik 2B;1;..;..;..;1;..;..;..;.;.;.;.;
RGRH Stockholm, Riksgymnasium  för rörelsehindrade elever 89963319;89963319;Stockholm;0180;Kommunal;Stockholms kommun;2120000142;Svenska 1;1;..;..;..;1;..;..;..;.;.;.;.;
RGRH Stockholm, Riksgymnasium  för rörelsehindrade elever 89963319;89963319;Stockholm;0180;Kommunal;Stockholms kommun;2120000142;Svenska 3;2;..;..;..;.;.;.;.;2;..;..;..;
Sjölins Gymnasium Södermalm;24339566;Stockholm;0180;Enskild;Sjölins Gymnasium AB;5563758399;Engelska 6;182;2,7;89,6;7,7;128;1,6;89,8;8,6;54;5,6;88,9;5,6;
Sjölins Gymnasium Södermalm;24339566;Stockholm;0180;Enskild;Sjölins Gymnasium AB;5563758399;Matematik 2B;71;.;87,3;12,7;58;.;89,7;10,3;13;.;76,9;23,1;
Sjölins Gymnasium Södermalm;24339566;Stockholm;0180;Enskild;Sjölins Gymnasium AB;5563758399;Matematik 3B;23;.;82,6;17,4;12;.;83,3;16,7;11;.;81,8;18,2;
Sjölins Gymnasium Södermalm;24339566;Stockholm;0180;Enskild;Sjölins Gymnasium AB;5563758399;Matematik 3C;21;.;95,2;4,8;10;.;90,0;10,0;11;.;100,0;.;
Sjölins Gymnasium Södermalm;24339566;Stockholm;0180;Enskild;Sjölins Gymnasium AB;5563758399;Matematik 4;37;.;89,2;10,8;19;.;89,5;10,5;18;.;88,9;11,1;
Sjölins Gymnasium Södermalm;24339566;Stockholm;0180;Enskild;Sjölins Gymnasium AB;5563758399;Svenska 3;208;4,8;72,1;23,1;137;3,6;70,1;26,3;71;7,0;76,1;16,9;
Sjölins Gymnasium Södermalm;24339566;Stockholm;0180;Enskild;Sjölins Gymnasium AB;5563758399;Svenska som andraspråk 3;1;..;..;..;.;.;.;.;1;..;..;..;
Sjölins Gymnasium Vasastan;87844327;Stockholm;0180;Enskild;Sjölins Gymnasium AB;5563758399;Engelska 6;250;6,8;82,4;10,8;171;5,8;83,6;10,5;79;8,9;79,7;11,4;
Sjölins Gymnasium Vasastan;87844327;Stockholm;0180;Enskild;Sjölins Gymnasium AB;5563758399;Matematik 2B;128;.;89,1;10,9;109;.;88,1;11,9;19;.;94,7;5,3;
Sjölins Gymnasium Vasastan;87844327;Stockholm;0180;Enskild;Sjölins Gymnasium AB;5563758399;Matematik 3B;33;.;60,6;39,4;11;.;63,6;36,4;22;.;59,1;40,9;
Sjölins Gymnasium Vasastan;87844327;Stockholm;0180;Enskild;Sjölins Gymnasium AB;5563758399;Matematik 3C;16;.;87,5;12,5;12;..;..;..;4;..;..;..;
Sjölins Gymnasium Vasastan;87844327;Stockholm;0180;Enskild;Sjölins Gymnasium AB;5563758399;Matematik 4;14;.;85,7;14,3;8;..;..;..;6;..;..;..;
Sjölins Gymnasium Vasastan;87844327;Stockholm;0180;Enskild;Sjölins Gymnasium AB;5563758399;Svenska 3;139;4,3;77,0;18,7;68;5,9;77,9;16,2;71;2,8;76,1;21,1;
Sjölins Gymnasium Vasastan;87844327;Stockholm;0180;Enskild;Sjölins Gymnasium AB;5563758399;Svenska som andraspråk 3;1;..;..;..;1;..;..;..;.;.;.;.;
Sjömansskolan;20061769;Stockholm;0180;Enskild;Sjömansskolan Stockholm AB;5565662409;Engelska 5;11;18,2;72,7;9,1;1;..;..;..;10;..;..;..;
Sjömansskolan;20061769;Stockholm;0180;Enskild;Sjömansskolan Stockholm AB;5565662409;Matematik 1A;10;.;90,0;10,0;1;..;..;..;9;..;..;..;
Sjömansskolan;20061769;Stockholm;0180;Enskild;Sjömansskolan Stockholm AB;5565662409;Svenska 1;9;..;..;..;.;.;.;.;9;..;..;..;
Snitz Gymnasium;95154882;Stockholm;0180;Enskild;Swedish Education Group AB;5565042255;Engelska 5;10;.;70,0;30,0;.;.;.;.;10;..;..;..;
Snitz Gymnasium;95154882;Stockholm;0180;Enskild;Swedish Education Group AB;5565042255;Engelska 6;31;19,4;51,6;29,0;12;25,0;41,7;33,3;19;15,8;57,9;26,3;
Snitz Gymnasium;95154882;Stockholm;0180;Enskild;Swedish Education Group AB;5565042255;Matematik 1A;12;.;41,7;58,3;.;.;.;.;12;..;..;..;
Snitz Gymnasium;95154882;Stockholm;0180;Enskild;Swedish Education Group AB;5565042255;Matematik 1B;17;.;47,1;52,9;10;..;..;..;7;..;..;..;
Snitz Gymnasium;95154882;Stockholm;0180;Enskild;Swedish Education Group AB;5565042255;Svenska 1;7;..;..;..;.;.;.;.;7;..;..;..;
Snitz Gymnasium;95154882;Stockholm;0180;Enskild;Swedish Education Group AB;5565042255;Svenska 3;15;.;53,3;46,7;9;..;..;..;6;..;..;..;
Snitz Gymnasium;95154882;Stockholm;0180;Enskild;Swedish Education Group AB;5565042255;Svenska som andraspråk 3;2;..;..;..;.;.;.;.;2;..;..;..;
Sofiaängens skola;86086213;Stockholm;0180;Enskild;Sofiaängen AB;5565980942;Engelska 6;4;..;..;..;3;..;..;..;1;..;..;..;
Sofiaängens skola;86086213;Stockholm;0180;Enskild;Sofiaängen AB;5565980942;Matematik 2B;2;..;..;..;1;..;..;..;1;..;..;..;
Sofiaängens skola;86086213;Stockholm;0180;Enskild;Sofiaängen AB;5565980942;Svenska 3;4;..;..;..;1;..;..;..;3;..;..;..;
S:t Eriks gymnasium 65666808;65666808;Stockholm;0180;Kommunal;Stockholms kommun;2120000142;Engelska 5;119;18,5;71,4;10,1;53;15,1;73,6;11,3;66;21,2;69,7;9,1;
S:t Eriks gymnasium 65666808;65666808;Stockholm;0180;Kommunal;Stockholms kommun;2120000142;Engelska 6;151;14,6;76,2;9,3;91;14,3;75,8;9,9;60;15,0;76,7;8,3;
S:t Eriks gymnasium 65666808;65666808;Stockholm;0180;Kommunal;Stockholms kommun;2120000142;Matematik 1A;72;.;15,3;84,7;40;.;12,5;87,5;32;.;18,8;81,3;
S:t Eriks gymnasium 65666808;65666808;Stockholm;0180;Kommunal;Stockholms kommun;2120000142;Matematik 1B;113;2,7;84,1;13,3;73;4,1;89,0;6,8;40;.;75,0;25,0;
S:t Eriks gymnasium 65666808;65666808;Stockholm;0180;Kommunal;Stockholms kommun;2120000142;Matematik 2B;47;.;61,7;38,3;27;.;51,9;48,1;20;.;75,0;25,0;
S:t Eriks gymnasium 65666808;65666808;Stockholm;0180;Kommunal;Stockholms kommun;2120000142;Matematik 4;18;.;77,8;22,2;9;..;..;..;9;..;..;..;
S:t Eriks gymnasium 65666808;65666808;Stockholm;0180;Kommunal;Stockholms kommun;2120000142;Svenska 1;93;7,5;51,6;40,9;40;10,0;45,0;45,0;53;5,7;56,6;37,7;
S:t Eriks gymnasium 65666808;65666808;Stockholm;0180;Kommunal;Stockholms kommun;2120000142;Svenska 3;154;4,5;69,5;26,0;78;2,6;65,4;32,1;76;6,6;73,7;19,7;
S:t Eriks gymnasium 65666808;65666808;Stockholm;0180;Kommunal;Stockholms kommun;2120000142;Svenska som andraspråk 1;13;.;61,5;38,5;5;..;..;..;8;..;..;..;
S:t Eriks gymnasium 65666808;65666808;Stockholm;0180;Kommunal;Stockholms kommun;2120000142;Svenska som andraspråk 3;24;8,3;79,2;12,5;18;..;..;..;6;..;..;..;
Sthlm hotell & restaurangsk 30677562;30677562;Stockholm;0180;Kommunal;Stockholms kommun;2120000142;Engelska 5;73;13,7;65,8;20,5;32;15,6;65,6;18,8;41;12,2;65,9;22,0;
Sthlm hotell & restaurangsk 30677562;30677562;Stockholm;0180;Kommunal;Stockholms kommun;2120000142;Matematik 1A;93;1,1;49,5;49,5;48;.;52,1;47,9;45;2,2;46,7;51,1;
Sthlm hotell & restaurangsk 30677562;30677562;Stockholm;0180;Kommunal;Stockholms kommun;2120000142;Svenska 1;77;9,1;66,2;24,7;35;11,4;65,7;22,9;42;7,1;66,7;26,2;
Sthlm Transport- och fordonstekniska gymnasiet 85054102;85054102;Stockholm;0180;Kommunal;Stockholms kommun;2120000142;Engelska 5;28;17,9;67,9;14,3;6;..;..;..;22;..;..;..;
Sthlm Transport- och fordonstekniska gymnasiet 85054102;85054102;Stockholm;0180;Kommunal;Stockholms kommun;2120000142;Matematik 1A;38;2,6;52,6;44,7;7;..;..;..;31;..;..;..;
Sthlm Transport- och fordonstekniska gymnasiet 85054102;85054102;Stockholm;0180;Kommunal;Stockholms kommun;2120000142;Svenska 1;29;.;58,6;41,4;7;..;..;..;22;..;..;..;
Stiftelsen KFUM Söder Fryshuset, Fryshusets Gymnasium;24759907;Stockholm;0180;Enskild;Stiftelsen Fryshuset;8020111582;Engelska 5;22;13,6;81,8;4,5;5;..;..;..;17;..;..;..;
Stiftelsen KFUM Söder Fryshuset, Fryshusets Gymnasium;24759907;Stockholm;0180;Enskild;Stiftelsen Fryshuset;8020111582;Engelska 6;177;10,7;67,8;21,5;93;7,5;69,9;22,6;84;14,3;65,5;20,2;
Stockholm Science & Innovation School 78433202, SSIS;78433202;Stockholm;0180;Kommunal;Stockholms kommun;2120000142;Engelska 6;109;5,5;72,5;22,0;13;.;69,2;30,8;96;6,3;72,9;20,8;
Stockholm Science & Innovation School 78433202, SSIS;78433202;Stockholm;0180;Kommunal;Stockholms kommun;2120000142;Matematik 3C;54;.;83,3;16,7;8;..;..;..;46;..;..;..;
Stockholm Science & Innovation School 78433202, SSIS;78433202;Stockholm;0180;Kommunal;Stockholms kommun;2120000142;Matematik 4;60;.;100,0;.;6;..;..;..;54;..;..;..;
Stockholm Science & Innovation School 78433202, SSIS;78433202;Stockholm;0180;Kommunal;Stockholms kommun;2120000142;Svenska 3;114;1,8;34,2;64,0;15;.;33,3;66,7;99;2,0;34,3;63,6;
Stockholm Science & Innovation School 78433202, SSIS;78433202;Stockholm;0180;Kommunal;Stockholms kommun;2120000142;Svenska som andraspråk 3;3;..;..;..;.;.;.;.;3;..;..;..;
Stockholms Estetiska Gymnasium;35366805;Stockholm;0180;Enskild;Stockholms Estetiska Gymnasium Ek. För.;7696029995;Matematik 1B;73;.;74,0;26,0;55;.;69,1;30,9;18;.;88,9;11,1;
Stockholms Estetiska Gymnasium;35366805;Stockholm;0180;Enskild;Stockholms Estetiska Gymnasium Ek. För.;7696029995;Svenska 3;57;3,5;66,7;29,8;38;.;71,1;28,9;19;10,5;57,9;31,6;
Stockholms Estetiska Gymnasium;35366805;Stockholm;0180;Enskild;Stockholms Estetiska Gymnasium Ek. För.;7696029995;Svenska som andraspråk 3;9;..;..;..;8;..;..;..;1;..;..;..;
Stockholms Idrottsgymnasium;31315191;Stockholm;0180;Enskild;Stockholms Idrottsgymnasium AB;5567379226;Engelska 6;97;7,2;77,3;15,5;61;8,2;70,5;21,3;36;5,6;88,9;5,6;
Stockholms Idrottsgymnasium;31315191;Stockholm;0180;Enskild;Stockholms Idrottsgymnasium AB;5567379226;Matematik 2B;53;.;43,4;56,6;34;.;41,2;58,8;19;.;47,4;52,6;
Stockholms Idrottsgymnasium;31315191;Stockholm;0180;Enskild;Stockholms Idrottsgymnasium AB;5567379226;Matematik 3B;22;.;22,7;77,3;8;..;..;..;14;..;..;..;
Stockholms Idrottsgymnasium;31315191;Stockholm;0180;Enskild;Stockholms Idrottsgymnasium AB;5567379226;Matematik 3C;1;..;..;..;.;.;.;.;1;..;..;..;
Stockholms Idrottsgymnasium;31315191;Stockholm;0180;Enskild;Stockholms Idrottsgymnasium AB;5567379226;Matematik 4;23;.;13,0;87,0;11;.;18,2;81,8;12;.;8,3;91,7;
Stockholms Idrottsgymnasium;31315191;Stockholm;0180;Enskild;Stockholms Idrottsgymnasium AB;5567379226;Svenska 3;117;5,1;65,0;29,9;64;3,1;64,1;32,8;53;7,5;66,0;26,4;
Södra Latins gymnasium 89370947;89370947;Stockholm;0180;Kommunal;Stockholms kommun;2120000142;Engelska 6;317;10,7;83,3;6,0;228;11,4;81,1;7,5;89;9,0;88,8;2,2;
Södra Latins gymnasium 89370947;89370947;Stockholm;0180;Kommunal;Stockholms kommun;2120000142;Matematik 1B;155;0,6;99,4;.;100;.;100,0;.;55;1,8;98,2;.;
Södra Latins gymnasium 89370947;89370947;Stockholm;0180;Kommunal;Stockholms kommun;2120000142;Matematik 2B;86;.;98,8;1,2;66;.;98,5;1,5;20;.;100,0;.;
Södra Latins gymnasium 89370947;89370947;Stockholm;0180;Kommunal;Stockholms kommun;2120000142;Svenska 3;324;8,0;73,8;18,2;229;5,2;76,9;17,9;95;14,7;66,3;18,9;
Södra Latins gymnasium 89370947;89370947;Stockholm;0180;Kommunal;Stockholms kommun;2120000142;Svenska som andraspråk 3;2;..;..;..;2;..;..;..;.;.;.;.;
Teknik & Servicegymnasiet;18451445;Stockholm;0180;Enskild;Ludus AB;5568879018;Engelska 5;15;.;66,7;33,3;1;..;..;..;14;..;..;..;
Teknik & Servicegymnasiet;18451445;Stockholm;0180;Enskild;Ludus AB;5568879018;Matematik 1A;18;.;83,3;16,7;1;..;..;..;17;..;..;..;
Teknik & Servicegymnasiet;18451445;Stockholm;0180;Enskild;Ludus AB;5568879018;Svenska 1;11;.;9,1;90,9;1;..;..;..;10;..;..;..;
Teknik & Servicegymnasiet;18451445;Stockholm;0180;Enskild;Ludus AB;5568879018;Svenska som andraspråk 1;6;..;..;..;.;.;.;.;6;..;..;..;
Thoren Business School Stockholm;48555205;Stockholm;0180;Enskild;Thorengruppen AB;5566139290;Engelska 6;121;.;80,2;19,8;57;.;70,2;29,8;64;.;89,1;10,9;
Thorildsplans gymnasium 32116280;32116280;Stockholm;0180;Kommunal;Stockholms kommun;2120000142;Engelska 5;36;2,8;77,8;19,4;.;.;.;.;36;..;..;..;
Thorildsplans gymnasium 32116280;32116280;Stockholm;0180;Kommunal;Stockholms kommun;2120000142;Engelska 6;254;8,7;70,1;21,3;89;9,0;71,9;19,1;165;8,5;69,1;22,4;
Thorildsplans gymnasium 32116280;32116280;Stockholm;0180;Kommunal;Stockholms kommun;2120000142;Matematik 1A;44;2,3;65,9;31,8;1;..;..;..;43;..;..;..;
Thorildsplans gymnasium 32116280;32116280;Stockholm;0180;Kommunal;Stockholms kommun;2120000142;Matematik 2B;75;4,0;77,3;18,7;43;.;83,7;16,3;32;9,4;68,8;21,9;
Thorildsplans gymnasium 32116280;32116280;Stockholm;0180;Kommunal;Stockholms kommun;2120000142;Matematik 3B;51;.;52,9;47,1;16;.;43,8;56,3;35;.;57,1;42,9;
Thorildsplans gymnasium 32116280;32116280;Stockholm;0180;Kommunal;Stockholms kommun;2120000142;Matematik 3C;63;.;85,7;14,3;9;..;..;..;54;..;..;..;
Thorildsplans gymnasium 32116280;32116280;Stockholm;0180;Kommunal;Stockholms kommun;2120000142;Matematik 4;54;1,9;59,3;38,9;11;.;18,2;81,8;43;2,3;69,8;27,9;
Thorildsplans gymnasium 32116280;32116280;Stockholm;0180;Kommunal;Stockholms kommun;2120000142;Svenska 1;31;3,2;54,8;41,9;.;.;.;.;31;..;..;..;
Thorildsplans gymnasium 32116280;32116280;Stockholm;0180;Kommunal;Stockholms kommun;2120000142;Svenska 3;244;7,8;58,6;33,6;87;2,3;63,2;34,5;157;10,8;56,1;33,1;
Thorildsplans gymnasium 32116280;32116280;Stockholm;0180;Kommunal;Stockholms kommun;2120000142;Svenska som andraspråk 3;14;7,1;35,7;57,1;3;..;..;..;11;..;..;..;
Tyska skolan;53175499;Stockholm;0180;Enskild;Tyska Skolföreningen;8020056530;Engelska 6;34;47,1;50,0;2,9;18;38,9;55,6;5,6;16;56,3;43,8;.;
Tyska skolan;53175499;Stockholm;0180;Enskild;Tyska Skolföreningen;8020056530;Matematik 4;9;..;..;..;4;..;..;..;5;..;..;..;
Tyska skolan;53175499;Stockholm;0180;Enskild;Tyska Skolföreningen;8020056530;Svenska 3;20;.;90,0;10,0;11;..;..;..;9;..;..;..;
Viktor Rydberg gy. Jarlaplan;64388538;Stockholm;0180;Enskild;Stiftelsen Viktor Rydbergs Skolor;8120005650;Engelska 6;150;12,7;78,0;9,3;116;7,8;81,0;11,2;34;29,4;67,6;2,9;
Viktor Rydberg gy. Jarlaplan;64388538;Stockholm;0180;Enskild;Stiftelsen Viktor Rydbergs Skolor;8120005650;Matematik 1B;65;4,6;87,7;7,7;50;2,0;90,0;8,0;15;13,3;80,0;6,7;
Viktor Rydberg gy. Jarlaplan;64388538;Stockholm;0180;Enskild;Stiftelsen Viktor Rydbergs Skolor;8120005650;Matematik 2B;49;.;63,3;36,7;42;..;..;..;7;..;..;..;
Viktor Rydberg gy. Jarlaplan;64388538;Stockholm;0180;Enskild;Stiftelsen Viktor Rydbergs Skolor;8120005650;Matematik 3B;54;.;77,8;22,2;43;.;76,7;23,3;11;.;81,8;18,2;
Viktor Rydberg gy. Jarlaplan;64388538;Stockholm;0180;Enskild;Stiftelsen Viktor Rydbergs Skolor;8120005650;Svenska 3;164;.;83,5;16,5;137;.;85,4;14,6;27;.;74,1;25,9;
Viktor Rydberg gy. Jarlaplan;64388538;Stockholm;0180;Enskild;Stiftelsen Viktor Rydbergs Skolor;8120005650;Svenska som andraspråk 3;4;..;..;..;2;..;..;..;2;..;..;..;
Viktor Rydberg gy. Odenplan;52153758;Stockholm;0180;Enskild;Stiftelsen Viktor Rydbergs Skolor;8120005650;Engelska 6;194;14,9;73,7;11,3;114;14,0;78,9;7,0;80;16,3;66,3;17,5;
Viktor Rydberg gy. Odenplan;52153758;Stockholm;0180;Enskild;Stiftelsen Viktor Rydbergs Skolor;8120005650;Matematik 2B;30;.;76,7;23,3;28;..;..;..;2;..;..;..;
Viktor Rydberg gy. Odenplan;52153758;Stockholm;0180;Enskild;Stiftelsen Viktor Rydbergs Skolor;8120005650;Matematik 3B;68;.;83,8;16,2;34;.;82,4;17,6;34;.;85,3;14,7;
Viktor Rydberg gy. Odenplan;52153758;Stockholm;0180;Enskild;Stiftelsen Viktor Rydbergs Skolor;8120005650;Matematik 3C;13;.;100,0;.;10;..;..;..;3;..;..;..;
Viktor Rydberg gy. Odenplan;52153758;Stockholm;0180;Enskild;Stiftelsen Viktor Rydbergs Skolor;8120005650;Matematik 4;104;3,8;89,4;6,7;70;2,9;92,9;4,3;34;5,9;82,4;11,8;
Viktor Rydberg gy. Odenplan;52153758;Stockholm;0180;Enskild;Stiftelsen Viktor Rydbergs Skolor;8120005650;Svenska 3;198;3,0;79,8;17,2;141;1,4;81,6;17,0;57;7,0;75,4;17,5;
Viktor Rydberg gy. Odenplan;52153758;Stockholm;0180;Enskild;Stiftelsen Viktor Rydbergs Skolor;8120005650;Svenska som andraspråk 3;13;.;92,3;7,7;8;..;..;..;5;..;..;..;
Yrkesgymnasiet Skarpnäck;16501673;Stockholm;0180;Enskild;Thorengruppen AB;5566139290;Engelska 5;29;.;6,9;93,1;8;..;..;..;21;..;..;..;
Yrkesgymnasiet Skarpnäck;16501673;Stockholm;0180;Enskild;Thorengruppen AB;5566139290;Engelska 6;6;..;..;..;6;..;..;..;.;.;.;.;
Yrkesgymnasiet Skarpnäck;16501673;Stockholm;0180;Enskild;Thorengruppen AB;5566139290;Svenska 1;29;.;34,5;65,5;7;..;..;..;22;..;..;..;
Yrkesgymnasiet Skarpnäck;16501673;Stockholm;0180;Enskild;Thorengruppen AB;5566139290;Svenska som andraspråk 1;12;.;16,7;83,3;6;..;..;..;6;..;..;..;
Östra Reals gymnasium 99755443;99755443;Stockholm;0180;Kommunal;Stockholms kommun;2120000142;Engelska 6;293;4,4;85,3;10,2;171;5,3;84,2;10,5;122;3,3;86,9;9,8;
Östra Reals gymnasium 99755443;99755443;Stockholm;0180;Kommunal;Stockholms kommun;2120000142;Matematik 2B;122;0,8;94,3;4,9;88;.;94,3;5,7;34;2,9;94,1;2,9;
Östra Reals gymnasium 99755443;99755443;Stockholm;0180;Kommunal;Stockholms kommun;2120000142;Matematik 3B;84;4,8;94,0;1,2;51;3,9;94,1;2,0;33;6,1;93,9;.;
Östra Reals gymnasium 99755443;99755443;Stockholm;0180;Kommunal;Stockholms kommun;2120000142;Matematik 4;112;.;96,4;3,6;53;.;94,3;5,7;59;.;98,3;1,7;
Östra Reals gymnasium 99755443;99755443;Stockholm;0180;Kommunal;Stockholms kommun;2120000142;Svenska 3;338;5,9;63,6;30,5;203;3,9;67,5;28,6;135;8,9;57,8;33,3;
Östra Reals gymnasium 99755443;99755443;Stockholm;0180;Kommunal;Stockholms kommun;2120000142;Svenska som andraspråk 3;8;..;..;..;3;..;..;..;5;..;..;..;
Lundsbergs gymnasieskola;30167976;Storfors;1760;Enskild;Stiftelsen Lundsbergs Skola;8740019362;Engelska 6;63;4,8;88,9;6,3;27;.;88,9;11,1;36;8,3;88,9;2,8;
Lundsbergs gymnasieskola;30167976;Storfors;1760;Enskild;Stiftelsen Lundsbergs Skola;8740019362;Matematik 2B;23;.;78,3;21,7;14;..;..;..;9;..;..;..;
Lundsbergs gymnasieskola;30167976;Storfors;1760;Enskild;Stiftelsen Lundsbergs Skola;8740019362;Matematik 3B;22;.;81,8;18,2;11;.;72,7;27,3;11;.;90,9;9,1;
Lundsbergs gymnasieskola;30167976;Storfors;1760;Enskild;Stiftelsen Lundsbergs Skola;8740019362;Svenska 3;60;6,7;73,3;20,0;38;10,5;63,2;26,3;22;.;90,9;9,1;
Lundsbergs gymnasieskola;30167976;Storfors;1760;Enskild;Stiftelsen Lundsbergs Skola;8740019362;Svenska som andraspråk 3;5;..;..;..;.;.;.;.;5;..;..;..;
Luspengymnasiet;50104466;Storuman;2421;Kommunal;Södra Lapplands Gymnasieförbund;2220003293;Engelska 5;8;..;..;..;3;..;..;..;5;..;..;..;
Luspengymnasiet;50104466;Storuman;2421;Kommunal;Södra Lapplands Gymnasieförbund;2220003293;Engelska 6;6;..;..;..;3;..;..;..;3;..;..;..;
Luspengymnasiet;50104466;Storuman;2421;Kommunal;Södra Lapplands Gymnasieförbund;2220003293;Matematik 1A;5;..;..;..;3;..;..;..;2;..;..;..;
Luspengymnasiet;50104466;Storuman;2421;Kommunal;Södra Lapplands Gymnasieförbund;2220003293;Matematik 2B;3;..;..;..;3;..;..;..;.;.;.;.;
Luspengymnasiet;50104466;Storuman;2421;Kommunal;Södra Lapplands Gymnasieförbund;2220003293;Svenska 1;8;..;..;..;3;..;..;..;5;..;..;..;
Luspengymnasiet;50104466;Storuman;2421;Kommunal;Södra Lapplands Gymnasieförbund;2220003293;Svenska 3;1;..;..;..;1;..;..;..;.;.;.;.;
Tärnaby Alpina Gymnasium;28004794;Storuman;2421;Kommunal;Södra Lapplands Gymnasieförbund;2220003293;Engelska 6;9;..;..;..;6;..;..;..;3;..;..;..;
Tärnaby Alpina Gymnasium;28004794;Storuman;2421;Kommunal;Södra Lapplands Gymnasieförbund;2220003293;Matematik 2B;2;..;..;..;2;..;..;..;.;.;.;.;
Tärnaby Alpina Gymnasium;28004794;Storuman;2421;Kommunal;Södra Lapplands Gymnasieförbund;2220003293;Matematik 4;2;..;..;..;1;..;..;..;1;..;..;..;
Europaskolan Strängnäs;32071849;Strängnäs;0486;Enskild;Europaskolan Utbildning AB;5567478416;Engelska 6;139;1,4;79,9;18,7;85;2,4;82,4;15,3;54;.;75,9;24,1;
Europaskolan Strängnäs;32071849;Strängnäs;0486;Enskild;Europaskolan Utbildning AB;5567478416;Matematik 2B;52;.;84,6;15,4;44;..;..;..;8;..;..;..;
Europaskolan Strängnäs;32071849;Strängnäs;0486;Enskild;Europaskolan Utbildning AB;5567478416;Matematik 3B;32;.;84,4;15,6;15;.;80,0;20,0;17;.;88,2;11,8;
Europaskolan Strängnäs;32071849;Strängnäs;0486;Enskild;Europaskolan Utbildning AB;5567478416;Matematik 4;53;.;83,0;17,0;20;.;65,0;35,0;33;.;93,9;6,1;
Europaskolan Strängnäs;32071849;Strängnäs;0486;Enskild;Europaskolan Utbildning AB;5567478416;Svenska 3;136;3,7;80,1;16,2;81;3,7;75,3;21,0;55;3,6;87,3;9,1;
Thomasgymnasiet;79845033;Strängnäs;0486;Kommunal;Strängnäs kommun;2120000365;Engelska 5;19;26,3;63,2;10,5;13;..;..;..;6;..;..;..;
Thomasgymnasiet;79845033;Strängnäs;0486;Kommunal;Strängnäs kommun;2120000365;Engelska 6;48;8,3;81,3;10,4;13;.;76,9;23,1;35;11,4;82,9;5,7;
Thomasgymnasiet;79845033;Strängnäs;0486;Kommunal;Strängnäs kommun;2120000365;Matematik 1A;46;.;82,6;17,4;21;.;81,0;19,0;25;.;84,0;16,0;
Thomasgymnasiet;79845033;Strängnäs;0486;Kommunal;Strängnäs kommun;2120000365;Matematik 2B;20;.;85,0;15,0;9;..;..;..;11;..;..;..;
Thomasgymnasiet;79845033;Strängnäs;0486;Kommunal;Strängnäs kommun;2120000365;Matematik 3B;28;.;92,9;7,1;15;.;93,3;6,7;13;.;92,3;7,7;
Thomasgymnasiet;79845033;Strängnäs;0486;Kommunal;Strängnäs kommun;2120000365;Matematik 3C;10;.;70,0;30,0;.;.;.;.;10;..;..;..;
Thomasgymnasiet;79845033;Strängnäs;0486;Kommunal;Strängnäs kommun;2120000365;Matematik 4;2;..;..;..;.;.;.;.;2;..;..;..;
Thomasgymnasiet;79845033;Strängnäs;0486;Kommunal;Strängnäs kommun;2120000365;Svenska 1;45;4,4;68,9;26,7;18;5,6;72,2;22,2;27;3,7;66,7;29,6;
Thomasgymnasiet;79845033;Strängnäs;0486;Kommunal;Strängnäs kommun;2120000365;Svenska 3;65;6,2;67,7;26,2;33;3,0;69,7;27,3;32;9,4;65,6;25,0;
Thomasgymnasiet;79845033;Strängnäs;0486;Kommunal;Strängnäs kommun;2120000365;Svenska som andraspråk 3;5;..;..;..;.;.;.;.;5;..;..;..;
Strömstad Gymnasium, SGY1;70036612;Strömstad;1486;Kommunal;Strömstads kommun;2120001405;Engelska 5;23;.;100,0;.;9;..;..;..;14;..;..;..;
Strömstad Gymnasium, SGY1;70036612;Strömstad;1486;Kommunal;Strömstads kommun;2120001405;Matematik 1A;25;.;80,0;20,0;8;..;..;..;17;..;..;..;
Strömstad Gymnasium, SGY1;70036612;Strömstad;1486;Kommunal;Strömstads kommun;2120001405;Svenska 1;10;.;70,0;30,0;.;.;.;.;10;..;..;..;
Strömstad Gymnasium, SGY1;70036612;Strömstad;1486;Kommunal;Strömstads kommun;2120001405;Svenska som andraspråk 1;1;..;..;..;1;..;..;..;.;.;.;.;
Strömstad Gymnasium, SGY2;36936260;Strömstad;1486;Kommunal;Strömstads kommun;2120001405;Engelska 5;17;.;94,1;5,9;10;..;..;..;7;..;..;..;
Strömstad Gymnasium, SGY2;36936260;Strömstad;1486;Kommunal;Strömstads kommun;2120001405;Engelska 6;56;1,8;94,6;3,6;28;.;96,4;3,6;28;3,6;92,9;3,6;
Strömstad Gymnasium, SGY2;36936260;Strömstad;1486;Kommunal;Strömstads kommun;2120001405;Matematik 1A;18;.;100,0;.;9;..;..;..;9;..;..;..;
Strömstad Gymnasium, SGY2;36936260;Strömstad;1486;Kommunal;Strömstads kommun;2120001405;Matematik 2B;17;.;76,5;23,5;15;..;..;..;2;..;..;..;
Strömstad Gymnasium, SGY2;36936260;Strömstad;1486;Kommunal;Strömstads kommun;2120001405;Matematik 3B;10;.;90,0;10,0;4;..;..;..;6;..;..;..;
Strömstad Gymnasium, SGY2;36936260;Strömstad;1486;Kommunal;Strömstads kommun;2120001405;Matematik 4;4;..;..;..;4;..;..;..;.;.;.;.;
Strömstad Gymnasium, SGY2;36936260;Strömstad;1486;Kommunal;Strömstads kommun;2120001405;Svenska 1;21;4,8;81,0;14,3;13;..;..;..;8;..;..;..;
Strömstad Gymnasium, SGY2;36936260;Strömstad;1486;Kommunal;Strömstads kommun;2120001405;Svenska 3;38;10,5;68,4;21,1;23;13,0;65,2;21,7;15;6,7;73,3;20,0;
Strömstad Gymnasium, SGY2;36936260;Strömstad;1486;Kommunal;Strömstads kommun;2120001405;Svenska som andraspråk 1;6;..;..;..;4;..;..;..;2;..;..;..;
Strömstad Gymnasium, SGY2;36936260;Strömstad;1486;Kommunal;Strömstads kommun;2120001405;Svenska som andraspråk 3;3;..;..;..;1;..;..;..;2;..;..;..;
NTI Gymnasiet Sundbyberg;17276047;Sundbyberg;0183;Enskild;NTI Gymnasiet Ellips AB;5565970471;Engelska 5;14;.;92,9;7,1;.;.;.;.;14;..;..;..;
NTI Gymnasiet Sundbyberg;17276047;Sundbyberg;0183;Enskild;NTI Gymnasiet Ellips AB;5565970471;Engelska 6;17;5,9;58,8;35,3;2;..;..;..;15;..;..;..;
NTI Gymnasiet Sundbyberg;17276047;Sundbyberg;0183;Enskild;NTI Gymnasiet Ellips AB;5565970471;Matematik 1A;10;.;40,0;60,0;.;.;.;.;10;..;..;..;
NTI Gymnasiet Sundbyberg;17276047;Sundbyberg;0183;Enskild;NTI Gymnasiet Ellips AB;5565970471;Matematik 3C;16;6,3;62,5;31,3;2;..;..;..;14;..;..;..;
NTI Gymnasiet Sundbyberg;17276047;Sundbyberg;0183;Enskild;NTI Gymnasiet Ellips AB;5565970471;Svenska 1;9;..;..;..;.;.;.;.;9;..;..;..;
NTI Gymnasiet Sundbyberg;17276047;Sundbyberg;0183;Enskild;NTI Gymnasiet Ellips AB;5565970471;Svenska 3;21;9,5;71,4;19,0;2;..;..;..;19;..;..;..;
NTI Gymnasiet Sundbyberg;17276047;Sundbyberg;0183;Enskild;NTI Gymnasiet Ellips AB;5565970471;Svenska som andraspråk 1;2;..;..;..;.;.;.;.;2;..;..;..;
NTI Gymnasiet Sundbyberg;17276047;Sundbyberg;0183;Enskild;NTI Gymnasiet Ellips AB;5565970471;Svenska som andraspråk 3;5;..;..;..;1;..;..;..;4;..;..;..;
S:t Martins gymnasium;73217812;Sundbyberg;0183;Kommunal;Sundbybergs kommun;2120000175;Engelska 5;38;18,4;76,3;5,3;29;..;..;..;9;..;..;..;
S:t Martins gymnasium;73217812;Sundbyberg;0183;Kommunal;Sundbybergs kommun;2120000175;Matematik 1A;35;.;71,4;28,6;26;..;..;..;9;..;..;..;
S:t Martins gymnasium;73217812;Sundbyberg;0183;Kommunal;Sundbybergs kommun;2120000175;Svenska 1;29;10,3;79,3;10,3;21;..;..;..;8;..;..;..;
S:t Martins gymnasium;73217812;Sundbyberg;0183;Kommunal;Sundbybergs kommun;2120000175;Svenska som andraspråk 1;5;..;..;..;2;..;..;..;3;..;..;..;
Viktor Rydberg gy. Sundbyberg;78825169;Sundbyberg;0183;Enskild;Stiftelsen Viktor Rydbergs Skolor;8120005650;Engelska 6;171;2,9;87,1;9,9;74;2,7;85,1;12,2;97;3,1;88,7;8,2;
Viktor Rydberg gy. Sundbyberg;78825169;Sundbyberg;0183;Enskild;Stiftelsen Viktor Rydbergs Skolor;8120005650;Matematik 1B;27;.;96,3;3,7;24;..;..;..;3;..;..;..;
Viktor Rydberg gy. Sundbyberg;78825169;Sundbyberg;0183;Enskild;Stiftelsen Viktor Rydbergs Skolor;8120005650;Matematik 2B;29;.;96,6;3,4;24;..;..;..;5;..;..;..;
Viktor Rydberg gy. Sundbyberg;78825169;Sundbyberg;0183;Enskild;Stiftelsen Viktor Rydbergs Skolor;8120005650;Matematik 3B;59;.;94,9;5,1;19;.;89,5;10,5;40;.;97,5;2,5;
Viktor Rydberg gy. Sundbyberg;78825169;Sundbyberg;0183;Enskild;Stiftelsen Viktor Rydbergs Skolor;8120005650;Matematik 4;79;.;94,9;5,1;28;.;92,9;7,1;51;.;96,1;3,9;
Viktor Rydberg gy. Sundbyberg;78825169;Sundbyberg;0183;Enskild;Stiftelsen Viktor Rydbergs Skolor;8120005650;Svenska 3;234;5,6;68,4;26,1;117;3,4;65,0;31,6;117;7,7;71,8;20,5;
Viktor Rydberg gy. Sundbyberg;78825169;Sundbyberg;0183;Enskild;Stiftelsen Viktor Rydbergs Skolor;8120005650;Svenska som andraspråk 3;6;..;..;..;1;..;..;..;5;..;..;..;
Drottning Blankas Gymnasieskola Sundsvall;36769815;Sundsvall;2281;Enskild;DBGY Juvelen AB;5565789129;Engelska 5;14;7,1;78,6;14,3;14;..;..;..;.;.;.;.;
Drottning Blankas Gymnasieskola Sundsvall;36769815;Sundsvall;2281;Enskild;DBGY Juvelen AB;5565789129;Engelska 6;15;.;80,0;20,0;13;..;..;..;2;..;..;..;
Drottning Blankas Gymnasieskola Sundsvall;36769815;Sundsvall;2281;Enskild;DBGY Juvelen AB;5565789129;Matematik 1A;13;.;69,2;30,8;13;..;..;..;.;.;.;.;
Drottning Blankas Gymnasieskola Sundsvall;36769815;Sundsvall;2281;Enskild;DBGY Juvelen AB;5565789129;Matematik 2B;15;.;93,3;6,7;12;..;..;..;3;..;..;..;
Drottning Blankas Gymnasieskola Sundsvall;36769815;Sundsvall;2281;Enskild;DBGY Juvelen AB;5565789129;Svenska 1;14;.;42,9;57,1;14;..;..;..;.;.;.;.;
Drottning Blankas Gymnasieskola Sundsvall;36769815;Sundsvall;2281;Enskild;DBGY Juvelen AB;5565789129;Svenska 3;12;8,3;66,7;25,0;11;..;..;..;1;..;..;..;
Drottning Blankas Gymnasieskola Sundsvall;36769815;Sundsvall;2281;Enskild;DBGY Juvelen AB;5565789129;Svenska som andraspråk 3;1;..;..;..;1;..;..;..;.;.;.;.;
KLARA Teoretiska Gymnasium Sundsvall;21382451;Sundsvall;2281;Enskild;KLARA Gymnasium Lärande AB;5565583282;Engelska 6;85;.;80,0;20,0;61;.;77,0;23,0;24;.;87,5;12,5;
KLARA Teoretiska Gymnasium Sundsvall;21382451;Sundsvall;2281;Enskild;KLARA Gymnasium Lärande AB;5565583282;Matematik 2B;42;.;73,8;26,2;40;..;..;..;2;..;..;..;
KLARA Teoretiska Gymnasium Sundsvall;21382451;Sundsvall;2281;Enskild;KLARA Gymnasium Lärande AB;5565583282;Matematik 3B;15;.;86,7;13,3;12;..;..;..;3;..;..;..;
KLARA Teoretiska Gymnasium Sundsvall;21382451;Sundsvall;2281;Enskild;KLARA Gymnasium Lärande AB;5565583282;Matematik 4;26;.;73,1;26,9;20;..;..;..;6;..;..;..;
KLARA Teoretiska Gymnasium Sundsvall;21382451;Sundsvall;2281;Enskild;KLARA Gymnasium Lärande AB;5565583282;Svenska 3;82;4,9;56,1;39,0;60;3,3;61,7;35,0;22;9,1;40,9;50,0;
KLARA Teoretiska Gymnasium Sundsvall;21382451;Sundsvall;2281;Enskild;KLARA Gymnasium Lärande AB;5565583282;Svenska som andraspråk 3;7;..;..;..;6;..;..;..;1;..;..;..;
NTI Gymnasiet Sundsvall;48244956;Sundsvall;2281;Enskild;NTI Gymnasiet Macro AB;5561203679;Engelska 5;22;50,0;50,0;.;.;.;.;.;22;..;..;..;
NTI Gymnasiet Sundsvall;48244956;Sundsvall;2281;Enskild;NTI Gymnasiet Macro AB;5561203679;Engelska 6;32;40,6;53,1;6,3;9;..;..;..;23;..;..;..;
NTI Gymnasiet Sundsvall;48244956;Sundsvall;2281;Enskild;NTI Gymnasiet Macro AB;5561203679;Matematik 1A;26;3,8;80,8;15,4;.;.;.;.;26;..;..;..;
NTI Gymnasiet Sundsvall;48244956;Sundsvall;2281;Enskild;NTI Gymnasiet Macro AB;5561203679;Matematik 1B;13;.;69,2;30,8;6;..;..;..;7;..;..;..;
NTI Gymnasiet Sundsvall;48244956;Sundsvall;2281;Enskild;NTI Gymnasiet Macro AB;5561203679;Matematik 3C;23;.;87,0;13,0;5;..;..;..;18;..;..;..;
NTI Gymnasiet Sundsvall;48244956;Sundsvall;2281;Enskild;NTI Gymnasiet Macro AB;5561203679;Svenska 1;19;5,3;78,9;15,8;.;.;.;.;19;..;..;..;
NTI Gymnasiet Sundsvall;48244956;Sundsvall;2281;Enskild;NTI Gymnasiet Macro AB;5561203679;Svenska 3;32;9,4;59,4;31,3;3;..;..;..;29;..;..;..;
NTI Gymnasiet Sundsvall;48244956;Sundsvall;2281;Enskild;NTI Gymnasiet Macro AB;5561203679;Svenska som andraspråk 1;3;..;..;..;.;.;.;.;3;..;..;..;
NTI Gymnasiet Sundsvall;48244956;Sundsvall;2281;Enskild;NTI Gymnasiet Macro AB;5561203679;Svenska som andraspråk 3;3;..;..;..;1;..;..;..;2;..;..;..;
Praktiska Gymnasiet Sundsvall;16931486;Sundsvall;2281;Enskild;Praktiska Sverige AB;5562575786;Engelska 5;59;25,4;50,8;23,7;17;17,6;47,1;35,3;42;28,6;52,4;19,0;
Praktiska Gymnasiet Sundsvall;16931486;Sundsvall;2281;Enskild;Praktiska Sverige AB;5562575786;Matematik 1A;59;.;32,2;67,8;16;.;43,8;56,3;43;.;27,9;72,1;
Praktiska Gymnasiet Sundsvall;16931486;Sundsvall;2281;Enskild;Praktiska Sverige AB;5562575786;Svenska 1;54;.;53,7;46,3;16;.;43,8;56,3;38;.;57,9;42,1;
Praktiska Gymnasiet Sundsvall;16931486;Sundsvall;2281;Enskild;Praktiska Sverige AB;5562575786;Svenska som andraspråk 1;3;..;..;..;2;..;..;..;1;..;..;..;
Skvaderns gymnasieskola;43873969;Sundsvall;2281;Enskild;Norrlidens Kunskapscentrum AB;5566178215;Engelska 6;86;20,9;74,4;4,7;57;19,3;78,9;1,8;29;24,1;65,5;10,3;
Skvaderns gymnasieskola;43873969;Sundsvall;2281;Enskild;Norrlidens Kunskapscentrum AB;5566178215;Svenska 3;28;.;67,9;32,1;12;.;66,7;33,3;16;.;68,8;31,3;
Sundsvalls gymn. Hedbergska 1;89793044;Sundsvall;2281;Kommunal;Sundsvalls kommun;2120002411;Engelska 6;124;1,6;86,3;12,1;63;.;85,7;14,3;61;3,3;86,9;9,8;
Sundsvalls gymn. Hedbergska 1;89793044;Sundsvall;2281;Kommunal;Sundsvalls kommun;2120002411;Matematik 1B;22;.;90,9;9,1;12;.;91,7;8,3;10;.;90,0;10,0;
Sundsvalls gymn. Hedbergska 1;89793044;Sundsvall;2281;Kommunal;Sundsvalls kommun;2120002411;Matematik 2B;103;.;56,3;43,7;50;.;52,0;48,0;53;.;60,4;39,6;
Sundsvalls gymn. Hedbergska 1;89793044;Sundsvall;2281;Kommunal;Sundsvalls kommun;2120002411;Svenska 3;101;6,9;72,3;20,8;57;5,3;75,4;19,3;44;9,1;68,2;22,7;
Sundsvalls gymn. Hedbergska 1;89793044;Sundsvall;2281;Kommunal;Sundsvalls kommun;2120002411;Svenska som andraspråk 3;11;18,2;81,8;.;7;..;..;..;4;..;..;..;
Sundsvalls Gymn. Hedbergska 2;55825382;Sundsvall;2281;Kommunal;Sundsvalls kommun;2120002411;Engelska 6;107;21,5;67,3;11,2;60;13,3;76,7;10,0;47;31,9;55,3;12,8;
Sundsvalls Gymn. Hedbergska 2;55825382;Sundsvall;2281;Kommunal;Sundsvalls kommun;2120002411;Matematik 2B;34;.;73,5;26,5;28;..;..;..;6;..;..;..;
Sundsvalls Gymn. Hedbergska 2;55825382;Sundsvall;2281;Kommunal;Sundsvalls kommun;2120002411;Matematik 3B;57;.;80,7;19,3;23;.;82,6;17,4;34;.;79,4;20,6;
Sundsvalls Gymn. Hedbergska 2;55825382;Sundsvall;2281;Kommunal;Sundsvalls kommun;2120002411;Svenska 3;100;9,0;66,0;25,0;57;8,8;66,7;24,6;43;9,3;65,1;25,6;
Sundsvalls Gymn. Hedbergska 2;55825382;Sundsvall;2281;Kommunal;Sundsvalls kommun;2120002411;Svenska som andraspråk 3;5;..;..;..;.;.;.;.;5;..;..;..;
Sundsvalls Gymn. Hedbergska 3;19306558;Sundsvall;2281;Kommunal;Sundsvalls kommun;2120002411;Engelska 5;16;12,5;81,3;6,3;2;..;..;..;14;..;..;..;
Sundsvalls Gymn. Hedbergska 3;19306558;Sundsvall;2281;Kommunal;Sundsvalls kommun;2120002411;Matematik 1A;14;.;.;100,0;2;..;..;..;12;..;..;..;
Sundsvalls Gymn. Hedbergska 3;19306558;Sundsvall;2281;Kommunal;Sundsvalls kommun;2120002411;Svenska 1;16;.;31,3;68,8;2;..;..;..;14;..;..;..;
Sundsvalls Gymn. Hedbergska 4;35301145;Sundsvall;2281;Kommunal;Sundsvalls kommun;2120002411;Engelska 5;49;10,2;81,6;8,2;23;8,7;82,6;8,7;26;11,5;80,8;7,7;
Sundsvalls Gymn. Hedbergska 4;35301145;Sundsvall;2281;Kommunal;Sundsvalls kommun;2120002411;Matematik 1A;44;.;77,3;22,7;21;.;76,2;23,8;23;.;78,3;21,7;
Sundsvalls Gymn. Hedbergska 4;35301145;Sundsvall;2281;Kommunal;Sundsvalls kommun;2120002411;Svenska 1;38;.;44,7;55,3;19;.;42,1;57,9;19;.;47,4;52,6;
Sundsvalls Gymn. Hedbergska 4;35301145;Sundsvall;2281;Kommunal;Sundsvalls kommun;2120002411;Svenska som andraspråk 1;8;..;..;..;3;..;..;..;5;..;..;..;
Sundsvalls Gymn. Västermalm 1;24993048;Sundsvall;2281;Kommunal;Sundsvalls kommun;2120002411;Engelska 6;116;22,4;75,0;2,6;34;8,8;85,3;5,9;82;28,0;70,7;1,2;
Sundsvalls Gymn. Västermalm 1;24993048;Sundsvall;2281;Kommunal;Sundsvalls kommun;2120002411;Matematik 3C;50;.;86,0;14,0;14;.;100,0;.;36;.;80,6;19,4;
Sundsvalls Gymn. Västermalm 2;70132092;Sundsvall;2281;Kommunal;Sundsvalls kommun;2120002411;Engelska 5;67;6,0;77,6;16,4;6;..;..;..;61;..;..;..;
Sundsvalls Gymn. Västermalm 2;70132092;Sundsvall;2281;Kommunal;Sundsvalls kommun;2120002411;Matematik 1A;62;1,6;83,9;14,5;7;..;..;..;55;..;..;..;
Sundsvalls Gymn. Västermalm 2;70132092;Sundsvall;2281;Kommunal;Sundsvalls kommun;2120002411;Svenska 1;59;8,5;49,2;42,4;4;..;..;..;55;..;..;..;
Sundsvalls Gymn. Västermalm 2;70132092;Sundsvall;2281;Kommunal;Sundsvalls kommun;2120002411;Svenska som andraspråk 1;1;..;..;..;.;.;.;.;1;..;..;..;
Sundsvalls Gymn. Västermalm 5;13084253;Sundsvall;2281;Kommunal;Sundsvalls kommun;2120002411;Engelska 5;50;.;74,0;26,0;29;.;72,4;27,6;21;.;76,2;23,8;
Sundsvalls Gymn. Västermalm 5;13084253;Sundsvall;2281;Kommunal;Sundsvalls kommun;2120002411;Matematik 1A;67;.;80,6;19,4;37;.;78,4;21,6;30;.;83,3;16,7;
Sundsvalls Gymn. Västermalm 5;13084253;Sundsvall;2281;Kommunal;Sundsvalls kommun;2120002411;Svenska 1;49;.;24,5;75,5;27;.;29,6;70,4;22;.;18,2;81,8;
Sundsvalls Gymn. Västermalm 5;13084253;Sundsvall;2281;Kommunal;Sundsvalls kommun;2120002411;Svenska som andraspråk 1;7;..;..;..;2;..;..;..;5;..;..;..;
Thoren Business School Sundsvall;59942080;Sundsvall;2281;Enskild;Thorengruppen AB;5566139290;Matematik 2B;20;.;90,0;10,0;7;..;..;..;13;..;..;..;
Thoren Business School Sundsvall;59942080;Sundsvall;2281;Enskild;Thorengruppen AB;5566139290;Matematik 3B;11;.;100,0;.;.;.;.;.;11;..;..;..;
Sunne Gymnasieskola / Broby;66273269;Sunne;1766;Kommunal;Sunne kommun;2120001843;Engelska 5;21;4,8;90,5;4,8;3;..;..;..;18;..;..;..;
Sunne Gymnasieskola / Broby;66273269;Sunne;1766;Kommunal;Sunne kommun;2120001843;Engelska 6;18;5,6;61,1;33,3;8;..;..;..;10;..;..;..;
Sunne Gymnasieskola / Broby;66273269;Sunne;1766;Kommunal;Sunne kommun;2120001843;Matematik 3C;1;..;..;..;.;.;.;.;1;..;..;..;
Sunne Gymnasieskola / Broby;66273269;Sunne;1766;Kommunal;Sunne kommun;2120001843;Svenska 1;16;6,3;56,3;37,5;3;..;..;..;13;..;..;..;
Sunne Gymnasieskola / Broby;66273269;Sunne;1766;Kommunal;Sunne kommun;2120001843;Svenska 3;18;5,6;61,1;33,3;12;..;..;..;6;..;..;..;
Sunne Gymnasieskola / Broby;66273269;Sunne;1766;Kommunal;Sunne kommun;2120001843;Svenska som andraspråk 1;4;..;..;..;.;.;.;.;4;..;..;..;
Sunne Gymnasieskola / Södra Viken;82888663;Sunne;1766;Kommunal;Sunne kommun;2120001843;Engelska 5;76;9,2;78,9;11,8;17;5,9;76,5;17,6;59;10,2;79,7;10,2;
Sunne Gymnasieskola / Södra Viken;82888663;Sunne;1766;Kommunal;Sunne kommun;2120001843;Matematik 1A;80;.;71,3;28,8;18;.;66,7;33,3;62;.;72,6;27,4;
Sunne Gymnasieskola / Södra Viken;82888663;Sunne;1766;Kommunal;Sunne kommun;2120001843;Svenska 1;74;10,8;73,0;16,2;15;20,0;53,3;26,7;59;8,5;78,0;13,6;
Viljan;23384476;Surahammar;1907;Enskild;Viljan Friskola AB;5567777775;Engelska 6;2;..;..;..;.;.;.;.;2;..;..;..;
Viljan;23384476;Surahammar;1907;Enskild;Viljan Friskola AB;5567777775;Matematik 2B;1;..;..;..;1;..;..;..;.;.;.;.;
Svalöfs gymnasium;11275959;Svalöv;1214;Kommunal;Svalövs kommun;2120000993;Engelska 5;44;15,9;70,5;13,6;7;..;..;..;37;..;..;..;
Svalöfs gymnasium;11275959;Svalöv;1214;Kommunal;Svalövs kommun;2120000993;Matematik 1A;66;.;56,1;43,9;21;.;71,4;28,6;45;.;48,9;51,1;
Svalöfs gymnasium;11275959;Svalöv;1214;Kommunal;Svalövs kommun;2120000993;Matematik 4;4;..;..;..;3;..;..;..;1;..;..;..;
Svalöfs gymnasium;11275959;Svalöv;1214;Kommunal;Svalövs kommun;2120000993;Svenska 1;73;1,4;53,4;45,2;23;.;60,9;39,1;50;2,0;50,0;48,0;
Svalöfs gymnasium;11275959;Svalöv;1214;Kommunal;Svalövs kommun;2120000993;Svenska 3;3;..;..;..;2;..;..;..;1;..;..;..;
Svalöfs gymnasium;11275959;Svalöv;1214;Kommunal;Svalövs kommun;2120000993;Svenska som andraspråk 3;5;..;..;..;3;..;..;..;2;..;..;..;
Nils Fredriksson Utbildning, gymnasium;58518163;Svedala;1263;Kommunal;Svedala kommun;2120001074;Engelska 5;5;..;..;..;5;..;..;..;.;.;.;.;
Nils Fredriksson Utbildning, gymnasium;58518163;Svedala;1263;Kommunal;Svedala kommun;2120001074;Engelska 6;29;.;69,0;31,0;15;.;73,3;26,7;14;.;64,3;35,7;
Nils Fredriksson Utbildning, gymnasium;58518163;Svedala;1263;Kommunal;Svedala kommun;2120001074;Matematik 1A;11;.;54,5;45,5;9;..;..;..;2;..;..;..;
Nils Fredriksson Utbildning, gymnasium;58518163;Svedala;1263;Kommunal;Svedala kommun;2120001074;Matematik 2B;17;.;58,8;41,2;10;..;..;..;7;..;..;..;
Nils Fredriksson Utbildning, gymnasium;58518163;Svedala;1263;Kommunal;Svedala kommun;2120001074;Matematik 3C;1;..;..;..;1;..;..;..;.;.;.;.;
Nils Fredriksson Utbildning, gymnasium;58518163;Svedala;1263;Kommunal;Svedala kommun;2120001074;Matematik 4;2;..;..;..;2;..;..;..;.;.;.;.;
Nils Fredriksson Utbildning, gymnasium;58518163;Svedala;1263;Kommunal;Svedala kommun;2120001074;Svenska 1;7;..;..;..;6;..;..;..;1;..;..;..;
Nils Fredriksson Utbildning, gymnasium;58518163;Svedala;1263;Kommunal;Svedala kommun;2120001074;Svenska 3;43;2,3;53,5;44,2;17;.;47,1;52,9;26;3,8;57,7;38,5;
Nils Fredriksson Utbildning, gymnasium;58518163;Svedala;1263;Kommunal;Svedala kommun;2120001074;Svenska som andraspråk 3;3;..;..;..;3;..;..;..;.;.;.;.;
Naturbruksskolan Svenljunga;19035583;Svenljunga;1465;Region;Västra Götalandsregionen;2321000131;Engelska 5;33;15,2;69,7;15,2;5;..;..;..;28;..;..;..;
Naturbruksskolan Svenljunga;19035583;Svenljunga;1465;Region;Västra Götalandsregionen;2321000131;Svenska 1;35;2,9;74,3;22,9;6;..;..;..;29;..;..;..;
Herrgårdsgymnasiet 1;27993549;Säffle;1785;Kommunal;Säffle kommun;2120001900;Engelska 5;58;8,6;79,3;12,1;13;7,7;69,2;23,1;45;8,9;82,2;8,9;
Herrgårdsgymnasiet 1;27993549;Säffle;1785;Kommunal;Säffle kommun;2120001900;Matematik 1A;56;.;64,3;35,7;13;.;84,6;15,4;43;.;58,1;41,9;
Herrgårdsgymnasiet 1;27993549;Säffle;1785;Kommunal;Säffle kommun;2120001900;Svenska 1;52;.;76,9;23,1;10;.;60,0;40,0;42;.;81,0;19,0;
Herrgårdsgymnasiet 1;27993549;Säffle;1785;Kommunal;Säffle kommun;2120001900;Svenska 3;6;..;..;..;1;..;..;..;5;..;..;..;
Herrgårdsgymnasiet 1;27993549;Säffle;1785;Kommunal;Säffle kommun;2120001900;Svenska som andraspråk 1;1;..;..;..;.;.;.;.;1;..;..;..;
Herrgårdsgymnasiet 2;51285539;Säffle;1785;Kommunal;Säffle kommun;2120001900;Engelska 5;19;5,3;89,5;5,3;7;..;..;..;12;..;..;..;
Herrgårdsgymnasiet 2;51285539;Säffle;1785;Kommunal;Säffle kommun;2120001900;Matematik 1A;17;.;100,0;.;5;..;..;..;12;..;..;..;
Herrgårdsgymnasiet 2;51285539;Säffle;1785;Kommunal;Säffle kommun;2120001900;Svenska 1;17;5,9;41,2;52,9;6;..;..;..;11;..;..;..;
Herrgårdsgymnasiet 2;51285539;Säffle;1785;Kommunal;Säffle kommun;2120001900;Svenska som andraspråk 1;1;..;..;..;1;..;..;..;.;.;.;.;
Aleholm;37912396;Sävsjö;0684;Kommunal;Sävsjö kommun;2120000563;Engelska 5;28;7,1;57,1;35,7;11;9,1;45,5;45,5;17;5,9;64,7;29,4;
Aleholm;37912396;Sävsjö;0684;Kommunal;Sävsjö kommun;2120000563;Engelska 6;50;2,0;70,0;28,0;33;.;69,7;30,3;17;5,9;70,6;23,5;
Aleholm;37912396;Sävsjö;0684;Kommunal;Sävsjö kommun;2120000563;Matematik 1A;30;.;60,0;40,0;10;.;70,0;30,0;20;.;55,0;45,0;
Aleholm;37912396;Sävsjö;0684;Kommunal;Sävsjö kommun;2120000563;Matematik 2B;23;.;65,2;34,8;18;..;..;..;5;..;..;..;
Aleholm;37912396;Sävsjö;0684;Kommunal;Sävsjö kommun;2120000563;Matematik 3B;3;..;..;..;3;..;..;..;.;.;.;.;
Aleholm;37912396;Sävsjö;0684;Kommunal;Sävsjö kommun;2120000563;Svenska 1;20;.;65,0;35,0;1;..;..;..;19;..;..;..;
Aleholm;37912396;Sävsjö;0684;Kommunal;Sävsjö kommun;2120000563;Svenska 3;14;7,1;71,4;21,4;12;..;..;..;2;..;..;..;
Aleholm;37912396;Sävsjö;0684;Kommunal;Sävsjö kommun;2120000563;Svenska som andraspråk 1;6;..;..;..;4;..;..;..;2;..;..;..;
Aleholm;37912396;Sävsjö;0684;Kommunal;Sävsjö kommun;2120000563;Svenska som andraspråk 3;8;..;..;..;5;..;..;..;3;..;..;..;
Staffangymnasiet RO6;45593337;Söderhamn;2182;Kommunal;Hälsinglands Utbildningsförbund;2220003111;Engelska 6;89;10,1;85,4;4,5;48;16,7;77,1;6,3;41;2,4;95,1;2,4;
Staffangymnasiet RO6;45593337;Söderhamn;2182;Kommunal;Hälsinglands Utbildningsförbund;2220003111;Matematik 2B;34;.;79,4;20,6;30;..;..;..;4;..;..;..;
Staffangymnasiet RO6;45593337;Söderhamn;2182;Kommunal;Hälsinglands Utbildningsförbund;2220003111;Matematik 3C;4;..;..;..;1;..;..;..;3;..;..;..;
Staffangymnasiet RO6;45593337;Söderhamn;2182;Kommunal;Hälsinglands Utbildningsförbund;2220003111;Svenska 3;77;3,9;70,1;26,0;39;5,1;71,8;23,1;38;2,6;68,4;28,9;
Staffangymnasiet RO6;45593337;Söderhamn;2182;Kommunal;Hälsinglands Utbildningsförbund;2220003111;Svenska som andraspråk 3;10;.;80,0;20,0;5;..;..;..;5;..;..;..;
Staffangymnasiet RO7;90312942;Söderhamn;2182;Kommunal;Hälsinglands Utbildningsförbund;2220003111;Engelska 5;18;.;94,4;5,6;14;..;..;..;4;..;..;..;
Staffangymnasiet RO7;90312942;Söderhamn;2182;Kommunal;Hälsinglands Utbildningsförbund;2220003111;Matematik 1A;101;1,0;89,1;9,9;34;.;91,2;8,8;67;1,5;88,1;10,4;
Staffangymnasiet RO7;90312942;Söderhamn;2182;Kommunal;Hälsinglands Utbildningsförbund;2220003111;Svenska 1;21;4,8;57,1;38,1;18;..;..;..;3;..;..;..;
Staffangymnasiet RO7;90312942;Söderhamn;2182;Kommunal;Hälsinglands Utbildningsförbund;2220003111;Svenska som andraspråk 1;6;..;..;..;4;..;..;..;2;..;..;..;
Nyströmska skolan 1;10226870;Söderköping;0582;Kommunal;Söderköpings kommun;2120000464;Engelska 6;41;2,4;87,8;9,8;21;.;85,7;14,3;20;5,0;90,0;5,0;
Nyströmska skolan 1;10226870;Söderköping;0582;Kommunal;Söderköpings kommun;2120000464;Matematik 4;19;.;47,4;52,6;9;..;..;..;10;..;..;..;
Nyströmska skolan 1;10226870;Söderköping;0582;Kommunal;Söderköpings kommun;2120000464;Svenska 3;14;7,1;78,6;14,3;6;..;..;..;8;..;..;..;
Nyströmska skolan 1;10226870;Söderköping;0582;Kommunal;Söderköpings kommun;2120000464;Svenska som andraspråk 3;10;.;70,0;30,0;5;..;..;..;5;..;..;..;
Nyströmska skolan 3;37583611;Söderköping;0582;Kommunal;Söderköpings kommun;2120000464;Matematik 1A;12;.;83,3;16,7;6;..;..;..;6;..;..;..;
Nyströmska skolan 3;37583611;Söderköping;0582;Kommunal;Söderköpings kommun;2120000464;Svenska 1;18;.;88,9;11,1;9;..;..;..;9;..;..;..;
Nyströmska skolan 3;37583611;Söderköping;0582;Kommunal;Söderköpings kommun;2120000464;Svenska som andraspråk 1;3;..;..;..;1;..;..;..;2;..;..;..;
Järna Naturbruksgymnasium;80280597;Södertälje;0181;Enskild;Nibblestiftelsen;8020024405;Engelska 5;6;..;..;..;1;..;..;..;5;..;..;..;
Järna Naturbruksgymnasium;80280597;Södertälje;0181;Enskild;Nibblestiftelsen;8020024405;Matematik 1A;3;..;..;..;1;..;..;..;2;..;..;..;
Järna Naturbruksgymnasium;80280597;Södertälje;0181;Enskild;Nibblestiftelsen;8020024405;Svenska 1;6;..;..;..;1;..;..;..;5;..;..;..;
Mälardalens Tekniska Gymnasium;67628478;Södertälje;0181;Enskild;Mälardalens Tekniska Gymnasium Aktiebolag;5565484754;Engelska 5;69;1,4;87,0;11,6;10;.;80,0;20,0;59;1,7;88,1;10,2;
Mälardalens Tekniska Gymnasium;67628478;Södertälje;0181;Enskild;Mälardalens Tekniska Gymnasium Aktiebolag;5565484754;Svenska 1;63;4,8;77,8;17,5;9;..;..;..;54;..;..;..;
Mälardalens Tekniska Gymnasium;67628478;Södertälje;0181;Enskild;Mälardalens Tekniska Gymnasium Aktiebolag;5565484754;Svenska 3;63;6,3;87,3;6,3;8;..;..;..;55;..;..;..;
Novalisgymnasiet;68485877;Södertälje;0181;Enskild;Stiftelsen Novalis;8156008172;Engelska 6;5;..;..;..;3;..;..;..;2;..;..;..;
Novalisgymnasiet;68485877;Södertälje;0181;Enskild;Stiftelsen Novalis;8156008172;Matematik 1B;3;..;..;..;1;..;..;..;2;..;..;..;
Novalisgymnasiet;68485877;Södertälje;0181;Enskild;Stiftelsen Novalis;8156008172;Svenska 3;1;..;..;..;.;.;.;.;1;..;..;..;
NTI Gymnasiet Södertälje;37517404;Södertälje;0181;Enskild;NTI Gymnasiet Macro AB;5561203679;Engelska 5;23;.;100,0;.;.;.;.;.;23;..;..;..;
NTI Gymnasiet Södertälje;37517404;Södertälje;0181;Enskild;NTI Gymnasiet Macro AB;5561203679;Engelska 6;20;35,0;50,0;15,0;1;..;..;..;19;..;..;..;
NTI Gymnasiet Södertälje;37517404;Södertälje;0181;Enskild;NTI Gymnasiet Macro AB;5561203679;Matematik 1A;29;.;69,0;31,0;.;.;.;.;29;..;..;..;
NTI Gymnasiet Södertälje;37517404;Södertälje;0181;Enskild;NTI Gymnasiet Macro AB;5561203679;Matematik 3C;16;.;81,3;18,8;.;.;.;.;16;..;..;..;
NTI Gymnasiet Södertälje;37517404;Södertälje;0181;Enskild;NTI Gymnasiet Macro AB;5561203679;Svenska 1;11;.;72,7;27,3;.;.;.;.;11;..;..;..;
NTI Gymnasiet Södertälje;37517404;Södertälje;0181;Enskild;NTI Gymnasiet Macro AB;5561203679;Svenska 3;4;..;..;..;.;.;.;.;4;..;..;..;
NTI Gymnasiet Södertälje;37517404;Södertälje;0181;Enskild;NTI Gymnasiet Macro AB;5561203679;Svenska som andraspråk 1;8;..;..;..;.;.;.;.;8;..;..;..;
NTI Gymnasiet Södertälje;37517404;Södertälje;0181;Enskild;NTI Gymnasiet Macro AB;5561203679;Svenska som andraspråk 3;6;..;..;..;.;.;.;.;6;..;..;..;
Praktiska Gymnasiet Södertälje;29159460;Södertälje;0181;Enskild;Praktiska Sverige AB;5562575786;Engelska 5;28;.;96,4;3,6;16;.;100,0;.;12;.;91,7;8,3;
Praktiska Gymnasiet Södertälje;29159460;Södertälje;0181;Enskild;Praktiska Sverige AB;5562575786;Matematik 1A;59;3,4;52,5;44,1;27;.;40,7;59,3;32;6,3;62,5;31,3;
Praktiska Gymnasiet Södertälje;29159460;Södertälje;0181;Enskild;Praktiska Sverige AB;5562575786;Svenska 1;31;.;90,3;9,7;15;.;86,7;13,3;16;.;93,8;6,3;
Praktiska Gymnasiet Södertälje;29159460;Södertälje;0181;Enskild;Praktiska Sverige AB;5562575786;Svenska som andraspråk 1;19;5,3;89,5;5,3;10;..;..;..;9;..;..;..;
S:ta Ragnhildgymnasiet;32057701;Södertälje;0181;Enskild;S:ta Ragnhildgymnasiet AB;5564065687;Engelska 6;70;12,9;77,1;10,0;31;9,7;87,1;3,2;39;15,4;69,2;15,4;
S:ta Ragnhildgymnasiet;32057701;Södertälje;0181;Enskild;S:ta Ragnhildgymnasiet AB;5564065687;Matematik 3B;19;.;89,5;10,5;11;..;..;..;8;..;..;..;
S:ta Ragnhildgymnasiet;32057701;Södertälje;0181;Enskild;S:ta Ragnhildgymnasiet AB;5564065687;Matematik 4;23;4,3;82,6;13,0;9;..;..;..;14;..;..;..;
S:ta Ragnhildgymnasiet;32057701;Södertälje;0181;Enskild;S:ta Ragnhildgymnasiet AB;5564065687;Svenska 3;62;8,1;46,8;45,2;31;12,9;38,7;48,4;31;3,2;54,8;41,9;
S:ta Ragnhildgymnasiet;32057701;Södertälje;0181;Enskild;S:ta Ragnhildgymnasiet AB;5564065687;Svenska som andraspråk 3;8;..;..;..;4;..;..;..;4;..;..;..;
Torekällgymnasiet;43601850;Södertälje;0181;Kommunal;Södertälje kommun;2120000159;Engelska 5;42;11,9;73,8;14,3;17;11,8;70,6;17,6;25;12,0;76,0;12,0;
Torekällgymnasiet;43601850;Södertälje;0181;Kommunal;Södertälje kommun;2120000159;Matematik 1A;78;.;79,5;20,5;23;.;91,3;8,7;55;.;74,5;25,5;
Torekällgymnasiet;43601850;Södertälje;0181;Kommunal;Södertälje kommun;2120000159;Svenska 1;37;5,4;54,1;40,5;11;.;36,4;63,6;26;7,7;61,5;30,8;
Torekällgymnasiet;43601850;Södertälje;0181;Kommunal;Södertälje kommun;2120000159;Svenska som andraspråk 1;18;.;38,9;61,1;7;..;..;..;11;..;..;..;
Täljegymnasiet;30615080;Södertälje;0181;Kommunal;Södertälje kommun;2120000159;Engelska 6;58;1,7;84,5;13,8;25;.;80,0;20,0;33;3,0;87,9;9,1;
Täljegymnasiet;30615080;Södertälje;0181;Kommunal;Södertälje kommun;2120000159;Matematik 4;12;.;91,7;8,3;5;..;..;..;7;..;..;..;
Täljegymnasiet;30615080;Södertälje;0181;Kommunal;Södertälje kommun;2120000159;Svenska 3;76;5,3;78,9;15,8;40;5,0;77,5;17,5;36;5,6;80,6;13,9;
Täljegymnasiet;30615080;Södertälje;0181;Kommunal;Södertälje kommun;2120000159;Svenska som andraspråk 3;14;14,3;85,7;.;8;..;..;..;6;..;..;..;
Vackstanäsgymnasiet;89630851;Södertälje;0181;Enskild;Stiftelsen Otto och Signe Broms Hemskola Å Vackstanäs;8156000690;Engelska 5;41;4,9;75,6;19,5;16;.;62,5;37,5;25;8,0;84,0;8,0;
Vackstanäsgymnasiet;89630851;Södertälje;0181;Enskild;Stiftelsen Otto och Signe Broms Hemskola Å Vackstanäs;8156000690;Engelska 6;14;21,4;71,4;7,1;14;..;..;..;.;.;.;.;
Vackstanäsgymnasiet;89630851;Södertälje;0181;Enskild;Stiftelsen Otto och Signe Broms Hemskola Å Vackstanäs;8156000690;Matematik 1A;36;.;77,8;22,2;15;.;73,3;26,7;21;.;81,0;19,0;
Vackstanäsgymnasiet;89630851;Södertälje;0181;Enskild;Stiftelsen Otto och Signe Broms Hemskola Å Vackstanäs;8156000690;Matematik 1B;14;.;100,0;.;14;..;..;..;.;.;.;.;
Vackstanäsgymnasiet;89630851;Södertälje;0181;Enskild;Stiftelsen Otto och Signe Broms Hemskola Å Vackstanäs;8156000690;Svenska 1;38;5,3;31,6;63,2;14;.;21,4;78,6;24;8,3;37,5;54,2;
Vackstanäsgymnasiet;89630851;Södertälje;0181;Enskild;Stiftelsen Otto och Signe Broms Hemskola Å Vackstanäs;8156000690;Svenska 3;11;9,1;36,4;54,5;11;..;..;..;.;.;.;.;
Örjanskolan gym;70543431;Södertälje;0181;Enskild;Föreningen Örjanskolan;8156005103;Engelska 6;18;.;83,3;16,7;8;..;..;..;10;..;..;..;
Örjanskolan gym;70543431;Södertälje;0181;Enskild;Föreningen Örjanskolan;8156005103;Matematik 3C;2;..;..;..;.;.;.;.;2;..;..;..;
Örjanskolan gym;70543431;Södertälje;0181;Enskild;Föreningen Örjanskolan;8156005103;Svenska 3;11;.;63,6;36,4;4;..;..;..;7;..;..;..;
Furubygg;29324709;Sölvesborg;1083;Kommunal;Sölvesborgs kommun;2120000852;Engelska 5;15;33,3;53,3;13,3;.;.;.;.;15;..;..;..;
Furubygg;29324709;Sölvesborg;1083;Kommunal;Sölvesborgs kommun;2120000852;Matematik 1A;16;.;87,5;12,5;.;.;.;.;16;..;..;..;
Furubygg;29324709;Sölvesborg;1083;Kommunal;Sölvesborgs kommun;2120000852;Svenska 1;15;6,7;80,0;13,3;.;.;.;.;15;..;..;..;
Furubygg;29324709;Sölvesborg;1083;Kommunal;Sölvesborgs kommun;2120000852;Svenska som andraspråk 1;1;..;..;..;.;.;.;.;1;..;..;..;
Furulundsskolan 1;23476801;Sölvesborg;1083;Kommunal;Sölvesborgs kommun;2120000852;Engelska 5;31;12,9;77,4;9,7;.;.;.;.;31;..;..;..;
Furulundsskolan 1;23476801;Sölvesborg;1083;Kommunal;Sölvesborgs kommun;2120000852;Engelska 6;30;6,7;90,0;3,3;6;..;..;..;24;..;..;..;
Furulundsskolan 1;23476801;Sölvesborg;1083;Kommunal;Sölvesborgs kommun;2120000852;Matematik 1A;28;.;96,4;3,6;.;.;.;.;28;..;..;..;
Furulundsskolan 1;23476801;Sölvesborg;1083;Kommunal;Sölvesborgs kommun;2120000852;Matematik 4;25;.;80,0;20,0;6;..;..;..;19;..;..;..;
Furulundsskolan 1;23476801;Sölvesborg;1083;Kommunal;Sölvesborgs kommun;2120000852;Svenska 1;26;.;73,1;26,9;.;.;.;.;26;..;..;..;
Furulundsskolan 1;23476801;Sölvesborg;1083;Kommunal;Sölvesborgs kommun;2120000852;Svenska 3;30;23,3;60,0;16,7;5;..;..;..;25;..;..;..;
Furulundsskolan 1;23476801;Sölvesborg;1083;Kommunal;Sölvesborgs kommun;2120000852;Svenska som andraspråk 1;2;..;..;..;.;.;.;.;2;..;..;..;
Furulundsskolan 1;23476801;Sölvesborg;1083;Kommunal;Sölvesborgs kommun;2120000852;Svenska som andraspråk 3;5;..;..;..;1;..;..;..;4;..;..;..;
Furulundsskolan 2;86351879;Sölvesborg;1083;Kommunal;Sölvesborgs kommun;2120000852;Engelska 5;18;5,6;88,9;5,6;12;..;..;..;6;..;..;..;
Furulundsskolan 2;86351879;Sölvesborg;1083;Kommunal;Sölvesborgs kommun;2120000852;Engelska 6;84;4,8;75,0;20,2;40;.;62,5;37,5;44;9,1;86,4;4,5;
Furulundsskolan 2;86351879;Sölvesborg;1083;Kommunal;Sölvesborgs kommun;2120000852;Matematik 1A;19;.;68,4;31,6;13;..;..;..;6;..;..;..;
Furulundsskolan 2;86351879;Sölvesborg;1083;Kommunal;Sölvesborgs kommun;2120000852;Matematik 2B;58;1,7;82,8;15,5;27;.;85,2;14,8;31;3,2;80,6;16,1;
Furulundsskolan 2;86351879;Sölvesborg;1083;Kommunal;Sölvesborgs kommun;2120000852;Matematik 3B;16;.;43,8;56,3;7;..;..;..;9;..;..;..;
Furulundsskolan 2;86351879;Sölvesborg;1083;Kommunal;Sölvesborgs kommun;2120000852;Svenska 1;18;.;50,0;50,0;12;..;..;..;6;..;..;..;
Furulundsskolan 2;86351879;Sölvesborg;1083;Kommunal;Sölvesborgs kommun;2120000852;Svenska 3;61;4,9;52,5;42,6;33;3,0;54,5;42,4;28;7,1;50,0;42,9;
Furulundsskolan 2;86351879;Sölvesborg;1083;Kommunal;Sölvesborgs kommun;2120000852;Svenska som andraspråk 1;1;..;..;..;.;.;.;.;1;..;..;..;
Furulundsskolan 2;86351879;Sölvesborg;1083;Kommunal;Sölvesborgs kommun;2120000852;Svenska som andraspråk 3;7;..;..;..;3;..;..;..;4;..;..;..;
Rudbecksgymnasiet 1;90260899;Tidaholm;1498;Kommunal;Tidaholms kommun;2120001736;Engelska 5;7;..;..;..;.;.;.;.;7;..;..;..;
Rudbecksgymnasiet 1;90260899;Tidaholm;1498;Kommunal;Tidaholms kommun;2120001736;Engelska 6;3;..;..;..;1;..;..;..;2;..;..;..;
Rudbecksgymnasiet 1;90260899;Tidaholm;1498;Kommunal;Tidaholms kommun;2120001736;Matematik 1A;24;.;54,2;45,8;4;..;..;..;20;..;..;..;
Rudbecksgymnasiet 1;90260899;Tidaholm;1498;Kommunal;Tidaholms kommun;2120001736;Matematik 1B;3;..;..;..;3;..;..;..;.;.;.;.;
Rudbecksgymnasiet 1;90260899;Tidaholm;1498;Kommunal;Tidaholms kommun;2120001736;Matematik 2B;10;.;70,0;30,0;10;..;..;..;.;.;.;.;
Rudbecksgymnasiet 1;90260899;Tidaholm;1498;Kommunal;Tidaholms kommun;2120001736;Matematik 3B;9;..;..;..;3;..;..;..;6;..;..;..;
Rudbecksgymnasiet 1;90260899;Tidaholm;1498;Kommunal;Tidaholms kommun;2120001736;Svenska 1;23;.;47,8;52,2;3;..;..;..;20;..;..;..;
Rudbecksgymnasiet 1;90260899;Tidaholm;1498;Kommunal;Tidaholms kommun;2120001736;Svenska 3;33;6,1;66,7;27,3;19;5,3;63,2;31,6;14;7,1;71,4;21,4;
Rudbecksgymnasiet 1;90260899;Tidaholm;1498;Kommunal;Tidaholms kommun;2120001736;Svenska som andraspråk 3;11;9,1;45,5;45,5;2;..;..;..;9;..;..;..;
Rudbecksgymnasiet 2;69302313;Tidaholm;1498;Kommunal;Tidaholms kommun;2120001736;Matematik 1A;1;..;..;..;.;.;.;.;1;..;..;..;
Högbergsskolan;31057219;Tierp;0360;Kommunal;Tierps kommun;2120000266;Engelska 5;60;18,3;73,3;8,3;25;4,0;80,0;16,0;35;28,6;68,6;2,9;
Högbergsskolan;31057219;Tierp;0360;Kommunal;Tierps kommun;2120000266;Engelska 6;36;38,9;58,3;2,8;13;38,5;61,5;.;23;39,1;56,5;4,3;
Högbergsskolan;31057219;Tierp;0360;Kommunal;Tierps kommun;2120000266;Matematik 1A;60;1,7;71,7;26,7;25;.;68,0;32,0;35;2,9;74,3;22,9;
Högbergsskolan;31057219;Tierp;0360;Kommunal;Tierps kommun;2120000266;Matematik 2B;2;..;..;..;2;..;..;..;.;.;.;.;
Högbergsskolan;31057219;Tierp;0360;Kommunal;Tierps kommun;2120000266;Matematik 3B;29;.;75,9;24,1;17;.;64,7;35,3;12;.;91,7;8,3;
Högbergsskolan;31057219;Tierp;0360;Kommunal;Tierps kommun;2120000266;Matematik 3C;10;.;60,0;40,0;2;..;..;..;8;..;..;..;
Högbergsskolan;31057219;Tierp;0360;Kommunal;Tierps kommun;2120000266;Matematik 4;4;..;..;..;4;..;..;..;.;.;.;.;
Högbergsskolan;31057219;Tierp;0360;Kommunal;Tierps kommun;2120000266;Svenska 1;54;3,7;64,8;31,5;23;4,3;52,2;43,5;31;3,2;74,2;22,6;
Högbergsskolan;31057219;Tierp;0360;Kommunal;Tierps kommun;2120000266;Svenska 3;69;4,3;76,8;18,8;36;2,8;77,8;19,4;33;6,1;75,8;18,2;
Högbergsskolan;31057219;Tierp;0360;Kommunal;Tierps kommun;2120000266;Svenska som andraspråk 3;5;..;..;..;3;..;..;..;2;..;..;..;
Timrå gymnasium 1;27079521;Timrå;2262;Kommunal;Timrå kommun;2120002395;Engelska 5;22;31,8;68,2;.;2;..;..;..;20;..;..;..;
Timrå gymnasium 1;27079521;Timrå;2262;Kommunal;Timrå kommun;2120002395;Engelska 6;34;17,6;50,0;32,4;17;23,5;35,3;41,2;17;11,8;64,7;23,5;
Timrå gymnasium 1;27079521;Timrå;2262;Kommunal;Timrå kommun;2120002395;Matematik 1A;47;.;76,6;23,4;13;.;61,5;38,5;34;.;82,4;17,6;
Timrå gymnasium 1;27079521;Timrå;2262;Kommunal;Timrå kommun;2120002395;Matematik 2B;12;.;50,0;50,0;8;..;..;..;4;..;..;..;
Timrå gymnasium 1;27079521;Timrå;2262;Kommunal;Timrå kommun;2120002395;Matematik 3B;9;..;..;..;1;..;..;..;8;..;..;..;
Timrå gymnasium 1;27079521;Timrå;2262;Kommunal;Timrå kommun;2120002395;Matematik 3C;4;..;..;..;1;..;..;..;3;..;..;..;
Timrå gymnasium 1;27079521;Timrå;2262;Kommunal;Timrå kommun;2120002395;Svenska 1;35;8,6;60,0;31,4;9;..;..;..;26;..;..;..;
Timrå gymnasium 1;27079521;Timrå;2262;Kommunal;Timrå kommun;2120002395;Svenska 3;43;2,3;67,4;30,2;22;.;59,1;40,9;21;4,8;76,2;19,0;
Timrå gymnasium 1;27079521;Timrå;2262;Kommunal;Timrå kommun;2120002395;Svenska som andraspråk 1;1;..;..;..;.;.;.;.;1;..;..;..;
Timrå gymnasium 1;27079521;Timrå;2262;Kommunal;Timrå kommun;2120002395;Svenska som andraspråk 3;6;..;..;..;3;..;..;..;3;..;..;..;
Academy of Music and Business Tingsryd;33572033;Tingsryd;0763;Enskild;Academy of Music and Business Education Tingsryd AB;5568792997;Engelska 6;41;2,4;90,2;7,3;21;4,8;81,0;14,3;20;.;100,0;.;
Academy of Music and Business Tingsryd;33572033;Tingsryd;0763;Enskild;Academy of Music and Business Education Tingsryd AB;5568792997;Matematik 1B;40;.;85,0;15,0;17;.;76,5;23,5;23;.;91,3;8,7;
Academy of Music and Business Tingsryd;33572033;Tingsryd;0763;Enskild;Academy of Music and Business Education Tingsryd AB;5568792997;Svenska 3;43;4,7;74,4;20,9;18;.;66,7;33,3;25;8,0;80,0;12,0;
Wasaskolan;64579522;Tingsryd;0763;Kommunal;Tingsryds kommun;2120000621;Engelska 5;20;15,0;80,0;5,0;5;..;..;..;15;..;..;..;
Wasaskolan;64579522;Tingsryd;0763;Kommunal;Tingsryds kommun;2120000621;Engelska 6;18;22,2;77,8;.;4;..;..;..;14;..;..;..;
Wasaskolan;64579522;Tingsryd;0763;Kommunal;Tingsryds kommun;2120000621;Matematik 1A;22;.;90,9;9,1;6;..;..;..;16;..;..;..;
Wasaskolan;64579522;Tingsryd;0763;Kommunal;Tingsryds kommun;2120000621;Matematik 2B;9;..;..;..;3;..;..;..;6;..;..;..;
Wasaskolan;64579522;Tingsryd;0763;Kommunal;Tingsryds kommun;2120000621;Matematik 3B;6;..;..;..;.;.;.;.;6;..;..;..;
Wasaskolan;64579522;Tingsryd;0763;Kommunal;Tingsryds kommun;2120000621;Matematik 4;2;..;..;..;2;..;..;..;.;.;.;.;
Wasaskolan;64579522;Tingsryd;0763;Kommunal;Tingsryds kommun;2120000621;Svenska 1;20;.;75,0;25,0;6;..;..;..;14;..;..;..;
Wasaskolan;64579522;Tingsryd;0763;Kommunal;Tingsryds kommun;2120000621;Svenska 3;16;6,3;75,0;18,8;8;..;..;..;8;..;..;..;
Wasaskolan;64579522;Tingsryd;0763;Kommunal;Tingsryds kommun;2120000621;Svenska som andraspråk 3;3;..;..;..;2;..;..;..;1;..;..;..;
Bollerups lantbruksinstitut;65234368;Tomelilla;1270;Enskild;Bollerups Lantbruksinstitut;8388001177;Engelska 5;36;8,3;86,1;5,6;33;..;..;..;3;..;..;..;
Bollerups lantbruksinstitut;65234368;Tomelilla;1270;Enskild;Bollerups Lantbruksinstitut;8388001177;Svenska 1;18;5,6;66,7;27,8;14;..;..;..;4;..;..;..;
Stjerneskolan;34381901;Torsby;1737;Kommunal;Torsby kommun;2120001777;Engelska 5;40;2,5;82,5;15,0;12;.;75,0;25,0;28;3,6;85,7;10,7;
Stjerneskolan;34381901;Torsby;1737;Kommunal;Torsby kommun;2120001777;Engelska 6;60;1,7;76,7;21,7;40;.;75,0;25,0;20;5,0;80,0;15,0;
Stjerneskolan;34381901;Torsby;1737;Kommunal;Torsby kommun;2120001777;Matematik 1A;45;.;80,0;20,0;10;.;90,0;10,0;35;.;77,1;22,9;
Stjerneskolan;34381901;Torsby;1737;Kommunal;Torsby kommun;2120001777;Matematik 2B;22;.;86,4;13,6;19;..;..;..;3;..;..;..;
Stjerneskolan;34381901;Torsby;1737;Kommunal;Torsby kommun;2120001777;Matematik 3B;24;.;95,8;4,2;14;.;92,9;7,1;10;.;100,0;.;
Stjerneskolan;34381901;Torsby;1737;Kommunal;Torsby kommun;2120001777;Matematik 3C;5;..;..;..;2;..;..;..;3;..;..;..;
Stjerneskolan;34381901;Torsby;1737;Kommunal;Torsby kommun;2120001777;Matematik 4;9;..;..;..;6;..;..;..;3;..;..;..;
Stjerneskolan;34381901;Torsby;1737;Kommunal;Torsby kommun;2120001777;Svenska 1;40;.;60,0;40,0;11;.;45,5;54,5;29;.;65,5;34,5;
Stjerneskolan;34381901;Torsby;1737;Kommunal;Torsby kommun;2120001777;Svenska 3;67;7,5;47,8;44,8;47;2,1;44,7;53,2;20;20,0;55,0;25,0;
Stjerneskolan;34381901;Torsby;1737;Kommunal;Torsby kommun;2120001777;Svenska som andraspråk 1;2;..;..;..;.;.;.;.;2;..;..;..;
Stjerneskolan;34381901;Torsby;1737;Kommunal;Torsby kommun;2120001777;Svenska som andraspråk 3;4;..;..;..;.;.;.;.;4;..;..;..;
Tranemo gymnasieskola;60513602;Tranemo;1452;Kommunal;Tranemo kommun;2120001462;Engelska 5;12;.;91,7;8,3;3;..;..;..;9;..;..;..;
Tranemo gymnasieskola;60513602;Tranemo;1452;Kommunal;Tranemo kommun;2120001462;Engelska 6;43;2,3;79,1;18,6;19;.;63,2;36,8;24;4,2;91,7;4,2;
Tranemo gymnasieskola;60513602;Tranemo;1452;Kommunal;Tranemo kommun;2120001462;Matematik 1A;29;.;82,8;17,2;2;..;..;..;27;..;..;..;
Tranemo gymnasieskola;60513602;Tranemo;1452;Kommunal;Tranemo kommun;2120001462;Matematik 2B;5;..;..;..;1;..;..;..;4;..;..;..;
Tranemo gymnasieskola;60513602;Tranemo;1452;Kommunal;Tranemo kommun;2120001462;Matematik 3B;10;.;20,0;80,0;6;..;..;..;4;..;..;..;
Tranemo gymnasieskola;60513602;Tranemo;1452;Kommunal;Tranemo kommun;2120001462;Matematik 3C;20;.;95,0;5,0;4;..;..;..;16;..;..;..;
Tranemo gymnasieskola;60513602;Tranemo;1452;Kommunal;Tranemo kommun;2120001462;Matematik 4;10;.;60,0;40,0;5;..;..;..;5;..;..;..;
Tranemo gymnasieskola;60513602;Tranemo;1452;Kommunal;Tranemo kommun;2120001462;Svenska 3;29;6,9;69,0;24,1;17;5,9;76,5;17,6;12;8,3;58,3;33,3;
Tranemo gymnasieskola;60513602;Tranemo;1452;Kommunal;Tranemo kommun;2120001462;Svenska som andraspråk 1;4;..;..;..;1;..;..;..;3;..;..;..;
Tranemo gymnasieskola;60513602;Tranemo;1452;Kommunal;Tranemo kommun;2120001462;Svenska som andraspråk 3;5;..;..;..;1;..;..;..;4;..;..;..;
Holavedsgymnasiet SCD;76342612;Tranås;0687;Kommunal;Tranås kommun;2120000597;Engelska 5;19;47,4;42,1;10,5;.;.;.;.;19;..;..;..;
Holavedsgymnasiet SCD;76342612;Tranås;0687;Kommunal;Tranås kommun;2120000597;Engelska 6;45;.;88,9;11,1;20;.;90,0;10,0;25;.;88,0;12,0;
Holavedsgymnasiet SCD;76342612;Tranås;0687;Kommunal;Tranås kommun;2120000597;Matematik 1A;26;3,8;92,3;3,8;2;..;..;..;24;..;..;..;
Holavedsgymnasiet SCD;76342612;Tranås;0687;Kommunal;Tranås kommun;2120000597;Matematik 2B;14;.;92,9;7,1;8;..;..;..;6;..;..;..;
Holavedsgymnasiet SCD;76342612;Tranås;0687;Kommunal;Tranås kommun;2120000597;Matematik 3B;12;.;100,0;.;6;..;..;..;6;..;..;..;
Holavedsgymnasiet SCD;76342612;Tranås;0687;Kommunal;Tranås kommun;2120000597;Matematik 3C;5;..;..;..;2;..;..;..;3;..;..;..;
Holavedsgymnasiet SCD;76342612;Tranås;0687;Kommunal;Tranås kommun;2120000597;Svenska 1;22;22,7;63,6;13,6;3;..;..;..;19;..;..;..;
Holavedsgymnasiet SCD;76342612;Tranås;0687;Kommunal;Tranås kommun;2120000597;Svenska 3;45;8,9;55,6;35,6;28;10,7;53,6;35,7;17;5,9;58,8;35,3;
Holavedsgymnasiet SCD;76342612;Tranås;0687;Kommunal;Tranås kommun;2120000597;Svenska som andraspråk 3;1;..;..;..;1;..;..;..;.;.;.;.;
Holavedsgymnasiet TSS;95368476;Tranås;0687;Kommunal;Tranås kommun;2120000597;Engelska 5;27;.;96,3;3,7;2;..;..;..;25;..;..;..;
Holavedsgymnasiet TSS;95368476;Tranås;0687;Kommunal;Tranås kommun;2120000597;Engelska 6;38;2,6;76,3;21,1;12;8,3;75,0;16,7;26;.;76,9;23,1;
Holavedsgymnasiet TSS;95368476;Tranås;0687;Kommunal;Tranås kommun;2120000597;Matematik 1A;27;.;100,0;.;2;..;..;..;25;..;..;..;
Holavedsgymnasiet TSS;95368476;Tranås;0687;Kommunal;Tranås kommun;2120000597;Matematik 1B;14;.;92,9;7,1;10;..;..;..;4;..;..;..;
Holavedsgymnasiet TSS;95368476;Tranås;0687;Kommunal;Tranås kommun;2120000597;Matematik 3C;22;.;95,5;4,5;2;..;..;..;20;..;..;..;
Holavedsgymnasiet TSS;95368476;Tranås;0687;Kommunal;Tranås kommun;2120000597;Svenska 1;26;3,8;73,1;23,1;2;..;..;..;24;..;..;..;
Holavedsgymnasiet TSS;95368476;Tranås;0687;Kommunal;Tranås kommun;2120000597;Svenska 3;43;9,3;51,2;39,5;17;17,6;23,5;58,8;26;3,8;69,2;26,9;
Holavedsgymnasiet TSS;95368476;Tranås;0687;Kommunal;Tranås kommun;2120000597;Svenska som andraspråk 1;1;..;..;..;.;.;.;.;1;..;..;..;
Holavedsgymnasiet TSS;95368476;Tranås;0687;Kommunal;Tranås kommun;2120000597;Svenska som andraspråk 3;1;..;..;..;.;.;.;.;1;..;..;..;
Holavedsgymnasiet TYM;14853321;Tranås;0687;Kommunal;Tranås kommun;2120000597;Engelska 5;53;5,7;83,0;11,3;27;11,1;74,1;14,8;26;.;92,3;7,7;
Holavedsgymnasiet TYM;14853321;Tranås;0687;Kommunal;Tranås kommun;2120000597;Engelska 6;48;4,2;77,1;18,8;28;7,1;67,9;25,0;20;.;90,0;10,0;
Holavedsgymnasiet TYM;14853321;Tranås;0687;Kommunal;Tranås kommun;2120000597;Matematik 1A;54;.;100,0;.;30;.;100,0;.;24;.;100,0;.;
Holavedsgymnasiet TYM;14853321;Tranås;0687;Kommunal;Tranås kommun;2120000597;Matematik 2B;47;.;93,6;6,4;31;.;100,0;.;16;.;81,3;18,8;
Holavedsgymnasiet TYM;14853321;Tranås;0687;Kommunal;Tranås kommun;2120000597;Svenska 1;41;4,9;65,9;29,3;24;4,2;58,3;37,5;17;5,9;76,5;17,6;
Holavedsgymnasiet TYM;14853321;Tranås;0687;Kommunal;Tranås kommun;2120000597;Svenska 3;45;6,7;66,7;26,7;32;3,1;65,6;31,3;13;15,4;69,2;15,4;
Holavedsgymnasiet TYM;14853321;Tranås;0687;Kommunal;Tranås kommun;2120000597;Svenska som andraspråk 1;15;13,3;80,0;6,7;4;..;..;..;11;..;..;..;
Holavedsgymnasiet TYM;14853321;Tranås;0687;Kommunal;Tranås kommun;2120000597;Svenska som andraspråk 3;4;..;..;..;3;..;..;..;1;..;..;..;
Söderslättsgymnasiet;26072400;Trelleborg;1287;Kommunal;Trelleborgs kommun;2120001199;Engelska 5;147;7,5;85,7;6,8;41;7,3;90,2;2,4;106;7,5;84,0;8,5;
Söderslättsgymnasiet;26072400;Trelleborg;1287;Kommunal;Trelleborgs kommun;2120001199;Engelska 6;158;30,4;63,9;5,7;59;16,9;76,3;6,8;99;38,4;56,6;5,1;
Söderslättsgymnasiet;26072400;Trelleborg;1287;Kommunal;Trelleborgs kommun;2120001199;Matematik 1A;124;0,8;82,3;16,9;34;.;79,4;20,6;90;1,1;83,3;15,6;
Söderslättsgymnasiet;26072400;Trelleborg;1287;Kommunal;Trelleborgs kommun;2120001199;Matematik 2B;62;1,6;93,5;4,8;34;2,9;88,2;8,8;28;.;100,0;.;
Söderslättsgymnasiet;26072400;Trelleborg;1287;Kommunal;Trelleborgs kommun;2120001199;Matematik 3B;36;.;97,2;2,8;11;.;90,9;9,1;25;.;100,0;.;
Söderslättsgymnasiet;26072400;Trelleborg;1287;Kommunal;Trelleborgs kommun;2120001199;Svenska 1;139;2,9;74,8;22,3;32;3,1;71,9;25,0;107;2,8;75,7;21,5;
Söderslättsgymnasiet;26072400;Trelleborg;1287;Kommunal;Trelleborgs kommun;2120001199;Svenska 3;125;8,0;54,4;37,6;65;6,2;58,5;35,4;60;10,0;50,0;40,0;
Söderslättsgymnasiet;26072400;Trelleborg;1287;Kommunal;Trelleborgs kommun;2120001199;Svenska som andraspråk 1;11;.;54,5;45,5;7;..;..;..;4;..;..;..;
Söderslättsgymnasiet;26072400;Trelleborg;1287;Kommunal;Trelleborgs kommun;2120001199;Svenska som andraspråk 3;2;..;..;..;1;..;..;..;1;..;..;..;
Drottning Blankas Gymnasieskola Trollhättan;25156286;Trollhättan;1488;Enskild;DBGY Kronan AB;5565668794;Engelska 5;13;23,1;76,9;.;11;..;..;..;2;..;..;..;
Drottning Blankas Gymnasieskola Trollhättan;25156286;Trollhättan;1488;Enskild;DBGY Kronan AB;5565668794;Engelska 6;25;.;72,0;28,0;15;.;60,0;40,0;10;.;90,0;10,0;
Drottning Blankas Gymnasieskola Trollhättan;25156286;Trollhättan;1488;Enskild;DBGY Kronan AB;5565668794;Matematik 1A;11;.;54,5;45,5;9;..;..;..;2;..;..;..;
Drottning Blankas Gymnasieskola Trollhättan;25156286;Trollhättan;1488;Enskild;DBGY Kronan AB;5565668794;Matematik 2B;26;.;84,6;15,4;18;..;..;..;8;..;..;..;
Drottning Blankas Gymnasieskola Trollhättan;25156286;Trollhättan;1488;Enskild;DBGY Kronan AB;5565668794;Matematik 3B;11;.;72,7;27,3;2;..;..;..;9;..;..;..;
Drottning Blankas Gymnasieskola Trollhättan;25156286;Trollhättan;1488;Enskild;DBGY Kronan AB;5565668794;Svenska 1;10;.;60,0;40,0;9;..;..;..;1;..;..;..;
Drottning Blankas Gymnasieskola Trollhättan;25156286;Trollhättan;1488;Enskild;DBGY Kronan AB;5565668794;Svenska 3;32;3,1;78,1;18,8;25;..;..;..;7;..;..;..;
Drottning Blankas Gymnasieskola Trollhättan;25156286;Trollhättan;1488;Enskild;DBGY Kronan AB;5565668794;Svenska som andraspråk 3;24;.;79,2;20,8;12;.;75,0;25,0;12;.;83,3;16,7;
Folkuniversitetets gymnasium i Trollhättan;28081446;Trollhättan;1488;Enskild;Folkuniversitetet Stiftelsen Kursver Ksamheten vid Göteborgs Universitet;8572006313;Engelska 6;96;17,7;78,1;4,2;62;16,1;79,0;4,8;34;20,6;76,5;2,9;
Folkuniversitetets gymnasium i Trollhättan;28081446;Trollhättan;1488;Enskild;Folkuniversitetet Stiftelsen Kursver Ksamheten vid Göteborgs Universitet;8572006313;Matematik 2B;52;.;86,5;13,5;35;.;85,7;14,3;17;.;88,2;11,8;
Folkuniversitetets gymnasium i Trollhättan;28081446;Trollhättan;1488;Enskild;Folkuniversitetet Stiftelsen Kursver Ksamheten vid Göteborgs Universitet;8572006313;Matematik 3B;27;.;85,2;14,8;12;.;91,7;8,3;15;.;80,0;20,0;
Folkuniversitetets gymnasium i Trollhättan;28081446;Trollhättan;1488;Enskild;Folkuniversitetet Stiftelsen Kursver Ksamheten vid Göteborgs Universitet;8572006313;Svenska 3;96;18,8;59,4;21,9;61;16,4;59,0;24,6;35;22,9;60,0;17,1;
Folkuniversitetets gymnasium i Trollhättan;28081446;Trollhättan;1488;Enskild;Folkuniversitetet Stiftelsen Kursver Ksamheten vid Göteborgs Universitet;8572006313;Svenska som andraspråk 3;6;..;..;..;3;..;..;..;3;..;..;..;
LBS Kreativa Gymnasiet Trollhättan;21400668;Trollhättan;1488;Enskild;Ljud & Bildskolan LBS AB;5564851649;Engelska 6;39;17,9;48,7;33,3;8;..;..;..;31;..;..;..;
LBS Kreativa Gymnasiet Trollhättan;21400668;Trollhättan;1488;Enskild;Ljud & Bildskolan LBS AB;5564851649;Matematik 1B;43;2,3;95,3;2,3;17;.;100,0;.;26;3,8;92,3;3,8;
LBS Kreativa Gymnasiet Trollhättan;21400668;Trollhättan;1488;Enskild;Ljud & Bildskolan LBS AB;5564851649;Matematik 3C;17;.;88,2;11,8;.;.;.;.;17;..;..;..;
LBS Kreativa Gymnasiet Trollhättan;21400668;Trollhättan;1488;Enskild;Ljud & Bildskolan LBS AB;5564851649;Svenska 3;28;3,6;32,1;64,3;10;10,0;40,0;50,0;18;.;27,8;72,2;
Magnus Åbergsgymnasiet 1;92949043;Trollhättan;1488;Kommunal;Kunskapsförbundet Väst;2220002998;Engelska 5;62;1,6;74,2;24,2;26;3,8;65,4;30,8;36;.;80,6;19,4;
Magnus Åbergsgymnasiet 1;92949043;Trollhättan;1488;Kommunal;Kunskapsförbundet Väst;2220002998;Engelska 6;95;11,6;75,8;12,6;64;10,9;71,9;17,2;31;12,9;83,9;3,2;
Magnus Åbergsgymnasiet 1;92949043;Trollhättan;1488;Kommunal;Kunskapsförbundet Väst;2220002998;Matematik 1A;22;.;100,0;.;5;..;..;..;17;..;..;..;
Magnus Åbergsgymnasiet 1;92949043;Trollhättan;1488;Kommunal;Kunskapsförbundet Väst;2220002998;Matematik 2B;58;.;44,8;55,2;48;.;41,7;58,3;10;.;60,0;40,0;
Magnus Åbergsgymnasiet 1;92949043;Trollhättan;1488;Kommunal;Kunskapsförbundet Väst;2220002998;Matematik 3B;5;..;..;..;1;..;..;..;4;..;..;..;
Magnus Åbergsgymnasiet 1;92949043;Trollhättan;1488;Kommunal;Kunskapsförbundet Väst;2220002998;Svenska 1;66;3,0;63,6;33,3;38;5,3;68,4;26,3;28;.;57,1;42,9;
Magnus Åbergsgymnasiet 1;92949043;Trollhättan;1488;Kommunal;Kunskapsförbundet Väst;2220002998;Svenska 3;53;15,1;49,1;35,8;35;17,1;48,6;34,3;18;11,1;50,0;38,9;
Magnus Åbergsgymnasiet 1;92949043;Trollhättan;1488;Kommunal;Kunskapsförbundet Väst;2220002998;Svenska som andraspråk 1;5;..;..;..;1;..;..;..;4;..;..;..;
Magnus Åbergsgymnasiet 1;92949043;Trollhättan;1488;Kommunal;Kunskapsförbundet Väst;2220002998;Svenska som andraspråk 3;17;.;41,2;58,8;12;..;..;..;5;..;..;..;
Nils Ericsonsgymnasiet 1;84329061;Trollhättan;1488;Kommunal;Kunskapsförbundet Väst;2220002998;Engelska 5;74;13,5;73,0;13,5;29;6,9;75,9;17,2;45;17,8;71,1;11,1;
Nils Ericsonsgymnasiet 1;84329061;Trollhättan;1488;Kommunal;Kunskapsförbundet Väst;2220002998;Engelska 6;155;5,8;71,6;22,6;64;1,6;67,2;31,3;91;8,8;74,7;16,5;
Nils Ericsonsgymnasiet 1;84329061;Trollhättan;1488;Kommunal;Kunskapsförbundet Väst;2220002998;Matematik 1A;75;.;60,0;40,0;26;.;53,8;46,2;49;.;63,3;36,7;
Nils Ericsonsgymnasiet 1;84329061;Trollhättan;1488;Kommunal;Kunskapsförbundet Väst;2220002998;Matematik 3C;117;0,9;56,4;42,7;36;.;47,2;52,8;81;1,2;60,5;38,3;
Nils Ericsonsgymnasiet 1;84329061;Trollhättan;1488;Kommunal;Kunskapsförbundet Väst;2220002998;Matematik 4;42;.;52,4;47,6;28;.;57,1;42,9;14;.;42,9;57,1;
Nils Ericsonsgymnasiet 1;84329061;Trollhättan;1488;Kommunal;Kunskapsförbundet Väst;2220002998;Svenska 1;59;.;67,8;32,2;18;.;72,2;27,8;41;.;65,9;34,1;
Nils Ericsonsgymnasiet 1;84329061;Trollhättan;1488;Kommunal;Kunskapsförbundet Väst;2220002998;Svenska 3;89;5,6;56,2;38,2;36;2,8;72,2;25,0;53;7,5;45,3;47,2;
Nils Ericsonsgymnasiet 1;84329061;Trollhättan;1488;Kommunal;Kunskapsförbundet Väst;2220002998;Svenska som andraspråk 1;12;.;41,7;58,3;5;..;..;..;7;..;..;..;
Nils Ericsonsgymnasiet 1;84329061;Trollhättan;1488;Kommunal;Kunskapsförbundet Väst;2220002998;Svenska som andraspråk 3;42;19,0;54,8;26,2;20;20,0;65,0;15,0;22;18,2;45,5;36,4;
Praktiska Gymnasiet Trollhättan;71969230;Trollhättan;1488;Enskild;Praktiska Sverige AB;5562575786;Engelska 5;20;10,0;80,0;10,0;6;..;..;..;14;..;..;..;
Praktiska Gymnasiet Trollhättan;71969230;Trollhättan;1488;Enskild;Praktiska Sverige AB;5562575786;Matematik 1A;19;5,3;78,9;15,8;3;..;..;..;16;..;..;..;
Praktiska Gymnasiet Trollhättan;71969230;Trollhättan;1488;Enskild;Praktiska Sverige AB;5562575786;Svenska 1;19;10,5;73,7;15,8;4;..;..;..;15;..;..;..;
Praktiska Gymnasiet Trollhättan;71969230;Trollhättan;1488;Enskild;Praktiska Sverige AB;5562575786;Svenska som andraspråk 1;3;..;..;..;1;..;..;..;2;..;..;..;
Tyresö gymnasium;91048178;Tyresö;0138;Kommunal;Tyresö kommun;2120000092;Engelska 5;29;3,4;82,8;13,8;7;..;..;..;22;..;..;..;
Tyresö gymnasium;91048178;Tyresö;0138;Kommunal;Tyresö kommun;2120000092;Matematik 1A;33;.;30,3;69,7;8;..;..;..;25;..;..;..;
Tyresö gymnasium;91048178;Tyresö;0138;Kommunal;Tyresö kommun;2120000092;Svenska 1;24;8,3;75,0;16,7;7;..;..;..;17;..;..;..;
Tyresö gymnasium;91048178;Tyresö;0138;Kommunal;Tyresö kommun;2120000092;Svenska som andraspråk 1;5;..;..;..;1;..;..;..;4;..;..;..;
Mimers Gymnasium Täby;82718660;Täby;0160;Enskild;Adinova AB;5567797831;Engelska 6;25;4,0;64,0;32,0;10;10,0;70,0;20,0;15;.;60,0;40,0;
Mimers Gymnasium Täby;82718660;Täby;0160;Enskild;Adinova AB;5567797831;Matematik 2B;12;.;8,3;91,7;3;..;..;..;9;..;..;..;
Mimers Gymnasium Täby;82718660;Täby;0160;Enskild;Adinova AB;5567797831;Matematik 3C;11;.;81,8;18,2;4;..;..;..;7;..;..;..;
Praktiska Gymnasiet Täby;76942525;Täby;0160;Enskild;Praktiska Sverige AB;5562575786;Engelska 5;33;3,0;60,6;36,4;16;6,3;56,3;37,5;17;.;64,7;35,3;
Praktiska Gymnasiet Täby;76942525;Täby;0160;Enskild;Praktiska Sverige AB;5562575786;Matematik 1A;40;.;15,0;85,0;21;.;19,0;81,0;19;.;10,5;89,5;
Praktiska Gymnasiet Täby;76942525;Täby;0160;Enskild;Praktiska Sverige AB;5562575786;Svenska 1;23;.;13,0;87,0;11;.;18,2;81,8;12;.;8,3;91,7;
Sparre Gymnasium;12399380;Täby;0160;Enskild;Upplevelse Utbildning i Täby AB;5567875413;Engelska 6;33;3,0;63,6;33,3;13;.;46,2;53,8;20;5,0;75,0;20,0;
Sparre Gymnasium;12399380;Täby;0160;Enskild;Upplevelse Utbildning i Täby AB;5567875413;Matematik 2B;8;..;..;..;3;..;..;..;5;..;..;..;
Sparre Gymnasium;12399380;Täby;0160;Enskild;Upplevelse Utbildning i Täby AB;5567875413;Matematik 3B;16;.;12,5;87,5;3;..;..;..;13;..;..;..;
Sparre Gymnasium;12399380;Täby;0160;Enskild;Upplevelse Utbildning i Täby AB;5567875413;Svenska 3;39;.;82,1;17,9;12;.;91,7;8,3;27;.;77,8;22,2;
Tibble Gymnasium Campus Täby;31486865;Täby;0160;Enskild;Tibble Fristående Gymnasium TFG AB;5566978556;Engelska 5;32;12,5;56,3;31,3;19;5,3;47,4;47,4;13;23,1;69,2;7,7;
Tibble Gymnasium Campus Täby;31486865;Täby;0160;Enskild;Tibble Fristående Gymnasium TFG AB;5566978556;Engelska 6;495;2,0;84,6;13,3;260;2,3;83,8;13,8;235;1,7;85,5;12,8;
Tibble Gymnasium Campus Täby;31486865;Täby;0160;Enskild;Tibble Fristående Gymnasium TFG AB;5566978556;Matematik 1A;32;.;93,8;6,3;19;.;94,7;5,3;13;.;92,3;7,7;
Tibble Gymnasium Campus Täby;31486865;Täby;0160;Enskild;Tibble Fristående Gymnasium TFG AB;5566978556;Matematik 1B;26;.;100,0;.;19;..;..;..;7;..;..;..;
Tibble Gymnasium Campus Täby;31486865;Täby;0160;Enskild;Tibble Fristående Gymnasium TFG AB;5566978556;Matematik 2B;208;.;88,9;11,1;145;.;89,0;11,0;63;.;88,9;11,1;
Tibble Gymnasium Campus Täby;31486865;Täby;0160;Enskild;Tibble Fristående Gymnasium TFG AB;5566978556;Matematik 3B;58;.;81,0;19,0;21;.;76,2;23,8;37;.;83,8;16,2;
Tibble Gymnasium Campus Täby;31486865;Täby;0160;Enskild;Tibble Fristående Gymnasium TFG AB;5566978556;Matematik 3C;26;3,8;61,5;34,6;1;..;..;..;25;..;..;..;
Tibble Gymnasium Campus Täby;31486865;Täby;0160;Enskild;Tibble Fristående Gymnasium TFG AB;5566978556;Svenska 1;32;.;43,8;56,3;19;.;31,6;68,4;13;.;61,5;38,5;
Tibble Gymnasium Campus Täby;31486865;Täby;0160;Enskild;Tibble Fristående Gymnasium TFG AB;5566978556;Svenska 3;543;4,8;65,4;29,8;318;4,4;67,0;28,6;225;5,3;63,1;31,6;
Täby Enskilda gymnasium;97265732;Täby;0160;Enskild;Täby Enskilda Gymnasium AB;5565680112;Engelska 6;271;1,5;88,2;10,3;189;2,1;85,2;12,7;82;.;95,1;4,9;
Täby Enskilda gymnasium;97265732;Täby;0160;Enskild;Täby Enskilda Gymnasium AB;5565680112;Matematik 1B;52;.;92,3;7,7;41;.;90,2;9,8;11;.;100,0;.;
Täby Enskilda gymnasium;97265732;Täby;0160;Enskild;Täby Enskilda Gymnasium AB;5565680112;Matematik 2B;85;.;95,3;4,7;74;.;94,6;5,4;11;.;100,0;.;
Täby Enskilda gymnasium;97265732;Täby;0160;Enskild;Täby Enskilda Gymnasium AB;5565680112;Matematik 3B;27;.;85,2;14,8;16;.;75,0;25,0;11;.;100,0;.;
Täby Enskilda gymnasium;97265732;Täby;0160;Enskild;Täby Enskilda Gymnasium AB;5565680112;Matematik 3C;18;.;83,3;16,7;14;..;..;..;4;..;..;..;
Täby Enskilda gymnasium;97265732;Täby;0160;Enskild;Täby Enskilda Gymnasium AB;5565680112;Svenska 3;269;3,0;87,7;9,3;192;2,1;88,5;9,4;77;5,2;85,7;9,1;
Täby Enskilda gymnasium;97265732;Täby;0160;Enskild;Täby Enskilda Gymnasium AB;5565680112;Svenska som andraspråk 3;1;..;..;..;1;..;..;..;.;.;.;.;
Yrkesgymnasiet Täby;10373112;Täby;0160;Enskild;Täby Yrkesgymnasium AB;5562629179;Engelska 5;33;3,0;84,8;12,1;13;7,7;69,2;23,1;20;.;95,0;5,0;
Yrkesgymnasiet Täby;10373112;Täby;0160;Enskild;Täby Yrkesgymnasium AB;5562629179;Matematik 1A;37;.;24,3;75,7;15;.;20,0;80,0;22;.;27,3;72,7;
Yrkesgymnasiet Täby;10373112;Täby;0160;Enskild;Täby Yrkesgymnasium AB;5562629179;Svenska 1;26;3,8;69,2;26,9;11;9,1;63,6;27,3;15;.;73,3;26,7;
Yrkesgymnasiet Täby;10373112;Täby;0160;Enskild;Täby Yrkesgymnasium AB;5562629179;Svenska som andraspråk 1;4;..;..;..;.;.;.;.;4;..;..;..;
Åva gymnasium;61720981;Täby;0160;Kommunal;Täby kommun;2120000118;Engelska 5;71;11,3;83,1;5,6;25;8,0;84,0;8,0;46;13,0;82,6;4,3;
Åva gymnasium;61720981;Täby;0160;Kommunal;Täby kommun;2120000118;Engelska 6;289;15,6;74,4;10,0;100;12,0;76,0;12,0;189;17,5;73,5;9,0;
Åva gymnasium;61720981;Täby;0160;Kommunal;Täby kommun;2120000118;Matematik 1A;76;.;85,5;14,5;22;.;86,4;13,6;54;.;85,2;14,8;
Åva gymnasium;61720981;Täby;0160;Kommunal;Täby kommun;2120000118;Matematik 2B;59;.;72,9;27,1;29;.;65,5;34,5;30;.;80,0;20,0;
Åva gymnasium;61720981;Täby;0160;Kommunal;Täby kommun;2120000118;Matematik 3B;48;.;50,0;50,0;14;.;42,9;57,1;34;.;52,9;47,1;
Åva gymnasium;61720981;Täby;0160;Kommunal;Täby kommun;2120000118;Matematik 4;76;.;96,1;3,9;30;.;90,0;10,0;46;.;100,0;.;
Åva gymnasium;61720981;Täby;0160;Kommunal;Täby kommun;2120000118;Svenska 1;67;4,5;65,7;29,9;23;4,3;60,9;34,8;44;4,5;68,2;27,3;
Åva gymnasium;61720981;Täby;0160;Kommunal;Täby kommun;2120000118;Svenska 3;259;3,1;72,6;24,3;74;.;73,0;27,0;185;4,3;72,4;23,2;
Åva gymnasium;61720981;Täby;0160;Kommunal;Täby kommun;2120000118;Svenska som andraspråk 3;6;..;..;..;2;..;..;..;4;..;..;..;
Naturbruksskolan Sötåsen;25698509;Töreboda;1473;Region;Västra Götalandsregionen;2321000131;Engelska 5;22;.;36,4;63,6;22;..;..;..;.;.;.;.;
Naturbruksskolan Sötåsen;25698509;Töreboda;1473;Region;Västra Götalandsregionen;2321000131;Matematik 1A;54;3,7;61,1;35,2;41;2,4;68,3;29,3;13;7,7;38,5;53,8;
Naturbruksskolan Sötåsen;25698509;Töreboda;1473;Region;Västra Götalandsregionen;2321000131;Svenska 1;22;.;45,5;54,5;21;..;..;..;1;..;..;..;
Drottning Blankas Gymnasieskola Uddevalla;50424828;Uddevalla;1485;Enskild;DBGY Juvelen AB;5565789129;Engelska 5;35;.;71,4;28,6;26;..;..;..;9;..;..;..;
Drottning Blankas Gymnasieskola Uddevalla;50424828;Uddevalla;1485;Enskild;DBGY Juvelen AB;5565789129;Engelska 6;15;26,7;66,7;6,7;9;..;..;..;6;..;..;..;
Drottning Blankas Gymnasieskola Uddevalla;50424828;Uddevalla;1485;Enskild;DBGY Juvelen AB;5565789129;Matematik 1A;42;2,4;88,1;9,5;30;3,3;86,7;10,0;12;.;91,7;8,3;
Drottning Blankas Gymnasieskola Uddevalla;50424828;Uddevalla;1485;Enskild;DBGY Juvelen AB;5565789129;Matematik 2B;7;..;..;..;4;..;..;..;3;..;..;..;
Drottning Blankas Gymnasieskola Uddevalla;50424828;Uddevalla;1485;Enskild;DBGY Juvelen AB;5565789129;Matematik 3B;4;..;..;..;3;..;..;..;1;..;..;..;
Drottning Blankas Gymnasieskola Uddevalla;50424828;Uddevalla;1485;Enskild;DBGY Juvelen AB;5565789129;Svenska 1;33;6,1;57,6;36,4;26;..;..;..;7;..;..;..;
Drottning Blankas Gymnasieskola Uddevalla;50424828;Uddevalla;1485;Enskild;DBGY Juvelen AB;5565789129;Svenska 3;12;16,7;50,0;33,3;7;..;..;..;5;..;..;..;
Drottning Blankas Gymnasieskola Uddevalla;50424828;Uddevalla;1485;Enskild;DBGY Juvelen AB;5565789129;Svenska som andraspråk 1;5;..;..;..;4;..;..;..;1;..;..;..;
Drottning Blankas Gymnasieskola Uddevalla;50424828;Uddevalla;1485;Enskild;DBGY Juvelen AB;5565789129;Svenska som andraspråk 3;5;..;..;..;5;..;..;..;.;.;.;.;
Thoren Innovation School Uddevalla;82931004;Uddevalla;1485;Enskild;Thoren Innovation School AB;5568902653;Engelska 5;11;36,4;54,5;9,1;.;.;.;.;11;..;..;..;
Thoren Innovation School Uddevalla;82931004;Uddevalla;1485;Enskild;Thoren Innovation School AB;5568902653;Engelska 6;23;21,7;47,8;30,4;4;..;..;..;19;..;..;..;
Thoren Innovation School Uddevalla;82931004;Uddevalla;1485;Enskild;Thoren Innovation School AB;5568902653;Matematik 1A;14;.;21,4;78,6;.;.;.;.;14;..;..;..;
Thoren Innovation School Uddevalla;82931004;Uddevalla;1485;Enskild;Thoren Innovation School AB;5568902653;Matematik 3C;9;..;..;..;1;..;..;..;8;..;..;..;
Thoren Innovation School Uddevalla;82931004;Uddevalla;1485;Enskild;Thoren Innovation School AB;5568902653;Svenska 1;11;9,1;81,8;9,1;.;.;.;.;11;..;..;..;
Thoren Innovation School Uddevalla;82931004;Uddevalla;1485;Enskild;Thoren Innovation School AB;5568902653;Svenska 3;8;..;..;..;.;.;.;.;8;..;..;..;
Uddevalla gymnasieskola, Agneberg BF;83584125;Uddevalla;1485;Kommunal;Uddevalla kommun;2120001397;Engelska 5;26;7,7;50,0;42,3;20;..;..;..;6;..;..;..;
Uddevalla gymnasieskola, Agneberg BF;83584125;Uddevalla;1485;Kommunal;Uddevalla kommun;2120001397;Matematik 1A;30;.;86,7;13,3;22;..;..;..;8;..;..;..;
Uddevalla gymnasieskola, Agneberg BF;83584125;Uddevalla;1485;Kommunal;Uddevalla kommun;2120001397;Svenska 1;23;4,3;52,2;43,5;19;..;..;..;4;..;..;..;
Uddevalla gymnasieskola, Agneberg BF;83584125;Uddevalla;1485;Kommunal;Uddevalla kommun;2120001397;Svenska som andraspråk 1;3;..;..;..;2;..;..;..;1;..;..;..;
Uddevalla gymnasieskola, Agneberg EK;95024660;Uddevalla;1485;Kommunal;Uddevalla kommun;2120001397;Engelska 6;55;21,8;76,4;1,8;27;18,5;77,8;3,7;28;25,0;75,0;.;
Uddevalla gymnasieskola, Agneberg EK;95024660;Uddevalla;1485;Kommunal;Uddevalla kommun;2120001397;Matematik 2B;48;.;91,7;8,3;31;.;87,1;12,9;17;.;100,0;.;
Uddevalla gymnasieskola, Agneberg EK;95024660;Uddevalla;1485;Kommunal;Uddevalla kommun;2120001397;Matematik 3B;38;.;97,4;2,6;17;.;100,0;.;21;.;95,2;4,8;
Uddevalla gymnasieskola, Agneberg EK;95024660;Uddevalla;1485;Kommunal;Uddevalla kommun;2120001397;Svenska 3;88;4,5;60,2;35,2;55;1,8;60,0;38,2;33;9,1;60,6;30,3;
Uddevalla gymnasieskola, Agneberg EK;95024660;Uddevalla;1485;Kommunal;Uddevalla kommun;2120001397;Svenska som andraspråk 3;4;..;..;..;3;..;..;..;1;..;..;..;
Uddevalla gymnasieskola, Agneberg FS;12075195;Uddevalla;1485;Kommunal;Uddevalla kommun;2120001397;Engelska 5;22;18,2;77,3;4,5;13;..;..;..;9;..;..;..;
Uddevalla gymnasieskola, Agneberg FS;12075195;Uddevalla;1485;Kommunal;Uddevalla kommun;2120001397;Matematik 1A;51;.;94,1;5,9;30;.;96,7;3,3;21;.;90,5;9,5;
Uddevalla gymnasieskola, Agneberg FS;12075195;Uddevalla;1485;Kommunal;Uddevalla kommun;2120001397;Svenska 1;34;14,7;73,5;11,8;23;8,7;73,9;17,4;11;27,3;72,7;.;
Uddevalla gymnasieskola, Agneberg FS;12075195;Uddevalla;1485;Kommunal;Uddevalla kommun;2120001397;Svenska som andraspråk 1;5;..;..;..;3;..;..;..;2;..;..;..;
Uddevalla gymnasieskola, Agneberg GLU;16496466;Uddevalla;1485;Kommunal;Uddevalla kommun;2120001397;Engelska 5;46;19,6;65,2;15,2;20;15,0;60,0;25,0;26;23,1;69,2;7,7;
Uddevalla gymnasieskola, Agneberg GLU;16496466;Uddevalla;1485;Kommunal;Uddevalla kommun;2120001397;Matematik 1A;55;1,8;87,3;10,9;26;.;80,8;19,2;29;3,4;93,1;3,4;
Uddevalla gymnasieskola, Agneberg GLU;16496466;Uddevalla;1485;Kommunal;Uddevalla kommun;2120001397;Svenska 1;49;16,3;57,1;26,5;24;16,7;45,8;37,5;25;16,0;68,0;16,0;
Uddevalla gymnasieskola, Agneberg GLU;16496466;Uddevalla;1485;Kommunal;Uddevalla kommun;2120001397;Svenska som andraspråk 1;4;..;..;..;3;..;..;..;1;..;..;..;
Uddevalla gymnasieskola, Agneberg RL;62300682;Uddevalla;1485;Kommunal;Uddevalla kommun;2120001397;Engelska 5;15;6,7;80,0;13,3;4;..;..;..;11;..;..;..;
Uddevalla gymnasieskola, Agneberg RL;62300682;Uddevalla;1485;Kommunal;Uddevalla kommun;2120001397;Matematik 1A;16;6,3;43,8;50,0;5;..;..;..;11;..;..;..;
Uddevalla gymnasieskola, Agneberg RL;62300682;Uddevalla;1485;Kommunal;Uddevalla kommun;2120001397;Svenska 1;17;5,9;70,6;23,5;6;..;..;..;11;..;..;..;
Uddevalla gymnasieskola, Agneberg SA;47393891;Uddevalla;1485;Kommunal;Uddevalla kommun;2120001397;Engelska 6;51;11,8;80,4;7,8;38;10,5;78,9;10,5;13;15,4;84,6;.;
Uddevalla gymnasieskola, Agneberg SA;47393891;Uddevalla;1485;Kommunal;Uddevalla kommun;2120001397;Matematik 2B;45;.;97,8;2,2;34;.;97,1;2,9;11;.;100,0;.;
Uddevalla gymnasieskola, Agneberg SA;47393891;Uddevalla;1485;Kommunal;Uddevalla kommun;2120001397;Svenska 3;45;20,0;55,6;24,4;35;14,3;60,0;25,7;10;40,0;40,0;20,0;
Uddevalla gymnasieskola, Agneberg SA;47393891;Uddevalla;1485;Kommunal;Uddevalla kommun;2120001397;Svenska som andraspråk 3;12;.;66,7;33,3;6;..;..;..;6;..;..;..;
Uddevalla gymnasieskola, Agneberg SA/EK internationell;32263814;Uddevalla;1485;Kommunal;Uddevalla kommun;2120001397;Engelska 6;18;5,6;88,9;5,6;10;..;..;..;8;..;..;..;
Uddevalla gymnasieskola, Agneberg SA/EK internationell;32263814;Uddevalla;1485;Kommunal;Uddevalla kommun;2120001397;Matematik 2B;8;..;..;..;5;..;..;..;3;..;..;..;
Uddevalla gymnasieskola, Agneberg SA/EK internationell;32263814;Uddevalla;1485;Kommunal;Uddevalla kommun;2120001397;Matematik 3B;9;..;..;..;8;..;..;..;1;..;..;..;
Uddevalla gymnasieskola, Agneberg SA/EK internationell;32263814;Uddevalla;1485;Kommunal;Uddevalla kommun;2120001397;Svenska 3;14;14,3;57,1;28,6;12;..;..;..;2;..;..;..;
Uddevalla gymnasieskola, Agneberg SA/EK internationell;32263814;Uddevalla;1485;Kommunal;Uddevalla kommun;2120001397;Svenska som andraspråk 3;5;..;..;..;3;..;..;..;2;..;..;..;
Uddevalla gymnasieskola, Sinclair ES;11533776;Uddevalla;1485;Kommunal;Uddevalla kommun;2120001397;Engelska 6;44;.;93,2;6,8;26;.;96,2;3,8;18;.;88,9;11,1;
Uddevalla gymnasieskola, Sinclair ES;11533776;Uddevalla;1485;Kommunal;Uddevalla kommun;2120001397;Matematik 1B;43;2,3;86,0;11,6;24;.;83,3;16,7;19;5,3;89,5;5,3;
Uddevalla gymnasieskola, Sinclair ES;11533776;Uddevalla;1485;Kommunal;Uddevalla kommun;2120001397;Svenska 3;38;26,3;57,9;15,8;34;..;..;..;4;..;..;..;
Uddevalla gymnasieskola, Sinclair ES;11533776;Uddevalla;1485;Kommunal;Uddevalla kommun;2120001397;Svenska som andraspråk 3;5;..;..;..;4;..;..;..;1;..;..;..;
Uddevalla gymnasieskola, Östrabo 1 IN;71938440;Uddevalla;1485;Kommunal;Uddevalla kommun;2120001397;Matematik 1A;10;.;80,0;20,0;1;..;..;..;9;..;..;..;
Uddevalla gymnasieskola, Östrabo 1 IN;71938440;Uddevalla;1485;Kommunal;Uddevalla kommun;2120001397;Svenska 1;13;.;84,6;15,4;.;.;.;.;13;..;..;..;
Uddevalla gymnasieskola, Östrabo 1 IN;71938440;Uddevalla;1485;Kommunal;Uddevalla kommun;2120001397;Svenska som andraspråk 1;1;..;..;..;.;.;.;.;1;..;..;..;
Uddevalla gymnasieskola, Östrabo 1 TE;28829503;Uddevalla;1485;Kommunal;Uddevalla kommun;2120001397;Engelska 6;75;12,0;76,0;12,0;26;11,5;76,9;11,5;49;12,2;75,5;12,2;
Uddevalla gymnasieskola, Östrabo 1 TE;28829503;Uddevalla;1485;Kommunal;Uddevalla kommun;2120001397;Matematik 3C;47;.;95,7;4,3;19;.;94,7;5,3;28;.;96,4;3,6;
Uddevalla gymnasieskola, Östrabo 1 TE;28829503;Uddevalla;1485;Kommunal;Uddevalla kommun;2120001397;Svenska 3;77;10,4;54,5;35,1;18;11,1;55,6;33,3;59;10,2;54,2;35,6;
Uddevalla gymnasieskola, Östrabo 1 TE;28829503;Uddevalla;1485;Kommunal;Uddevalla kommun;2120001397;Svenska som andraspråk 3;1;..;..;..;.;.;.;.;1;..;..;..;
Uddevalla gymnasieskola, Östrabo 1 VO;97191332;Uddevalla;1485;Kommunal;Uddevalla kommun;2120001397;Engelska 5;25;8,0;84,0;8,0;20;..;..;..;5;..;..;..;
Uddevalla gymnasieskola, Östrabo 1 VO;97191332;Uddevalla;1485;Kommunal;Uddevalla kommun;2120001397;Matematik 1A;28;.;89,3;10,7;21;..;..;..;7;..;..;..;
Uddevalla gymnasieskola, Östrabo 1 VO;97191332;Uddevalla;1485;Kommunal;Uddevalla kommun;2120001397;Svenska 1;15;.;80,0;20,0;12;..;..;..;3;..;..;..;
Uddevalla gymnasieskola, Östrabo 1 VO;97191332;Uddevalla;1485;Kommunal;Uddevalla kommun;2120001397;Svenska som andraspråk 1;11;.;72,7;27,3;7;..;..;..;4;..;..;..;
Uddevalla gymnasieskola, Östrabo Y BA;22811839;Uddevalla;1485;Kommunal;Uddevalla kommun;2120001397;Engelska 5;44;.;90,9;9,1;8;..;..;..;36;..;..;..;
Uddevalla gymnasieskola, Östrabo Y BA;22811839;Uddevalla;1485;Kommunal;Uddevalla kommun;2120001397;Matematik 1A;61;9,8;62,3;27,9;10;10,0;60,0;30,0;51;9,8;62,7;27,5;
Uddevalla gymnasieskola, Östrabo Y BA;22811839;Uddevalla;1485;Kommunal;Uddevalla kommun;2120001397;Svenska 1;50;4,0;76,0;20,0;12;8,3;91,7;.;38;2,6;71,1;26,3;
Uddevalla gymnasieskola, Östrabo Y BA;22811839;Uddevalla;1485;Kommunal;Uddevalla kommun;2120001397;Svenska som andraspråk 1;6;..;..;..;.;.;.;.;6;..;..;..;
Uddevalla gymnasieskola, Östrabo Y EE;33205596;Uddevalla;1485;Kommunal;Uddevalla kommun;2120001397;Engelska 5;13;7,7;84,6;7,7;.;.;.;.;13;..;..;..;
Uddevalla gymnasieskola, Östrabo Y EE;33205596;Uddevalla;1485;Kommunal;Uddevalla kommun;2120001397;Matematik 1A;14;.;71,4;28,6;.;.;.;.;14;..;..;..;
Uddevalla gymnasieskola, Östrabo Y EE;33205596;Uddevalla;1485;Kommunal;Uddevalla kommun;2120001397;Svenska 1;12;8,3;83,3;8,3;.;.;.;.;12;..;..;..;
Uddevalla gymnasieskola, Östrabo Y EE;33205596;Uddevalla;1485;Kommunal;Uddevalla kommun;2120001397;Svenska som andraspråk 1;2;..;..;..;.;.;.;.;2;..;..;..;
Uddevalla gymnasieskola, Östrabo Y FT;19930101;Uddevalla;1485;Kommunal;Uddevalla kommun;2120001397;Engelska 5;71;2,8;76,1;21,1;20;.;70,0;30,0;51;3,9;78,4;17,6;
Uddevalla gymnasieskola, Östrabo Y FT;19930101;Uddevalla;1485;Kommunal;Uddevalla kommun;2120001397;Matematik 1A;75;.;46,7;53,3;24;.;58,3;41,7;51;.;41,2;58,8;
Uddevalla gymnasieskola, Östrabo Y FT;19930101;Uddevalla;1485;Kommunal;Uddevalla kommun;2120001397;Svenska 1;67;4,5;43,3;52,2;19;.;36,8;63,2;48;6,3;45,8;47,9;
Uddevalla gymnasieskola, Östrabo Y FT;19930101;Uddevalla;1485;Kommunal;Uddevalla kommun;2120001397;Svenska som andraspråk 1;4;..;..;..;.;.;.;.;4;..;..;..;
Uddevalla Gymnasieskola, Östrabo Y GLU;60727136;Uddevalla;1485;Kommunal;Uddevalla kommun;2120001397;Engelska 5;8;..;..;..;4;..;..;..;4;..;..;..;
Uddevalla Gymnasieskola, Östrabo Y GLU;60727136;Uddevalla;1485;Kommunal;Uddevalla kommun;2120001397;Matematik 1A;8;..;..;..;4;..;..;..;4;..;..;..;
Uddevalla Gymnasieskola, Östrabo Y GLU;60727136;Uddevalla;1485;Kommunal;Uddevalla kommun;2120001397;Svenska 1;9;..;..;..;5;..;..;..;4;..;..;..;
Uddevalla gymnasieskola, Östrabo Y HV;45132264;Uddevalla;1485;Kommunal;Uddevalla kommun;2120001397;Engelska 5;34;.;70,6;29,4;30;..;..;..;4;..;..;..;
Uddevalla gymnasieskola, Östrabo Y HV;45132264;Uddevalla;1485;Kommunal;Uddevalla kommun;2120001397;Matematik 1A;34;.;70,6;29,4;30;..;..;..;4;..;..;..;
Uddevalla gymnasieskola, Östrabo Y HV;45132264;Uddevalla;1485;Kommunal;Uddevalla kommun;2120001397;Svenska 1;30;.;40,0;60,0;27;..;..;..;3;..;..;..;
Uddevalla gymnasieskola, Östrabo Y HV;45132264;Uddevalla;1485;Kommunal;Uddevalla kommun;2120001397;Svenska som andraspråk 1;2;..;..;..;2;..;..;..;.;.;.;.;
Uddevalla gymnasieskola, Östrabo Y VF;61647360;Uddevalla;1485;Kommunal;Uddevalla kommun;2120001397;Engelska 5;19;15,8;57,9;26,3;4;..;..;..;15;..;..;..;
Uddevalla gymnasieskola, Östrabo Y VF;61647360;Uddevalla;1485;Kommunal;Uddevalla kommun;2120001397;Matematik 1A;14;.;42,9;57,1;1;..;..;..;13;..;..;..;
Uddevalla gymnasieskola, Östrabo Y VF;61647360;Uddevalla;1485;Kommunal;Uddevalla kommun;2120001397;Svenska 1;14;.;28,6;71,4;1;..;..;..;13;..;..;..;
Uddevalla gymnasieskola,Östrabo 1 NA;98651664;Uddevalla;1485;Kommunal;Uddevalla kommun;2120001397;Engelska 6;50;6,0;74,0;20,0;29;.;69,0;31,0;21;14,3;81,0;4,8;
Uddevalla gymnasieskola,Östrabo 1 NA;98651664;Uddevalla;1485;Kommunal;Uddevalla kommun;2120001397;Matematik 3C;25;.;92,0;8,0;14;.;85,7;14,3;11;.;100,0;.;
Uddevalla gymnasieskola,Östrabo 1 NA;98651664;Uddevalla;1485;Kommunal;Uddevalla kommun;2120001397;Svenska 3;59;5,1;74,6;20,3;34;5,9;61,8;32,4;25;4,0;92,0;4,0;
Uddevalla gymnasieskola,Östrabo 1 NA;98651664;Uddevalla;1485;Kommunal;Uddevalla kommun;2120001397;Svenska som andraspråk 3;12;8,3;66,7;25,0;4;..;..;..;8;..;..;..;
Tingsholmsgymnasiets nationella program;33657492;Ulricehamn;1491;Kommunal;Ulricehamns kommun;2120001579;Engelska 5;37;32,4;67,6;.;13;15,4;84,6;.;24;41,7;58,3;.;
Tingsholmsgymnasiets nationella program;33657492;Ulricehamn;1491;Kommunal;Ulricehamns kommun;2120001579;Engelska 6;36;8,3;86,1;5,6;20;15,0;80,0;5,0;16;.;93,8;6,3;
Tingsholmsgymnasiets nationella program;33657492;Ulricehamn;1491;Kommunal;Ulricehamns kommun;2120001579;Matematik 1A;47;.;100,0;.;14;.;100,0;.;33;.;100,0;.;
Tingsholmsgymnasiets nationella program;33657492;Ulricehamn;1491;Kommunal;Ulricehamns kommun;2120001579;Matematik 2B;55;.;92,7;7,3;32;.;90,6;9,4;23;.;95,7;4,3;
Tingsholmsgymnasiets nationella program;33657492;Ulricehamn;1491;Kommunal;Ulricehamns kommun;2120001579;Matematik 3B;12;.;83,3;16,7;5;..;..;..;7;..;..;..;
Tingsholmsgymnasiets nationella program;33657492;Ulricehamn;1491;Kommunal;Ulricehamns kommun;2120001579;Matematik 3C;22;.;100,0;.;7;..;..;..;15;..;..;..;
Tingsholmsgymnasiets nationella program;33657492;Ulricehamn;1491;Kommunal;Ulricehamns kommun;2120001579;Matematik 4;13;7,7;84,6;7,7;9;..;..;..;4;..;..;..;
Tingsholmsgymnasiets nationella program;33657492;Ulricehamn;1491;Kommunal;Ulricehamns kommun;2120001579;Svenska 1;37;.;75,7;24,3;9;..;..;..;28;..;..;..;
Tingsholmsgymnasiets nationella program;33657492;Ulricehamn;1491;Kommunal;Ulricehamns kommun;2120001579;Svenska 3;82;14,6;68,3;17,1;39;12,8;71,8;15,4;43;16,3;65,1;18,6;
Tingsholmsgymnasiets nationella program;33657492;Ulricehamn;1491;Kommunal;Ulricehamns kommun;2120001579;Svenska som andraspråk 1;3;..;..;..;2;..;..;..;1;..;..;..;
Tingsholmsgymnasiets nationella program;33657492;Ulricehamn;1491;Kommunal;Ulricehamns kommun;2120001579;Svenska som andraspråk 3;6;..;..;..;2;..;..;..;4;..;..;..;
Dragonskolan BA;61622991;Umeå;2480;Kommunal;Umeå kommun;2120002627;Engelska 5;29;3,4;96,6;.;9;..;..;..;20;..;..;..;
Dragonskolan BA;61622991;Umeå;2480;Kommunal;Umeå kommun;2120002627;Matematik 1A;1;..;..;..;1;..;..;..;.;.;.;.;
Dragonskolan BF;66644568;Umeå;2480;Kommunal;Umeå kommun;2120002627;Svenska 1;1;..;..;..;1;..;..;..;.;.;.;.;
Dragonskolan EE;93659517;Umeå;2480;Kommunal;Umeå kommun;2120002627;Matematik 1A;2;..;..;..;.;.;.;.;2;..;..;..;
Dragonskolan EE;93659517;Umeå;2480;Kommunal;Umeå kommun;2120002627;Svenska 1;1;..;..;..;.;.;.;.;1;..;..;..;
Dragonskolan EE;93659517;Umeå;2480;Kommunal;Umeå kommun;2120002627;Svenska som andraspråk 1;1;..;..;..;.;.;.;.;1;..;..;..;
Dragonskolan EK;79309485;Umeå;2480;Kommunal;Umeå kommun;2120002627;Engelska 6;19;15,8;84,2;.;13;..;..;..;6;..;..;..;
Dragonskolan EK;79309485;Umeå;2480;Kommunal;Umeå kommun;2120002627;Svenska 3;24;4,2;54,2;41,7;13;.;69,2;30,8;11;9,1;36,4;54,5;
Dragonskolan GL;61175914;Umeå;2480;Kommunal;Umeå kommun;2120002627;Engelska 5;1;..;..;..;.;.;.;.;1;..;..;..;
Dragonskolan GL;61175914;Umeå;2480;Kommunal;Umeå kommun;2120002627;Matematik 1A;29;.;75,9;24,1;14;.;71,4;28,6;15;.;80,0;20,0;
Dragonskolan GL;61175914;Umeå;2480;Kommunal;Umeå kommun;2120002627;Svenska 1;2;..;..;..;1;..;..;..;1;..;..;..;
Dragonskolan GL;61175914;Umeå;2480;Kommunal;Umeå kommun;2120002627;Svenska som andraspråk 1;1;..;..;..;.;.;.;.;1;..;..;..;
Dragonskolan IN;27859889;Umeå;2480;Kommunal;Umeå kommun;2120002627;Engelska 5;1;..;..;..;.;.;.;.;1;..;..;..;
Dragonskolan IN;27859889;Umeå;2480;Kommunal;Umeå kommun;2120002627;Svenska 1;1;..;..;..;.;.;.;.;1;..;..;..;
Dragonskolan SA;82195565;Umeå;2480;Kommunal;Umeå kommun;2120002627;Svenska 3;55;5,5;41,8;52,7;32;6,3;53,1;40,6;23;4,3;26,1;69,6;
Dragonskolan TE;33596572;Umeå;2480;Kommunal;Umeå kommun;2120002627;Matematik 3C;24;4,2;91,7;4,2;8;..;..;..;16;..;..;..;
Dragonskolan TE;33596572;Umeå;2480;Kommunal;Umeå kommun;2120002627;Matematik 4;11;.;54,5;45,5;3;..;..;..;8;..;..;..;
Dragonskolan TE;33596572;Umeå;2480;Kommunal;Umeå kommun;2120002627;Svenska 3;41;4,9;19,5;75,6;16;.;50,0;50,0;25;8,0;.;92,0;
Dragonskolan VF;45541222;Umeå;2480;Kommunal;Umeå kommun;2120002627;Engelska 5;12;.;100,0;.;.;.;.;.;12;..;..;..;
Dragonskolan VO;17812651;Umeå;2480;Kommunal;Umeå kommun;2120002627;Matematik 1A;1;..;..;..;1;..;..;..;.;.;.;.;
Forslundagymnasiet GY;63451147;Umeå;2480;Kommunal;Umeå kommun;2120002627;Engelska 5;49;4,1;85,7;10,2;31;6,5;80,6;12,9;18;.;94,4;5,6;
Forslundagymnasiet GY;63451147;Umeå;2480;Kommunal;Umeå kommun;2120002627;Matematik 1A;78;.;75,6;24,4;42;.;71,4;28,6;36;.;80,6;19,4;
Forslundagymnasiet GY;63451147;Umeå;2480;Kommunal;Umeå kommun;2120002627;Svenska 1;49;.;67,3;32,7;30;.;63,3;36,7;19;.;73,7;26,3;
Idrottsgymnasiet Dragonskolan;10425474;Umeå;2480;Kommunal;Umeå kommun;2120002627;Svenska 1;1;..;..;..;.;.;.;.;1;..;..;..;
Maja Beskowgymnasiet GY;53889000;Umeå;2480;Kommunal;Umeå kommun;2120002627;Engelska 5;20;15,0;75,0;10,0;11;..;..;..;9;..;..;..;
Maja Beskowgymnasiet GY;53889000;Umeå;2480;Kommunal;Umeå kommun;2120002627;Engelska 6;19;15,8;78,9;5,3;3;..;..;..;16;..;..;..;
Maja Beskowgymnasiet GY;53889000;Umeå;2480;Kommunal;Umeå kommun;2120002627;Matematik 3C;23;.;73,9;26,1;1;..;..;..;22;..;..;..;
Maja Beskowgymnasiet GY;53889000;Umeå;2480;Kommunal;Umeå kommun;2120002627;Svenska som andraspråk 1;1;..;..;..;.;.;.;.;1;..;..;..;
Maja Beskowgymnasiet GY;53889000;Umeå;2480;Kommunal;Umeå kommun;2120002627;Svenska som andraspråk 3;6;..;..;..;4;..;..;..;2;..;..;..;
Midgårdsskolan ESBIL;51131594;Umeå;2480;Kommunal;Umeå kommun;2120002627;Matematik 1B;27;.;85,2;14,8;27;..;..;..;.;.;.;.;
Midgårdsskolan ESEST;53696633;Umeå;2480;Kommunal;Umeå kommun;2120002627;Matematik 1B;17;.;88,2;11,8;8;..;..;..;9;..;..;..;
Midgårdsskolan ESMUS;27440210;Umeå;2480;Kommunal;Umeå kommun;2120002627;Matematik 1B;20;.;85,0;15,0;11;..;..;..;9;..;..;..;
Midgårdsskolan NA;16218090;Umeå;2480;Kommunal;Umeå kommun;2120002627;Matematik 4;20;.;90,0;10,0;14;..;..;..;6;..;..;..;
Minervagymnasium;23544320;Umeå;2480;Enskild;Minervaskolan i Umeå AB;5565735049;Engelska 6;136;2,2;94,9;2,9;78;3,8;93,6;2,6;58;.;96,6;3,4;
Minervagymnasium;23544320;Umeå;2480;Enskild;Minervaskolan i Umeå AB;5565735049;Matematik 2B;65;.;90,8;9,2;41;.;90,2;9,8;24;.;91,7;8,3;
Minervagymnasium;23544320;Umeå;2480;Enskild;Minervaskolan i Umeå AB;5565735049;Matematik 3B;8;..;..;..;1;..;..;..;7;..;..;..;
Minervagymnasium;23544320;Umeå;2480;Enskild;Minervaskolan i Umeå AB;5565735049;Matematik 3C;6;..;..;..;5;..;..;..;1;..;..;..;
Minervagymnasium;23544320;Umeå;2480;Enskild;Minervaskolan i Umeå AB;5565735049;Matematik 4;37;.;94,6;5,4;14;.;100,0;.;23;.;91,3;8,7;
Minervagymnasium;23544320;Umeå;2480;Enskild;Minervaskolan i Umeå AB;5565735049;Svenska 3;143;7,7;75,5;16,8;73;8,2;75,3;16,4;70;7,1;75,7;17,1;
Minervagymnasium;23544320;Umeå;2480;Enskild;Minervaskolan i Umeå AB;5565735049;Svenska som andraspråk 3;18;11,1;72,2;16,7;8;..;..;..;10;..;..;..;
NTI Gymnasiet Umeå;57668673;Umeå;2480;Enskild;NTI Gymnasiet Macro AB;5561203679;Engelska 5;10;20,0;70,0;10,0;.;.;.;.;10;..;..;..;
NTI Gymnasiet Umeå;57668673;Umeå;2480;Enskild;NTI Gymnasiet Macro AB;5561203679;Engelska 6;35;14,3;60,0;25,7;7;..;..;..;28;..;..;..;
NTI Gymnasiet Umeå;57668673;Umeå;2480;Enskild;NTI Gymnasiet Macro AB;5561203679;Matematik 1A;10;.;90,0;10,0;.;.;.;.;10;..;..;..;
NTI Gymnasiet Umeå;57668673;Umeå;2480;Enskild;NTI Gymnasiet Macro AB;5561203679;Matematik 1B;12;.;75,0;25,0;9;..;..;..;3;..;..;..;
NTI Gymnasiet Umeå;57668673;Umeå;2480;Enskild;NTI Gymnasiet Macro AB;5561203679;Svenska 1;7;..;..;..;.;.;.;.;7;..;..;..;
NTI Gymnasiet Umeå;57668673;Umeå;2480;Enskild;NTI Gymnasiet Macro AB;5561203679;Svenska 3;27;.;59,3;40,7;1;..;..;..;26;..;..;..;
NTI Gymnasiet Umeå;57668673;Umeå;2480;Enskild;NTI Gymnasiet Macro AB;5561203679;Svenska som andraspråk 1;2;..;..;..;.;.;.;.;2;..;..;..;
Thoren Sports Academy Umeå;69040241;Umeå;2480;Enskild;Thorengruppen AB;5566139290;Engelska 5;9;..;..;..;4;..;..;..;5;..;..;..;
Thoren Sports Academy Umeå;69040241;Umeå;2480;Enskild;Thorengruppen AB;5566139290;Engelska 6;13;7,7;84,6;7,7;.;.;.;.;13;..;..;..;
Thoren Sports Academy Umeå;69040241;Umeå;2480;Enskild;Thorengruppen AB;5566139290;Matematik 1A;8;..;..;..;4;..;..;..;4;..;..;..;
Thoren Sports Academy Umeå;69040241;Umeå;2480;Enskild;Thorengruppen AB;5566139290;Matematik 2B;9;..;..;..;.;.;.;.;9;..;..;..;
Thoren Sports Academy Umeå;69040241;Umeå;2480;Enskild;Thorengruppen AB;5566139290;Matematik 3B;12;.;58,3;41,7;3;..;..;..;9;..;..;..;
Thoren Sports Academy Umeå;69040241;Umeå;2480;Enskild;Thorengruppen AB;5566139290;Svenska 1;4;..;..;..;3;..;..;..;1;..;..;..;
Thoren Sports Academy Umeå;69040241;Umeå;2480;Enskild;Thorengruppen AB;5566139290;Svenska 3;16;12,5;81,3;6,3;2;..;..;..;14;..;..;..;
Thoren Sports Academy Umeå;69040241;Umeå;2480;Enskild;Thorengruppen AB;5566139290;Svenska som andraspråk 1;2;..;..;..;1;..;..;..;1;..;..;..;
Thoren Sports Academy Umeå;69040241;Umeå;2480;Enskild;Thorengruppen AB;5566139290;Svenska som andraspråk 3;9;..;..;..;7;..;..;..;2;..;..;..;
Umeå Elitidrottsgymnasium;77713695;Umeå;2480;Kommunal;Umeå kommun;2120002627;Matematik 1A;27;.;92,6;7,4;8;..;..;..;19;..;..;..;
Umeå Elitidrottsgymnasium;77713695;Umeå;2480;Kommunal;Umeå kommun;2120002627;Svenska som andraspråk 3;1;..;..;..;.;.;.;.;1;..;..;..;
Yrkesgymnasiet Umeå;91905819;Umeå;2480;Enskild;Thorengruppen AB;5566139290;Engelska 5;36;16,7;69,4;13,9;13;15,4;69,2;15,4;23;17,4;69,6;13,0;
Yrkesgymnasiet Umeå;91905819;Umeå;2480;Enskild;Thorengruppen AB;5566139290;Engelska 6;2;..;..;..;2;..;..;..;.;.;.;.;
Yrkesgymnasiet Umeå;91905819;Umeå;2480;Enskild;Thorengruppen AB;5566139290;Matematik 1A;50;.;84,0;16,0;22;.;86,4;13,6;28;.;82,1;17,9;
Yrkesgymnasiet Umeå;91905819;Umeå;2480;Enskild;Thorengruppen AB;5566139290;Svenska 1;41;7,3;46,3;46,3;19;.;47,4;52,6;22;13,6;45,5;40,9;
Yrkesgymnasiet Umeå;91905819;Umeå;2480;Enskild;Thorengruppen AB;5566139290;Svenska som andraspråk 1;3;..;..;..;2;..;..;..;1;..;..;..;
Väsby Nya Gymnasium;20855811;Upplands Väsby;0114;Kommunal;Upplands Väsby kommun;2120000019;Engelska 6;97;18,6;70,1;11,3;45;15,6;77,8;6,7;52;21,2;63,5;15,4;
Väsby Nya Gymnasium;20855811;Upplands Väsby;0114;Kommunal;Upplands Väsby kommun;2120000019;Matematik 2B;40;.;72,5;27,5;24;.;70,8;29,2;16;.;75,0;25,0;
Väsby Nya Gymnasium;20855811;Upplands Väsby;0114;Kommunal;Upplands Väsby kommun;2120000019;Matematik 3B;24;.;75,0;25,0;3;..;..;..;21;..;..;..;
Väsby Nya Gymnasium;20855811;Upplands Väsby;0114;Kommunal;Upplands Väsby kommun;2120000019;Matematik 4;6;..;..;..;5;..;..;..;1;..;..;..;
Väsby Nya Gymnasium;20855811;Upplands Väsby;0114;Kommunal;Upplands Väsby kommun;2120000019;Svenska 3;49;8,2;75,5;16,3;21;4,8;90,5;4,8;28;10,7;64,3;25,0;
Väsby Nya Gymnasium;20855811;Upplands Väsby;0114;Kommunal;Upplands Väsby kommun;2120000019;Svenska som andraspråk 3;39;7,7;59,0;33,3;23;8,7;47,8;43,5;16;6,3;75,0;18,8;
Yrkesgymnasium Väsby;54882637;Upplands Väsby;0114;Enskild;Väsby Yrkesgymnasium AB;5568089246;Engelska 5;32;.;59,4;40,6;5;..;..;..;27;..;..;..;
Yrkesgymnasium Väsby;54882637;Upplands Väsby;0114;Enskild;Väsby Yrkesgymnasium AB;5568089246;Matematik 1A;29;.;55,2;44,8;5;..;..;..;24;..;..;..;
Yrkesgymnasium Väsby;54882637;Upplands Väsby;0114;Enskild;Väsby Yrkesgymnasium AB;5568089246;Svenska 1;32;.;78,1;21,9;6;..;..;..;26;..;..;..;
Yrkesgymnasium Väsby;54882637;Upplands Väsby;0114;Enskild;Väsby Yrkesgymnasium AB;5568089246;Svenska som andraspråk 1;6;..;..;..;1;..;..;..;5;..;..;..;
Upplands-Brogymnasiet;53923398;Upplands-Bro;0139;Kommunal;Upplands-Bro kommun;2120000100;Engelska 5;84;19,0;69,0;11,9;21;4,8;81,0;14,3;63;23,8;65,1;11,1;
Upplands-Brogymnasiet;53923398;Upplands-Bro;0139;Kommunal;Upplands-Bro kommun;2120000100;Engelska 6;137;21,2;63,5;15,3;70;8,6;67,1;24,3;67;34,3;59,7;6,0;
Upplands-Brogymnasiet;53923398;Upplands-Bro;0139;Kommunal;Upplands-Bro kommun;2120000100;Matematik 1A;74;.;86,5;13,5;23;.;91,3;8,7;51;.;84,3;15,7;
Upplands-Brogymnasiet;53923398;Upplands-Bro;0139;Kommunal;Upplands-Bro kommun;2120000100;Matematik 2B;23;.;95,7;4,3;11;.;100,0;.;12;.;91,7;8,3;
Upplands-Brogymnasiet;53923398;Upplands-Bro;0139;Kommunal;Upplands-Bro kommun;2120000100;Matematik 3B;21;.;66,7;33,3;5;..;..;..;16;..;..;..;
Upplands-Brogymnasiet;53923398;Upplands-Bro;0139;Kommunal;Upplands-Bro kommun;2120000100;Matematik 4;21;.;61,9;38,1;12;..;..;..;9;..;..;..;
Upplands-Brogymnasiet;53923398;Upplands-Bro;0139;Kommunal;Upplands-Bro kommun;2120000100;Svenska 1;79;2,5;72,2;25,3;17;.;52,9;47,1;62;3,2;77,4;19,4;
Upplands-Brogymnasiet;53923398;Upplands-Bro;0139;Kommunal;Upplands-Bro kommun;2120000100;Svenska 3;118;7,6;56,8;35,6;61;9,8;50,8;39,3;57;5,3;63,2;31,6;
Ansgargymnasiet;74560191;Uppsala;0380;Enskild;Ansgarskolorna AB;5565835146;Engelska 5;1;..;..;..;.;.;.;.;1;..;..;..;
Ansgargymnasiet;74560191;Uppsala;0380;Enskild;Ansgarskolorna AB;5565835146;Engelska 6;21;14,3;76,2;9,5;11;.;81,8;18,2;10;30,0;70,0;.;
Ansgargymnasiet;74560191;Uppsala;0380;Enskild;Ansgarskolorna AB;5565835146;Matematik 1A;2;..;..;..;1;..;..;..;1;..;..;..;
Ansgargymnasiet;74560191;Uppsala;0380;Enskild;Ansgarskolorna AB;5565835146;Matematik 1B;7;..;..;..;3;..;..;..;4;..;..;..;
Ansgargymnasiet;74560191;Uppsala;0380;Enskild;Ansgarskolorna AB;5565835146;Matematik 2B;7;..;..;..;4;..;..;..;3;..;..;..;
Ansgargymnasiet;74560191;Uppsala;0380;Enskild;Ansgarskolorna AB;5565835146;Matematik 3B;5;..;..;..;.;.;.;.;5;..;..;..;
Ansgargymnasiet;74560191;Uppsala;0380;Enskild;Ansgarskolorna AB;5565835146;Matematik 4;4;..;..;..;2;..;..;..;2;..;..;..;
Ansgargymnasiet;74560191;Uppsala;0380;Enskild;Ansgarskolorna AB;5565835146;Svenska 1;1;..;..;..;.;.;.;.;1;..;..;..;
Ansgargymnasiet;74560191;Uppsala;0380;Enskild;Ansgarskolorna AB;5565835146;Svenska 3;31;.;77,4;22,6;14;.;85,7;14,3;17;.;70,6;29,4;
Ansgargymnasiet;74560191;Uppsala;0380;Enskild;Ansgarskolorna AB;5565835146;Svenska som andraspråk 3;3;..;..;..;2;..;..;..;1;..;..;..;
Bergstrands Gymnasium Uppsala;39147056;Uppsala;0380;Enskild;Bergstrands Gymnasium AB;5566753736;Engelska 5;51;5,9;64,7;29,4;11;9,1;27,3;63,6;40;5,0;75,0;20,0;
Bergstrands Gymnasium Uppsala;39147056;Uppsala;0380;Enskild;Bergstrands Gymnasium AB;5566753736;Matematik 1A;58;.;29,3;70,7;13;.;7,7;92,3;45;.;35,6;64,4;
Bergstrands Gymnasium Uppsala;39147056;Uppsala;0380;Enskild;Bergstrands Gymnasium AB;5566753736;Svenska 1;47;6,4;55,3;38,3;11;18,2;45,5;36,4;36;2,8;58,3;38,9;
Bergstrands Gymnasium Uppsala;39147056;Uppsala;0380;Enskild;Bergstrands Gymnasium AB;5566753736;Svenska som andraspråk 1;3;..;..;..;.;.;.;.;3;..;..;..;
Celsiusskolan;47844862;Uppsala;0380;Kommunal;Uppsala kommun;2120003005;Engelska 5;50;14,0;72,0;14,0;13;.;92,3;7,7;37;18,9;64,9;16,2;
Celsiusskolan;47844862;Uppsala;0380;Kommunal;Uppsala kommun;2120003005;Engelska 6;277;6,9;75,5;17,7;108;5,6;76,9;17,6;169;7,7;74,6;17,8;
Celsiusskolan;47844862;Uppsala;0380;Kommunal;Uppsala kommun;2120003005;Matematik 2B;157;.;80,3;19,7;65;.;76,9;23,1;92;.;82,6;17,4;
Celsiusskolan;47844862;Uppsala;0380;Kommunal;Uppsala kommun;2120003005;Matematik 3B;72;.;73,6;26,4;31;.;64,5;35,5;41;.;80,5;19,5;
Celsiusskolan;47844862;Uppsala;0380;Kommunal;Uppsala kommun;2120003005;Svenska 1;49;.;85,7;14,3;13;.;92,3;7,7;36;.;83,3;16,7;
Celsiusskolan;47844862;Uppsala;0380;Kommunal;Uppsala kommun;2120003005;Svenska 3;256;7,4;56,6;35,9;122;4,1;59,8;36,1;134;10,4;53,7;35,8;
Cultus gymnasium;22239675;Uppsala;0380;Enskild;Folkuniversitetet Stiftelsen Kursverksamheten vid Uppsala Universitet;8176007055;Engelska 5;16;.;68,8;31,3;9;..;..;..;7;..;..;..;
Cultus gymnasium;22239675;Uppsala;0380;Enskild;Folkuniversitetet Stiftelsen Kursverksamheten vid Uppsala Universitet;8176007055;Matematik 1A;25;.;36,0;64,0;17;..;..;..;8;..;..;..;
Cultus gymnasium;22239675;Uppsala;0380;Enskild;Folkuniversitetet Stiftelsen Kursverksamheten vid Uppsala Universitet;8176007055;Svenska 1;13;.;30,8;69,2;8;..;..;..;5;..;..;..;
Cultus gymnasium;22239675;Uppsala;0380;Enskild;Folkuniversitetet Stiftelsen Kursverksamheten vid Uppsala Universitet;8176007055;Svenska som andraspråk 1;7;..;..;..;5;..;..;..;2;..;..;..;
Drottning Blankas Gymnasieskola Uppsala;55472112;Uppsala;0380;Enskild;DBGY Juvelen AB;5565789129;Engelska 5;14;14,3;78,6;7,1;12;..;..;..;2;..;..;..;
Drottning Blankas Gymnasieskola Uppsala;55472112;Uppsala;0380;Enskild;DBGY Juvelen AB;5565789129;Engelska 6;40;7,5;70,0;22,5;33;..;..;..;7;..;..;..;
Drottning Blankas Gymnasieskola Uppsala;55472112;Uppsala;0380;Enskild;DBGY Juvelen AB;5565789129;Matematik 1A;13;.;76,9;23,1;11;..;..;..;2;..;..;..;
Drottning Blankas Gymnasieskola Uppsala;55472112;Uppsala;0380;Enskild;DBGY Juvelen AB;5565789129;Matematik 1B;13;.;84,6;15,4;10;..;..;..;3;..;..;..;
Drottning Blankas Gymnasieskola Uppsala;55472112;Uppsala;0380;Enskild;DBGY Juvelen AB;5565789129;Matematik 2B;23;.;52,2;47,8;18;..;..;..;5;..;..;..;
Drottning Blankas Gymnasieskola Uppsala;55472112;Uppsala;0380;Enskild;DBGY Juvelen AB;5565789129;Svenska 1;12;.;100,0;.;11;..;..;..;1;..;..;..;
Drottning Blankas Gymnasieskola Uppsala;55472112;Uppsala;0380;Enskild;DBGY Juvelen AB;5565789129;Svenska 3;15;33,3;66,7;.;13;..;..;..;2;..;..;..;
Drottning Blankas Gymnasieskola Uppsala;55472112;Uppsala;0380;Enskild;DBGY Juvelen AB;5565789129;Svenska som andraspråk 3;1;..;..;..;1;..;..;..;.;.;.;.;
Ellen Fries gymnasium;56050416;Uppsala;0380;Kommunal;Uppsala kommun;2120003005;Engelska 5;17;29,4;23,5;47,1;6;..;..;..;11;..;..;..;
Ellen Fries gymnasium;56050416;Uppsala;0380;Kommunal;Uppsala kommun;2120003005;Engelska 6;45;20,0;44,4;35,6;30;10,0;46,7;43,3;15;40,0;40,0;20,0;
Ellen Fries gymnasium;56050416;Uppsala;0380;Kommunal;Uppsala kommun;2120003005;Matematik 1A;19;5,3;31,6;63,2;7;..;..;..;12;..;..;..;
Ellen Fries gymnasium;56050416;Uppsala;0380;Kommunal;Uppsala kommun;2120003005;Matematik 2B;20;.;55,0;45,0;12;..;..;..;8;..;..;..;
Ellen Fries gymnasium;56050416;Uppsala;0380;Kommunal;Uppsala kommun;2120003005;Matematik 3B;6;..;..;..;1;..;..;..;5;..;..;..;
Ellen Fries gymnasium;56050416;Uppsala;0380;Kommunal;Uppsala kommun;2120003005;Matematik 3C;6;..;..;..;5;..;..;..;1;..;..;..;
Ellen Fries gymnasium;56050416;Uppsala;0380;Kommunal;Uppsala kommun;2120003005;Svenska 1;17;.;47,1;52,9;7;..;..;..;10;..;..;..;
Ellen Fries gymnasium;56050416;Uppsala;0380;Kommunal;Uppsala kommun;2120003005;Svenska 3;31;12,9;71,0;16,1;17;.;70,6;29,4;14;28,6;71,4;.;
Ellen Fries gymnasium;56050416;Uppsala;0380;Kommunal;Uppsala kommun;2120003005;Svenska som andraspråk 1;1;..;..;..;.;.;.;.;1;..;..;..;
Ellen Fries gymnasium;56050416;Uppsala;0380;Kommunal;Uppsala kommun;2120003005;Svenska som andraspråk 3;12;.;83,3;16,7;8;..;..;..;4;..;..;..;
Fyrisskolan;72984079;Uppsala;0380;Kommunal;Uppsala kommun;2120003005;Engelska 6;36;16,7;75,0;8,3;8;..;..;..;28;..;..;..;
Fyrisskolan;72984079;Uppsala;0380;Kommunal;Uppsala kommun;2120003005;Matematik 3B;3;..;..;..;.;.;.;.;3;..;..;..;
Fyrisskolan;72984079;Uppsala;0380;Kommunal;Uppsala kommun;2120003005;Matematik 3C;9;..;..;..;1;..;..;..;8;..;..;..;
Fyrisskolan;72984079;Uppsala;0380;Kommunal;Uppsala kommun;2120003005;Matematik 4;28;.;92,9;7,1;13;.;92,3;7,7;15;.;93,3;6,7;
Fyrisskolan;72984079;Uppsala;0380;Kommunal;Uppsala kommun;2120003005;Svenska 3;75;5,3;65,3;29,3;28;.;67,9;32,1;47;8,5;63,8;27,7;
Fyrisskolan;72984079;Uppsala;0380;Kommunal;Uppsala kommun;2120003005;Svenska som andraspråk 3;14;7,1;64,3;28,6;9;..;..;..;5;..;..;..;
Grillska Gymnasiet Uppsala;36480690;Uppsala;0380;Enskild;Stadsmissionens Skolstiftelse;8020170794;Engelska 5;55;1,8;94,5;3,6;23;4,3;95,7;.;32;.;93,8;6,3;
Grillska Gymnasiet Uppsala;36480690;Uppsala;0380;Enskild;Stadsmissionens Skolstiftelse;8020170794;Engelska 6;46;.;91,3;8,7;13;.;84,6;15,4;33;.;93,9;6,1;
Grillska Gymnasiet Uppsala;36480690;Uppsala;0380;Enskild;Stadsmissionens Skolstiftelse;8020170794;Matematik 1A;38;.;86,8;13,2;18;.;94,4;5,6;20;.;80,0;20,0;
Grillska Gymnasiet Uppsala;36480690;Uppsala;0380;Enskild;Stadsmissionens Skolstiftelse;8020170794;Matematik 1B;8;..;..;..;3;..;..;..;5;..;..;..;
Grillska Gymnasiet Uppsala;36480690;Uppsala;0380;Enskild;Stadsmissionens Skolstiftelse;8020170794;Matematik 2B;10;.;70,0;30,0;4;..;..;..;6;..;..;..;
Grillska Gymnasiet Uppsala;36480690;Uppsala;0380;Enskild;Stadsmissionens Skolstiftelse;8020170794;Matematik 3C;5;..;..;..;1;..;..;..;4;..;..;..;
Grillska Gymnasiet Uppsala;36480690;Uppsala;0380;Enskild;Stadsmissionens Skolstiftelse;8020170794;Svenska 1;33;6,1;57,6;36,4;3;..;..;..;30;..;..;..;
Grillska Gymnasiet Uppsala;36480690;Uppsala;0380;Enskild;Stadsmissionens Skolstiftelse;8020170794;Svenska 3;51;5,9;68,6;25,5;27;7,4;74,1;18,5;24;4,2;62,5;33,3;
Grillska Gymnasiet Uppsala;36480690;Uppsala;0380;Enskild;Stadsmissionens Skolstiftelse;8020170794;Svenska som andraspråk 1;1;..;..;..;1;..;..;..;.;.;.;.;
Grillska Gymnasiet Uppsala;36480690;Uppsala;0380;Enskild;Stadsmissionens Skolstiftelse;8020170794;Svenska som andraspråk 3;3;..;..;..;1;..;..;..;2;..;..;..;
Internationella gymnasiet;32995170;Uppsala;0380;Enskild;Folkuniversitetet Stiftelsen Kursverksamheten vid Uppsala Universitet;8176007055;Engelska 6;21;38,1;52,4;9,5;11;36,4;45,5;18,2;10;40,0;60,0;.;
Internationella gymnasiet;32995170;Uppsala;0380;Enskild;Folkuniversitetet Stiftelsen Kursverksamheten vid Uppsala Universitet;8176007055;Matematik 2B;20;.;40,0;60,0;11;..;..;..;9;..;..;..;
Internationella gymnasiet;32995170;Uppsala;0380;Enskild;Folkuniversitetet Stiftelsen Kursverksamheten vid Uppsala Universitet;8176007055;Svenska 3;19;52,6;36,8;10,5;16;..;..;..;3;..;..;..;
Internationella gymnasiet;32995170;Uppsala;0380;Enskild;Folkuniversitetet Stiftelsen Kursverksamheten vid Uppsala Universitet;8176007055;Svenska som andraspråk 3;7;..;..;..;5;..;..;..;2;..;..;..;
JENSEN Gymnasium Uppsala;61674097;Uppsala;0380;Enskild;Jensen Education College AB;5566358759;Engelska 6;129;0,8;88,4;10,9;75;1,3;85,3;13,3;54;.;92,6;7,4;
JENSEN Gymnasium Uppsala;61674097;Uppsala;0380;Enskild;Jensen Education College AB;5566358759;Matematik 2B;67;.;64,2;35,8;51;.;62,7;37,3;16;.;68,8;31,3;
JENSEN Gymnasium Uppsala;61674097;Uppsala;0380;Enskild;Jensen Education College AB;5566358759;Matematik 3B;18;.;77,8;22,2;10;..;..;..;8;..;..;..;
JENSEN Gymnasium Uppsala;61674097;Uppsala;0380;Enskild;Jensen Education College AB;5566358759;Matematik 4;31;.;61,3;38,7;18;.;72,2;27,8;13;.;46,2;53,8;
JENSEN Gymnasium Uppsala;61674097;Uppsala;0380;Enskild;Jensen Education College AB;5566358759;Svenska 3;100;8,0;67,0;25,0;69;5,8;71,0;23,2;31;12,9;58,1;29,0;
JENSEN Gymnasium Uppsala;61674097;Uppsala;0380;Enskild;Jensen Education College AB;5566358759;Svenska som andraspråk 3;4;..;..;..;4;..;..;..;.;.;.;.;
Katedralskolan;32550660;Uppsala;0380;Kommunal;Uppsala kommun;2120003005;Engelska 5;20;5,0;80,0;15,0;15;..;..;..;5;..;..;..;
Katedralskolan;32550660;Uppsala;0380;Kommunal;Uppsala kommun;2120003005;Engelska 6;269;11,2;82,9;5,9;186;12,9;80,1;7,0;83;7,2;89,2;3,6;
Katedralskolan;32550660;Uppsala;0380;Kommunal;Uppsala kommun;2120003005;Matematik 1A;20;.;95,0;5,0;13;..;..;..;7;..;..;..;
Katedralskolan;32550660;Uppsala;0380;Kommunal;Uppsala kommun;2120003005;Matematik 1B;56;.;94,6;5,4;45;.;95,6;4,4;11;.;90,9;9,1;
Katedralskolan;32550660;Uppsala;0380;Kommunal;Uppsala kommun;2120003005;Matematik 2B;141;.;91,5;8,5;108;.;93,5;6,5;33;.;84,8;15,2;
Katedralskolan;32550660;Uppsala;0380;Kommunal;Uppsala kommun;2120003005;Matematik 4;98;.;87,8;12,2;56;.;92,9;7,1;42;.;81,0;19,0;
Katedralskolan;32550660;Uppsala;0380;Kommunal;Uppsala kommun;2120003005;Svenska 1;19;.;94,7;5,3;13;..;..;..;6;..;..;..;
Katedralskolan;32550660;Uppsala;0380;Kommunal;Uppsala kommun;2120003005;Svenska 3;300;4,3;73,3;22,3;209;3,8;71,8;24,4;91;5,5;76,9;17,6;
Katedralskolan;32550660;Uppsala;0380;Kommunal;Uppsala kommun;2120003005;Svenska som andraspråk 1;1;..;..;..;1;..;..;..;.;.;.;.;
Katedralskolan;32550660;Uppsala;0380;Kommunal;Uppsala kommun;2120003005;Svenska som andraspråk 3;9;..;..;..;6;..;..;..;3;..;..;..;
Kunskapsgymnasiet Uppsala;93488613;Uppsala;0380;Enskild;Kunskapsskolan i Sverige Aktiebolag;5565661815;Engelska 6;58;5,2;86,2;8,6;39;5,1;84,6;10,3;19;5,3;89,5;5,3;
Kunskapsgymnasiet Uppsala;93488613;Uppsala;0380;Enskild;Kunskapsskolan i Sverige Aktiebolag;5565661815;Matematik 2B;15;.;26,7;73,3;12;..;..;..;3;..;..;..;
Kunskapsgymnasiet Uppsala;93488613;Uppsala;0380;Enskild;Kunskapsskolan i Sverige Aktiebolag;5565661815;Matematik 3B;6;..;..;..;2;..;..;..;4;..;..;..;
Kunskapsgymnasiet Uppsala;93488613;Uppsala;0380;Enskild;Kunskapsskolan i Sverige Aktiebolag;5565661815;Matematik 4;18;.;72,2;27,8;17;..;..;..;1;..;..;..;
Kunskapsgymnasiet Uppsala;93488613;Uppsala;0380;Enskild;Kunskapsskolan i Sverige Aktiebolag;5565661815;Svenska 3;15;13,3;46,7;40,0;10;..;..;..;5;..;..;..;
Kunskapsgymnasiet Uppsala;93488613;Uppsala;0380;Enskild;Kunskapsskolan i Sverige Aktiebolag;5565661815;Svenska som andraspråk 3;27;14,8;55,6;29,6;15;13,3;33,3;53,3;12;16,7;83,3;.;
Lundellska skolan;59599256;Uppsala;0380;Kommunal;Uppsala kommun;2120003005;Engelska 5;40;5,0;90,0;5,0;28;.;100,0;.;12;16,7;66,7;16,7;
Lundellska skolan;59599256;Uppsala;0380;Kommunal;Uppsala kommun;2120003005;Engelska 6;290;8,3;79,7;12,1;167;6,0;82,0;12,0;123;11,4;76,4;12,2;
Lundellska skolan;59599256;Uppsala;0380;Kommunal;Uppsala kommun;2120003005;Matematik 1A;39;.;79,5;20,5;25;.;84,0;16,0;14;.;71,4;28,6;
Lundellska skolan;59599256;Uppsala;0380;Kommunal;Uppsala kommun;2120003005;Matematik 2B;156;1,3;76,9;21,8;112;.;75,9;24,1;44;4,5;79,5;15,9;
Lundellska skolan;59599256;Uppsala;0380;Kommunal;Uppsala kommun;2120003005;Matematik 3B;46;.;87,0;13,0;18;.;94,4;5,6;28;.;82,1;17,9;
Lundellska skolan;59599256;Uppsala;0380;Kommunal;Uppsala kommun;2120003005;Matematik 3C;13;.;53,8;46,2;13;..;..;..;.;.;.;.;
Lundellska skolan;59599256;Uppsala;0380;Kommunal;Uppsala kommun;2120003005;Matematik 4;72;.;79,2;20,8;34;.;82,4;17,6;38;.;76,3;23,7;
Lundellska skolan;59599256;Uppsala;0380;Kommunal;Uppsala kommun;2120003005;Svenska 1;30;10,0;66,7;23,3;22;..;..;..;8;..;..;..;
Lundellska skolan;59599256;Uppsala;0380;Kommunal;Uppsala kommun;2120003005;Svenska 3;291;5,5;57,0;37,5;164;6,7;57,9;35,4;127;3,9;55,9;40,2;
Lundellska skolan;59599256;Uppsala;0380;Kommunal;Uppsala kommun;2120003005;Svenska som andraspråk 1;9;..;..;..;3;..;..;..;6;..;..;..;
Lundellska skolan;59599256;Uppsala;0380;Kommunal;Uppsala kommun;2120003005;Svenska som andraspråk 3;8;..;..;..;7;..;..;..;1;..;..;..;
Magelungens Gymnasium Uppsala;45466628;Uppsala;0380;Enskild;Magelungen Utveckling AB;5564891447;Engelska 6;6;..;..;..;3;..;..;..;3;..;..;..;
Magelungens Gymnasium Uppsala;45466628;Uppsala;0380;Enskild;Magelungen Utveckling AB;5564891447;Matematik 2B;3;..;..;..;1;..;..;..;2;..;..;..;
Magelungens Gymnasium Uppsala;45466628;Uppsala;0380;Enskild;Magelungen Utveckling AB;5564891447;Svenska 3;4;..;..;..;2;..;..;..;2;..;..;..;
NTI Gymnasiet Uppsala;52048443;Uppsala;0380;Enskild;NTI Gymnasiet Ellips AB;5565970471;Engelska 5;23;52,2;47,8;.;.;.;.;.;23;..;..;..;
NTI Gymnasiet Uppsala;52048443;Uppsala;0380;Enskild;NTI Gymnasiet Ellips AB;5565970471;Engelska 6;150;10,0;74,0;16,0;26;19,2;61,5;19,2;124;8,1;76,6;15,3;
NTI Gymnasiet Uppsala;52048443;Uppsala;0380;Enskild;NTI Gymnasiet Ellips AB;5565970471;Matematik 1A;22;4,5;54,5;40,9;.;.;.;.;22;..;..;..;
NTI Gymnasiet Uppsala;52048443;Uppsala;0380;Enskild;NTI Gymnasiet Ellips AB;5565970471;Matematik 1B;15;.;46,7;53,3;4;..;..;..;11;..;..;..;
NTI Gymnasiet Uppsala;52048443;Uppsala;0380;Enskild;NTI Gymnasiet Ellips AB;5565970471;Matematik 2B;13;.;53,8;46,2;4;..;..;..;9;..;..;..;
NTI Gymnasiet Uppsala;52048443;Uppsala;0380;Enskild;NTI Gymnasiet Ellips AB;5565970471;Matematik 3C;113;4,4;70,8;24,8;15;.;46,7;53,3;98;5,1;74,5;20,4;
NTI Gymnasiet Uppsala;52048443;Uppsala;0380;Enskild;NTI Gymnasiet Ellips AB;5565970471;Matematik 4;18;.;33,3;66,7;6;..;..;..;12;..;..;..;
NTI Gymnasiet Uppsala;52048443;Uppsala;0380;Enskild;NTI Gymnasiet Ellips AB;5565970471;Svenska 1;12;.;83,3;16,7;1;..;..;..;11;..;..;..;
NTI Gymnasiet Uppsala;52048443;Uppsala;0380;Enskild;NTI Gymnasiet Ellips AB;5565970471;Svenska 3;92;1,1;56,5;42,4;6;..;..;..;86;..;..;..;
NTI Gymnasiet Uppsala;52048443;Uppsala;0380;Enskild;NTI Gymnasiet Ellips AB;5565970471;Svenska som andraspråk 1;6;..;..;..;.;.;.;.;6;..;..;..;
NTI Gymnasiet Uppsala;52048443;Uppsala;0380;Enskild;NTI Gymnasiet Ellips AB;5565970471;Svenska som andraspråk 3;15;6,7;40,0;53,3;6;..;..;..;9;..;..;..;
Praktiska Gymnasiet Uppsala;69865450;Uppsala;0380;Enskild;Praktiska Sverige AB;5562575786;Engelska 5;55;23,6;69,1;7,3;6;..;..;..;49;..;..;..;
Praktiska Gymnasiet Uppsala;69865450;Uppsala;0380;Enskild;Praktiska Sverige AB;5562575786;Matematik 1A;64;1,6;75,0;23,4;9;..;..;..;55;..;..;..;
Praktiska Gymnasiet Uppsala;69865450;Uppsala;0380;Enskild;Praktiska Sverige AB;5562575786;Svenska 1;51;3,9;70,6;25,5;9;..;..;..;42;..;..;..;
Praktiska Gymnasiet Uppsala;69865450;Uppsala;0380;Enskild;Praktiska Sverige AB;5562575786;Svenska som andraspråk 1;4;..;..;..;.;.;.;.;4;..;..;..;
ProCivitas Privata Gymnasium Uppsala;69618988;Uppsala;0380;Enskild;ProCivitas Privata Gymnasium AB;5566157102;Engelska 6;78;14,1;67,9;17,9;48;14,6;62,5;22,9;30;13,3;76,7;10,0;
ProCivitas Privata Gymnasium Uppsala;69618988;Uppsala;0380;Enskild;ProCivitas Privata Gymnasium AB;5566157102;Matematik 2B;40;.;92,5;7,5;25;.;92,0;8,0;15;.;93,3;6,7;
ProCivitas Privata Gymnasium Uppsala;69618988;Uppsala;0380;Enskild;ProCivitas Privata Gymnasium AB;5566157102;Matematik 3B;19;.;68,4;31,6;5;..;..;..;14;..;..;..;
ProCivitas Privata Gymnasium Uppsala;69618988;Uppsala;0380;Enskild;ProCivitas Privata Gymnasium AB;5566157102;Svenska 3;72;6,9;58,3;34,7;37;2,7;54,1;43,2;35;11,4;62,9;25,7;
ProCivitas Privata Gymnasium Uppsala;69618988;Uppsala;0380;Enskild;ProCivitas Privata Gymnasium AB;5566157102;Svenska som andraspråk 3;1;..;..;..;1;..;..;..;.;.;.;.;
Rosendalsgymnasiet;26957025;Uppsala;0380;Kommunal;Uppsala kommun;2120003005;Engelska 6;227;4,0;84,1;11,9;111;3,6;79,3;17,1;116;4,3;88,8;6,9;
Rosendalsgymnasiet;26957025;Uppsala;0380;Kommunal;Uppsala kommun;2120003005;Matematik 2B;78;.;97,4;2,6;47;.;95,7;4,3;31;.;100,0;.;
Rosendalsgymnasiet;26957025;Uppsala;0380;Kommunal;Uppsala kommun;2120003005;Matematik 4;118;.;95,8;4,2;53;.;96,2;3,8;65;.;95,4;4,6;
Rosendalsgymnasiet;26957025;Uppsala;0380;Kommunal;Uppsala kommun;2120003005;Svenska 3;228;6,6;70,6;22,8;116;4,3;69,0;26,7;112;8,9;72,3;18,8;
Rosendalsgymnasiet;26957025;Uppsala;0380;Kommunal;Uppsala kommun;2120003005;Svenska som andraspråk 3;7;..;..;..;4;..;..;..;3;..;..;..;
Thoren Business School Uppsala;90509211;Uppsala;0380;Enskild;Thorengruppen AB;5566139290;Engelska 5;24;12,5;87,5;.;11;.;100,0;.;13;23,1;76,9;.;
Thoren Business School Uppsala;90509211;Uppsala;0380;Enskild;Thorengruppen AB;5566139290;Engelska 6;47;17,0;78,7;4,3;24;12,5;83,3;4,2;23;21,7;73,9;4,3;
Thoren Business School Uppsala;90509211;Uppsala;0380;Enskild;Thorengruppen AB;5566139290;Matematik 1A;24;.;33,3;66,7;11;.;9,1;90,9;13;.;53,8;46,2;
Thoren Business School Uppsala;90509211;Uppsala;0380;Enskild;Thorengruppen AB;5566139290;Matematik 2B;31;.;38,7;61,3;20;.;35,0;65,0;11;.;45,5;54,5;
Thoren Business School Uppsala;90509211;Uppsala;0380;Enskild;Thorengruppen AB;5566139290;Matematik 3B;8;..;..;..;1;..;..;..;7;..;..;..;
Thoren Business School Uppsala;90509211;Uppsala;0380;Enskild;Thorengruppen AB;5566139290;Svenska 1;17;.;41,2;58,8;10;..;..;..;7;..;..;..;
Thoren Business School Uppsala;90509211;Uppsala;0380;Enskild;Thorengruppen AB;5566139290;Svenska 3;30;3,3;43,3;53,3;15;.;33,3;66,7;15;6,7;53,3;40,0;
Thoren Business School Uppsala;90509211;Uppsala;0380;Enskild;Thorengruppen AB;5566139290;Svenska som andraspråk 1;3;..;..;..;.;.;.;.;3;..;..;..;
Thoren Business School Uppsala;90509211;Uppsala;0380;Enskild;Thorengruppen AB;5566139290;Svenska som andraspråk 3;1;..;..;..;.;.;.;.;1;..;..;..;
Uppsala estetiska gymnasium;43277545;Uppsala;0380;Kommunal;Uppsala kommun;2120003005;Engelska 6;64;17,2;56,3;26,6;43;14,0;58,1;27,9;21;23,8;52,4;23,8;
Uppsala estetiska gymnasium;43277545;Uppsala;0380;Kommunal;Uppsala kommun;2120003005;Matematik 1B;84;1,2;71,4;27,4;63;1,6;69,8;28,6;21;.;76,2;23,8;
Uppsala estetiska gymnasium;43277545;Uppsala;0380;Kommunal;Uppsala kommun;2120003005;Matematik 2B;11;.;90,9;9,1;6;..;..;..;5;..;..;..;
Uppsala estetiska gymnasium;43277545;Uppsala;0380;Kommunal;Uppsala kommun;2120003005;Svenska 3;39;12,8;71,8;15,4;20;20,0;65,0;15,0;19;5,3;78,9;15,8;
Uppsala yrkesgymnasium Ekeby;37316242;Uppsala;0380;Kommunal;Uppsala kommun;2120003005;Engelska 5;50;10,0;72,0;18,0;22;.;72,7;27,3;28;17,9;71,4;10,7;
Uppsala yrkesgymnasium Ekeby;37316242;Uppsala;0380;Kommunal;Uppsala kommun;2120003005;Engelska 6;8;..;..;..;6;..;..;..;2;..;..;..;
Uppsala yrkesgymnasium Ekeby;37316242;Uppsala;0380;Kommunal;Uppsala kommun;2120003005;Matematik 1A;61;3,3;44,3;52,5;32;6,3;37,5;56,3;29;.;51,7;48,3;
Uppsala yrkesgymnasium Ekeby;37316242;Uppsala;0380;Kommunal;Uppsala kommun;2120003005;Svenska 1;49;4,1;71,4;24,5;23;4,3;60,9;34,8;26;3,8;80,8;15,4;
Uppsala yrkesgymnasium Ekeby;37316242;Uppsala;0380;Kommunal;Uppsala kommun;2120003005;Svenska som andraspråk 1;6;..;..;..;6;..;..;..;.;.;.;.;
Uppsala yrkesgymnasium Jälla;20173336;Uppsala;0380;Kommunal;Uppsala kommun;2120003005;Engelska 5;162;21,6;58,6;19,8;57;5,3;63,2;31,6;105;30,5;56,2;13,3;
Uppsala yrkesgymnasium Jälla;20173336;Uppsala;0380;Kommunal;Uppsala kommun;2120003005;Matematik 1A;162;1,2;82,1;16,7;56;3,6;76,8;19,6;106;.;84,9;15,1;
Uppsala yrkesgymnasium Jälla;20173336;Uppsala;0380;Kommunal;Uppsala kommun;2120003005;Svenska 1;147;8,2;47,6;44,2;49;14,3;51,0;34,7;98;5,1;45,9;49,0;
Uppsala yrkesgymnasium Jälla;20173336;Uppsala;0380;Kommunal;Uppsala kommun;2120003005;Svenska som andraspråk 1;3;..;..;..;.;.;.;.;3;..;..;..;
Yrkesgymnasiet Uppsala;49872493;Uppsala;0380;Enskild;Thorengruppen AB;5566139290;Engelska 5;25;24,0;44,0;32,0;16;..;..;..;9;..;..;..;
Yrkesgymnasiet Uppsala;49872493;Uppsala;0380;Enskild;Thorengruppen AB;5566139290;Matematik 1A;30;3,3;50,0;46,7;20;5,0;45,0;50,0;10;.;60,0;40,0;
Yrkesgymnasiet Uppsala;49872493;Uppsala;0380;Enskild;Thorengruppen AB;5566139290;Svenska 1;19;.;31,6;68,4;13;..;..;..;6;..;..;..;
Yrkesgymnasiet Uppsala;49872493;Uppsala;0380;Enskild;Thorengruppen AB;5566139290;Svenska som andraspråk 1;6;..;..;..;4;..;..;..;2;..;..;..;
Fenix Gymnasium 1;32492188;Vaggeryd;0665;Kommunal;Vaggeryds kommun;2120000522;Matematik 1A;11;.;72,7;27,3;11;..;..;..;.;.;.;.;
Fenix Gymnasium 1;32492188;Vaggeryd;0665;Kommunal;Vaggeryds kommun;2120000522;Svenska 3;24;.;33,3;66,7;11;.;36,4;63,6;13;.;30,8;69,2;
Fenix Gymnasium 1;32492188;Vaggeryd;0665;Kommunal;Vaggeryds kommun;2120000522;Svenska som andraspråk 3;3;..;..;..;1;..;..;..;2;..;..;..;
Fenix Gymnasium 2;31667120;Vaggeryd;0665;Kommunal;Vaggeryds kommun;2120000522;Engelska 5;10;.;100,0;.;.;.;.;.;10;..;..;..;
Fenix Gymnasium 2;31667120;Vaggeryd;0665;Kommunal;Vaggeryds kommun;2120000522;Engelska 6;23;13,0;73,9;13,0;8;..;..;..;15;..;..;..;
Vallentuna gymnasium;85788659;Vallentuna;0115;Kommunal;Vallentuna kommun;2120000027;Engelska 5;38;15,8;68,4;15,8;7;..;..;..;31;..;..;..;
Vallentuna gymnasium;85788659;Vallentuna;0115;Kommunal;Vallentuna kommun;2120000027;Engelska 6;6;..;..;..;4;..;..;..;2;..;..;..;
Vallentuna gymnasium;85788659;Vallentuna;0115;Kommunal;Vallentuna kommun;2120000027;Matematik 2B;22;.;36,4;63,6;12;.;25,0;75,0;10;.;50,0;50,0;
Vallentuna gymnasium;85788659;Vallentuna;0115;Kommunal;Vallentuna kommun;2120000027;Matematik 3B;18;.;55,6;44,4;8;..;..;..;10;..;..;..;
Vallentuna gymnasium;85788659;Vallentuna;0115;Kommunal;Vallentuna kommun;2120000027;Svenska 1;32;3,1;71,9;25,0;6;..;..;..;26;..;..;..;
Vallentuna gymnasium;85788659;Vallentuna;0115;Kommunal;Vallentuna kommun;2120000027;Svenska 3;23;4,3;34,8;60,9;9;..;..;..;14;..;..;..;
Vallentuna gymnasium;85788659;Vallentuna;0115;Kommunal;Vallentuna kommun;2120000027;Svenska som andraspråk 3;5;..;..;..;3;..;..;..;2;..;..;..;
Vansbro utbildningscenter gy.;95340745;Vansbro;2021;Kommunal;Vansbro kommun;2120002130;Engelska 5;19;10,5;89,5;.;7;..;..;..;12;..;..;..;
Vansbro utbildningscenter gy.;95340745;Vansbro;2021;Kommunal;Vansbro kommun;2120002130;Engelska 6;14;.;71,4;28,6;7;..;..;..;7;..;..;..;
Vansbro utbildningscenter gy.;95340745;Vansbro;2021;Kommunal;Vansbro kommun;2120002130;Matematik 1A;16;.;93,8;6,3;8;..;..;..;8;..;..;..;
Vansbro utbildningscenter gy.;95340745;Vansbro;2021;Kommunal;Vansbro kommun;2120002130;Matematik 2B;1;..;..;..;.;.;.;.;1;..;..;..;
Vansbro utbildningscenter gy.;95340745;Vansbro;2021;Kommunal;Vansbro kommun;2120002130;Matematik 4;4;..;..;..;3;..;..;..;1;..;..;..;
Vansbro utbildningscenter gy.;95340745;Vansbro;2021;Kommunal;Vansbro kommun;2120002130;Svenska 1;16;.;56,3;43,8;7;..;..;..;9;..;..;..;
Vansbro utbildningscenter gy.;95340745;Vansbro;2021;Kommunal;Vansbro kommun;2120002130;Svenska 3;11;9,1;72,7;18,2;6;..;..;..;5;..;..;..;
Vansbro utbildningscenter gy.;95340745;Vansbro;2021;Kommunal;Vansbro kommun;2120002130;Svenska som andraspråk 3;2;..;..;..;2;..;..;..;.;.;.;.;
Academy of Music and Business Vara;54382141;Vara;1470;Enskild;Academy of Music and Business Education Vara AB;5590489760;Engelska 6;43;16,3;67,4;16,3;28;17,9;64,3;17,9;15;13,3;73,3;13,3;
Academy of Music and Business Vara;54382141;Vara;1470;Enskild;Academy of Music and Business Education Vara AB;5590489760;Matematik 1B;24;.;75,0;25,0;13;.;61,5;38,5;11;.;90,9;9,1;
Academy of Music and Business Vara;54382141;Vara;1470;Enskild;Academy of Music and Business Education Vara AB;5590489760;Svenska 3;23;.;82,6;17,4;15;..;..;..;8;..;..;..;
Lagmansgymnasiet1;59521477;Vara;1470;Kommunal;Vara kommun;2120002924;Engelska 5;28;7,1;75,0;17,9;10;10,0;70,0;20,0;18;5,6;77,8;16,7;
Lagmansgymnasiet1;59521477;Vara;1470;Kommunal;Vara kommun;2120002924;Engelska 6;26;7,7;65,4;26,9;17;..;..;..;9;..;..;..;
Lagmansgymnasiet1;59521477;Vara;1470;Kommunal;Vara kommun;2120002924;Matematik 1A;36;2,8;52,8;44,4;11;9,1;45,5;45,5;25;.;56,0;44,0;
Lagmansgymnasiet1;59521477;Vara;1470;Kommunal;Vara kommun;2120002924;Matematik 2B;16;.;56,3;43,8;10;..;..;..;6;..;..;..;
Lagmansgymnasiet1;59521477;Vara;1470;Kommunal;Vara kommun;2120002924;Matematik 3B;12;.;58,3;41,7;4;..;..;..;8;..;..;..;
Lagmansgymnasiet1;59521477;Vara;1470;Kommunal;Vara kommun;2120002924;Svenska 1;35;5,7;74,3;20,0;11;.;100,0;.;24;8,3;62,5;29,2;
Lagmansgymnasiet1;59521477;Vara;1470;Kommunal;Vara kommun;2120002924;Svenska 3;38;2,6;55,3;42,1;27;.;48,1;51,9;11;9,1;72,7;18,2;
Lagmansgymnasiet1;59521477;Vara;1470;Kommunal;Vara kommun;2120002924;Svenska som andraspråk 3;4;..;..;..;3;..;..;..;1;..;..;..;
Lagmansgymnasiet2;29221653;Vara;1470;Kommunal;Vara kommun;2120002924;Engelska 5;12;8,3;91,7;.;.;.;.;.;12;..;..;..;
Lagmansgymnasiet2;29221653;Vara;1470;Kommunal;Vara kommun;2120002924;Engelska 6;27;7,4;51,9;40,7;9;..;..;..;18;..;..;..;
Lagmansgymnasiet2;29221653;Vara;1470;Kommunal;Vara kommun;2120002924;Matematik 1A;19;15,8;63,2;21,1;3;..;..;..;16;..;..;..;
Lagmansgymnasiet2;29221653;Vara;1470;Kommunal;Vara kommun;2120002924;Matematik 3C;8;..;..;..;.;.;.;.;8;..;..;..;
Lagmansgymnasiet2;29221653;Vara;1470;Kommunal;Vara kommun;2120002924;Matematik 4;15;20,0;46,7;33,3;5;..;..;..;10;..;..;..;
Lagmansgymnasiet2;29221653;Vara;1470;Kommunal;Vara kommun;2120002924;Svenska 1;20;.;80,0;20,0;3;..;..;..;17;..;..;..;
Lagmansgymnasiet2;29221653;Vara;1470;Kommunal;Vara kommun;2120002924;Svenska 3;18;.;72,2;27,8;5;..;..;..;13;..;..;..;
Lagmansgymnasiet2;29221653;Vara;1470;Kommunal;Vara kommun;2120002924;Svenska som andraspråk 1;1;..;..;..;.;.;.;.;1;..;..;..;
Drottning Blankas Gymnasieskola Varberg;92442684;Varberg;1383;Enskild;DBGY Kronan AB;5565668794;Engelska 5;20;30,0;65,0;5,0;18;..;..;..;2;..;..;..;
Drottning Blankas Gymnasieskola Varberg;92442684;Varberg;1383;Enskild;DBGY Kronan AB;5565668794;Engelska 6;34;17,6;79,4;2,9;12;8,3;83,3;8,3;22;22,7;77,3;.;
Drottning Blankas Gymnasieskola Varberg;92442684;Varberg;1383;Enskild;DBGY Kronan AB;5565668794;Matematik 1A;15;6,7;66,7;26,7;15;..;..;..;.;.;.;.;
Drottning Blankas Gymnasieskola Varberg;92442684;Varberg;1383;Enskild;DBGY Kronan AB;5565668794;Matematik 2B;24;.;66,7;33,3;9;..;..;..;15;..;..;..;
Drottning Blankas Gymnasieskola Varberg;92442684;Varberg;1383;Enskild;DBGY Kronan AB;5565668794;Svenska 1;15;13,3;60,0;26,7;15;..;..;..;.;.;.;.;
Drottning Blankas Gymnasieskola Varberg;92442684;Varberg;1383;Enskild;DBGY Kronan AB;5565668794;Svenska 3;12;8,3;75,0;16,7;10;..;..;..;2;..;..;..;
Drottning Blankas Gymnasieskola Varberg;92442684;Varberg;1383;Enskild;DBGY Kronan AB;5565668794;Svenska som andraspråk 3;4;..;..;..;3;..;..;..;1;..;..;..;
LBS Kreativa Gymnasiet Varberg;66095163;Varberg;1383;Enskild;Ljud & Bildskolan LBS AB;5564851649;Engelska 6;19;15,8;68,4;15,8;7;..;..;..;12;..;..;..;
LBS Kreativa Gymnasiet Varberg;66095163;Varberg;1383;Enskild;Ljud & Bildskolan LBS AB;5564851649;Matematik 1B;19;.;57,9;42,1;7;..;..;..;12;..;..;..;
LBS Kreativa Gymnasiet Varberg;66095163;Varberg;1383;Enskild;Ljud & Bildskolan LBS AB;5564851649;Matematik 3C;6;..;..;..;1;..;..;..;5;..;..;..;
LBS Kreativa Gymnasiet Varberg;66095163;Varberg;1383;Enskild;Ljud & Bildskolan LBS AB;5564851649;Svenska 3;30;23,3;60,0;16,7;13;15,4;76,9;7,7;17;29,4;47,1;23,5;
LBS Kreativa Gymnasiet Varberg;66095163;Varberg;1383;Enskild;Ljud & Bildskolan LBS AB;5564851649;Svenska som andraspråk 3;5;..;..;..;4;..;..;..;1;..;..;..;
Munkagårdsgymnasiet;38544187;Varberg;1383;Region;Region Halland;2321000115;Engelska 5;71;15,5;77,5;7,0;38;10,5;81,6;7,9;33;21,2;72,7;6,1;
Munkagårdsgymnasiet;38544187;Varberg;1383;Region;Region Halland;2321000115;Svenska 1;66;7,6;57,6;34,8;34;2,9;55,9;41,2;32;12,5;59,4;28,1;
Peder Skrivares skola Enhet 1;54599691;Varberg;1383;Kommunal;Varbergs kommun;2120001249;Engelska 5;57;8,8;77,2;14,0;37;5,4;78,4;16,2;20;15,0;75,0;10,0;
Peder Skrivares skola Enhet 1;54599691;Varberg;1383;Kommunal;Varbergs kommun;2120001249;Engelska 6;115;10,4;59,1;30,4;65;9,2;53,8;36,9;50;12,0;66,0;22,0;
Peder Skrivares skola Enhet 1;54599691;Varberg;1383;Kommunal;Varbergs kommun;2120001249;Matematik 1A;14;.;57,1;42,9;10;..;..;..;4;..;..;..;
Peder Skrivares skola Enhet 1;54599691;Varberg;1383;Kommunal;Varbergs kommun;2120001249;Matematik 2B;166;2,4;68,1;29,5;100;.;68,0;32,0;66;6,1;68,2;25,8;
Peder Skrivares skola Enhet 1;54599691;Varberg;1383;Kommunal;Varbergs kommun;2120001249;Matematik 3B;36;.;55,6;44,4;12;.;41,7;58,3;24;.;62,5;37,5;
Peder Skrivares skola Enhet 1;54599691;Varberg;1383;Kommunal;Varbergs kommun;2120001249;Svenska 1;58;1,7;70,7;27,6;40;.;62,5;37,5;18;5,6;88,9;5,6;
Peder Skrivares skola Enhet 1;54599691;Varberg;1383;Kommunal;Varbergs kommun;2120001249;Svenska 3;159;3,1;67,9;28,9;93;1,1;67,7;31,2;66;6,1;68,2;25,8;
Peder Skrivares skola Enhet 1;54599691;Varberg;1383;Kommunal;Varbergs kommun;2120001249;Svenska som andraspråk 1;4;..;..;..;2;..;..;..;2;..;..;..;
Peder Skrivares skola Enhet 1;54599691;Varberg;1383;Kommunal;Varbergs kommun;2120001249;Svenska som andraspråk 3;3;..;..;..;2;..;..;..;1;..;..;..;
Peder Skrivares skola Enhet 2;54004368;Varberg;1383;Kommunal;Varbergs kommun;2120001249;Engelska 6;150;26,0;58,0;16,0;75;18,7;64,0;17,3;75;33,3;52,0;14,7;
Peder Skrivares skola Enhet 2;54004368;Varberg;1383;Kommunal;Varbergs kommun;2120001249;Matematik 1B;20;5,0;80,0;15,0;16;..;..;..;4;..;..;..;
Peder Skrivares skola Enhet 2;54004368;Varberg;1383;Kommunal;Varbergs kommun;2120001249;Matematik 3C;63;.;92,1;7,9;20;.;90,0;10,0;43;.;93,0;7,0;
Peder Skrivares skola Enhet 2;54004368;Varberg;1383;Kommunal;Varbergs kommun;2120001249;Matematik 4;18;.;100,0;.;8;..;..;..;10;..;..;..;
Peder Skrivares skola Enhet 2;54004368;Varberg;1383;Kommunal;Varbergs kommun;2120001249;Svenska 3;118;2,5;53,4;44,1;57;1,8;52,6;45,6;61;3,3;54,1;42,6;
Peder Skrivares skola Enhet 2;54004368;Varberg;1383;Kommunal;Varbergs kommun;2120001249;Svenska som andraspråk 3;3;..;..;..;2;..;..;..;1;..;..;..;
Peder Skrivares skola Enhet 3;54467211;Varberg;1383;Kommunal;Varbergs kommun;2120001249;Engelska 5;156;3,8;66,0;30,1;27;7,4;55,6;37,0;129;3,1;68,2;28,7;
Peder Skrivares skola Enhet 3;54467211;Varberg;1383;Kommunal;Varbergs kommun;2120001249;Matematik 1A;90;1,1;81,1;17,8;23;.;82,6;17,4;67;1,5;80,6;17,9;
Peder Skrivares skola Enhet 3;54467211;Varberg;1383;Kommunal;Varbergs kommun;2120001249;Svenska 1;145;0,7;50,3;49,0;25;.;40,0;60,0;120;0,8;52,5;46,7;
Peder Skrivares skola Enhet 3;54467211;Varberg;1383;Kommunal;Varbergs kommun;2120001249;Svenska som andraspråk 1;6;..;..;..;2;..;..;..;4;..;..;..;
Sundsgymnasiet;31975673;Vellinge;1233;Kommunal;Vellinge kommun;2120001033;Engelska 6;181;11,0;81,2;7,7;58;10,3;79,3;10,3;123;11,4;82,1;6,5;
Sundsgymnasiet;31975673;Vellinge;1233;Kommunal;Vellinge kommun;2120001033;Matematik 1B;2;..;..;..;1;..;..;..;1;..;..;..;
Sundsgymnasiet;31975673;Vellinge;1233;Kommunal;Vellinge kommun;2120001033;Matematik 2B;90;.;91,1;8,9;56;.;87,5;12,5;34;.;97,1;2,9;
Sundsgymnasiet;31975673;Vellinge;1233;Kommunal;Vellinge kommun;2120001033;Matematik 3B;62;.;75,8;24,2;25;.;72,0;28,0;37;.;78,4;21,6;
Sundsgymnasiet;31975673;Vellinge;1233;Kommunal;Vellinge kommun;2120001033;Matematik 4;42;.;88,1;11,9;11;.;90,9;9,1;31;.;87,1;12,9;
Sundsgymnasiet;31975673;Vellinge;1233;Kommunal;Vellinge kommun;2120001033;Svenska 3;231;2,6;69,7;27,7;95;.;68,4;31,6;136;4,4;70,6;25,0;
Njudungsgymnasiet 1;61119556;Vetlanda;0685;Kommunal;Vetlanda kommun;2120000571;Engelska 5;16;.;87,5;12,5;9;..;..;..;7;..;..;..;
Njudungsgymnasiet 1;61119556;Vetlanda;0685;Kommunal;Vetlanda kommun;2120000571;Matematik 1A;15;26,7;53,3;20,0;8;..;..;..;7;..;..;..;
Njudungsgymnasiet 1;61119556;Vetlanda;0685;Kommunal;Vetlanda kommun;2120000571;Svenska 1;16;.;87,5;12,5;10;..;..;..;6;..;..;..;
Njudungsgymnasiet 1;61119556;Vetlanda;0685;Kommunal;Vetlanda kommun;2120000571;Svenska som andraspråk 1;1;..;..;..;.;.;.;.;1;..;..;..;
Njudungsgymnasiet 2;82251333;Vetlanda;0685;Kommunal;Vetlanda kommun;2120000571;Engelska 5;35;8,6;82,9;8,6;6;..;..;..;29;..;..;..;
Njudungsgymnasiet 2;82251333;Vetlanda;0685;Kommunal;Vetlanda kommun;2120000571;Engelska 6;18;11,1;44,4;44,4;9;..;..;..;9;..;..;..;
Njudungsgymnasiet 2;82251333;Vetlanda;0685;Kommunal;Vetlanda kommun;2120000571;Matematik 1A;42;2,4;76,2;21,4;6;..;..;..;36;..;..;..;
Njudungsgymnasiet 2;82251333;Vetlanda;0685;Kommunal;Vetlanda kommun;2120000571;Matematik 4;12;.;83,3;16,7;6;..;..;..;6;..;..;..;
Njudungsgymnasiet 2;82251333;Vetlanda;0685;Kommunal;Vetlanda kommun;2120000571;Svenska 1;41;7,3;68,3;24,4;6;..;..;..;35;..;..;..;
Njudungsgymnasiet 2;82251333;Vetlanda;0685;Kommunal;Vetlanda kommun;2120000571;Svenska 3;12;.;25,0;75,0;9;..;..;..;3;..;..;..;
Njudungsgymnasiet 2;82251333;Vetlanda;0685;Kommunal;Vetlanda kommun;2120000571;Svenska som andraspråk 1;1;..;..;..;1;..;..;..;.;.;.;.;
Njudungsgymnasiet 2;82251333;Vetlanda;0685;Kommunal;Vetlanda kommun;2120000571;Svenska som andraspråk 3;9;..;..;..;7;..;..;..;2;..;..;..;
Njudungsgymnasiet 3;99864908;Vetlanda;0685;Kommunal;Vetlanda kommun;2120000571;Engelska 5;34;.;67,6;32,4;28;..;..;..;6;..;..;..;
Njudungsgymnasiet 3;99864908;Vetlanda;0685;Kommunal;Vetlanda kommun;2120000571;Engelska 6;86;10,5;79,1;10,5;56;7,1;82,1;10,7;30;16,7;73,3;10,0;
Njudungsgymnasiet 3;99864908;Vetlanda;0685;Kommunal;Vetlanda kommun;2120000571;Matematik 1A;25;.;80,0;20,0;22;..;..;..;3;..;..;..;
Njudungsgymnasiet 3;99864908;Vetlanda;0685;Kommunal;Vetlanda kommun;2120000571;Matematik 2B;70;.;84,3;15,7;55;.;83,6;16,4;15;.;86,7;13,3;
Njudungsgymnasiet 3;99864908;Vetlanda;0685;Kommunal;Vetlanda kommun;2120000571;Matematik 3B;24;.;58,3;41,7;10;.;60,0;40,0;14;.;57,1;42,9;
Njudungsgymnasiet 3;99864908;Vetlanda;0685;Kommunal;Vetlanda kommun;2120000571;Svenska 1;26;.;26,9;73,1;21;..;..;..;5;..;..;..;
Njudungsgymnasiet 3;99864908;Vetlanda;0685;Kommunal;Vetlanda kommun;2120000571;Svenska 3;70;1,4;34,3;64,3;46;2,2;39,1;58,7;24;.;25,0;75,0;
Njudungsgymnasiet 3;99864908;Vetlanda;0685;Kommunal;Vetlanda kommun;2120000571;Svenska som andraspråk 1;7;..;..;..;6;..;..;..;1;..;..;..;
Njudungsgymnasiet 3;99864908;Vetlanda;0685;Kommunal;Vetlanda kommun;2120000571;Svenska som andraspråk 3;9;..;..;..;3;..;..;..;6;..;..;..;
Njudungsgymnasiet 4;27106031;Vetlanda;0685;Kommunal;Vetlanda kommun;2120000571;Engelska 5;2;..;..;..;1;..;..;..;1;..;..;..;
Njudungsgymnasiet 4;27106031;Vetlanda;0685;Kommunal;Vetlanda kommun;2120000571;Matematik 1A;3;..;..;..;2;..;..;..;1;..;..;..;
Njudungsgymnasiet 4;27106031;Vetlanda;0685;Kommunal;Vetlanda kommun;2120000571;Svenska 1;3;..;..;..;2;..;..;..;1;..;..;..;
Njudungsgymnasiet 5;59463950;Vetlanda;0685;Kommunal;Vetlanda kommun;2120000571;Engelska 5;27;37,0;63,0;.;.;.;.;.;27;..;..;..;
Njudungsgymnasiet 5;59463950;Vetlanda;0685;Kommunal;Vetlanda kommun;2120000571;Engelska 6;34;14,7;58,8;26,5;9;..;..;..;25;..;..;..;
Njudungsgymnasiet 5;59463950;Vetlanda;0685;Kommunal;Vetlanda kommun;2120000571;Matematik 1A;27;.;88,9;11,1;.;.;.;.;27;..;..;..;
Njudungsgymnasiet 5;59463950;Vetlanda;0685;Kommunal;Vetlanda kommun;2120000571;Matematik 3C;38;.;92,1;7,9;10;.;80,0;20,0;28;.;96,4;3,6;
Njudungsgymnasiet 5;59463950;Vetlanda;0685;Kommunal;Vetlanda kommun;2120000571;Svenska 1;27;.;77,8;22,2;.;.;.;.;27;..;..;..;
Njudungsgymnasiet 5;59463950;Vetlanda;0685;Kommunal;Vetlanda kommun;2120000571;Svenska 3;34;2,9;47,1;50,0;11;.;45,5;54,5;23;4,3;47,8;47,8;
Njudungsgymnasiet 5;59463950;Vetlanda;0685;Kommunal;Vetlanda kommun;2120000571;Svenska som andraspråk 1;1;..;..;..;.;.;.;.;1;..;..;..;
Njudungsgymnasiet 5;59463950;Vetlanda;0685;Kommunal;Vetlanda kommun;2120000571;Svenska som andraspråk 3;3;..;..;..;.;.;.;.;3;..;..;..;
Malgomajskolan 1;63931325;Vilhelmina;2462;Kommunal;Södra Lapplands Gymnasieförbund;2220003293;Engelska 5;1;..;..;..;1;..;..;..;.;.;.;.;
Malgomajskolan 1;63931325;Vilhelmina;2462;Kommunal;Södra Lapplands Gymnasieförbund;2220003293;Engelska 6;26;11,5;61,5;26,9;15;13,3;66,7;20,0;11;9,1;54,5;36,4;
Malgomajskolan 1;63931325;Vilhelmina;2462;Kommunal;Södra Lapplands Gymnasieförbund;2220003293;Matematik 1A;1;..;..;..;1;..;..;..;.;.;.;.;
Malgomajskolan 1;63931325;Vilhelmina;2462;Kommunal;Södra Lapplands Gymnasieförbund;2220003293;Matematik 2B;11;.;45,5;54,5;10;..;..;..;1;..;..;..;
Malgomajskolan 1;63931325;Vilhelmina;2462;Kommunal;Södra Lapplands Gymnasieförbund;2220003293;Matematik 3C;5;..;..;..;.;.;.;.;5;..;..;..;
Malgomajskolan 1;63931325;Vilhelmina;2462;Kommunal;Södra Lapplands Gymnasieförbund;2220003293;Matematik 4;6;..;..;..;3;..;..;..;3;..;..;..;
Malgomajskolan 1;63931325;Vilhelmina;2462;Kommunal;Södra Lapplands Gymnasieförbund;2220003293;Svenska 1;1;..;..;..;1;..;..;..;.;.;.;.;
Malgomajskolan 2;98702729;Vilhelmina;2462;Kommunal;Södra Lapplands Gymnasieförbund;2220003293;Engelska 5;59;3,4;74,6;22,0;22;4,5;68,2;27,3;37;2,7;78,4;18,9;
Malgomajskolan 2;98702729;Vilhelmina;2462;Kommunal;Södra Lapplands Gymnasieförbund;2220003293;Matematik 1A;61;.;78,7;21,3;25;.;68,0;32,0;36;.;86,1;13,9;
Malgomajskolan 2;98702729;Vilhelmina;2462;Kommunal;Södra Lapplands Gymnasieförbund;2220003293;Svenska 1;54;1,9;50,0;48,1;23;.;34,8;65,2;31;3,2;61,3;35,5;
Vimmerby gymnasium 2;57391913;Vimmerby;0884;Kommunal;Vimmerby kommun;2120000787;Engelska 5;13;7,7;84,6;7,7;7;..;..;..;6;..;..;..;
Vimmerby gymnasium 2;57391913;Vimmerby;0884;Kommunal;Vimmerby kommun;2120000787;Engelska 6;45;4,4;77,8;17,8;37;..;..;..;8;..;..;..;
Vimmerby gymnasium 2;57391913;Vimmerby;0884;Kommunal;Vimmerby kommun;2120000787;Matematik 2B;34;.;61,8;38,2;28;..;..;..;6;..;..;..;
Vimmerby gymnasium 2;57391913;Vimmerby;0884;Kommunal;Vimmerby kommun;2120000787;Matematik 3C;2;..;..;..;2;..;..;..;.;.;.;.;
Vimmerby gymnasium 2;57391913;Vimmerby;0884;Kommunal;Vimmerby kommun;2120000787;Svenska 1;13;.;53,8;46,2;8;..;..;..;5;..;..;..;
Vimmerby gymnasium 2;57391913;Vimmerby;0884;Kommunal;Vimmerby kommun;2120000787;Svenska 3;60;13,3;33,3;53,3;49;14,3;32,7;53,1;11;9,1;36,4;54,5;
Vimmerby gymnasium 2;57391913;Vimmerby;0884;Kommunal;Vimmerby kommun;2120000787;Svenska som andraspråk 1;2;..;..;..;.;.;.;.;2;..;..;..;
Vimmerby gymnasium 3;75374280;Vimmerby;0884;Kommunal;Vimmerby kommun;2120000787;Engelska 5;23;8,7;60,9;30,4;2;..;..;..;21;..;..;..;
Vimmerby gymnasium 3;75374280;Vimmerby;0884;Kommunal;Vimmerby kommun;2120000787;Engelska 6;26;3,8;80,8;15,4;7;..;..;..;19;..;..;..;
Vimmerby gymnasium 3;75374280;Vimmerby;0884;Kommunal;Vimmerby kommun;2120000787;Matematik 1A;30;.;76,7;23,3;5;..;..;..;25;..;..;..;
Vimmerby gymnasium 3;75374280;Vimmerby;0884;Kommunal;Vimmerby kommun;2120000787;Matematik 3C;26;7,7;76,9;15,4;6;..;..;..;20;..;..;..;
Vimmerby gymnasium 3;75374280;Vimmerby;0884;Kommunal;Vimmerby kommun;2120000787;Svenska 1;24;8,3;33,3;58,3;3;..;..;..;21;..;..;..;
Vimmerby gymnasium 3;75374280;Vimmerby;0884;Kommunal;Vimmerby kommun;2120000787;Svenska 3;10;10,0;30,0;60,0;2;..;..;..;8;..;..;..;
Vimmerby gymnasium 3;75374280;Vimmerby;0884;Kommunal;Vimmerby kommun;2120000787;Svenska som andraspråk 1;3;..;..;..;.;.;.;.;3;..;..;..;
Sundlergymnasiet;46148350;Vårgårda;1442;Kommunal;Vårgårda kommun;2120001454;Engelska 5;43;16,3;74,4;9,3;20;15,0;70,0;15,0;23;17,4;78,3;4,3;
Sundlergymnasiet;46148350;Vårgårda;1442;Kommunal;Vårgårda kommun;2120001454;Engelska 6;44;4,5;88,6;6,8;23;.;91,3;8,7;21;9,5;85,7;4,8;
Sundlergymnasiet;46148350;Vårgårda;1442;Kommunal;Vårgårda kommun;2120001454;Matematik 1A;38;.;68,4;31,6;16;.;87,5;12,5;22;.;54,5;45,5;
Sundlergymnasiet;46148350;Vårgårda;1442;Kommunal;Vårgårda kommun;2120001454;Matematik 2B;16;.;43,8;56,3;11;..;..;..;5;..;..;..;
Sundlergymnasiet;46148350;Vårgårda;1442;Kommunal;Vårgårda kommun;2120001454;Matematik 3B;7;..;..;..;3;..;..;..;4;..;..;..;
Sundlergymnasiet;46148350;Vårgårda;1442;Kommunal;Vårgårda kommun;2120001454;Matematik 3C;6;..;..;..;2;..;..;..;4;..;..;..;
Sundlergymnasiet;46148350;Vårgårda;1442;Kommunal;Vårgårda kommun;2120001454;Matematik 4;10;.;70,0;30,0;9;..;..;..;1;..;..;..;
Sundlergymnasiet;46148350;Vårgårda;1442;Kommunal;Vårgårda kommun;2120001454;Svenska 1;27;3,7;85,2;11,1;12;.;91,7;8,3;15;6,7;80,0;13,3;
Sundlergymnasiet;46148350;Vårgårda;1442;Kommunal;Vårgårda kommun;2120001454;Svenska 3;40;7,5;50,0;42,5;27;3,7;51,9;44,4;13;15,4;46,2;38,5;
Sundlergymnasiet;46148350;Vårgårda;1442;Kommunal;Vårgårda kommun;2120001454;Svenska som andraspråk 1;6;..;..;..;3;..;..;..;3;..;..;..;
Sundlergymnasiet;46148350;Vårgårda;1442;Kommunal;Vårgårda kommun;2120001454;Svenska som andraspråk 3;7;..;..;..;6;..;..;..;1;..;..;..;
Birger Sjöberggymnasiet 1;50133877;Vänersborg;1487;Kommunal;Kunskapsförbundet Väst;2220002998;Engelska 5;75;18,7;81,3;.;21;9,5;90,5;.;54;22,2;77,8;.;
Birger Sjöberggymnasiet 1;50133877;Vänersborg;1487;Kommunal;Kunskapsförbundet Väst;2220002998;Engelska 6;128;9,4;81,3;9,4;64;3,1;85,9;10,9;64;15,6;76,6;7,8;
Birger Sjöberggymnasiet 1;50133877;Vänersborg;1487;Kommunal;Kunskapsförbundet Väst;2220002998;Matematik 1A;52;.;78,8;21,2;18;.;77,8;22,2;34;.;79,4;20,6;
Birger Sjöberggymnasiet 1;50133877;Vänersborg;1487;Kommunal;Kunskapsförbundet Väst;2220002998;Matematik 1B;12;.;75,0;25,0;3;..;..;..;9;..;..;..;
Birger Sjöberggymnasiet 1;50133877;Vänersborg;1487;Kommunal;Kunskapsförbundet Väst;2220002998;Matematik 2B;42;.;95,2;4,8;21;.;90,5;9,5;21;.;100,0;.;
Birger Sjöberggymnasiet 1;50133877;Vänersborg;1487;Kommunal;Kunskapsförbundet Väst;2220002998;Matematik 3B;14;.;100,0;.;7;..;..;..;7;..;..;..;
Birger Sjöberggymnasiet 1;50133877;Vänersborg;1487;Kommunal;Kunskapsförbundet Väst;2220002998;Svenska 1;46;8,7;52,2;39,1;23;4,3;43,5;52,2;23;13,0;60,9;26,1;
Birger Sjöberggymnasiet 1;50133877;Vänersborg;1487;Kommunal;Kunskapsförbundet Väst;2220002998;Svenska 3;121;3,3;48,8;47,9;66;.;54,5;45,5;55;7,3;41,8;50,9;
Birger Sjöberggymnasiet 1;50133877;Vänersborg;1487;Kommunal;Kunskapsförbundet Väst;2220002998;Svenska som andraspråk 1;26;.;96,2;3,8;4;..;..;..;22;..;..;..;
Birger Sjöberggymnasiet 1;50133877;Vänersborg;1487;Kommunal;Kunskapsförbundet Väst;2220002998;Svenska som andraspråk 3;21;9,5;47,6;42,9;10;20,0;40,0;40,0;11;.;54,5;45,5;
Fridagymnasiet, Vänersborg;74919147;Vänersborg;1487;Enskild;Fridaskolorna AB;5564515988;Engelska 6;64;.;92,2;7,8;33;.;84,8;15,2;31;.;100,0;.;
Fridagymnasiet, Vänersborg;74919147;Vänersborg;1487;Enskild;Fridaskolorna AB;5564515988;Matematik 2B;20;10,0;70,0;20,0;10;20,0;60,0;20,0;10;.;80,0;20,0;
Fridagymnasiet, Vänersborg;74919147;Vänersborg;1487;Enskild;Fridaskolorna AB;5564515988;Matematik 3B;23;.;65,2;34,8;12;.;58,3;41,7;11;.;72,7;27,3;
Fridagymnasiet, Vänersborg;74919147;Vänersborg;1487;Enskild;Fridaskolorna AB;5564515988;Matematik 3C;4;..;..;..;1;..;..;..;3;..;..;..;
Fridagymnasiet, Vänersborg;74919147;Vänersborg;1487;Enskild;Fridaskolorna AB;5564515988;Matematik 4;23;.;91,3;8,7;13;.;100,0;.;10;.;80,0;20,0;
Fridagymnasiet, Vänersborg;74919147;Vänersborg;1487;Enskild;Fridaskolorna AB;5564515988;Svenska 3;65;10,8;47,7;41,5;37;10,8;48,6;40,5;28;10,7;46,4;42,9;
Liljaskolan, sektor A;90240730;Vännäs;2460;Kommunal;Vännäs kommun;2120002841;Engelska 5;42;16,7;66,7;16,7;12;8,3;50,0;41,7;30;20,0;73,3;6,7;
Liljaskolan, sektor A;90240730;Vännäs;2460;Kommunal;Vännäs kommun;2120002841;Matematik 1A;44;.;65,9;34,1;11;.;90,9;9,1;33;.;57,6;42,4;
Liljaskolan, sektor A;90240730;Vännäs;2460;Kommunal;Vännäs kommun;2120002841;Svenska 1;38;.;52,6;47,4;10;.;30,0;70,0;28;.;60,7;39,3;
Liljaskolan, sektor A;90240730;Vännäs;2460;Kommunal;Vännäs kommun;2120002841;Svenska som andraspråk 1;1;..;..;..;.;.;.;.;1;..;..;..;
Liljaskolan, sektor B;84908877;Vännäs;2460;Kommunal;Vännäs kommun;2120002841;Engelska 5;48;10,4;77,1;12,5;18;5,6;72,2;22,2;30;13,3;80,0;6,7;
Liljaskolan, sektor B;84908877;Vännäs;2460;Kommunal;Vännäs kommun;2120002841;Matematik 1A;55;.;72,7;27,3;18;.;66,7;33,3;37;.;75,7;24,3;
Liljaskolan, sektor B;84908877;Vännäs;2460;Kommunal;Vännäs kommun;2120002841;Svenska 1;51;5,9;54,9;39,2;18;.;44,4;55,6;33;9,1;60,6;30,3;
Liljaskolan, sektor B;84908877;Vännäs;2460;Kommunal;Vännäs kommun;2120002841;Svenska som andraspråk 1;4;..;..;..;.;.;.;.;4;..;..;..;
Liljaskolan, sektor C;78389879;Vännäs;2460;Kommunal;Vännäs kommun;2120002841;Engelska 5;5;..;..;..;4;..;..;..;1;..;..;..;
Liljaskolan, sektor C;78389879;Vännäs;2460;Kommunal;Vännäs kommun;2120002841;Engelska 6;22;27,3;68,2;4,5;12;16,7;75,0;8,3;10;40,0;60,0;.;
Liljaskolan, sektor C;78389879;Vännäs;2460;Kommunal;Vännäs kommun;2120002841;Matematik 1A;6;..;..;..;4;..;..;..;2;..;..;..;
Liljaskolan, sektor C;78389879;Vännäs;2460;Kommunal;Vännäs kommun;2120002841;Matematik 2B;5;..;..;..;3;..;..;..;2;..;..;..;
Liljaskolan, sektor C;78389879;Vännäs;2460;Kommunal;Vännäs kommun;2120002841;Matematik 3B;8;..;..;..;.;.;.;.;8;..;..;..;
Liljaskolan, sektor C;78389879;Vännäs;2460;Kommunal;Vännäs kommun;2120002841;Svenska 1;3;..;..;..;3;..;..;..;.;.;.;.;
Liljaskolan, sektor C;78389879;Vännäs;2460;Kommunal;Vännäs kommun;2120002841;Svenska 3;24;12,5;33,3;54,2;7;..;..;..;17;..;..;..;
Liljaskolan, sektor C;78389879;Vännäs;2460;Kommunal;Vännäs kommun;2120002841;Svenska som andraspråk 3;1;..;..;..;1;..;..;..;.;.;.;.;
Gustavsbergs gymnasium ,G2,;24277564;Värmdö;0120;Kommunal;Värmdö kommun;2120000035;Matematik 2B;20;.;75,0;25,0;7;..;..;..;13;..;..;..;
Gustavsbergs gymnasium ,G2,;24277564;Värmdö;0120;Kommunal;Värmdö kommun;2120000035;Matematik 4;7;..;..;..;1;..;..;..;6;..;..;..;
Gustavsbergs gymnasium ,G2,;24277564;Värmdö;0120;Kommunal;Värmdö kommun;2120000035;Svenska 3;6;..;..;..;3;..;..;..;3;..;..;..;
Gustavsbergs gymnasium ,G2,;24277564;Värmdö;0120;Kommunal;Värmdö kommun;2120000035;Svenska som andraspråk 3;5;..;..;..;1;..;..;..;4;..;..;..;
Mälardalens Ridgymnasium Gustavsberg;88956420;Värmdö;0120;Enskild;Mälardalens Ridgymnasium AB;5569516742;Engelska 5;7;..;..;..;7;..;..;..;.;.;.;.;
Mälardalens Ridgymnasium Gustavsberg;88956420;Värmdö;0120;Enskild;Mälardalens Ridgymnasium AB;5569516742;Matematik 1A;6;..;..;..;6;..;..;..;.;.;.;.;
Mälardalens Ridgymnasium Gustavsberg;88956420;Värmdö;0120;Enskild;Mälardalens Ridgymnasium AB;5569516742;Svenska 1;6;..;..;..;6;..;..;..;.;.;.;.;
Värmdö gymnasium;44412461;Värmdö;0120;Kommunal;Värmdö kommun;2120000035;Engelska 6;390;15,6;79,7;4,6;188;15,4;81,4;3,2;202;15,8;78,2;5,9;
Värmdö gymnasium;44412461;Värmdö;0120;Kommunal;Värmdö kommun;2120000035;Matematik 1B;15;.;46,7;53,3;10;..;..;..;5;..;..;..;
Värmdö gymnasium;44412461;Värmdö;0120;Kommunal;Värmdö kommun;2120000035;Matematik 2B;143;1,4;74,1;24,5;93;1,1;66,7;32,3;50;2,0;88,0;10,0;
Värmdö gymnasium;44412461;Värmdö;0120;Kommunal;Värmdö kommun;2120000035;Matematik 3B;58;.;79,3;20,7;19;.;73,7;26,3;39;.;82,1;17,9;
Värmdö gymnasium;44412461;Värmdö;0120;Kommunal;Värmdö kommun;2120000035;Matematik 3C;25;.;84,0;16,0;17;..;..;..;8;..;..;..;
Värmdö gymnasium;44412461;Värmdö;0120;Kommunal;Värmdö kommun;2120000035;Matematik 4;118;.;80,5;19,5;53;.;71,7;28,3;65;.;87,7;12,3;
Värmdö gymnasium;44412461;Värmdö;0120;Kommunal;Värmdö kommun;2120000035;Svenska 3;346;5,2;67,9;26,9;192;4,7;66,7;28,6;154;5,8;69,5;24,7;
Värmdö gymnasium;44412461;Värmdö;0120;Kommunal;Värmdö kommun;2120000035;Svenska som andraspråk 3;3;..;..;..;1;..;..;..;2;..;..;..;
Värmdö Tekniska gymnasieskola;34002355;Värmdö;0120;Enskild;Värmdö Tekniska Utbildningar Aktiebolag, Vtu;5563836757;Engelska 5;22;4,5;31,8;63,6;2;..;..;..;20;..;..;..;
Värmdö Tekniska gymnasieskola;34002355;Värmdö;0120;Enskild;Värmdö Tekniska Utbildningar Aktiebolag, Vtu;5563836757;Engelska 6;4;..;..;..;3;..;..;..;1;..;..;..;
Värmdö Tekniska gymnasieskola;34002355;Värmdö;0120;Enskild;Värmdö Tekniska Utbildningar Aktiebolag, Vtu;5563836757;Matematik 1A;21;.;76,2;23,8;2;..;..;..;19;..;..;..;
Värmdö Tekniska gymnasieskola;34002355;Värmdö;0120;Enskild;Värmdö Tekniska Utbildningar Aktiebolag, Vtu;5563836757;Svenska 1;12;.;8,3;91,7;.;.;.;.;12;..;..;..;
Värmdö Tekniska gymnasieskola;34002355;Värmdö;0120;Enskild;Värmdö Tekniska Utbildningar Aktiebolag, Vtu;5563836757;Svenska 3;3;..;..;..;2;..;..;..;1;..;..;..;
Värmdö Tekniska gymnasieskola;34002355;Värmdö;0120;Enskild;Värmdö Tekniska Utbildningar Aktiebolag, Vtu;5563836757;Svenska som andraspråk 1;2;..;..;..;.;.;.;.;2;..;..;..;
Finnvedens Gymnasium 1;16577552;Värnamo;0683;Kommunal;Värnamo kommun;2120000555;Engelska 5;28;14,3;75,0;10,7;9;..;..;..;19;..;..;..;
Finnvedens Gymnasium 1;16577552;Värnamo;0683;Kommunal;Värnamo kommun;2120000555;Matematik 1A;14;.;85,7;14,3;5;..;..;..;9;..;..;..;
Finnvedens Gymnasium 1;16577552;Värnamo;0683;Kommunal;Värnamo kommun;2120000555;Svenska 1;28;7,1;78,6;14,3;10;10,0;80,0;10,0;18;5,6;77,8;16,7;
Finnvedens Gymnasium 1;16577552;Värnamo;0683;Kommunal;Värnamo kommun;2120000555;Svenska som andraspråk 1;1;..;..;..;.;.;.;.;1;..;..;..;
Finnvedens Gymnasium 2;36355200;Värnamo;0683;Kommunal;Värnamo kommun;2120000555;Engelska 5;12;58,3;33,3;8,3;11;..;..;..;1;..;..;..;
Finnvedens Gymnasium 2;36355200;Värnamo;0683;Kommunal;Värnamo kommun;2120000555;Engelska 6;77;19,5;72,7;7,8;50;14,0;76,0;10,0;27;29,6;66,7;3,7;
Finnvedens Gymnasium 2;36355200;Värnamo;0683;Kommunal;Värnamo kommun;2120000555;Matematik 2B;57;1,8;86,0;12,3;41;.;82,9;17,1;16;6,3;93,8;.;
Finnvedens Gymnasium 2;36355200;Värnamo;0683;Kommunal;Värnamo kommun;2120000555;Svenska 1;8;..;..;..;7;..;..;..;1;..;..;..;
Finnvedens Gymnasium 2;36355200;Värnamo;0683;Kommunal;Värnamo kommun;2120000555;Svenska 3;70;5,7;55,7;38,6;58;6,9;56,9;36,2;12;.;50,0;50,0;
Finnvedens Gymnasium 2;36355200;Värnamo;0683;Kommunal;Värnamo kommun;2120000555;Svenska som andraspråk 1;3;..;..;..;3;..;..;..;.;.;.;.;
Finnvedens Gymnasium 2;36355200;Värnamo;0683;Kommunal;Värnamo kommun;2120000555;Svenska som andraspråk 3;10;.;60,0;40,0;2;..;..;..;8;..;..;..;
Finnvedens Gymnasium 3;96920524;Värnamo;0683;Kommunal;Värnamo kommun;2120000555;Engelska 5;33;6,1;84,8;9,1;4;..;..;..;29;..;..;..;
Finnvedens Gymnasium 3;96920524;Värnamo;0683;Kommunal;Värnamo kommun;2120000555;Engelska 6;50;12,0;80,0;8,0;19;5,3;84,2;10,5;31;16,1;77,4;6,5;
Finnvedens Gymnasium 3;96920524;Värnamo;0683;Kommunal;Värnamo kommun;2120000555;Matematik 1A;43;14,0;81,4;4,7;8;..;..;..;35;..;..;..;
Finnvedens Gymnasium 3;96920524;Värnamo;0683;Kommunal;Värnamo kommun;2120000555;Matematik 2B;15;.;93,3;6,7;11;..;..;..;4;..;..;..;
Finnvedens Gymnasium 3;96920524;Värnamo;0683;Kommunal;Värnamo kommun;2120000555;Matematik 3B;32;.;71,9;28,1;12;.;58,3;41,7;20;.;80,0;20,0;
Finnvedens Gymnasium 3;96920524;Värnamo;0683;Kommunal;Värnamo kommun;2120000555;Svenska 1;37;2,7;54,1;43,2;8;..;..;..;29;..;..;..;
Finnvedens Gymnasium 3;96920524;Värnamo;0683;Kommunal;Värnamo kommun;2120000555;Svenska 3;42;9,5;47,6;42,9;19;15,8;36,8;47,4;23;4,3;56,5;39,1;
Finnvedens Gymnasium 3;96920524;Värnamo;0683;Kommunal;Värnamo kommun;2120000555;Svenska som andraspråk 1;2;..;..;..;.;.;.;.;2;..;..;..;
Finnvedens Gymnasium 3;96920524;Värnamo;0683;Kommunal;Värnamo kommun;2120000555;Svenska som andraspråk 3;9;..;..;..;.;.;.;.;9;..;..;..;
Finnvedens Gymnasium 4;18217765;Värnamo;0683;Kommunal;Värnamo kommun;2120000555;Engelska 5;13;23,1;76,9;.;.;.;.;.;13;..;..;..;
Finnvedens Gymnasium 4;18217765;Värnamo;0683;Kommunal;Värnamo kommun;2120000555;Engelska 6;54;18,5;74,1;7,4;20;20,0;70,0;10,0;34;17,6;76,5;5,9;
Finnvedens Gymnasium 4;18217765;Värnamo;0683;Kommunal;Värnamo kommun;2120000555;Matematik 1A;16;.;100,0;.;1;..;..;..;15;..;..;..;
Finnvedens Gymnasium 4;18217765;Värnamo;0683;Kommunal;Värnamo kommun;2120000555;Matematik 3C;30;3,3;93,3;3,3;5;..;..;..;25;..;..;..;
Finnvedens Gymnasium 4;18217765;Värnamo;0683;Kommunal;Värnamo kommun;2120000555;Matematik 4;28;.;75,0;25,0;20;..;..;..;8;..;..;..;
Finnvedens Gymnasium 4;18217765;Värnamo;0683;Kommunal;Värnamo kommun;2120000555;Svenska 1;14;.;100,0;.;1;..;..;..;13;..;..;..;
Finnvedens Gymnasium 4;18217765;Värnamo;0683;Kommunal;Värnamo kommun;2120000555;Svenska 3;66;9,1;48,5;42,4;30;.;50,0;50,0;36;16,7;47,2;36,1;
Finnvedens Gymnasium 4;18217765;Värnamo;0683;Kommunal;Värnamo kommun;2120000555;Svenska som andraspråk 1;2;..;..;..;.;.;.;.;2;..;..;..;
Finnvedens Gymnasium 4;18217765;Värnamo;0683;Kommunal;Värnamo kommun;2120000555;Svenska som andraspråk 3;11;.;63,6;36,4;5;..;..;..;6;..;..;..;
Gamlebygymnasiet;14677676;Västervik;0883;Enskild;Hushållningssällskapet Kalmar-Kronoberg-Blekinge;2620000071;Engelska 5;49;10,2;40,8;49,0;27;11,1;40,7;48,1;22;9,1;40,9;50,0;
Gamlebygymnasiet;14677676;Västervik;0883;Enskild;Hushållningssällskapet Kalmar-Kronoberg-Blekinge;2620000071;Matematik 1A;4;..;..;..;1;..;..;..;3;..;..;..;
Gamlebygymnasiet;14677676;Västervik;0883;Enskild;Hushållningssällskapet Kalmar-Kronoberg-Blekinge;2620000071;Svenska 1;46;2,2;69,6;28,3;26;.;61,5;38,5;20;5,0;80,0;15,0;
Västerviks gymnasium Rektorsområde 1;96152872;Västervik;0883;Kommunal;Västerviks kommun;2120000779;Engelska 5;61;8,2;77,0;14,8;20;.;85,0;15,0;41;12,2;73,2;14,6;
Västerviks gymnasium Rektorsområde 1;96152872;Västervik;0883;Kommunal;Västerviks kommun;2120000779;Matematik 1A;66;.;87,9;12,1;18;.;94,4;5,6;48;.;85,4;14,6;
Västerviks gymnasium Rektorsområde 1;96152872;Västervik;0883;Kommunal;Västerviks kommun;2120000779;Svenska 1;55;9,1;70,9;20,0;18;5,6;66,7;27,8;37;10,8;73,0;16,2;
Västerviks gymnasium Rektorsområde 1;96152872;Västervik;0883;Kommunal;Västerviks kommun;2120000779;Svenska som andraspråk 1;5;..;..;..;4;..;..;..;1;..;..;..;
Västerviks gymnasium Rektorsområde 3;70803636;Västervik;0883;Kommunal;Västerviks kommun;2120000779;Engelska 5;7;..;..;..;4;..;..;..;3;..;..;..;
Västerviks gymnasium Rektorsområde 3;70803636;Västervik;0883;Kommunal;Västerviks kommun;2120000779;Engelska 6;107;4,7;79,4;15,9;66;.;80,3;19,7;41;12,2;78,0;9,8;
Västerviks gymnasium Rektorsområde 3;70803636;Västervik;0883;Kommunal;Västerviks kommun;2120000779;Matematik 1A;14;.;92,9;7,1;11;..;..;..;3;..;..;..;
Västerviks gymnasium Rektorsområde 3;70803636;Västervik;0883;Kommunal;Västerviks kommun;2120000779;Matematik 2B;69;.;49,3;50,7;49;.;49,0;51,0;20;.;50,0;50,0;
Västerviks gymnasium Rektorsområde 3;70803636;Västervik;0883;Kommunal;Västerviks kommun;2120000779;Matematik 3B;15;.;26,7;73,3;7;..;..;..;8;..;..;..;
Västerviks gymnasium Rektorsområde 3;70803636;Västervik;0883;Kommunal;Västerviks kommun;2120000779;Svenska 1;6;..;..;..;4;..;..;..;2;..;..;..;
Västerviks gymnasium Rektorsområde 3;70803636;Västervik;0883;Kommunal;Västerviks kommun;2120000779;Svenska 3;90;21,1;48,9;30,0;43;14,0;39,5;46,5;47;27,7;57,4;14,9;
Västerviks gymnasium Rektorsområde 3;70803636;Västervik;0883;Kommunal;Västerviks kommun;2120000779;Svenska som andraspråk 3;13;15,4;69,2;15,4;10;..;..;..;3;..;..;..;
Västerviks gymnasium Rektorsområde 4;44041939;Västervik;0883;Kommunal;Västerviks kommun;2120000779;Matematik 1A;14;.;92,9;7,1;9;..;..;..;5;..;..;..;
Västerviks gymnasium Rektorsområde 4;44041939;Västervik;0883;Kommunal;Västerviks kommun;2120000779;Svenska 1;16;.;68,8;31,3;9;..;..;..;7;..;..;..;
Västerviks gymnasium Rektorsområde 5;49576295;Västervik;0883;Kommunal;Västerviks kommun;2120000779;Engelska 6;36;5,6;63,9;30,6;17;.;41,2;58,8;19;10,5;84,2;5,3;
Västerviks gymnasium Rektorsområde 5;49576295;Västervik;0883;Kommunal;Västerviks kommun;2120000779;Matematik 3C;10;.;60,0;40,0;2;..;..;..;8;..;..;..;
Västerviks gymnasium Rektorsområde 5;49576295;Västervik;0883;Kommunal;Västerviks kommun;2120000779;Matematik 4;28;.;85,7;14,3;13;.;84,6;15,4;15;.;86,7;13,3;
Västerviks gymnasium Rektorsområde 5;49576295;Västervik;0883;Kommunal;Västerviks kommun;2120000779;Svenska 3;27;3,7;25,9;70,4;10;10,0;.;90,0;17;.;41,2;58,8;
ABB-gymnasiet;66028861;Västerås;1980;Enskild;Industritekniska Gymnasiet Bergslagen AB;5566081740;Engelska 6;94;.;96,8;3,2;34;.;97,1;2,9;60;.;96,7;3,3;
ABB-gymnasiet;66028861;Västerås;1980;Enskild;Industritekniska Gymnasiet Bergslagen AB;5566081740;Svenska 3;115;7,0;51,3;41,7;50;2,0;46,0;52,0;65;10,8;55,4;33,8;
ABB-gymnasiet;66028861;Västerås;1980;Enskild;Industritekniska Gymnasiet Bergslagen AB;5566081740;Svenska som andraspråk 3;5;..;..;..;3;..;..;..;2;..;..;..;
Carlforsska gymnasiet;95805896;Västerås;1980;Kommunal;Västerås kommun;2120002080;Engelska 5;22;22,7;72,7;4,5;12;25,0;75,0;.;10;20,0;70,0;10,0;
Carlforsska gymnasiet;95805896;Västerås;1980;Kommunal;Västerås kommun;2120002080;Engelska 6;157;12,7;80,9;6,4;89;10,1;85,4;4,5;68;16,2;75,0;8,8;
Carlforsska gymnasiet;95805896;Västerås;1980;Kommunal;Västerås kommun;2120002080;Matematik 1A;47;.;85,1;14,9;29;.;82,8;17,2;18;.;88,9;11,1;
Carlforsska gymnasiet;95805896;Västerås;1980;Kommunal;Västerås kommun;2120002080;Matematik 1B;43;.;90,7;9,3;30;.;90,0;10,0;13;.;92,3;7,7;
Carlforsska gymnasiet;95805896;Västerås;1980;Kommunal;Västerås kommun;2120002080;Matematik 2B;38;5,3;68,4;26,3;26;.;76,9;23,1;12;16,7;50,0;33,3;
Carlforsska gymnasiet;95805896;Västerås;1980;Kommunal;Västerås kommun;2120002080;Matematik 3B;29;.;62,1;37,9;10;.;70,0;30,0;19;.;57,9;42,1;
Carlforsska gymnasiet;95805896;Västerås;1980;Kommunal;Västerås kommun;2120002080;Svenska 1;33;3,0;39,4;57,6;21;.;23,8;76,2;12;8,3;66,7;25,0;
Carlforsska gymnasiet;95805896;Västerås;1980;Kommunal;Västerås kommun;2120002080;Svenska 3;139;7,9;70,5;21,6;68;5,9;67,6;26,5;71;9,9;73,2;16,9;
Carlforsska gymnasiet;95805896;Västerås;1980;Kommunal;Västerås kommun;2120002080;Svenska som andraspråk 1;3;..;..;..;.;.;.;.;3;..;..;..;
Carlforsska gymnasiet;95805896;Västerås;1980;Kommunal;Västerås kommun;2120002080;Svenska som andraspråk 3;1;..;..;..;1;..;..;..;.;.;.;.;
Edströmska;92009807;Västerås;1980;Kommunal;Västerås kommun;2120002080;Engelska 5;67;1,5;61,2;37,3;16;.;75,0;25,0;51;2,0;56,9;41,2;
Edströmska;92009807;Västerås;1980;Kommunal;Västerås kommun;2120002080;Engelska 6;13;.;69,2;30,8;2;..;..;..;11;..;..;..;
Edströmska;92009807;Västerås;1980;Kommunal;Västerås kommun;2120002080;Matematik 1A;94;.;85,1;14,9;20;.;85,0;15,0;74;.;85,1;14,9;
Edströmska;92009807;Västerås;1980;Kommunal;Västerås kommun;2120002080;Svenska 1;92;1,1;83,7;15,2;21;.;85,7;14,3;71;1,4;83,1;15,5;
Edströmska;92009807;Västerås;1980;Kommunal;Västerås kommun;2120002080;Svenska som andraspråk 1;1;..;..;..;.;.;.;.;1;..;..;..;
Grillska Gymnasiet Västerås;10433896;Västerås;1980;Enskild;Stadsmissionens Skolstiftelse;8020170794;Engelska 5;24;.;100,0;.;1;..;..;..;23;..;..;..;
Grillska Gymnasiet Västerås;10433896;Västerås;1980;Enskild;Stadsmissionens Skolstiftelse;8020170794;Engelska 6;108;3,7;92,6;3,7;68;4,4;92,6;2,9;40;2,5;92,5;5,0;
Grillska Gymnasiet Västerås;10433896;Västerås;1980;Enskild;Stadsmissionens Skolstiftelse;8020170794;Matematik 1A;23;.;78,3;21,7;1;..;..;..;22;..;..;..;
Grillska Gymnasiet Västerås;10433896;Västerås;1980;Enskild;Stadsmissionens Skolstiftelse;8020170794;Matematik 1B;13;.;100,0;.;8;..;..;..;5;..;..;..;
Grillska Gymnasiet Västerås;10433896;Västerås;1980;Enskild;Stadsmissionens Skolstiftelse;8020170794;Matematik 2B;47;.;83,0;17,0;40;..;..;..;7;..;..;..;
Grillska Gymnasiet Västerås;10433896;Västerås;1980;Enskild;Stadsmissionens Skolstiftelse;8020170794;Matematik 3B;25;.;88,0;12,0;15;.;80,0;20,0;10;.;100,0;.;
Grillska Gymnasiet Västerås;10433896;Västerås;1980;Enskild;Stadsmissionens Skolstiftelse;8020170794;Matematik 3C;30;.;96,7;3,3;5;..;..;..;25;..;..;..;
Grillska Gymnasiet Västerås;10433896;Västerås;1980;Enskild;Stadsmissionens Skolstiftelse;8020170794;Svenska 1;19;.;57,9;42,1;1;..;..;..;18;..;..;..;
Grillska Gymnasiet Västerås;10433896;Västerås;1980;Enskild;Stadsmissionens Skolstiftelse;8020170794;Svenska 3;102;13,7;58,8;27,5;61;6,6;60,7;32,8;41;24,4;56,1;19,5;
Grillska Gymnasiet Västerås;10433896;Västerås;1980;Enskild;Stadsmissionens Skolstiftelse;8020170794;Svenska som andraspråk 1;2;..;..;..;.;.;.;.;2;..;..;..;
Grillska Gymnasiet Västerås;10433896;Västerås;1980;Enskild;Stadsmissionens Skolstiftelse;8020170794;Svenska som andraspråk 3;1;..;..;..;.;.;.;.;1;..;..;..;
Hahrska gymnasiet;10342448;Västerås;1980;Kommunal;Västerås kommun;2120002080;Engelska 5;72;13,9;77,8;8,3;6;..;..;..;66;..;..;..;
Hahrska gymnasiet;10342448;Västerås;1980;Kommunal;Västerås kommun;2120002080;Matematik 1A;28;.;82,1;17,9;2;..;..;..;26;..;..;..;
Hahrska gymnasiet;10342448;Västerås;1980;Kommunal;Västerås kommun;2120002080;Svenska 1;40;.;40,0;60,0;4;..;..;..;36;..;..;..;
Hahrska gymnasiet;10342448;Västerås;1980;Kommunal;Västerås kommun;2120002080;Svenska som andraspråk 1;9;..;..;..;.;.;.;.;9;..;..;..;
JENSEN Gymnasium Västerås;49170638;Västerås;1980;Enskild;Jensen Education College AB;5566358759;Engelska 6;43;.;81,4;18,6;29;.;86,2;13,8;14;.;71,4;28,6;
JENSEN Gymnasium Västerås;49170638;Västerås;1980;Enskild;Jensen Education College AB;5566358759;Matematik 2B;16;.;100,0;.;11;..;..;..;5;..;..;..;
JENSEN Gymnasium Västerås;49170638;Västerås;1980;Enskild;Jensen Education College AB;5566358759;Svenska 3;44;4,5;75,0;20,5;31;6,5;67,7;25,8;13;.;92,3;7,7;
JENSEN Gymnasium Västerås;49170638;Västerås;1980;Enskild;Jensen Education College AB;5566358759;Svenska som andraspråk 3;8;..;..;..;4;..;..;..;4;..;..;..;
KLARA Teoretiska Gymnasium Västerås;69270944;Västerås;1980;Enskild;KLARA Gymnasium Kunskap AB;5566303938;Engelska 6;44;6,8;86,4;6,8;33;6,1;90,9;3,0;11;9,1;72,7;18,2;
KLARA Teoretiska Gymnasium Västerås;69270944;Västerås;1980;Enskild;KLARA Gymnasium Kunskap AB;5566303938;Matematik 2B;22;.;54,5;45,5;19;..;..;..;3;..;..;..;
Kopparlundsgymnasiet;46379730;Västerås;1980;Enskild;Västerås Entreprenörsgymnasium;8176058942;Engelska 6;31;29,0;64,5;6,5;18;27,8;72,2;.;13;30,8;53,8;15,4;
Kopparlundsgymnasiet;46379730;Västerås;1980;Enskild;Västerås Entreprenörsgymnasium;8176058942;Matematik 1B;5;..;..;..;2;..;..;..;3;..;..;..;
Kopparlundsgymnasiet;46379730;Västerås;1980;Enskild;Västerås Entreprenörsgymnasium;8176058942;Matematik 2B;15;.;86,7;13,3;8;..;..;..;7;..;..;..;
Kopparlundsgymnasiet;46379730;Västerås;1980;Enskild;Västerås Entreprenörsgymnasium;8176058942;Svenska 3;20;.;60,0;40,0;15;..;..;..;5;..;..;..;
Kopparlundsgymnasiet;46379730;Västerås;1980;Enskild;Västerås Entreprenörsgymnasium;8176058942;Svenska som andraspråk 3;4;..;..;..;3;..;..;..;1;..;..;..;
Kunskapsgymnasiet Västerås;25379974;Västerås;1980;Enskild;Kunskapsskolan i Sverige Aktiebolag;5565661815;Engelska 6;44;2,3;50,0;47,7;29;3,4;37,9;58,6;15;.;73,3;26,7;
Kunskapsgymnasiet Västerås;25379974;Västerås;1980;Enskild;Kunskapsskolan i Sverige Aktiebolag;5565661815;Matematik 2B;11;.;45,5;54,5;5;..;..;..;6;..;..;..;
Kunskapsgymnasiet Västerås;25379974;Västerås;1980;Enskild;Kunskapsskolan i Sverige Aktiebolag;5565661815;Svenska 3;19;10,5;52,6;36,8;17;..;..;..;2;..;..;..;
Kunskapsgymnasiet Västerås;25379974;Västerås;1980;Enskild;Kunskapsskolan i Sverige Aktiebolag;5565661815;Svenska som andraspråk 3;23;4,3;73,9;21,7;14;..;..;..;9;..;..;..;
Mälardalens Ridgymnasium Västerås;98032567;Västerås;1980;Enskild;Mälardalens Ridgymnasium Västerås Handelsbolag;9165808479;Engelska 5;12;25,0;66,7;8,3;12;..;..;..;.;.;.;.;
Mälardalens Ridgymnasium Västerås;98032567;Västerås;1980;Enskild;Mälardalens Ridgymnasium Västerås Handelsbolag;9165808479;Matematik 1A;13;7,7;69,2;23,1;13;..;..;..;.;.;.;.;
Mälardalens Ridgymnasium Västerås;98032567;Västerås;1980;Enskild;Mälardalens Ridgymnasium Västerås Handelsbolag;9165808479;Svenska 1;11;18,2;72,7;9,1;11;..;..;..;.;.;.;.;
NTI Gymnasiet Västerås;43154449;Västerås;1980;Enskild;NTI Gymnasiet Ellips AB;5565970471;Engelska 5;22;.;81,8;18,2;1;..;..;..;21;..;..;..;
NTI Gymnasiet Västerås;43154449;Västerås;1980;Enskild;NTI Gymnasiet Ellips AB;5565970471;Engelska 6;51;43,1;49,0;7,8;13;7,7;84,6;7,7;38;55,3;36,8;7,9;
NTI Gymnasiet Västerås;43154449;Västerås;1980;Enskild;NTI Gymnasiet Ellips AB;5565970471;Matematik 1A;26;.;80,8;19,2;1;..;..;..;25;..;..;..;
NTI Gymnasiet Västerås;43154449;Västerås;1980;Enskild;NTI Gymnasiet Ellips AB;5565970471;Matematik 1B;8;..;..;..;1;..;..;..;7;..;..;..;
NTI Gymnasiet Västerås;43154449;Västerås;1980;Enskild;NTI Gymnasiet Ellips AB;5565970471;Matematik 3C;17;.;100,0;.;.;.;.;.;17;..;..;..;
NTI Gymnasiet Västerås;43154449;Västerås;1980;Enskild;NTI Gymnasiet Ellips AB;5565970471;Svenska 1;25;.;88,0;12,0;1;..;..;..;24;..;..;..;
NTI Gymnasiet Västerås;43154449;Västerås;1980;Enskild;NTI Gymnasiet Ellips AB;5565970471;Svenska 3;58;13,8;62,1;24,1;12;33,3;58,3;8,3;46;8,7;63,0;28,3;
NTI Gymnasiet Västerås;43154449;Västerås;1980;Enskild;NTI Gymnasiet Ellips AB;5565970471;Svenska som andraspråk 1;2;..;..;..;.;.;.;.;2;..;..;..;
NTI Gymnasiet Västerås;43154449;Västerås;1980;Enskild;NTI Gymnasiet Ellips AB;5565970471;Svenska som andraspråk 3;5;..;..;..;1;..;..;..;4;..;..;..;
Praktiska Gymnasiet Västerås;96194948;Västerås;1980;Enskild;Praktiska Sverige AB;5562575786;Engelska 5;57;.;87,7;12,3;24;.;87,5;12,5;33;.;87,9;12,1;
Praktiska Gymnasiet Västerås;96194948;Västerås;1980;Enskild;Praktiska Sverige AB;5562575786;Engelska 6;1;..;..;..;.;.;.;.;1;..;..;..;
Praktiska Gymnasiet Västerås;96194948;Västerås;1980;Enskild;Praktiska Sverige AB;5562575786;Matematik 1A;57;1,8;35,1;63,2;24;.;29,2;70,8;33;3,0;39,4;57,6;
Praktiska Gymnasiet Västerås;96194948;Västerås;1980;Enskild;Praktiska Sverige AB;5562575786;Svenska 1;44;2,3;68,2;29,5;24;.;62,5;37,5;20;5,0;75,0;20,0;
Praktiska Gymnasiet Västerås;96194948;Västerås;1980;Enskild;Praktiska Sverige AB;5562575786;Svenska som andraspråk 1;7;..;..;..;3;..;..;..;4;..;..;..;
Realgymnasiet  Västerås;25955541;Västerås;1980;Enskild;Lärande i Sverige AB;5565715892;Engelska 5;1;..;..;..;1;..;..;..;.;.;.;.;
Rudbeckianska gymnasiet;88025221;Västerås;1980;Kommunal;Västerås kommun;2120002080;Engelska 5;21;.;100,0;.;13;..;..;..;8;..;..;..;
Rudbeckianska gymnasiet;88025221;Västerås;1980;Kommunal;Västerås kommun;2120002080;Engelska 6;199;8,0;77,9;14,1;120;5,0;75,8;19,2;79;12,7;81,0;6,3;
Rudbeckianska gymnasiet;88025221;Västerås;1980;Kommunal;Västerås kommun;2120002080;Matematik 1A;13;.;84,6;15,4;7;..;..;..;6;..;..;..;
Rudbeckianska gymnasiet;88025221;Västerås;1980;Kommunal;Västerås kommun;2120002080;Matematik 1B;8;..;..;..;7;..;..;..;1;..;..;..;
Rudbeckianska gymnasiet;88025221;Västerås;1980;Kommunal;Västerås kommun;2120002080;Matematik 2B;71;.;100,0;.;50;.;100,0;.;21;.;100,0;.;
Rudbeckianska gymnasiet;88025221;Västerås;1980;Kommunal;Västerås kommun;2120002080;Matematik 3C;2;..;..;..;.;.;.;.;2;..;..;..;
Rudbeckianska gymnasiet;88025221;Västerås;1980;Kommunal;Västerås kommun;2120002080;Matematik 4;18;.;88,9;11,1;1;..;..;..;17;..;..;..;
Rudbeckianska gymnasiet;88025221;Västerås;1980;Kommunal;Västerås kommun;2120002080;Svenska 3;248;8,5;62,5;29,0;162;6,8;63,6;29,6;86;11,6;60,5;27,9;
Rudbeckianska gymnasiet;88025221;Västerås;1980;Kommunal;Västerås kommun;2120002080;Svenska som andraspråk 3;34;.;88,2;11,8;13;.;92,3;7,7;21;.;85,7;14,3;
Thoren Business School Västerås;18042101;Västerås;1980;Enskild;Thorengruppen AB;5566139290;Matematik 2B;32;.;75,0;25,0;19;.;73,7;26,3;13;.;76,9;23,1;
Thoren Business School Västerås;18042101;Västerås;1980;Enskild;Thorengruppen AB;5566139290;Matematik 3B;10;.;40,0;60,0;3;..;..;..;7;..;..;..;
Thoren Business School Västerås;18042101;Västerås;1980;Enskild;Thorengruppen AB;5566139290;Matematik 3C;7;..;..;..;4;..;..;..;3;..;..;..;
Thoren Business School Västerås;18042101;Västerås;1980;Enskild;Thorengruppen AB;5566139290;Matematik 4;8;..;..;..;5;..;..;..;3;..;..;..;
Tranellska gymnasiet;14799321;Västerås;1980;Kommunal;Västerås kommun;2120002080;Engelska 5;1;..;..;..;1;..;..;..;.;.;.;.;
Tranellska gymnasiet;14799321;Västerås;1980;Kommunal;Västerås kommun;2120002080;Svenska 1;1;..;..;..;1;..;..;..;.;.;.;.;
Tranellska gymnasiet;14799321;Västerås;1980;Kommunal;Västerås kommun;2120002080;Svenska som andraspråk 1;1;..;..;..;1;..;..;..;.;.;.;.;
Västerås Citygymnasium;56041699;Västerås;1980;Enskild;Västerås Citygymnasium AB;5567503890;Engelska 5;1;..;..;..;1;..;..;..;.;.;.;.;
Västerås Citygymnasium;56041699;Västerås;1980;Enskild;Västerås Citygymnasium AB;5567503890;Engelska 6;1;..;..;..;1;..;..;..;.;.;.;.;
Västerås Citygymnasium;56041699;Västerås;1980;Enskild;Västerås Citygymnasium AB;5567503890;Svenska 1;2;..;..;..;2;..;..;..;.;.;.;.;
Västerås Idrottsgymnasium;45111086;Västerås;1980;Enskild;Västerås Idrottsgymnasium AB;5567802144;Engelska 6;23;21,7;65,2;13,0;9;..;..;..;14;..;..;..;
Västerås Idrottsgymnasium;45111086;Västerås;1980;Enskild;Västerås Idrottsgymnasium AB;5567802144;Matematik 2B;15;.;86,7;13,3;6;..;..;..;9;..;..;..;
Västerås Idrottsgymnasium;45111086;Västerås;1980;Enskild;Västerås Idrottsgymnasium AB;5567802144;Svenska 3;20;35,0;55,0;10,0;8;..;..;..;12;..;..;..;
Widénska gymnasiet;70955448;Västerås;1980;Kommunal;Västerås kommun;2120002080;Engelska 6;24;.;41,7;58,3;12;.;41,7;58,3;12;.;41,7;58,3;
Widénska gymnasiet;70955448;Västerås;1980;Kommunal;Västerås kommun;2120002080;Matematik 3B;4;..;..;..;1;..;..;..;3;..;..;..;
Widénska gymnasiet;70955448;Västerås;1980;Kommunal;Västerås kommun;2120002080;Matematik 3C;13;.;92,3;7,7;4;..;..;..;9;..;..;..;
Yrkesgymnasiet Västerås;90685868;Västerås;1980;Enskild;Thorengruppen AB;5566139290;Engelska 5;77;11,7;70,1;18,2;35;5,7;65,7;28,6;42;16,7;73,8;9,5;
Yrkesgymnasiet Västerås;90685868;Västerås;1980;Enskild;Thorengruppen AB;5566139290;Matematik 1A;77;3,9;54,5;41,6;32;3,1;46,9;50,0;45;4,4;60,0;35,6;
Yrkesgymnasiet Västerås;90685868;Västerås;1980;Enskild;Thorengruppen AB;5566139290;Svenska 1;61;8,2;52,5;39,3;24;8,3;37,5;54,2;37;8,1;62,2;29,7;
Yrkesgymnasiet Västerås;90685868;Västerås;1980;Enskild;Thorengruppen AB;5566139290;Svenska som andraspråk 1;7;..;..;..;5;..;..;..;2;..;..;..;
Ingelstadgymnasiet;24501884;Växjö;0780;Enskild;Hushållningssällskapet Kalmar-Kronoberg-Blekinge;2620000071;Engelska 5;88;10,2;75,0;14,8;56;7,1;75,0;17,9;32;15,6;75,0;9,4;
Ingelstadgymnasiet;24501884;Växjö;0780;Enskild;Hushållningssällskapet Kalmar-Kronoberg-Blekinge;2620000071;Matematik 1A;62;6,5;72,6;21,0;31;9,7;71,0;19,4;31;3,2;74,2;22,6;
Katedralskolan 1;46707989;Växjö;0780;Kommunal;Växjö kommun;2120000662;Engelska 6;104;17,3;76,0;6,7;58;13,8;77,6;8,6;46;21,7;73,9;4,3;
Katedralskolan 1;46707989;Växjö;0780;Kommunal;Växjö kommun;2120000662;Matematik 3C;14;.;92,9;7,1;8;..;..;..;6;..;..;..;
Katedralskolan 1;46707989;Växjö;0780;Kommunal;Växjö kommun;2120000662;Matematik 4;84;.;79,8;20,2;48;.;75,0;25,0;36;.;86,1;13,9;
Katedralskolan 1;46707989;Växjö;0780;Kommunal;Växjö kommun;2120000662;Svenska 3;104;16,3;68,3;15,4;62;9,7;69,4;21,0;42;26,2;66,7;7,1;
Katedralskolan 1;46707989;Växjö;0780;Kommunal;Växjö kommun;2120000662;Svenska som andraspråk 3;25;12,0;44,0;44,0;15;20,0;46,7;33,3;10;.;40,0;60,0;
Katedralskolan 2;46986216;Växjö;0780;Kommunal;Växjö kommun;2120000662;Engelska 6;65;20,0;72,3;7,7;55;18,2;74,5;7,3;10;30,0;60,0;10,0;
Katedralskolan 2;46986216;Växjö;0780;Kommunal;Växjö kommun;2120000662;Matematik 1B;72;.;95,8;4,2;63;..;..;..;9;..;..;..;
Katedralskolan 2;46986216;Växjö;0780;Kommunal;Växjö kommun;2120000662;Svenska 3;42;11,9;50,0;38,1;34;..;..;..;8;..;..;..;
Katedralskolan 3;67924816;Växjö;0780;Kommunal;Växjö kommun;2120000662;Engelska 6;87;23,0;72,4;4,6;55;16,4;76,4;7,3;32;34,4;65,6;.;
Katedralskolan 3;67924816;Växjö;0780;Kommunal;Växjö kommun;2120000662;Matematik 2B;82;.;87,8;12,2;55;.;89,1;10,9;27;.;85,2;14,8;
Katedralskolan 3;67924816;Växjö;0780;Kommunal;Växjö kommun;2120000662;Svenska 3;115;7,8;56,5;35,7;78;6,4;57,7;35,9;37;10,8;54,1;35,1;
Katedralskolan 4;92805465;Växjö;0780;Kommunal;Växjö kommun;2120000662;Matematik 2B;29;.;86,2;13,8;17;.;82,4;17,6;12;.;91,7;8,3;
Katedralskolan 4;92805465;Växjö;0780;Kommunal;Växjö kommun;2120000662;Matematik 3B;46;.;87,0;13,0;18;.;83,3;16,7;28;.;89,3;10,7;
Katedralskolan 4;92805465;Växjö;0780;Kommunal;Växjö kommun;2120000662;Svenska 3;89;9,0;71,9;19,1;56;5,4;73,2;21,4;33;15,2;69,7;15,2;
Katedralskolan 5;72276266;Växjö;0780;Kommunal;Växjö kommun;2120000662;Engelska 6;20;5,0;90,0;5,0;14;..;..;..;6;..;..;..;
Katedralskolan 5;72276266;Växjö;0780;Kommunal;Växjö kommun;2120000662;Svenska 3;19;5,3;63,2;31,6;17;..;..;..;2;..;..;..;
Kungsmadskolan 1;56084099;Växjö;0780;Kommunal;Växjö kommun;2120000662;Engelska 6;61;8,2;75,4;16,4;46;6,5;78,3;15,2;15;13,3;66,7;20,0;
Kungsmadskolan 1;56084099;Växjö;0780;Kommunal;Växjö kommun;2120000662;Matematik 2B;59;.;79,7;20,3;46;.;80,4;19,6;13;.;76,9;23,1;
Kungsmadskolan 1;56084099;Växjö;0780;Kommunal;Växjö kommun;2120000662;Svenska 3;37;.;54,1;45,9;21;.;52,4;47,6;16;.;56,3;43,8;
Kungsmadskolan 2;80711021;Växjö;0780;Kommunal;Växjö kommun;2120000662;Engelska 5;45;6,7;82,2;11,1;27;7,4;77,8;14,8;18;5,6;88,9;5,6;
Kungsmadskolan 2;80711021;Växjö;0780;Kommunal;Växjö kommun;2120000662;Engelska 6;42;14,3;73,8;11,9;25;4,0;76,0;20,0;17;29,4;70,6;.;
Kungsmadskolan 2;80711021;Växjö;0780;Kommunal;Växjö kommun;2120000662;Matematik 1A;71;2,8;70,4;26,8;42;.;73,8;26,2;29;6,9;65,5;27,6;
Kungsmadskolan 2;80711021;Växjö;0780;Kommunal;Växjö kommun;2120000662;Svenska 1;54;7,4;70,4;22,2;33;9,1;63,6;27,3;21;4,8;81,0;14,3;
Kungsmadskolan 2;80711021;Växjö;0780;Kommunal;Växjö kommun;2120000662;Svenska som andraspråk 1;16;.;87,5;12,5;4;..;..;..;12;..;..;..;
Kungsmadskolan 5;17648596;Växjö;0780;Kommunal;Växjö kommun;2120000662;Engelska 5;77;9,1;79,2;11,7;10;.;80,0;20,0;67;10,4;79,1;10,4;
Kungsmadskolan 5;17648596;Växjö;0780;Kommunal;Växjö kommun;2120000662;Matematik 1A;82;4,9;67,1;28,0;10;.;90,0;10,0;72;5,6;63,9;30,6;
Kungsmadskolan 5;17648596;Växjö;0780;Kommunal;Växjö kommun;2120000662;Svenska 1;69;5,8;89,9;4,3;9;..;..;..;60;..;..;..;
Kungsmadskolan 5;17648596;Växjö;0780;Kommunal;Växjö kommun;2120000662;Svenska som andraspråk 1;8;..;..;..;.;.;.;.;8;..;..;..;
Kungsmadskolan 6;16720048;Växjö;0780;Kommunal;Växjö kommun;2120000662;Engelska 5;43;4,7;88,4;7,0;35;..;..;..;8;..;..;..;
Kungsmadskolan 6;16720048;Växjö;0780;Kommunal;Växjö kommun;2120000662;Matematik 1A;67;3,0;65,7;31,3;50;4,0;70,0;26,0;17;.;52,9;47,1;
Kungsmadskolan 6;16720048;Växjö;0780;Kommunal;Växjö kommun;2120000662;Svenska 1;54;5,6;59,3;35,2;41;7,3;58,5;34,1;13;.;61,5;38,5;
LBS Kreativa Gymnasiet Växjö;17083056;Växjö;0780;Enskild;Ljud & Bildskolan LBS AB;5564851649;Engelska 6;38;5,3;78,9;15,8;11;.;90,9;9,1;27;7,4;74,1;18,5;
LBS Kreativa Gymnasiet Växjö;17083056;Växjö;0780;Enskild;Ljud & Bildskolan LBS AB;5564851649;Matematik 1B;29;3,4;82,8;13,8;12;8,3;66,7;25,0;17;.;94,1;5,9;
LBS Kreativa Gymnasiet Växjö;17083056;Växjö;0780;Enskild;Ljud & Bildskolan LBS AB;5564851649;Matematik 3C;13;.;84,6;15,4;1;..;..;..;12;..;..;..;
LBS Kreativa Gymnasiet Växjö;17083056;Växjö;0780;Enskild;Ljud & Bildskolan LBS AB;5564851649;Svenska 3;35;5,7;48,6;45,7;9;..;..;..;26;..;..;..;
LBS Kreativa Gymnasiet Växjö;17083056;Växjö;0780;Enskild;Ljud & Bildskolan LBS AB;5564851649;Svenska som andraspråk 3;2;..;..;..;1;..;..;..;1;..;..;..;
Praktiska Gymnasiet Växjö;39341381;Växjö;0780;Enskild;Praktiska Sverige AB;5562575786;Engelska 5;13;7,7;76,9;15,4;1;..;..;..;12;..;..;..;
Praktiska Gymnasiet Växjö;39341381;Växjö;0780;Enskild;Praktiska Sverige AB;5562575786;Matematik 1A;8;..;..;..;1;..;..;..;7;..;..;..;
Praktiska Gymnasiet Växjö;39341381;Växjö;0780;Enskild;Praktiska Sverige AB;5562575786;Svenska 1;5;..;..;..;.;.;.;.;5;..;..;..;
Praktiska Gymnasiet Växjö;39341381;Växjö;0780;Enskild;Praktiska Sverige AB;5562575786;Svenska som andraspråk 1;7;..;..;..;.;.;.;.;7;..;..;..;
ProCivitas Privata Gymnasium Växjö;61176909;Växjö;0780;Enskild;ProCivitas Privata Gymnasium AB;5566157102;Engelska 6;142;1,4;74,6;23,9;69;2,9;69,6;27,5;73;.;79,5;20,5;
ProCivitas Privata Gymnasium Växjö;61176909;Växjö;0780;Enskild;ProCivitas Privata Gymnasium AB;5566157102;Matematik 2B;63;3,2;84,1;12,7;34;.;76,5;23,5;29;6,9;93,1;.;
ProCivitas Privata Gymnasium Växjö;61176909;Växjö;0780;Enskild;ProCivitas Privata Gymnasium AB;5566157102;Matematik 3B;34;.;85,3;14,7;17;.;88,2;11,8;17;.;82,4;17,6;
ProCivitas Privata Gymnasium Växjö;61176909;Växjö;0780;Enskild;ProCivitas Privata Gymnasium AB;5566157102;Matematik 3C;7;..;..;..;5;..;..;..;2;..;..;..;
ProCivitas Privata Gymnasium Växjö;61176909;Växjö;0780;Enskild;ProCivitas Privata Gymnasium AB;5566157102;Svenska 3;119;13,4;50,4;36,1;61;11,5;50,8;37,7;58;15,5;50,0;34,5;
ProCivitas Privata Gymnasium Växjö;61176909;Växjö;0780;Enskild;ProCivitas Privata Gymnasium AB;5566157102;Svenska som andraspråk 3;9;..;..;..;4;..;..;..;5;..;..;..;
Skanskagymnasiet;43479922;Växjö;0780;Enskild;Skanskaskolan i Växjö AB;5567435994;Svenska 3;23;.;100,0;.;8;..;..;..;15;..;..;..;
Skanskagymnasiet;43479922;Växjö;0780;Enskild;Skanskaskolan i Växjö AB;5567435994;Svenska som andraspråk 3;2;..;..;..;2;..;..;..;.;.;.;.;
Teknikum 1;60088179;Växjö;0780;Kommunal;Växjö kommun;2120000662;Engelska 5;49;6,1;77,6;16,3;41;..;..;..;8;..;..;..;
Teknikum 1;60088179;Växjö;0780;Kommunal;Växjö kommun;2120000662;Matematik 1A;57;.;98,2;1,8;45;.;100,0;.;12;.;91,7;8,3;
Teknikum 1;60088179;Växjö;0780;Kommunal;Växjö kommun;2120000662;Svenska 1;31;16,1;45,2;38,7;25;..;..;..;6;..;..;..;
Teknikum 1;60088179;Växjö;0780;Kommunal;Växjö kommun;2120000662;Svenska som andraspråk 1;35;2,9;31,4;65,7;14;.;28,6;71,4;21;4,8;33,3;61,9;
Teknikum 2;28391147;Växjö;0780;Kommunal;Växjö kommun;2120000662;Engelska 6;40;15,0;77,5;7,5;5;..;..;..;35;..;..;..;
Teknikum 2;28391147;Växjö;0780;Kommunal;Växjö kommun;2120000662;Matematik 3C;41;.;85,4;14,6;4;..;..;..;37;..;..;..;
Teknikum 2;28391147;Växjö;0780;Kommunal;Växjö kommun;2120000662;Matematik 4;15;.;100,0;.;2;..;..;..;13;..;..;..;
Teknikum 2;28391147;Växjö;0780;Kommunal;Växjö kommun;2120000662;Svenska 3;54;9,3;72,2;18,5;7;..;..;..;47;..;..;..;
Teknikum 2;28391147;Växjö;0780;Kommunal;Växjö kommun;2120000662;Svenska som andraspråk 3;14;.;71,4;28,6;2;..;..;..;12;..;..;..;
Teknikum 4;90347955;Växjö;0780;Kommunal;Växjö kommun;2120000662;Engelska 5;64;6,3;70,3;23,4;2;..;..;..;62;..;..;..;
Teknikum 4;90347955;Växjö;0780;Kommunal;Växjö kommun;2120000662;Matematik 1A;70;2,9;92,9;4,3;2;..;..;..;68;..;..;..;
Teknikum 4;90347955;Växjö;0780;Kommunal;Växjö kommun;2120000662;Svenska 1;56;16,1;60,7;23,2;2;..;..;..;54;..;..;..;
Thoren Business School Växjö;28592060;Växjö;0780;Enskild;Thorengruppen AB;5566139290;Engelska 6;22;13,6;50,0;36,4;13;..;..;..;9;..;..;..;
Thoren Business School Växjö;28592060;Växjö;0780;Enskild;Thorengruppen AB;5566139290;Matematik 1A;12;.;83,3;16,7;4;..;..;..;8;..;..;..;
Thoren Business School Växjö;28592060;Växjö;0780;Enskild;Thorengruppen AB;5566139290;Matematik 4;11;.;36,4;63,6;8;..;..;..;3;..;..;..;
Växjö Fria Fordongymnasium;29209307;Växjö;0780;Enskild;VFG Utbildning AB;5562496629;Engelska 5;50;4,0;84,0;12,0;8;..;..;..;42;..;..;..;
Växjö Fria Fordongymnasium;29209307;Växjö;0780;Enskild;VFG Utbildning AB;5562496629;Matematik 1A;50;4,0;72,0;24,0;8;..;..;..;42;..;..;..;
Växjö Fria Fordongymnasium;29209307;Växjö;0780;Enskild;VFG Utbildning AB;5562496629;Svenska 1;42;9,5;73,8;16,7;8;..;..;..;34;..;..;..;
Växjö Fria Fordongymnasium;29209307;Växjö;0780;Enskild;VFG Utbildning AB;5562496629;Svenska som andraspråk 1;6;..;..;..;.;.;.;.;6;..;..;..;
Växjö Fria Gymnasium;21778322;Växjö;0780;Enskild;Växjö Fria Gymnasium AB;5565847836;Engelska 5;32;.;75,0;25,0;30;..;..;..;2;..;..;..;
Växjö Fria Gymnasium;21778322;Växjö;0780;Enskild;Växjö Fria Gymnasium AB;5565847836;Engelska 6;127;7,1;60,6;32,3;85;4,7;54,1;41,2;42;11,9;73,8;14,3;
Växjö Fria Gymnasium;21778322;Växjö;0780;Enskild;Växjö Fria Gymnasium AB;5565847836;Matematik 1A;32;.;87,5;12,5;30;..;..;..;2;..;..;..;
Växjö Fria Gymnasium;21778322;Växjö;0780;Enskild;Växjö Fria Gymnasium AB;5565847836;Matematik 2B;61;.;83,6;16,4;49;.;81,6;18,4;12;.;91,7;8,3;
Växjö Fria Gymnasium;21778322;Växjö;0780;Enskild;Växjö Fria Gymnasium AB;5565847836;Matematik 3B;16;.;50,0;50,0;3;..;..;..;13;..;..;..;
Växjö Fria Gymnasium;21778322;Växjö;0780;Enskild;Växjö Fria Gymnasium AB;5565847836;Svenska 1;22;.;77,3;22,7;21;..;..;..;1;..;..;..;
Växjö Fria Gymnasium;21778322;Växjö;0780;Enskild;Växjö Fria Gymnasium AB;5565847836;Svenska 3;58;5,2;60,3;34,5;25;.;64,0;36,0;33;9,1;57,6;33,3;
Växjö Fria Gymnasium;21778322;Växjö;0780;Enskild;Växjö Fria Gymnasium AB;5565847836;Svenska som andraspråk 1;6;..;..;..;6;..;..;..;.;.;.;.;
Växjö Fria Gymnasium;21778322;Växjö;0780;Enskild;Växjö Fria Gymnasium AB;5565847836;Svenska som andraspråk 3;16;6,3;75,0;18,8;8;..;..;..;8;..;..;..;
Fria Läroverken i Ystad;31380193;Ystad;1286;Enskild;Gymnasieskolor i Syd AB;5569306979;Engelska 5;17;17,6;76,5;5,9;6;..;..;..;11;..;..;..;
Fria Läroverken i Ystad;31380193;Ystad;1286;Enskild;Gymnasieskolor i Syd AB;5569306979;Engelska 6;12;25,0;58,3;16,7;7;..;..;..;5;..;..;..;
Fria Läroverken i Ystad;31380193;Ystad;1286;Enskild;Gymnasieskolor i Syd AB;5569306979;Matematik 1A;16;.;43,8;56,3;6;..;..;..;10;..;..;..;
Fria Läroverken i Ystad;31380193;Ystad;1286;Enskild;Gymnasieskolor i Syd AB;5569306979;Matematik 2B;4;..;..;..;3;..;..;..;1;..;..;..;
Fria Läroverken i Ystad;31380193;Ystad;1286;Enskild;Gymnasieskolor i Syd AB;5569306979;Matematik 3B;11;.;63,6;36,4;8;..;..;..;3;..;..;..;
Fria Läroverken i Ystad;31380193;Ystad;1286;Enskild;Gymnasieskolor i Syd AB;5569306979;Svenska 1;14;.;71,4;28,6;4;..;..;..;10;..;..;..;
Fria Läroverken i Ystad;31380193;Ystad;1286;Enskild;Gymnasieskolor i Syd AB;5569306979;Svenska 3;17;11,8;41,2;47,1;13;..;..;..;4;..;..;..;
Praktiska Gymnasiet Ystad;90290154;Ystad;1286;Enskild;Praktiska Sverige AB;5562575786;Engelska 5;45;.;73,3;26,7;16;.;62,5;37,5;29;.;79,3;20,7;
Praktiska Gymnasiet Ystad;90290154;Ystad;1286;Enskild;Praktiska Sverige AB;5562575786;Matematik 1A;57;.;68,4;31,6;12;.;58,3;41,7;45;.;71,1;28,9;
Praktiska Gymnasiet Ystad;90290154;Ystad;1286;Enskild;Praktiska Sverige AB;5562575786;Svenska 1;64;1,6;59,4;39,1;16;6,3;56,3;37,5;48;.;60,4;39,6;
Praktiska Gymnasiet Ystad;90290154;Ystad;1286;Enskild;Praktiska Sverige AB;5562575786;Svenska som andraspråk 1;2;..;..;..;.;.;.;.;2;..;..;..;
Ystad Gymnasium, område 1;25847233;Ystad;1286;Kommunal;Ystad kommun;2120001181;Engelska 5;68;14,7;67,6;17,6;49;18,4;69,4;12,2;19;5,3;63,2;31,6;
Ystad Gymnasium, område 1;25847233;Ystad;1286;Kommunal;Ystad kommun;2120001181;Matematik 1A;79;.;82,3;17,7;50;.;78,0;22,0;29;.;89,7;10,3;
Ystad Gymnasium, område 1;25847233;Ystad;1286;Kommunal;Ystad kommun;2120001181;Svenska 1;81;2,5;53,1;44,4;53;1,9;52,8;45,3;28;3,6;53,6;42,9;
Ystad Gymnasium, område 1;25847233;Ystad;1286;Kommunal;Ystad kommun;2120001181;Svenska som andraspråk 1;4;..;..;..;4;..;..;..;.;.;.;.;
Ystad Gymnasium, område 2;62612992;Ystad;1286;Kommunal;Ystad kommun;2120001181;Engelska 5;18;11,1;88,9;.;10;..;..;..;8;..;..;..;
Ystad Gymnasium, område 2;62612992;Ystad;1286;Kommunal;Ystad kommun;2120001181;Engelska 6;75;4,0;69,3;26,7;35;.;71,4;28,6;40;7,5;67,5;25,0;
Ystad Gymnasium, område 2;62612992;Ystad;1286;Kommunal;Ystad kommun;2120001181;Matematik 3C;43;.;93,0;7,0;19;.;89,5;10,5;24;.;95,8;4,2;
Ystad Gymnasium, område 2;62612992;Ystad;1286;Kommunal;Ystad kommun;2120001181;Matematik 4;36;.;77,8;22,2;17;.;82,4;17,6;19;.;73,7;26,3;
Ystad Gymnasium, område 2;62612992;Ystad;1286;Kommunal;Ystad kommun;2120001181;Svenska 3;80;11,3;51,3;37,5;27;11,1;59,3;29,6;53;11,3;47,2;41,5;
Ystad Gymnasium, område 2;62612992;Ystad;1286;Kommunal;Ystad kommun;2120001181;Svenska som andraspråk 3;4;..;..;..;3;..;..;..;1;..;..;..;
Ystad Gymnasium, område 3;85485803;Ystad;1286;Kommunal;Ystad kommun;2120001181;Engelska 6;145;4,1;69,0;26,9;84;3,6;69,0;27,4;61;4,9;68,9;26,2;
Ystad Gymnasium, område 3;85485803;Ystad;1286;Kommunal;Ystad kommun;2120001181;Matematik 1B;25;.;88,0;12,0;14;.;78,6;21,4;11;.;100,0;.;
Ystad Gymnasium, område 3;85485803;Ystad;1286;Kommunal;Ystad kommun;2120001181;Matematik 2B;84;.;91,7;8,3;55;.;90,9;9,1;29;.;93,1;6,9;
Ystad Gymnasium, område 3;85485803;Ystad;1286;Kommunal;Ystad kommun;2120001181;Matematik 3B;40;.;85,0;15,0;17;.;76,5;23,5;23;.;91,3;8,7;
Ystad Gymnasium, område 3;85485803;Ystad;1286;Kommunal;Ystad kommun;2120001181;Svenska 3;96;10,4;68,8;20,8;64;14,1;67,2;18,8;32;3,1;71,9;25,0;
Ystad Gymnasium, område 3;85485803;Ystad;1286;Kommunal;Ystad kommun;2120001181;Svenska som andraspråk 3;1;..;..;..;1;..;..;..;.;.;.;.;
Ystad Gymnasium, område 5;92816527;Ystad;1286;Kommunal;Ystad kommun;2120001181;Engelska 5;35;11,4;74,3;14,3;2;..;..;..;33;..;..;..;
Ystad Gymnasium, område 5;92816527;Ystad;1286;Kommunal;Ystad kommun;2120001181;Matematik 1A;102;1,0;82,4;16,7;20;.;75,0;25,0;82;1,2;84,1;14,6;
Ystad Gymnasium, område 5;92816527;Ystad;1286;Kommunal;Ystad kommun;2120001181;Svenska som andraspråk 1;4;..;..;..;1;..;..;..;3;..;..;..;
Karlbergsgymnasiet 1;16848652;Åmål;1492;Kommunal;Åmåls kommun;2120001587;Engelska 5;30;23,3;73,3;3,3;13;46,2;46,2;7,7;17;5,9;94,1;.;
Karlbergsgymnasiet 1;16848652;Åmål;1492;Kommunal;Åmåls kommun;2120001587;Matematik 1A;44;.;86,4;13,6;19;.;78,9;21,1;25;.;92,0;8,0;
Karlbergsgymnasiet 1;16848652;Åmål;1492;Kommunal;Åmåls kommun;2120001587;Svenska 1;32;3,1;50,0;46,9;13;.;15,4;84,6;19;5,3;73,7;21,1;
Karlbergsgymnasiet 1;16848652;Åmål;1492;Kommunal;Åmåls kommun;2120001587;Svenska som andraspråk 1;5;..;..;..;2;..;..;..;3;..;..;..;
Karlbergsgymnasiet 2;88429477;Åmål;1492;Kommunal;Åmåls kommun;2120001587;Engelska 5;14;.;78,6;21,4;.;.;.;.;14;..;..;..;
Karlbergsgymnasiet 2;88429477;Åmål;1492;Kommunal;Åmåls kommun;2120001587;Engelska 6;93;1,1;57,0;41,9;45;.;42,2;57,8;48;2,1;70,8;27,1;
Karlbergsgymnasiet 2;88429477;Åmål;1492;Kommunal;Åmåls kommun;2120001587;Matematik 1A;13;.;76,9;23,1;.;.;.;.;13;..;..;..;
Karlbergsgymnasiet 2;88429477;Åmål;1492;Kommunal;Åmåls kommun;2120001587;Matematik 1B;9;..;..;..;8;..;..;..;1;..;..;..;
Karlbergsgymnasiet 2;88429477;Åmål;1492;Kommunal;Åmåls kommun;2120001587;Matematik 2B;39;.;76,9;23,1;26;.;69,2;30,8;13;.;92,3;7,7;
Karlbergsgymnasiet 2;88429477;Åmål;1492;Kommunal;Åmåls kommun;2120001587;Matematik 4;29;.;86,2;13,8;15;.;80,0;20,0;14;.;92,9;7,1;
Karlbergsgymnasiet 2;88429477;Åmål;1492;Kommunal;Åmåls kommun;2120001587;Svenska 1;9;..;..;..;.;.;.;.;9;..;..;..;
Karlbergsgymnasiet 2;88429477;Åmål;1492;Kommunal;Åmåls kommun;2120001587;Svenska 3;90;2,2;68,9;28,9;51;2,0;66,7;31,4;39;2,6;71,8;25,6;
Karlbergsgymnasiet 2;88429477;Åmål;1492;Kommunal;Åmåls kommun;2120001587;Svenska som andraspråk 3;19;5,3;57,9;36,8;3;..;..;..;16;..;..;..;
Karlbergsgymnasiet 3;94975733;Åmål;1492;Kommunal;Åmåls kommun;2120001587;Engelska 6;52;.;51,9;48,1;25;.;44,0;56,0;27;.;59,3;40,7;
Karlbergsgymnasiet 3;94975733;Åmål;1492;Kommunal;Åmåls kommun;2120001587;Matematik 2B;9;..;..;..;7;..;..;..;2;..;..;..;
Karlbergsgymnasiet 3;94975733;Åmål;1492;Kommunal;Åmåls kommun;2120001587;Matematik 3B;27;.;51,9;48,1;11;.;27,3;72,7;16;.;68,8;31,3;
Karlbergsgymnasiet 3;94975733;Åmål;1492;Kommunal;Åmåls kommun;2120001587;Svenska 3;56;3,6;60,7;35,7;33;6,1;57,6;36,4;23;.;65,2;34,8;
Karlbergsgymnasiet 3;94975733;Åmål;1492;Kommunal;Åmåls kommun;2120001587;Svenska som andraspråk 3;1;..;..;..;.;.;.;.;1;..;..;..;
Bobergsgymnasiet;56802300;Ånge;2260;Kommunal;Ånge kommun;2120002387;Engelska 5;19;21,1;78,9;.;4;..;..;..;15;..;..;..;
Bobergsgymnasiet;56802300;Ånge;2260;Kommunal;Ånge kommun;2120002387;Engelska 6;31;16,1;83,9;.;13;.;100,0;.;18;27,8;72,2;.;
Bobergsgymnasiet;56802300;Ånge;2260;Kommunal;Ånge kommun;2120002387;Matematik 1A;25;4,0;64,0;32,0;5;..;..;..;20;..;..;..;
Bobergsgymnasiet;56802300;Ånge;2260;Kommunal;Ånge kommun;2120002387;Matematik 2B;10;10,0;80,0;10,0;3;..;..;..;7;..;..;..;
Bobergsgymnasiet;56802300;Ånge;2260;Kommunal;Ånge kommun;2120002387;Matematik 3B;6;..;..;..;2;..;..;..;4;..;..;..;
Bobergsgymnasiet;56802300;Ånge;2260;Kommunal;Ånge kommun;2120002387;Matematik 4;8;..;..;..;5;..;..;..;3;..;..;..;
Bobergsgymnasiet;56802300;Ånge;2260;Kommunal;Ånge kommun;2120002387;Svenska 1;17;5,9;94,1;.;1;..;..;..;16;..;..;..;
Bobergsgymnasiet;56802300;Ånge;2260;Kommunal;Ånge kommun;2120002387;Svenska 3;4;..;..;..;2;..;..;..;2;..;..;..;
Bobergsgymnasiet;56802300;Ånge;2260;Kommunal;Ånge kommun;2120002387;Svenska som andraspråk 1;1;..;..;..;.;.;.;.;1;..;..;..;
Bobergsgymnasiet;56802300;Ånge;2260;Kommunal;Ånge kommun;2120002387;Svenska som andraspråk 3;1;..;..;..;.;.;.;.;1;..;..;..;
Jämtlands Gymn, Åre 1;15149235;Åre;2321;Kommunal;Jämtlands Gymnasieförbund;2220001636;Matematik 3B;12;.;58,3;41,7;5;..;..;..;7;..;..;..;
Jämtlands Gymn, Åre 1;15149235;Åre;2321;Kommunal;Jämtlands Gymnasieförbund;2220001636;Svenska 3;16;.;93,8;6,3;14;..;..;..;2;..;..;..;
Jämtlands Gymn, Åre 1;15149235;Åre;2321;Kommunal;Jämtlands Gymnasieförbund;2220001636;Svenska som andraspråk 3;6;..;..;..;4;..;..;..;2;..;..;..;
Årjängs gymnasieskola;77379848;Årjäng;1765;Kommunal;Årjängs kommun;2120001835;Engelska 5;2;..;..;..;1;..;..;..;1;..;..;..;
Årjängs gymnasieskola;77379848;Årjäng;1765;Kommunal;Årjängs kommun;2120001835;Engelska 6;6;..;..;..;3;..;..;..;3;..;..;..;
Årjängs gymnasieskola;77379848;Årjäng;1765;Kommunal;Årjängs kommun;2120001835;Svenska 3;1;..;..;..;1;..;..;..;.;.;.;.;
Årjängs gymnasieskola;77379848;Årjäng;1765;Kommunal;Årjängs kommun;2120001835;Svenska som andraspråk 1;2;..;..;..;1;..;..;..;1;..;..;..;
Årjängs gymnasieskola;77379848;Årjäng;1765;Kommunal;Årjängs kommun;2120001835;Svenska som andraspråk 3;1;..;..;..;.;.;.;.;1;..;..;..;
Bildningscentrum Facetten;24538846;Åtvidaberg;0561;Kommunal;Åtvidabergs kommun;2120000415;Engelska 5;32;12,5;81,3;6,3;6;..;..;..;26;..;..;..;
Bildningscentrum Facetten;24538846;Åtvidaberg;0561;Kommunal;Åtvidabergs kommun;2120000415;Engelska 6;32;9,4;68,8;21,9;15;6,7;66,7;26,7;17;11,8;70,6;17,6;
Bildningscentrum Facetten;24538846;Åtvidaberg;0561;Kommunal;Åtvidabergs kommun;2120000415;Matematik 1A;33;.;72,7;27,3;7;..;..;..;26;..;..;..;
Bildningscentrum Facetten;24538846;Åtvidaberg;0561;Kommunal;Åtvidabergs kommun;2120000415;Matematik 3B;15;.;93,3;6,7;7;..;..;..;8;..;..;..;
Bildningscentrum Facetten;24538846;Åtvidaberg;0561;Kommunal;Åtvidabergs kommun;2120000415;Svenska 1;31;3,2;64,5;32,3;6;..;..;..;25;..;..;..;
Bildningscentrum Facetten;24538846;Åtvidaberg;0561;Kommunal;Åtvidabergs kommun;2120000415;Svenska 3;19;.;52,6;47,4;7;..;..;..;12;..;..;..;
Bildningscentrum Facetten;24538846;Åtvidaberg;0561;Kommunal;Åtvidabergs kommun;2120000415;Svenska som andraspråk 3;3;..;..;..;1;..;..;..;2;..;..;..;
Haganässkolan 1;67422309;Älmhult;0765;Kommunal;Älmhults kommun;2120000647;Engelska 5;30;3,3;83,3;13,3;14;7,1;78,6;14,3;16;.;87,5;12,5;
Haganässkolan 1;67422309;Älmhult;0765;Kommunal;Älmhults kommun;2120000647;Engelska 6;9;..;..;..;2;..;..;..;7;..;..;..;
Haganässkolan 1;67422309;Älmhult;0765;Kommunal;Älmhults kommun;2120000647;Matematik 1A;29;.;93,1;6,9;15;.;86,7;13,3;14;.;100,0;.;
Haganässkolan 1;67422309;Älmhult;0765;Kommunal;Älmhults kommun;2120000647;Matematik 2B;8;..;..;..;2;..;..;..;6;..;..;..;
Haganässkolan 1;67422309;Älmhult;0765;Kommunal;Älmhults kommun;2120000647;Svenska 1;24;8,3;45,8;45,8;8;..;..;..;16;..;..;..;
Haganässkolan 1;67422309;Älmhult;0765;Kommunal;Älmhults kommun;2120000647;Svenska 3;18;11,1;50,0;38,9;10;..;..;..;8;..;..;..;
Haganässkolan 1;67422309;Älmhult;0765;Kommunal;Älmhults kommun;2120000647;Svenska som andraspråk 1;4;..;..;..;3;..;..;..;1;..;..;..;
Haganässkolan 1;67422309;Älmhult;0765;Kommunal;Älmhults kommun;2120000647;Svenska som andraspråk 3;7;..;..;..;4;..;..;..;3;..;..;..;
Haganässkolan2;67058407;Älmhult;0765;Kommunal;Älmhults kommun;2120000647;Engelska 5;4;..;..;..;4;..;..;..;.;.;.;.;
Haganässkolan2;67058407;Älmhult;0765;Kommunal;Älmhults kommun;2120000647;Engelska 6;52;11,5;78,8;9,6;19;.;78,9;21,1;33;18,2;78,8;3,0;
Haganässkolan2;67058407;Älmhult;0765;Kommunal;Älmhults kommun;2120000647;Matematik 1A;6;..;..;..;3;..;..;..;3;..;..;..;
Haganässkolan2;67058407;Älmhult;0765;Kommunal;Älmhults kommun;2120000647;Matematik 2B;16;.;75,0;25,0;8;..;..;..;8;..;..;..;
Haganässkolan2;67058407;Älmhult;0765;Kommunal;Älmhults kommun;2120000647;Matematik 3B;2;..;..;..;1;..;..;..;1;..;..;..;
Haganässkolan2;67058407;Älmhult;0765;Kommunal;Älmhults kommun;2120000647;Matematik 3C;24;.;83,3;16,7;6;..;..;..;18;..;..;..;
Haganässkolan2;67058407;Älmhult;0765;Kommunal;Älmhults kommun;2120000647;Svenska 1;2;..;..;..;2;..;..;..;.;.;.;.;
Haganässkolan2;67058407;Älmhult;0765;Kommunal;Älmhults kommun;2120000647;Svenska 3;27;.;74,1;25,9;12;.;66,7;33,3;15;.;80,0;20,0;
Haganässkolan2;67058407;Älmhult;0765;Kommunal;Älmhults kommun;2120000647;Svenska som andraspråk 1;1;..;..;..;.;.;.;.;1;..;..;..;
Haganässkolan2;67058407;Älmhult;0765;Kommunal;Älmhults kommun;2120000647;Svenska som andraspråk 3;11;.;72,7;27,3;6;..;..;..;5;..;..;..;
Älvdalens Utbildningscentrum;34421265;Älvdalen;2039;Enskild;Älvdalens Utbildningscentrum AB;5567759120;Engelska 5;98;2,0;94,9;3,1;29;3,4;96,6;.;69;1,4;94,2;4,3;
Älvdalens Utbildningscentrum;34421265;Älvdalen;2039;Enskild;Älvdalens Utbildningscentrum AB;5567759120;Matematik 1A;90;2,2;45,6;52,2;25;.;44,0;56,0;65;3,1;46,2;50,8;
Älvdalens Utbildningscentrum;34421265;Älvdalen;2039;Enskild;Älvdalens Utbildningscentrum AB;5567759120;Svenska 1;96;16,7;60,4;22,9;29;10,3;58,6;31,0;67;19,4;61,2;19,4;
Älvsbyns gymnasium;15791044;Älvsbyn;2560;Kommunal;Älvsbyns kommun;2120002734;Engelska 5;15;33,3;60,0;6,7;2;..;..;..;13;..;..;..;
Älvsbyns gymnasium;15791044;Älvsbyn;2560;Kommunal;Älvsbyns kommun;2120002734;Engelska 6;25;24,0;68,0;8,0;14;14,3;71,4;14,3;11;36,4;63,6;.;
Älvsbyns gymnasium;15791044;Älvsbyn;2560;Kommunal;Älvsbyns kommun;2120002734;Matematik 1A;15;.;100,0;.;1;..;..;..;14;..;..;..;
Älvsbyns gymnasium;15791044;Älvsbyn;2560;Kommunal;Älvsbyns kommun;2120002734;Matematik 2B;10;10,0;90,0;.;7;..;..;..;3;..;..;..;
Älvsbyns gymnasium;15791044;Älvsbyn;2560;Kommunal;Älvsbyns kommun;2120002734;Svenska 1;13;.;30,8;69,2;1;..;..;..;12;..;..;..;
Älvsbyns gymnasium;15791044;Älvsbyn;2560;Kommunal;Älvsbyns kommun;2120002734;Svenska 3;25;20,0;24,0;56,0;15;20,0;33,3;46,7;10;20,0;10,0;70,0;
Älvsbyns gymnasium;15791044;Älvsbyn;2560;Kommunal;Älvsbyns kommun;2120002734;Svenska som andraspråk 3;1;..;..;..;.;.;.;.;1;..;..;..;
Ängelholms gymnasieskola Ro 2;65392939;Ängelholm;1292;Kommunal;Ängelholms kommun;2120000977;Engelska 6;174;1,7;80,5;17,8;88;1,1;76,1;22,7;86;2,3;84,9;12,8;
Ängelholms gymnasieskola Ro 2;65392939;Ängelholm;1292;Kommunal;Ängelholms kommun;2120000977;Matematik 2B;89;1,1;89,9;9,0;55;1,8;90,9;7,3;34;.;88,2;11,8;
Ängelholms gymnasieskola Ro 2;65392939;Ängelholm;1292;Kommunal;Ängelholms kommun;2120000977;Matematik 3B;24;4,2;87,5;8,3;9;..;..;..;15;..;..;..;
Ängelholms gymnasieskola Ro 2;65392939;Ängelholm;1292;Kommunal;Ängelholms kommun;2120000977;Svenska 3;120;1,7;53,3;45,0;71;1,4;52,1;46,5;49;2,0;55,1;42,9;
Ängelholms gymnasieskola Ro 2;65392939;Ängelholm;1292;Kommunal;Ängelholms kommun;2120000977;Svenska som andraspråk 3;9;..;..;..;7;..;..;..;2;..;..;..;
Ängelholms gymnasieskola Ro 3;98696836;Ängelholm;1292;Kommunal;Ängelholms kommun;2120000977;Engelska 5;42;.;78,6;21,4;21;.;85,7;14,3;21;.;71,4;28,6;
Ängelholms gymnasieskola Ro 3;98696836;Ängelholm;1292;Kommunal;Ängelholms kommun;2120000977;Engelska 6;8;..;..;..;6;..;..;..;2;..;..;..;
Ängelholms gymnasieskola Ro 3;98696836;Ängelholm;1292;Kommunal;Ängelholms kommun;2120000977;Matematik 1A;50;.;84,0;16,0;26;.;88,5;11,5;24;.;79,2;20,8;
Ängelholms gymnasieskola Ro 3;98696836;Ängelholm;1292;Kommunal;Ängelholms kommun;2120000977;Matematik 1B;10;.;100,0;.;7;..;..;..;3;..;..;..;
Ängelholms gymnasieskola Ro 3;98696836;Ängelholm;1292;Kommunal;Ängelholms kommun;2120000977;Svenska 1;40;5,0;65,0;30,0;22;4,5;54,5;40,9;18;5,6;77,8;16,7;
Ängelholms gymnasieskola Ro 3;98696836;Ängelholm;1292;Kommunal;Ängelholms kommun;2120000977;Svenska 3;8;..;..;..;5;..;..;..;3;..;..;..;
Ängelholms gymnasieskola Ro 3;98696836;Ängelholm;1292;Kommunal;Ängelholms kommun;2120000977;Svenska som andraspråk 1;3;..;..;..;.;.;.;.;3;..;..;..;
Ängelholms gymnasieskola Ro 3;98696836;Ängelholm;1292;Kommunal;Ängelholms kommun;2120000977;Svenska som andraspråk 3;1;..;..;..;1;..;..;..;.;.;.;.;
Ängelholms gymnasieskola Ro 4;82160887;Ängelholm;1292;Kommunal;Ängelholms kommun;2120000977;Engelska 5;56;14,3;75,0;10,7;8;..;..;..;48;..;..;..;
Ängelholms gymnasieskola Ro 4;82160887;Ängelholm;1292;Kommunal;Ängelholms kommun;2120000977;Matematik 1A;70;.;94,3;5,7;7;..;..;..;63;..;..;..;
Ängelholms gymnasieskola Ro 4;82160887;Ängelholm;1292;Kommunal;Ängelholms kommun;2120000977;Svenska 1;60;1,7;86,7;11,7;12;8,3;75,0;16,7;48;.;89,6;10,4;
Ängelholms gymnasieskola Ro 4;82160887;Ängelholm;1292;Kommunal;Ängelholms kommun;2120000977;Svenska som andraspråk 1;3;..;..;..;.;.;.;.;3;..;..;..;
Ängelholms gymnasieskola Ro 6;27527812;Ängelholm;1292;Kommunal;Ängelholms kommun;2120000977;Engelska 5;15;6,7;66,7;26,7;14;..;..;..;1;..;..;..;
Ängelholms gymnasieskola Ro 6;27527812;Ängelholm;1292;Kommunal;Ängelholms kommun;2120000977;Engelska 6;70;11,4;77,1;11,4;22;9,1;77,3;13,6;48;12,5;77,1;10,4;
Ängelholms gymnasieskola Ro 6;27527812;Ängelholm;1292;Kommunal;Ängelholms kommun;2120000977;Matematik 1A;17;.;94,1;5,9;16;..;..;..;1;..;..;..;
Ängelholms gymnasieskola Ro 6;27527812;Ängelholm;1292;Kommunal;Ängelholms kommun;2120000977;Matematik 3C;60;1,7;90,0;8,3;13;.;92,3;7,7;47;2,1;89,4;8,5;
Ängelholms gymnasieskola Ro 6;27527812;Ängelholm;1292;Kommunal;Ängelholms kommun;2120000977;Svenska 1;14;7,1;42,9;50,0;13;..;..;..;1;..;..;..;
Ängelholms gymnasieskola Ro 6;27527812;Ängelholm;1292;Kommunal;Ängelholms kommun;2120000977;Svenska 3;86;5,8;65,1;29,1;35;2,9;62,9;34,3;51;7,8;66,7;25,5;
Ängelholms gymnasieskola Ro 6;27527812;Ängelholm;1292;Kommunal;Ängelholms kommun;2120000977;Svenska som andraspråk 1;1;..;..;..;1;..;..;..;.;.;.;.;
Ängelholms gymnasieskola Ro 6;27527812;Ängelholm;1292;Kommunal;Ängelholms kommun;2120000977;Svenska som andraspråk 3;6;..;..;..;3;..;..;..;3;..;..;..;
Öckerö Seglande gymnasieskola;77358716;Öckerö;1407;Kommunal;Öckerö kommun;2120001280;Engelska 6;73;.;91,8;8,2;47;.;87,2;12,8;26;.;100,0;.;
Öckerö Seglande gymnasieskola;77358716;Öckerö;1407;Kommunal;Öckerö kommun;2120001280;Matematik 2B;39;.;71,8;28,2;30;..;..;..;9;..;..;..;
Öckerö Seglande gymnasieskola;77358716;Öckerö;1407;Kommunal;Öckerö kommun;2120001280;Matematik 4;29;.;79,3;20,7;18;.;77,8;22,2;11;.;81,8;18,2;
Öckerö Seglande gymnasieskola;77358716;Öckerö;1407;Kommunal;Öckerö kommun;2120001280;Svenska 3;72;8,3;75,0;16,7;56;5,4;73,2;21,4;16;18,8;81,3;.;
Drottning Blankas Gymnasieskola Örebro;64648566;Örebro;1880;Enskild;DBGY Juvelen AB;5565789129;Engelska 5;34;5,9;85,3;8,8;19;10,5;84,2;5,3;15;.;86,7;13,3;
Drottning Blankas Gymnasieskola Örebro;64648566;Örebro;1880;Enskild;DBGY Juvelen AB;5565789129;Engelska 6;28;3,6;96,4;.;22;..;..;..;6;..;..;..;
Drottning Blankas Gymnasieskola Örebro;64648566;Örebro;1880;Enskild;DBGY Juvelen AB;5565789129;Matematik 1A;34;.;100,0;.;20;.;100,0;.;14;.;100,0;.;
Drottning Blankas Gymnasieskola Örebro;64648566;Örebro;1880;Enskild;DBGY Juvelen AB;5565789129;Matematik 2B;25;.;96,0;4,0;19;..;..;..;6;..;..;..;
Drottning Blankas Gymnasieskola Örebro;64648566;Örebro;1880;Enskild;DBGY Juvelen AB;5565789129;Svenska 1;22;.;90,9;9,1;14;..;..;..;8;..;..;..;
Drottning Blankas Gymnasieskola Örebro;64648566;Örebro;1880;Enskild;DBGY Juvelen AB;5565789129;Svenska 3;14;7,1;71,4;21,4;8;..;..;..;6;..;..;..;
Drottning Blankas Gymnasieskola Örebro;64648566;Örebro;1880;Enskild;DBGY Juvelen AB;5565789129;Svenska som andraspråk 1;9;..;..;..;4;..;..;..;5;..;..;..;
Drottning Blankas Gymnasieskola Örebro;64648566;Örebro;1880;Enskild;DBGY Juvelen AB;5565789129;Svenska som andraspråk 3;8;..;..;..;6;..;..;..;2;..;..;..;
Grillska Gymnasiet Örebro;49739986;Örebro;1880;Enskild;Stadsmissionens Skolstiftelse;8020170794;Engelska 6;85;4,7;88,2;7,1;35;2,9;91,4;5,7;50;6,0;86,0;8,0;
Grillska Gymnasiet Örebro;49739986;Örebro;1880;Enskild;Stadsmissionens Skolstiftelse;8020170794;Matematik 1A;21;.;95,2;4,8;1;..;..;..;20;..;..;..;
Grillska Gymnasiet Örebro;49739986;Örebro;1880;Enskild;Stadsmissionens Skolstiftelse;8020170794;Matematik 2B;58;3,4;86,2;10,3;28;3,6;82,1;14,3;30;3,3;90,0;6,7;
Grillska Gymnasiet Örebro;49739986;Örebro;1880;Enskild;Stadsmissionens Skolstiftelse;8020170794;Matematik 3B;26;.;69,2;30,8;5;..;..;..;21;..;..;..;
Grillska Gymnasiet Örebro;49739986;Örebro;1880;Enskild;Stadsmissionens Skolstiftelse;8020170794;Svenska 3;62;11,3;75,8;12,9;22;13,6;77,3;9,1;40;10,0;75,0;15,0;
Grillska Gymnasiet Örebro;49739986;Örebro;1880;Enskild;Stadsmissionens Skolstiftelse;8020170794;Svenska som andraspråk 1;2;..;..;..;.;.;.;.;2;..;..;..;
Grillska Gymnasiet Örebro;49739986;Örebro;1880;Enskild;Stadsmissionens Skolstiftelse;8020170794;Svenska som andraspråk 3;19;5,3;94,7;.;4;..;..;..;15;..;..;..;
JENSEN Gymnasium Örebro;92192566;Örebro;1880;Enskild;Jensen Education College AB;5566358759;Engelska 6;68;1,5;42,6;55,9;37;.;24,3;75,7;31;3,2;64,5;32,3;
JENSEN Gymnasium Örebro;92192566;Örebro;1880;Enskild;Jensen Education College AB;5566358759;Matematik 2B;37;.;59,5;40,5;21;.;61,9;38,1;16;.;56,3;43,8;
JENSEN Gymnasium Örebro;92192566;Örebro;1880;Enskild;Jensen Education College AB;5566358759;Matematik 3B;12;.;50,0;50,0;3;..;..;..;9;..;..;..;
JENSEN Gymnasium Örebro;92192566;Örebro;1880;Enskild;Jensen Education College AB;5566358759;Svenska 3;34;5,9;44,1;50,0;20;.;45,0;55,0;14;14,3;42,9;42,9;
JENSEN Gymnasium Örebro;92192566;Örebro;1880;Enskild;Jensen Education College AB;5566358759;Svenska som andraspråk 3;23;.;78,3;21,7;12;.;75,0;25,0;11;.;81,8;18,2;
Karolinska gymnasiet;56886667;Örebro;1880;Kommunal;Örebro kommun;2120001967;Engelska 5;17;.;64,7;35,3;9;..;..;..;8;..;..;..;
Karolinska gymnasiet;56886667;Örebro;1880;Kommunal;Örebro kommun;2120001967;Engelska 6;207;3,9;85,0;11,1;137;5,1;83,9;10,9;70;1,4;87,1;11,4;
Karolinska gymnasiet;56886667;Örebro;1880;Kommunal;Örebro kommun;2120001967;Matematik 1A;18;.;66,7;33,3;8;..;..;..;10;..;..;..;
Karolinska gymnasiet;56886667;Örebro;1880;Kommunal;Örebro kommun;2120001967;Matematik 1B;54;.;100,0;.;38;.;100,0;.;16;.;100,0;.;
Karolinska gymnasiet;56886667;Örebro;1880;Kommunal;Örebro kommun;2120001967;Matematik 2B;79;.;91,1;8,9;45;.;93,3;6,7;34;.;88,2;11,8;
Karolinska gymnasiet;56886667;Örebro;1880;Kommunal;Örebro kommun;2120001967;Matematik 4;49;.;93,9;6,1;30;.;90,0;10,0;19;.;100,0;.;
Karolinska gymnasiet;56886667;Örebro;1880;Kommunal;Örebro kommun;2120001967;Svenska 1;18;.;88,9;11,1;8;..;..;..;10;..;..;..;
Karolinska gymnasiet;56886667;Örebro;1880;Kommunal;Örebro kommun;2120001967;Svenska 3;161;5,6;62,7;31,7;116;5,2;59,5;35,3;45;6,7;71,1;22,2;
Karolinska gymnasiet;56886667;Örebro;1880;Kommunal;Örebro kommun;2120001967;Svenska som andraspråk 3;34;5,9;70,6;23,5;22;9,1;77,3;13,6;12;.;58,3;41,7;
LBS Kreativa Gymnasiet Örebro;94207720;Örebro;1880;Enskild;Ljud & Bildskolan LBS AB;5564851649;Engelska 6;58;17,2;67,2;15,5;18;11,1;72,2;16,7;40;20,0;65,0;15,0;
LBS Kreativa Gymnasiet Örebro;94207720;Örebro;1880;Enskild;Ljud & Bildskolan LBS AB;5564851649;Matematik 1B;39;.;92,3;7,7;28;.;89,3;10,7;11;.;100,0;.;
LBS Kreativa Gymnasiet Örebro;94207720;Örebro;1880;Enskild;Ljud & Bildskolan LBS AB;5564851649;Matematik 3C;26;.;92,3;7,7;5;..;..;..;21;..;..;..;
LBS Kreativa Gymnasiet Örebro;94207720;Örebro;1880;Enskild;Ljud & Bildskolan LBS AB;5564851649;Svenska 3;46;4,3;60,9;34,8;23;4,3;60,9;34,8;23;4,3;60,9;34,8;
LBS Kreativa Gymnasiet Örebro;94207720;Örebro;1880;Enskild;Ljud & Bildskolan LBS AB;5564851649;Svenska som andraspråk 3;5;..;..;..;.;.;.;.;5;..;..;..;
NTI Gymnasiet Örebro;29225010;Örebro;1880;Enskild;NTI Gymnasiet Ellips AB;5565970471;Engelska 5;14;.;92,9;7,1;1;..;..;..;13;..;..;..;
NTI Gymnasiet Örebro;29225010;Örebro;1880;Enskild;NTI Gymnasiet Ellips AB;5565970471;Engelska 6;28;.;92,9;7,1;4;..;..;..;24;..;..;..;
NTI Gymnasiet Örebro;29225010;Örebro;1880;Enskild;NTI Gymnasiet Ellips AB;5565970471;Matematik 1A;20;.;95,0;5,0;1;..;..;..;19;..;..;..;
NTI Gymnasiet Örebro;29225010;Örebro;1880;Enskild;NTI Gymnasiet Ellips AB;5565970471;Matematik 1B;4;..;..;..;3;..;..;..;1;..;..;..;
NTI Gymnasiet Örebro;29225010;Örebro;1880;Enskild;NTI Gymnasiet Ellips AB;5565970471;Matematik 3C;20;.;40,0;60,0;1;..;..;..;19;..;..;..;
NTI Gymnasiet Örebro;29225010;Örebro;1880;Enskild;NTI Gymnasiet Ellips AB;5565970471;Svenska 1;12;.;50,0;50,0;1;..;..;..;11;..;..;..;
NTI Gymnasiet Örebro;29225010;Örebro;1880;Enskild;NTI Gymnasiet Ellips AB;5565970471;Svenska 3;21;14,3;57,1;28,6;1;..;..;..;20;..;..;..;
NTI Gymnasiet Örebro;29225010;Örebro;1880;Enskild;NTI Gymnasiet Ellips AB;5565970471;Svenska som andraspråk 1;1;..;..;..;.;.;.;.;1;..;..;..;
NTI Gymnasiet Örebro;29225010;Örebro;1880;Enskild;NTI Gymnasiet Ellips AB;5565970471;Svenska som andraspråk 3;2;..;..;..;.;.;.;.;2;..;..;..;
Praktiska Gymnasiet Örebro;18691102;Örebro;1880;Enskild;Praktiska Sverige AB;5562575786;Engelska 5;27;3,7;70,4;25,9;3;..;..;..;24;..;..;..;
Praktiska Gymnasiet Örebro;18691102;Örebro;1880;Enskild;Praktiska Sverige AB;5562575786;Matematik 1A;34;.;55,9;44,1;3;..;..;..;31;..;..;..;
Praktiska Gymnasiet Örebro;18691102;Örebro;1880;Enskild;Praktiska Sverige AB;5562575786;Svenska 1;26;11,5;30,8;57,7;3;..;..;..;23;..;..;..;
Praktiska Gymnasiet Örebro;18691102;Örebro;1880;Enskild;Praktiska Sverige AB;5562575786;Svenska som andraspråk 1;8;..;..;..;.;.;.;.;8;..;..;..;
Proffsgymnasiet;70302356;Örebro;1880;Enskild;Proffsgymnasiet Örebro AB;5564869161;Engelska 5;8;..;..;..;1;..;..;..;7;..;..;..;
Proffsgymnasiet;70302356;Örebro;1880;Enskild;Proffsgymnasiet Örebro AB;5564869161;Matematik 1A;11;.;72,7;27,3;3;..;..;..;8;..;..;..;
Proffsgymnasiet;70302356;Örebro;1880;Enskild;Proffsgymnasiet Örebro AB;5564869161;Svenska 1;8;..;..;..;2;..;..;..;6;..;..;..;
Proffsgymnasiet;70302356;Örebro;1880;Enskild;Proffsgymnasiet Örebro AB;5564869161;Svenska som andraspråk 1;1;..;..;..;.;.;.;.;1;..;..;..;
Rudbecksgymnasiet;65421426;Örebro;1880;Kommunal;Örebro kommun;2120001967;Engelska 5;56;1,8;73,2;25,0;37;2,7;75,7;21,6;19;.;68,4;31,6;
Rudbecksgymnasiet;65421426;Örebro;1880;Kommunal;Örebro kommun;2120001967;Engelska 6;264;1,1;77,7;21,2;185;1,1;75,1;23,8;79;1,3;83,5;15,2;
Rudbecksgymnasiet;65421426;Örebro;1880;Kommunal;Örebro kommun;2120001967;Matematik 1A;61;.;73,8;26,2;39;.;69,2;30,8;22;.;81,8;18,2;
Rudbecksgymnasiet;65421426;Örebro;1880;Kommunal;Örebro kommun;2120001967;Matematik 2B;123;.;78,9;21,1;91;.;79,1;20,9;32;.;78,1;21,9;
Rudbecksgymnasiet;65421426;Örebro;1880;Kommunal;Örebro kommun;2120001967;Matematik 3B;38;.;84,2;15,8;15;.;86,7;13,3;23;.;82,6;17,4;
Rudbecksgymnasiet;65421426;Örebro;1880;Kommunal;Örebro kommun;2120001967;Matematik 3C;11;.;72,7;27,3;7;..;..;..;4;..;..;..;
Rudbecksgymnasiet;65421426;Örebro;1880;Kommunal;Örebro kommun;2120001967;Matematik 4;31;6,5;67,7;25,8;14;7,1;71,4;21,4;17;5,9;64,7;29,4;
Rudbecksgymnasiet;65421426;Örebro;1880;Kommunal;Örebro kommun;2120001967;Svenska 1;31;.;71,0;29,0;21;.;76,2;23,8;10;.;60,0;40,0;
Rudbecksgymnasiet;65421426;Örebro;1880;Kommunal;Örebro kommun;2120001967;Svenska 3;236;5,5;66,1;28,4;129;3,9;62,0;34,1;107;7,5;71,0;21,5;
Rudbecksgymnasiet;65421426;Örebro;1880;Kommunal;Örebro kommun;2120001967;Svenska som andraspråk 1;19;.;63,2;36,8;10;..;..;..;9;..;..;..;
Rudbecksgymnasiet;65421426;Örebro;1880;Kommunal;Örebro kommun;2120001967;Svenska som andraspråk 3;18;5,6;66,7;27,8;12;..;..;..;6;..;..;..;
Rudbecksgymnasiet RGD-RGH;62394916;Örebro;1880;Kommunal;Örebro kommun;2120001967;Svenska 1;1;..;..;..;1;..;..;..;.;.;.;.;
Rudbecksgymnasiet RGD-RGH;62394916;Örebro;1880;Kommunal;Örebro kommun;2120001967;Svenska 3;10;10,0;80,0;10,0;5;..;..;..;5;..;..;..;
Rytmus Örebro;67908927;Örebro;1880;Enskild;Rytmus AB;5564648979;Engelska 6;27;25,9;66,7;7,4;12;16,7;66,7;16,7;15;33,3;66,7;.;
Rytmus Örebro;67908927;Örebro;1880;Enskild;Rytmus AB;5564648979;Matematik 1B;35;.;97,1;2,9;22;.;95,5;4,5;13;.;100,0;.;
Rytmus Örebro;67908927;Örebro;1880;Enskild;Rytmus AB;5564648979;Svenska 3;16;12,5;87,5;.;10;..;..;..;6;..;..;..;
Skandinaviska Skolan i Madrid;34295208;Örebro;1880;Skolverket;Statens Skolverk;2021004185;Engelska 6;39;12,8;79,5;7,7;23;8,7;82,6;8,7;16;18,8;75,0;6,3;
Skandinaviska Skolan i Madrid;34295208;Örebro;1880;Skolverket;Statens Skolverk;2021004185;Svenska 3;9;..;..;..;8;..;..;..;1;..;..;..;
Skandinaviska Skolan i Madrid;34295208;Örebro;1880;Skolverket;Statens Skolverk;2021004185;Svenska som andraspråk 3;1;..;..;..;1;..;..;..;.;.;.;.;
Svenska skolan i London;32191771;Örebro;1880;Skolverket;Statens Skolverk;2021004185;Engelska 6;61;.;88,5;11,5;52;..;..;..;9;..;..;..;
Svenska skolan i London;32191771;Örebro;1880;Skolverket;Statens Skolverk;2021004185;Matematik 2B;28;.;42,9;57,1;25;..;..;..;3;..;..;..;
Svenska skolan i London;32191771;Örebro;1880;Skolverket;Statens Skolverk;2021004185;Matematik 3B;6;..;..;..;3;..;..;..;3;..;..;..;
Svenska skolan i London;32191771;Örebro;1880;Skolverket;Statens Skolverk;2021004185;Matematik 4;17;.;88,2;11,8;12;..;..;..;5;..;..;..;
Svenska skolan i London;32191771;Örebro;1880;Skolverket;Statens Skolverk;2021004185;Svenska 3;16;.;68,8;31,3;12;..;..;..;4;..;..;..;
Svenska skolan i London;32191771;Örebro;1880;Skolverket;Statens Skolverk;2021004185;Svenska som andraspråk 3;3;..;..;..;2;..;..;..;1;..;..;..;
Svenska Skolan i Nairobi;69350932;Örebro;1880;Skolverket;Statens Skolverk;2021004185;Engelska 6;67;4,5;83,6;11,9;49;2,0;87,8;10,2;18;11,1;72,2;16,7;
Svenska Skolan i Nairobi;69350932;Örebro;1880;Skolverket;Statens Skolverk;2021004185;Matematik 2B;25;.;84,0;16,0;19;..;..;..;6;..;..;..;
Svenska Skolan i Nairobi;69350932;Örebro;1880;Skolverket;Statens Skolverk;2021004185;Matematik 3B;1;..;..;..;.;.;.;.;1;..;..;..;
Svenska Skolan i Nairobi;69350932;Örebro;1880;Skolverket;Statens Skolverk;2021004185;Svenska 3;22;9,1;81,8;9,1;15;..;..;..;7;..;..;..;
Svenska skolan i Paris;39102843;Örebro;1880;Skolverket;Statens Skolverk;2021004185;Engelska 6;52;.;86,5;13,5;41;.;82,9;17,1;11;.;100,0;.;
Svenska skolan i Paris;39102843;Örebro;1880;Skolverket;Statens Skolverk;2021004185;Matematik 2B;19;.;68,4;31,6;16;..;..;..;3;..;..;..;
Svenska skolan i Paris;39102843;Örebro;1880;Skolverket;Statens Skolverk;2021004185;Matematik 3C;1;..;..;..;1;..;..;..;.;.;.;.;
Svenska skolan i Paris;39102843;Örebro;1880;Skolverket;Statens Skolverk;2021004185;Matematik 4;20;.;90,0;10,0;16;..;..;..;4;..;..;..;
Svenska skolan i Paris;39102843;Örebro;1880;Skolverket;Statens Skolverk;2021004185;Svenska 3;11;.;72,7;27,3;7;..;..;..;4;..;..;..;
Svenska Skolan på Costa del Sol;72203001;Örebro;1880;Skolverket;Statens Skolverk;2021004185;Engelska 6;82;.;98,8;1,2;64;.;98,4;1,6;18;.;100,0;.;
Svenska Skolan på Costa del Sol;72203001;Örebro;1880;Skolverket;Statens Skolverk;2021004185;Matematik 2B;42;.;97,6;2,4;39;..;..;..;3;..;..;..;
Svenska Skolan på Costa del Sol;72203001;Örebro;1880;Skolverket;Statens Skolverk;2021004185;Matematik 3B;7;..;..;..;3;..;..;..;4;..;..;..;
Svenska Skolan på Costa del Sol;72203001;Örebro;1880;Skolverket;Statens Skolverk;2021004185;Matematik 4;12;.;58,3;41,7;9;..;..;..;3;..;..;..;
Svenska Skolan på Costa del Sol;72203001;Örebro;1880;Skolverket;Statens Skolverk;2021004185;Svenska 3;20;.;60,0;40,0;10;.;60,0;40,0;10;.;60,0;40,0;
Svenska Skolan på Costa del Sol;72203001;Örebro;1880;Skolverket;Statens Skolverk;2021004185;Svenska som andraspråk 3;4;..;..;..;3;..;..;..;1;..;..;..;
Thoren Business School Örebro;72071234;Örebro;1880;Enskild;Thorengruppen AB;5566139290;Engelska 6;143;2,8;74,8;22,4;78;5,1;62,8;32,1;65;.;89,2;10,8;
Thoren Business School Örebro;72071234;Örebro;1880;Enskild;Thorengruppen AB;5566139290;Matematik 1A;24;.;83,3;16,7;9;..;..;..;15;..;..;..;
Thoren Business School Örebro;72071234;Örebro;1880;Enskild;Thorengruppen AB;5566139290;Matematik 2B;70;.;77,1;22,9;59;.;76,3;23,7;11;.;81,8;18,2;
Thoren Business School Örebro;72071234;Örebro;1880;Enskild;Thorengruppen AB;5566139290;Matematik 3C;6;..;..;..;4;..;..;..;2;..;..;..;
Thoren Business School Örebro;72071234;Örebro;1880;Enskild;Thorengruppen AB;5566139290;Svenska 1;13;7,7;76,9;15,4;7;..;..;..;6;..;..;..;
Thoren Business School Örebro;72071234;Örebro;1880;Enskild;Thorengruppen AB;5566139290;Svenska 3;192;8,9;69,3;21,9;116;12,1;65,5;22,4;76;3,9;75,0;21,1;
Thoren Business School Örebro;72071234;Örebro;1880;Enskild;Thorengruppen AB;5566139290;Svenska som andraspråk 1;5;..;..;..;.;.;.;.;5;..;..;..;
Thoren Business School Örebro;72071234;Örebro;1880;Enskild;Thorengruppen AB;5566139290;Svenska som andraspråk 3;13;.;84,6;15,4;9;..;..;..;4;..;..;..;
Tullängsgymnasiet;24349146;Örebro;1880;Kommunal;Örebro kommun;2120001967;Engelska 5;189;14,8;78,8;6,3;28;7,1;82,1;10,7;161;16,1;78,3;5,6;
Tullängsgymnasiet;24349146;Örebro;1880;Kommunal;Örebro kommun;2120001967;Engelska 6;96;4,2;93,8;2,1;17;.;88,2;11,8;79;5,1;94,9;.;
Tullängsgymnasiet;24349146;Örebro;1880;Kommunal;Örebro kommun;2120001967;Matematik 1A;137;4,4;52,6;43,1;11;9,1;63,6;27,3;126;4,0;51,6;44,4;
Tullängsgymnasiet;24349146;Örebro;1880;Kommunal;Örebro kommun;2120001967;Matematik 3C;36;.;97,2;2,8;2;..;..;..;34;..;..;..;
Tullängsgymnasiet;24349146;Örebro;1880;Kommunal;Örebro kommun;2120001967;Matematik 4;39;.;89,7;10,3;8;..;..;..;31;..;..;..;
Tullängsgymnasiet;24349146;Örebro;1880;Kommunal;Örebro kommun;2120001967;Svenska 1;172;3,5;48,3;48,3;23;4,3;30,4;65,2;149;3,4;51,0;45,6;
Tullängsgymnasiet;24349146;Örebro;1880;Kommunal;Örebro kommun;2120001967;Svenska 3;139;9,4;74,8;15,8;39;5,1;87,2;7,7;100;11,0;70,0;19,0;
Tullängsgymnasiet;24349146;Örebro;1880;Kommunal;Örebro kommun;2120001967;Svenska som andraspråk 1;6;..;..;..;.;.;.;.;6;..;..;..;
Tullängsgymnasiet;24349146;Örebro;1880;Kommunal;Örebro kommun;2120001967;Svenska som andraspråk 3;8;..;..;..;2;..;..;..;6;..;..;..;
Virginska gymnasiet;15933512;Örebro;1880;Kommunal;Örebro kommun;2120001967;Engelska 5;46;.;73,9;26,1;36;.;72,2;27,8;10;.;80,0;20,0;
Virginska gymnasiet;15933512;Örebro;1880;Kommunal;Örebro kommun;2120001967;Engelska 6;31;.;80,6;19,4;15;.;73,3;26,7;16;.;87,5;12,5;
Virginska gymnasiet;15933512;Örebro;1880;Kommunal;Örebro kommun;2120001967;Matematik 1A;13;.;53,8;46,2;7;..;..;..;6;..;..;..;
Virginska gymnasiet;15933512;Örebro;1880;Kommunal;Örebro kommun;2120001967;Matematik 2B;57;.;82,5;17,5;30;.;80,0;20,0;27;.;85,2;14,8;
Virginska gymnasiet;15933512;Örebro;1880;Kommunal;Örebro kommun;2120001967;Matematik 4;25;.;96,0;4,0;18;..;..;..;7;..;..;..;
Virginska gymnasiet;15933512;Örebro;1880;Kommunal;Örebro kommun;2120001967;Svenska 1;47;8,5;36,2;55,3;39;..;..;..;8;..;..;..;
Virginska gymnasiet;15933512;Örebro;1880;Kommunal;Örebro kommun;2120001967;Svenska 3;88;11,4;58,0;30,7;56;7,1;53,6;39,3;32;18,8;65,6;15,6;
Virginska gymnasiet;15933512;Örebro;1880;Kommunal;Örebro kommun;2120001967;Svenska som andraspråk 1;5;..;..;..;1;..;..;..;4;..;..;..;
Yrkesgymnasiet Örebro;47692481;Örebro;1880;Enskild;Thorengruppen AB;5566139290;Engelska 5;17;11,8;58,8;29,4;10;..;..;..;7;..;..;..;
Yrkesgymnasiet Örebro;47692481;Örebro;1880;Enskild;Thorengruppen AB;5566139290;Engelska 6;1;..;..;..;1;..;..;..;.;.;.;.;
Yrkesgymnasiet Örebro;47692481;Örebro;1880;Enskild;Thorengruppen AB;5566139290;Matematik 1A;36;.;52,8;47,2;22;.;59,1;40,9;14;.;42,9;57,1;
Yrkesgymnasiet Örebro;47692481;Örebro;1880;Enskild;Thorengruppen AB;5566139290;Svenska 1;11;.;9,1;90,9;7;..;..;..;4;..;..;..;
Yrkesgymnasiet Örebro;47692481;Örebro;1880;Enskild;Thorengruppen AB;5566139290;Svenska som andraspråk 1;11;.;.;100,0;8;..;..;..;3;..;..;..;
Örkelljunga Utb.centrum, gy.;64693272;Örkelljunga;1257;Kommunal;Örkelljunga kommun;2120000878;Matematik 3B;3;..;..;..;.;.;.;.;3;..;..;..;
Hampnäs gymnasium;18072172;Örnsköldsvik;2284;Enskild;Impius Vård och Utbildning AB;5566824693;Engelska 5;2;..;..;..;2;..;..;..;.;.;.;.;
Hampnäs gymnasium;18072172;Örnsköldsvik;2284;Enskild;Impius Vård och Utbildning AB;5566824693;Engelska 6;7;..;..;..;2;..;..;..;5;..;..;..;
Hampnäs gymnasium;18072172;Örnsköldsvik;2284;Enskild;Impius Vård och Utbildning AB;5566824693;Matematik 1A;2;..;..;..;.;.;.;.;2;..;..;..;
Hampnäs gymnasium;18072172;Örnsköldsvik;2284;Enskild;Impius Vård och Utbildning AB;5566824693;Matematik 3C;3;..;..;..;.;.;.;.;3;..;..;..;
Hampnäs gymnasium;18072172;Örnsköldsvik;2284;Enskild;Impius Vård och Utbildning AB;5566824693;Svenska 1;1;..;..;..;1;..;..;..;.;.;.;.;
Hampnäs gymnasium;18072172;Örnsköldsvik;2284;Enskild;Impius Vård och Utbildning AB;5566824693;Svenska 3;8;..;..;..;1;..;..;..;7;..;..;..;
Höga kustens teoretiska gymnasium;65833454;Örnsköldsvik;2284;Enskild;Honesta Gymnasieskolor AB;5590258108;Svenska 3;23;4,3;87,0;8,7;18;..;..;..;5;..;..;..;
Praktiska Gymnasiet Örnsköldsvik;85188855;Örnsköldsvik;2284;Enskild;Praktiska Sverige AB;5562575786;Engelska 5;36;8,3;66,7;25,0;10;10,0;80,0;10,0;26;7,7;61,5;30,8;
Praktiska Gymnasiet Örnsköldsvik;85188855;Örnsköldsvik;2284;Enskild;Praktiska Sverige AB;5562575786;Engelska 6;1;..;..;..;1;..;..;..;.;.;.;.;
Praktiska Gymnasiet Örnsköldsvik;85188855;Örnsköldsvik;2284;Enskild;Praktiska Sverige AB;5562575786;Matematik 1A;31;3,2;67,7;29,0;9;..;..;..;22;..;..;..;
Praktiska Gymnasiet Örnsköldsvik;85188855;Örnsköldsvik;2284;Enskild;Praktiska Sverige AB;5562575786;Svenska 1;39;2,6;43,6;53,8;13;.;38,5;61,5;26;3,8;46,2;50,0;
Praktiska Gymnasiet Örnsköldsvik;85188855;Örnsköldsvik;2284;Enskild;Praktiska Sverige AB;5562575786;Svenska som andraspråk 1;4;..;..;..;1;..;..;..;3;..;..;..;
Örnsköldsviks Gymnasium Alfa;11341077;Örnsköldsvik;2284;Kommunal;Örnsköldsviks kommun;2120002445;Engelska 6;21;.;95,2;4,8;19;..;..;..;2;..;..;..;
Örnsköldsviks Gymnasium Alfa;11341077;Örnsköldsvik;2284;Kommunal;Örnsköldsviks kommun;2120002445;Matematik 1B;25;.;96,0;4,0;21;..;..;..;4;..;..;..;
Örnsköldsviks Gymnasium Alfa;11341077;Örnsköldsvik;2284;Kommunal;Örnsköldsviks kommun;2120002445;Svenska 3;24;8,3;62,5;29,2;22;..;..;..;2;..;..;..;
Örnsköldsviks Gymnasium Alfa;11341077;Örnsköldsvik;2284;Kommunal;Örnsköldsviks kommun;2120002445;Svenska som andraspråk 3;1;..;..;..;.;.;.;.;1;..;..;..;
Örnsköldsviks Gymnasium Beta;39528347;Örnsköldsvik;2284;Kommunal;Örnsköldsviks kommun;2120002445;Engelska 5;58;8,6;63,8;27,6;4;..;..;..;54;..;..;..;
Örnsköldsviks Gymnasium Beta;39528347;Örnsköldsvik;2284;Kommunal;Örnsköldsviks kommun;2120002445;Matematik 1A;55;.;90,9;9,1;3;..;..;..;52;..;..;..;
Örnsköldsviks Gymnasium Beta;39528347;Örnsköldsvik;2284;Kommunal;Örnsköldsviks kommun;2120002445;Svenska 1;56;3,6;76,8;19,6;4;..;..;..;52;..;..;..;
Örnsköldsviks Gymnasium Delta;34988313;Örnsköldsvik;2284;Kommunal;Örnsköldsviks kommun;2120002445;Engelska 5;18;.;94,4;5,6;15;..;..;..;3;..;..;..;
Örnsköldsviks Gymnasium Delta;34988313;Örnsköldsvik;2284;Kommunal;Örnsköldsviks kommun;2120002445;Engelska 6;53;11,3;79,2;9,4;29;10,3;86,2;3,4;24;12,5;70,8;16,7;
Örnsköldsviks Gymnasium Delta;34988313;Örnsköldsvik;2284;Kommunal;Örnsköldsviks kommun;2120002445;Matematik 1A;21;.;81,0;19,0;17;..;..;..;4;..;..;..;
Örnsköldsviks Gymnasium Delta;34988313;Örnsköldsvik;2284;Kommunal;Örnsköldsviks kommun;2120002445;Matematik 3C;16;.;75,0;25,0;8;..;..;..;8;..;..;..;
Örnsköldsviks Gymnasium Delta;34988313;Örnsköldsvik;2284;Kommunal;Örnsköldsviks kommun;2120002445;Svenska 1;17;.;64,7;35,3;16;..;..;..;1;..;..;..;
Örnsköldsviks Gymnasium Delta;34988313;Örnsköldsvik;2284;Kommunal;Örnsköldsviks kommun;2120002445;Svenska 3;46;2,2;58,7;39,1;24;4,2;79,2;16,7;22;.;36,4;63,6;
Örnsköldsviks Gymnasium Delta;34988313;Örnsköldsvik;2284;Kommunal;Örnsköldsviks kommun;2120002445;Svenska som andraspråk 1;3;..;..;..;.;.;.;.;3;..;..;..;
Örnsköldsviks Gymnasium Delta;34988313;Örnsköldsvik;2284;Kommunal;Örnsköldsviks kommun;2120002445;Svenska som andraspråk 3;8;..;..;..;2;..;..;..;6;..;..;..;
Örnsköldsviks Gymnasium Epsilon;56274556;Örnsköldsvik;2284;Kommunal;Örnsköldsviks kommun;2120002445;Engelska 5;20;40,0;35,0;25,0;19;..;..;..;1;..;..;..;
Örnsköldsviks Gymnasium Epsilon;56274556;Örnsköldsvik;2284;Kommunal;Örnsköldsviks kommun;2120002445;Matematik 1A;20;.;95,0;5,0;20;..;..;..;.;.;.;.;
Örnsköldsviks Gymnasium Epsilon;56274556;Örnsköldsvik;2284;Kommunal;Örnsköldsviks kommun;2120002445;Svenska 1;15;.;73,3;26,7;15;..;..;..;.;.;.;.;
Örnsköldsviks Gymnasium Epsilon;56274556;Örnsköldsvik;2284;Kommunal;Örnsköldsviks kommun;2120002445;Svenska som andraspråk 1;3;..;..;..;2;..;..;..;1;..;..;..;
Örnsköldsviks Gymnasium Gamma;85473846;Örnsköldsvik;2284;Kommunal;Örnsköldsviks kommun;2120002445;Engelska 5;48;10,4;70,8;18,8;18;5,6;55,6;38,9;30;13,3;80,0;6,7;
Örnsköldsviks Gymnasium Gamma;85473846;Örnsköldsvik;2284;Kommunal;Örnsköldsviks kommun;2120002445;Matematik 1A;17;.;94,1;5,9;10;..;..;..;7;..;..;..;
Örnsköldsviks Gymnasium Gamma;85473846;Örnsköldsvik;2284;Kommunal;Örnsköldsviks kommun;2120002445;Svenska 1;46;6,5;71,7;21,7;17;.;76,5;23,5;29;10,3;69,0;20,7;
Örnsköldsviks Gymnasium Gamma;85473846;Örnsköldsvik;2284;Kommunal;Örnsköldsviks kommun;2120002445;Svenska som andraspråk 1;1;..;..;..;.;.;.;.;1;..;..;..;
Örnsköldsviks Gymnasium Lambda;89690587;Örnsköldsvik;2284;Kommunal;Örnsköldsviks kommun;2120002445;Engelska 5;12;8,3;91,7;.;12;..;..;..;.;.;.;.;
Örnsköldsviks Gymnasium Lambda;89690587;Örnsköldsvik;2284;Kommunal;Örnsköldsviks kommun;2120002445;Engelska 6;88;15,9;76,1;8,0;60;11,7;81,7;6,7;28;25,0;64,3;10,7;
Örnsköldsviks Gymnasium Lambda;89690587;Örnsköldsvik;2284;Kommunal;Örnsköldsviks kommun;2120002445;Matematik 1A;13;.;69,2;30,8;13;..;..;..;.;.;.;.;
Örnsköldsviks Gymnasium Lambda;89690587;Örnsköldsvik;2284;Kommunal;Örnsköldsviks kommun;2120002445;Matematik 2B;53;.;66,0;34,0;43;.;65,1;34,9;10;.;70,0;30,0;
Örnsköldsviks Gymnasium Lambda;89690587;Örnsköldsvik;2284;Kommunal;Örnsköldsviks kommun;2120002445;Matematik 3B;36;.;75,0;25,0;19;.;68,4;31,6;17;.;82,4;17,6;
Örnsköldsviks Gymnasium Lambda;89690587;Örnsköldsvik;2284;Kommunal;Örnsköldsviks kommun;2120002445;Svenska 1;13;7,7;76,9;15,4;13;..;..;..;.;.;.;.;
Örnsköldsviks Gymnasium Lambda;89690587;Örnsköldsvik;2284;Kommunal;Örnsköldsviks kommun;2120002445;Svenska 3;71;8,5;53,5;38,0;48;4,2;56,3;39,6;23;17,4;47,8;34,8;
Örnsköldsviks Gymnasium Lambda;89690587;Örnsköldsvik;2284;Kommunal;Örnsköldsviks kommun;2120002445;Svenska som andraspråk 3;4;..;..;..;4;..;..;..;.;.;.;.;
Örnsköldsviks Gymnasium Omega;28045567;Örnsköldsvik;2284;Kommunal;Örnsköldsviks kommun;2120002445;Engelska 6;76;18,4;63,2;18,4;45;11,1;68,9;20,0;31;29,0;54,8;16,1;
Örnsköldsviks Gymnasium Omega;28045567;Örnsköldsvik;2284;Kommunal;Örnsköldsviks kommun;2120002445;Matematik 2B;66;.;69,7;30,3;41;.;68,3;31,7;25;.;72,0;28,0;
Örnsköldsviks Gymnasium Omega;28045567;Örnsköldsvik;2284;Kommunal;Örnsköldsviks kommun;2120002445;Svenska 3;67;1,5;47,8;50,7;45;2,2;37,8;60,0;22;.;68,2;31,8;
Örnsköldsviks Gymnasium Omega;28045567;Örnsköldsvik;2284;Kommunal;Örnsköldsviks kommun;2120002445;Svenska som andraspråk 3;8;..;..;..;5;..;..;..;3;..;..;..;
Örnsköldsviks Gymnasium Sigma;20768651;Örnsköldsvik;2284;Kommunal;Örnsköldsviks kommun;2120002445;Engelska 5;16;6,3;81,3;12,5;1;..;..;..;15;..;..;..;
Örnsköldsviks Gymnasium Sigma;20768651;Örnsköldsvik;2284;Kommunal;Örnsköldsviks kommun;2120002445;Engelska 6;46;8,7;80,4;10,9;12;.;83,3;16,7;34;11,8;79,4;8,8;
Örnsköldsviks Gymnasium Sigma;20768651;Örnsköldsvik;2284;Kommunal;Örnsköldsviks kommun;2120002445;Matematik 1A;16;.;62,5;37,5;1;..;..;..;15;..;..;..;
Örnsköldsviks Gymnasium Sigma;20768651;Örnsköldsvik;2284;Kommunal;Örnsköldsviks kommun;2120002445;Matematik 3C;43;.;95,3;4,7;11;.;90,9;9,1;32;.;96,9;3,1;
Örnsköldsviks Gymnasium Sigma;20768651;Örnsköldsvik;2284;Kommunal;Örnsköldsviks kommun;2120002445;Svenska 1;11;.;81,8;18,2;.;.;.;.;11;..;..;..;
Örnsköldsviks Gymnasium Sigma;20768651;Örnsköldsvik;2284;Kommunal;Örnsköldsviks kommun;2120002445;Svenska 3;45;2,2;51,1;46,7;15;.;60,0;40,0;30;3,3;46,7;50,0;
Örnsköldsviks Gymnasium Sigma;20768651;Örnsköldsvik;2284;Kommunal;Örnsköldsviks kommun;2120002445;Svenska som andraspråk 3;1;..;..;..;.;.;.;.;1;..;..;..;
Jämtlands Gymn, Fyrvalla 3A;32239920;Östersund;2380;Kommunal;Jämtlands Gymnasieförbund;2220001636;Engelska 5;76;25,0;72,4;2,6;19;21,1;78,9;.;57;26,3;70,2;3,5;
Jämtlands Gymn, Fyrvalla 3A;32239920;Östersund;2380;Kommunal;Jämtlands Gymnasieförbund;2220001636;Matematik 1A;86;.;37,2;62,8;30;.;30,0;70,0;56;.;41,1;58,9;
Jämtlands Gymn, Fyrvalla 3A;32239920;Östersund;2380;Kommunal;Jämtlands Gymnasieförbund;2220001636;Svenska 1;92;3,3;78,3;18,5;22;4,5;72,7;22,7;70;2,9;80,0;17,1;
Jämtlands Gymn, Fyrvalla 3B;68310175;Östersund;2380;Kommunal;Jämtlands Gymnasieförbund;2220001636;Engelska 5;51;58,8;37,3;3,9;11;45,5;45,5;9,1;40;62,5;35,0;2,5;
Jämtlands Gymn, Fyrvalla 3B;68310175;Östersund;2380;Kommunal;Jämtlands Gymnasieförbund;2220001636;Matematik 1A;47;.;76,6;23,4;9;..;..;..;38;..;..;..;
Jämtlands Gymn, Fyrvalla 3B;68310175;Östersund;2380;Kommunal;Jämtlands Gymnasieförbund;2220001636;Svenska 1;48;.;77,1;22,9;11;.;54,5;45,5;37;.;83,8;16,2;
Jämtlands Gymn, Wargentin 1A;38880984;Östersund;2380;Kommunal;Jämtlands Gymnasieförbund;2220001636;Engelska 5;16;6,3;93,8;.;14;..;..;..;2;..;..;..;
Jämtlands Gymn, Wargentin 1A;38880984;Östersund;2380;Kommunal;Jämtlands Gymnasieförbund;2220001636;Svenska 1;14;.;78,6;21,4;13;..;..;..;1;..;..;..;
Jämtlands Gymn, Wargentin 1A;38880984;Östersund;2380;Kommunal;Jämtlands Gymnasieförbund;2220001636;Svenska som andraspråk 1;3;..;..;..;3;..;..;..;.;.;.;.;
Jämtlands Gymn, Wargentin 1B;28872974;Östersund;2380;Kommunal;Jämtlands Gymnasieförbund;2220001636;Engelska 6;28;7,1;85,7;7,1;22;..;..;..;6;..;..;..;
Jämtlands Gymn, Wargentin 1B;28872974;Östersund;2380;Kommunal;Jämtlands Gymnasieförbund;2220001636;Matematik 3C;66;.;97,0;3,0;14;.;100,0;.;52;.;96,2;3,8;
Jämtlands Gymn, Wargentin 1B;28872974;Östersund;2380;Kommunal;Jämtlands Gymnasieförbund;2220001636;Matematik 4;39;.;84,6;15,4;18;.;72,2;27,8;21;.;95,2;4,8;
Jämtlands Gymn, Wargentin 1B;28872974;Östersund;2380;Kommunal;Jämtlands Gymnasieförbund;2220001636;Svenska 3;109;5,5;80,7;13,8;39;2,6;79,5;17,9;70;7,1;81,4;11,4;
Jämtlands Gymn, Wargentin 1B;28872974;Östersund;2380;Kommunal;Jämtlands Gymnasieförbund;2220001636;Svenska som andraspråk 3;9;..;..;..;3;..;..;..;6;..;..;..;
Jämtlands Gymn, Wargentin 1E;69812576;Östersund;2380;Kommunal;Jämtlands Gymnasieförbund;2220001636;Engelska 6;30;6,7;90,0;3,3;13;.;92,3;7,7;17;11,8;88,2;.;
Jämtlands Gymn, Wargentin 1E;69812576;Östersund;2380;Kommunal;Jämtlands Gymnasieförbund;2220001636;Matematik 3B;67;.;64,2;35,8;39;.;64,1;35,9;28;.;64,3;35,7;
Jämtlands Gymn, Wargentin 1E;69812576;Östersund;2380;Kommunal;Jämtlands Gymnasieförbund;2220001636;Svenska 3;85;4,7;64,7;30,6;55;5,5;63,6;30,9;30;3,3;66,7;30,0;
Jämtlands Gymn, Wargentin 1E;69812576;Östersund;2380;Kommunal;Jämtlands Gymnasieförbund;2220001636;Svenska som andraspråk 3;7;..;..;..;5;..;..;..;2;..;..;..;
Jämtlands Gymn, Wargentin 2A;18686599;Östersund;2380;Kommunal;Jämtlands Gymnasieförbund;2220001636;Engelska 5;3;..;..;..;1;..;..;..;2;..;..;..;
Jämtlands Gymn, Wargentin 2A;18686599;Östersund;2380;Kommunal;Jämtlands Gymnasieförbund;2220001636;Engelska 6;58;15,5;74,1;10,3;14;7,1;64,3;28,6;44;18,2;77,3;4,5;
Jämtlands Gymn, Wargentin 2A;18686599;Östersund;2380;Kommunal;Jämtlands Gymnasieförbund;2220001636;Matematik 1A;3;..;..;..;1;..;..;..;2;..;..;..;
Jämtlands Gymn, Wargentin 2A;18686599;Östersund;2380;Kommunal;Jämtlands Gymnasieförbund;2220001636;Matematik 3B;28;.;46,4;53,6;11;.;45,5;54,5;17;.;47,1;52,9;
Jämtlands Gymn, Wargentin 2A;18686599;Östersund;2380;Kommunal;Jämtlands Gymnasieförbund;2220001636;Matematik 4;16;.;75,0;25,0;7;..;..;..;9;..;..;..;
Jämtlands Gymn, Wargentin 2A;18686599;Östersund;2380;Kommunal;Jämtlands Gymnasieförbund;2220001636;Svenska 1;4;..;..;..;1;..;..;..;3;..;..;..;
Jämtlands Gymn, Wargentin 2A;18686599;Östersund;2380;Kommunal;Jämtlands Gymnasieförbund;2220001636;Svenska 3;62;3,2;40,3;56,5;25;4,0;48,0;48,0;37;2,7;35,1;62,2;
Jämtlands Gymn, Wargentin 2A;18686599;Östersund;2380;Kommunal;Jämtlands Gymnasieförbund;2220001636;Svenska som andraspråk 3;5;..;..;..;.;.;.;.;5;..;..;..;
Jämtlands Gymn, Wargentin 2B;93779220;Östersund;2380;Kommunal;Jämtlands Gymnasieförbund;2220001636;Engelska 6;78;23,1;75,6;1,3;53;15,1;83,0;1,9;25;40,0;60,0;.;
Jämtlands Gymn, Wargentin 2B;93779220;Östersund;2380;Kommunal;Jämtlands Gymnasieförbund;2220001636;Matematik 2B;63;.;68,3;31,7;44;.;70,5;29,5;19;.;63,2;36,8;
Jämtlands Gymn, Wargentin 2B;93779220;Östersund;2380;Kommunal;Jämtlands Gymnasieförbund;2220001636;Svenska 3;122;2,5;46,7;50,8;86;3,5;44,2;52,3;36;.;52,8;47,2;
Jämtlands Gymn, Wargentin 2B;93779220;Östersund;2380;Kommunal;Jämtlands Gymnasieförbund;2220001636;Svenska som andraspråk 3;2;..;..;..;2;..;..;..;.;.;.;.;
Jämtlands Gymn, Wargentin 2C;77797484;Östersund;2380;Kommunal;Jämtlands Gymnasieförbund;2220001636;Engelska 6;20;.;80,0;20,0;16;..;..;..;4;..;..;..;
Jämtlands Gymn, Wargentin 2C;77797484;Östersund;2380;Kommunal;Jämtlands Gymnasieförbund;2220001636;Matematik 1B;39;2,6;89,7;7,7;29;.;93,1;6,9;10;10,0;80,0;10,0;
Jämtlands Gymn, Wargentin 2C;77797484;Östersund;2380;Kommunal;Jämtlands Gymnasieförbund;2220001636;Svenska 3;49;8,2;55,1;36,7;30;10,0;46,7;43,3;19;5,3;68,4;26,3;
Jämtlands Gymn, Wargentin 2D;53279140;Östersund;2380;Kommunal;Jämtlands Gymnasieförbund;2220001636;Engelska 5;32;28,1;68,8;3,1;23;..;..;..;9;..;..;..;
Jämtlands Gymn, Wargentin 2D;53279140;Östersund;2380;Kommunal;Jämtlands Gymnasieförbund;2220001636;Engelska 6;9;..;..;..;7;..;..;..;2;..;..;..;
Jämtlands Gymn, Wargentin 2D;53279140;Östersund;2380;Kommunal;Jämtlands Gymnasieförbund;2220001636;Matematik 1A;26;3,8;80,8;15,4;16;6,3;81,3;12,5;10;.;80,0;20,0;
Jämtlands Gymn, Wargentin 2D;53279140;Östersund;2380;Kommunal;Jämtlands Gymnasieförbund;2220001636;Svenska 1;7;..;..;..;6;..;..;..;1;..;..;..;
Jämtlands Gymn, Wargentin 2D;53279140;Östersund;2380;Kommunal;Jämtlands Gymnasieförbund;2220001636;Svenska som andraspråk 1;3;..;..;..;3;..;..;..;.;.;.;.;
Storsjögymnasiet, Östersund;80785976;Östersund;2380;Enskild;Honesta Skolutveckling AB;5569173635;Engelska 5;28;3,6;96,4;.;11;.;100,0;.;17;5,9;94,1;.;
Storsjögymnasiet, Östersund;80785976;Östersund;2380;Enskild;Honesta Skolutveckling AB;5569173635;Engelska 6;55;.;76,4;23,6;26;.;76,9;23,1;29;.;75,9;24,1;
Storsjögymnasiet, Östersund;80785976;Östersund;2380;Enskild;Honesta Skolutveckling AB;5569173635;Matematik 1A;28;.;60,7;39,3;9;..;..;..;19;..;..;..;
Storsjögymnasiet, Östersund;80785976;Östersund;2380;Enskild;Honesta Skolutveckling AB;5569173635;Matematik 1B;12;.;83,3;16,7;6;..;..;..;6;..;..;..;
Storsjögymnasiet, Östersund;80785976;Östersund;2380;Enskild;Honesta Skolutveckling AB;5569173635;Matematik 2B;16;.;37,5;62,5;7;..;..;..;9;..;..;..;
Storsjögymnasiet, Östersund;80785976;Östersund;2380;Enskild;Honesta Skolutveckling AB;5569173635;Matematik 3B;13;.;69,2;30,8;5;..;..;..;8;..;..;..;
Storsjögymnasiet, Östersund;80785976;Östersund;2380;Enskild;Honesta Skolutveckling AB;5569173635;Matematik 3C;4;..;..;..;1;..;..;..;3;..;..;..;
Storsjögymnasiet, Östersund;80785976;Östersund;2380;Enskild;Honesta Skolutveckling AB;5569173635;Svenska 1;21;23,8;57,1;19,0;9;..;..;..;12;..;..;..;
Storsjögymnasiet, Östersund;80785976;Östersund;2380;Enskild;Honesta Skolutveckling AB;5569173635;Svenska 3;40;22,5;55,0;22,5;16;18,8;56,3;25,0;24;25,0;54,2;20,8;
Storsjögymnasiet, Östersund;80785976;Östersund;2380;Enskild;Honesta Skolutveckling AB;5569173635;Svenska som andraspråk 3;6;..;..;..;2;..;..;..;4;..;..;..;
Östersunds Gymnasieskola;47559319;Östersund;2380;Enskild;Östersunds gymnasieskola AB;5567212641;Engelska 6;33;6,1;72,7;21,2;24;..;..;..;9;..;..;..;
Östersunds Gymnasieskola;47559319;Östersund;2380;Enskild;Östersunds gymnasieskola AB;5567212641;Matematik 1A;12;.;83,3;16,7;6;..;..;..;6;..;..;..;
Östersunds Gymnasieskola;47559319;Östersund;2380;Enskild;Östersunds gymnasieskola AB;5567212641;Matematik 2B;13;.;69,2;30,8;8;..;..;..;5;..;..;..;
Östersunds Gymnasieskola;47559319;Östersund;2380;Enskild;Östersunds gymnasieskola AB;5567212641;Svenska 1;10;.;80,0;20,0;3;..;..;..;7;..;..;..;
Östersunds Gymnasieskola;47559319;Östersund;2380;Enskild;Östersunds gymnasieskola AB;5567212641;Svenska 3;14;.;71,4;28,6;9;..;..;..;5;..;..;..;
Östersunds Gymnasieskola;47559319;Östersund;2380;Enskild;Östersunds gymnasieskola AB;5567212641;Svenska som andraspråk 1;2;..;..;..;2;..;..;..;.;.;.;.;
Östersunds Gymnasieskola;47559319;Östersund;2380;Enskild;Östersunds gymnasieskola AB;5567212641;Svenska som andraspråk 3;6;..;..;..;6;..;..;..;.;.;.;.;
Skärgårdsgymnasiet;56187883;Österåker;0117;Enskild;Au Claves AB;5567284822;Engelska 5;99;22,2;64,6;13,1;30;26,7;53,3;20,0;69;20,3;69,6;10,1;
Skärgårdsgymnasiet;56187883;Österåker;0117;Enskild;Au Claves AB;5567284822;Matematik 1A;103;1,9;35,0;63,1;33;.;45,5;54,5;70;2,9;30,0;67,1;
Skärgårdsgymnasiet;56187883;Österåker;0117;Enskild;Au Claves AB;5567284822;Svenska 1;90;6,7;68,9;24,4;27;14,8;51,9;33,3;63;3,2;76,2;20,6;
Skärgårdsgymnasiet;56187883;Österåker;0117;Enskild;Au Claves AB;5567284822;Svenska som andraspråk 1;2;..;..;..;1;..;..;..;1;..;..;..;
Österåkers gymnasium;20752831;Österåker;0117;Kommunal;Österåkers kommun;2120002890;Engelska 6;161;6,8;82,6;10,6;62;9,7;75,8;14,5;99;5,1;86,9;8,1;
Österåkers gymnasium;20752831;Österåker;0117;Kommunal;Österåkers kommun;2120002890;Matematik 2B;68;.;79,4;20,6;23;.;82,6;17,4;45;.;77,8;22,2;
Österåkers gymnasium;20752831;Österåker;0117;Kommunal;Österåkers kommun;2120002890;Matematik 3B;28;.;60,7;39,3;10;.;50,0;50,0;18;.;66,7;33,3;
Österåkers gymnasium;20752831;Österåker;0117;Kommunal;Österåkers kommun;2120002890;Matematik 3C;24;4,2;75,0;20,8;9;..;..;..;15;..;..;..;
Österåkers gymnasium;20752831;Österåker;0117;Kommunal;Österåkers kommun;2120002890;Svenska 3;164;9,1;54,3;36,6;75;9,3;50,7;40,0;89;9,0;57,3;33,7;
Österåkers gymnasium;20752831;Österåker;0117;Kommunal;Österåkers kommun;2120002890;Svenska som andraspråk 3;7;..;..;..;5;..;..;..;2;..;..;..;
Bruksgymnasiet/Gimo utb.centr.;51023367;Östhammar;0382;Kommunal;Östhammars kommun;2120000290;Engelska 5;32;9,4;81,3;9,4;13;.;92,3;7,7;19;15,8;73,7;10,5;
Bruksgymnasiet/Gimo utb.centr.;51023367;Östhammar;0382;Kommunal;Östhammars kommun;2120000290;Engelska 6;46;13,0;47,8;39,1;27;18,5;44,4;37,0;19;5,3;52,6;42,1;
Bruksgymnasiet/Gimo utb.centr.;51023367;Östhammar;0382;Kommunal;Östhammars kommun;2120000290;Matematik 1A;26;.;76,9;23,1;15;.;73,3;26,7;11;.;81,8;18,2;
Bruksgymnasiet/Gimo utb.centr.;51023367;Östhammar;0382;Kommunal;Östhammars kommun;2120000290;Matematik 1B;4;..;..;..;4;..;..;..;.;.;.;.;
Bruksgymnasiet/Gimo utb.centr.;51023367;Östhammar;0382;Kommunal;Östhammars kommun;2120000290;Matematik 2B;23;.;91,3;8,7;15;..;..;..;8;..;..;..;
Bruksgymnasiet/Gimo utb.centr.;51023367;Östhammar;0382;Kommunal;Östhammars kommun;2120000290;Matematik 3B;14;.;92,9;7,1;8;..;..;..;6;..;..;..;
Bruksgymnasiet/Gimo utb.centr.;51023367;Östhammar;0382;Kommunal;Östhammars kommun;2120000290;Matematik 4;3;..;..;..;2;..;..;..;1;..;..;..;
Bruksgymnasiet/Gimo utb.centr.;51023367;Östhammar;0382;Kommunal;Östhammars kommun;2120000290;Svenska 1;28;10,7;75,0;14,3;11;18,2;81,8;.;17;5,9;70,6;23,5;
Bruksgymnasiet/Gimo utb.centr.;51023367;Östhammar;0382;Kommunal;Östhammars kommun;2120000290;Svenska 3;41;9,8;58,5;31,7;26;11,5;53,8;34,6;15;6,7;66,7;26,7;
Bruksgymnasiet/Gimo utb.centr.;51023367;Östhammar;0382;Kommunal;Östhammars kommun;2120000290;Svenska som andraspråk 1;1;..;..;..;1;..;..;..;.;.;.;.;
Vattenfallgymnasiet;34739511;Östhammar;0382;Enskild;Forsmarks Gymnasium AB;5566597885;Engelska 6;23;26,1;65,2;8,7;7;..;..;..;16;..;..;..;
Vattenfallgymnasiet;34739511;Östhammar;0382;Enskild;Forsmarks Gymnasium AB;5566597885;Svenska 3;11;.;72,7;27,3;4;..;..;..;7;..;..;..;
Wilhelm Haglunds Gymnasium;95069937;Östhammar;0382;Enskild;Gimo UtbildningsAktiebolag;5560614041;Engelska 5;7;..;..;..;2;..;..;..;5;..;..;..;
Wilhelm Haglunds Gymnasium;95069937;Östhammar;0382;Enskild;Gimo UtbildningsAktiebolag;5560614041;Matematik 1A;1;..;..;..;.;.;.;.;1;..;..;..;
Wilhelm Haglunds Gymnasium;95069937;Östhammar;0382;Enskild;Gimo UtbildningsAktiebolag;5560614041;Svenska 1;6;..;..;..;2;..;..;..;4;..;..;..;
Gränsälvsgymnasiet;52690153;Övertorneå;2518;Kommunal;Övertorneå kommun;2120002700;Engelska 5;28;10,7;85,7;3,6;8;..;..;..;20;..;..;..;
Gränsälvsgymnasiet;52690153;Övertorneå;2518;Kommunal;Övertorneå kommun;2120002700;Engelska 6;20;.;80,0;20,0;11;..;..;..;9;..;..;..;
Gränsälvsgymnasiet;52690153;Övertorneå;2518;Kommunal;Övertorneå kommun;2120002700;Matematik 1A;24;4,2;91,7;4,2;6;..;..;..;18;..;..;..;
Gränsälvsgymnasiet;52690153;Övertorneå;2518;Kommunal;Övertorneå kommun;2120002700;Matematik 2B;7;..;..;..;5;..;..;..;2;..;..;..;
Gränsälvsgymnasiet;52690153;Övertorneå;2518;Kommunal;Övertorneå kommun;2120002700;Matematik 3B;1;..;..;..;1;..;..;..;.;.;.;.;
Gränsälvsgymnasiet;52690153;Övertorneå;2518;Kommunal;Övertorneå kommun;2120002700;Matematik 3C;1;..;..;..;.;.;.;.;1;..;..;..;
Gränsälvsgymnasiet;52690153;Övertorneå;2518;Kommunal;Övertorneå kommun;2120002700;Svenska 1;22;13,6;68,2;18,2;5;..;..;..;17;..;..;..;
Gränsälvsgymnasiet;52690153;Övertorneå;2518;Kommunal;Övertorneå kommun;2120002700;Svenska 3;12;8,3;58,3;33,3;9;..;..;..;3;..;..;..;
Gränsälvsgymnasiet;52690153;Övertorneå;2518;Kommunal;Övertorneå kommun;2120002700;Svenska som andraspråk 1;2;..;..;..;2;..;..;..;.;.;.;.;
Gränsälvsgymnasiet;52690153;Övertorneå;2518;Kommunal;Övertorneå kommun;2120002700;Svenska som andraspråk 3;2;..;..;..;2;..;..;..;.;.;.;.;

Rapportbeskrivning och definitioner etc. 

I statistiken ingår elever med både betyg (preliminärt) och provbetyg i respektive kurs eller nivå.
Det krävs att man utfört alla delprov i det ordinarie provet för att kunna få ett provbetyg.
En större andel elever saknar betyg på hösten jämfört med våren.

För att avvikelsen mellan betyg och provbetyg ska kunna jämföras på ett rättvisande sätt mellan exempelvis skolor eller huvudmän
krävs att de har samma, eller nästan samma, provresultat. Om så inte är fallet riskerar jämförelsen att påverkas av den s.k. takeffekten.
Takeffekten innebär att en hög andel elever med provbetyg A i regel leder till lägre betygsavvikelse eftersom dessa elever inte kan få
ett högre betyg än provbetyg. Samtidigt tenderar en hög andel elever med provbetyg F att ge en högre betygsavvikelse,
eftersom det är relativt vanligt att elever får provbetyg F men betyg E.

Om antalet eller andelen är noll visas enkelprick (.) istället för 0 i tabellerna. Om antalet elever med betyg och
provbetyg på ett enskilt prov är färre än 10 elever, dubbelprickas (..) samtliga andelsuppgifter. Om det ena könet prickas
enligt regeln om färre än 10 elever, prickas även det andra könet.
 

Antal elever;Antal elever som har både provbetyg och betyg;
Andel lägre;Lägre betyder att betyget är ett eller flera betygssteg under provbetyget;
Andel lika;Lika, ingen avvikelse, betyder att eleven har fått samma betyg som provbetyg;
Andel högre;Högre betyder att betyget är ett eller flera betygssteg över provbetyget;
Antal kvinnor;Antal kvinnliga elever som har både provbetyg och betyg;
Antal män;Antal manliga elever som har både provbetyg och betyg;

Provobligatoriet regleras i 8 kap. 3 § Gymnasieförordningen (2010:2039)
Resultaten fram till och med publiceringen HT17 avser elever som har genomfört ett ordinarie nationellt prov samt har ett sammanvägt provbetyg.
Resultaten från och med publiceringen VT18 avser endast elever som har deltagit i ett för dem obligatoriskt nationellt prov och genomfört den ordinarie provversionen samt har ett sammanvägt provbetyg.

Publiceringen HT24: Under HT24 genomfördes proven i engelska 5, engelska 6, svenska och svenska som andraspråk 3 digitalt. Dessa prov saknar insamling av preliminära kursbetyg.
Publiceringen VT25: Resultaten för VT25 och kurserna engelska 5, engelska 6, svenska 3 samt svenska som andra språk 3 avser redovisningen elever som genomfört det prov på papper som ersatte ordinarie digitalt prov.

Publicering från och med HT25: Elever som påbörjat sin utbildning efter 1 juli 2025 läser enligt läroplan Gy25 vilket innebär att de läser ämnen och varje ämne är uppdelat i flera nivåer. De elever som fortfarande läser i 
gymnasieskolan enligt läroplan Gy11 läser kurser. Provobligatoriet överförs från kurs till korresponderande ämnesnivå. Prov från korresponderande kurs och ämnesnivå redovisas
i samma tabell.
 


